target_id,subject,function,file,start_line,end_line,status,mmlc_returncode,checkout_returncode,compile_returncode,generated_mutants,mutants_log_count,mmlc_elapsed_sec,checkout_elapsed_sec,compile_elapsed_sec,total_elapsed_sec,target_dir,summary_json,log_file
chart_6f_calculateLabelAnchorPoint__line899_999,Chart_6,calculateLabelAnchorPoint,source/org/jfree/chart/renderer/category/BarRenderer.java,899,999,ok,0,0,0,41,41,1.823,8.52,71.744,84.805,/home/francisco/mt-harness/harness/executions/java/major/major_full_catalog_try2/targets/chart_6f_calculateLabelAnchorPoint__line899_999,/home/francisco/mt-harness/harness/executions/java/major/major_full_catalog_try2/targets/chart_6f_calculateLabelAnchorPoint__line899_999/summary.json,/home/francisco/mt-harness/harness/executions/java/major/major_full_catalog_try2/targets/chart_6f_calculateLabelAnchorPoint__line899_999/run.log
chart_1f_readResolve__line213_291,Chart_1,readResolve,source/org/jfree/chart/labels/ItemLabelAnchor.java,213,291,ok,0,0,0,76,76,1.659,7.691,82.377,94.632,/home/francisco/mt-harness/harness/executions/java/major/major_full_catalog_try2/targets/chart_1f_readResolve__line213_291,/home/francisco/mt-harness/harness/executions/java/major/major_full_catalog_try2/targets/chart_1f_readResolve__line213_291/summary.json,/home/francisco/mt-harness/harness/executions/java/major/major_full_catalog_try2/targets/chart_1f_readResolve__line213_291/run.log
chart_4f_deriveRotationAnchorOffsets__line686_768,Chart_4,deriveRotationAnchorOffsets,source/org/jfree/chart/text/TextUtilities.java,686,768,ok,0,0,0,32,32,1.726,7.276,84.667,96.152,/home/francisco/mt-harness/harness/executions/java/major/major_full_catalog_try2/targets/chart_4f_deriveRotationAnchorOffsets__line686_768,/home/francisco/mt-harness/harness/executions/java/major/major_full_catalog_try2/targets/chart_4f_deriveRotationAnchorOffsets__line686_768/summary.json,/home/francisco/mt-harness/harness/executions/java/major/major_full_catalog_try2/targets/chart_4f_deriveRotationAnchorOffsets__line686_768/run.log
chart_4f_deriveTextBoundsAnchorOffsets__line599_673,Chart_4,deriveTextBoundsAnchorOffsets,source/org/jfree/chart/text/TextUtilities.java,599,673,ok,0,0,0,64,64,2.207,7.242,98.116,110.132,/home/francisco/mt-harness/harness/executions/java/major/major_full_catalog_try2/targets/chart_4f_deriveTextBoundsAnchorOffsets__line599_673,/home/francisco/mt-harness/harness/executions/java/major/major_full_catalog_try2/targets/chart_4f_deriveTextBoundsAnchorOffsets__line599_673/summary.json,/home/francisco/mt-harness/harness/executions/java/major/major_full_catalog_try2/targets/chart_4f_deriveTextBoundsAnchorOffsets__line599_673/run.log
chart_1f_clipLine__line62_141,Chart_1,clipLine,source/org/jfree/chart/util/LineUtilities.java,62,141,ok,0,0,0,56,56,1.623,8.426,91.772,105.288,/home/francisco/mt-harness/harness/executions/java/major/major_full_catalog_try2/targets/chart_1f_clipLine__line62_141,/home/francisco/mt-harness/harness/executions/java/major/major_full_catalog_try2/targets/chart_1f_clipLine__line62_141/summary.json,/home/francisco/mt-harness/harness/executions/java/major/major_full_catalog_try2/targets/chart_1f_clipLine__line62_141/run.log
chart_6f_equals__line1488_1582,Chart_6,equals,source/org/jfree/chart/plot/SpiderWebPlot.java,1488,1582,ok,0,0,0,70,70,2.046,7.185,69.67,80.942,/home/francisco/mt-harness/harness/executions/java/major/major_full_catalog_try2/targets/chart_6f_equals__line1488_1582,/home/francisco/mt-harness/harness/executions/java/major/major_full_catalog_try2/targets/chart_6f_equals__line1488_1582/summary.json,/home/francisco/mt-harness/harness/executions/java/major/major_full_catalog_try2/targets/chart_6f_equals__line1488_1582/run.log
chart_1f_updatePlotProperties__line524_612,Chart_1,updatePlotProperties,source/org/jfree/chart/editor/DefaultPlotEditor.java,524,612,ok,0,0,0,18,18,1.702,7.621,89.352,101.242,/home/francisco/mt-harness/harness/executions/java/major/major_full_catalog_try2/targets/chart_1f_updatePlotProperties__line524_612,/home/francisco/mt-harness/harness/executions/java/major/major_full_catalog_try2/targets/chart_1f_updatePlotProperties__line524_612/summary.json,/home/francisco/mt-harness/harness/executions/java/major/major_full_catalog_try2/targets/chart_1f_updatePlotProperties__line524_612/run.log
chart_20f_addSWTListener__line1460_1488,Chart_20,addSWTListener,swt/org/jfree/experimental/chart/swt/ChartComposite.java,1460,1488,ok,0,0,0,0,0,1.623,6.528,67.085,78.185,/home/francisco/mt-harness/harness/executions/java/major/major_full_catalog_try2/targets/chart_20f_addSWTListener__line1460_1488,/home/francisco/mt-harness/harness/executions/java/major/major_full_catalog_try2/targets/chart_20f_addSWTListener__line1460_1488/summary.json,/home/francisco/mt-harness/harness/executions/java/major/major_full_catalog_try2/targets/chart_20f_addSWTListener__line1460_1488/run.log
chart_20f_widgetSelected__line1386_1433,Chart_20,widgetSelected,swt/org/jfree/experimental/chart/swt/ChartComposite.java,1386,1433,ok,0,0,0,0,0,1.504,7.091,73.104,84.794,/home/francisco/mt-harness/harness/executions/java/major/major_full_catalog_try2/targets/chart_20f_widgetSelected__line1386_1433,/home/francisco/mt-harness/harness/executions/java/major/major_full_catalog_try2/targets/chart_20f_widgetSelected__line1386_1433/summary.json,/home/francisco/mt-harness/harness/executions/java/major/major_full_catalog_try2/targets/chart_20f_widgetSelected__line1386_1433/run.log
chart_25f_actionPerformed__line1315_1371,Chart_25,actionPerformed,source/org/jfree/chart/ChartPanel.java,1315,1371,ok,0,0,0,31,31,1.708,8.147,66.24,79.129,/home/francisco/mt-harness/harness/executions/java/major/major_full_catalog_try2/targets/chart_25f_actionPerformed__line1315_1371,/home/francisco/mt-harness/harness/executions/java/major/major_full_catalog_try2/targets/chart_25f_actionPerformed__line1315_1371/summary.json,/home/francisco/mt-harness/harness/executions/java/major/major_full_catalog_try2/targets/chart_25f_actionPerformed__line1315_1371/run.log
chart_26f_drawAxisLine__line517_606,Chart_26,drawAxisLine,source/org/jfree/chart/axis/ValueAxis.java,517,606,ok,0,0,0,46,46,1.675,7.055,67.704,79.679,/home/francisco/mt-harness/harness/executions/java/major/major_full_catalog_try2/targets/chart_26f_drawAxisLine__line517_606,/home/francisco/mt-harness/harness/executions/java/major/major_full_catalog_try2/targets/chart_26f_drawAxisLine__line517_606/summary.json,/home/francisco/mt-harness/harness/executions/java/major/major_full_catalog_try2/targets/chart_26f_drawAxisLine__line517_606/run.log
chart_1f_createHotSpotBounds__line1373_1454,Chart_1,createHotSpotBounds,source/org/jfree/chart/renderer/category/BarRenderer.java,1373,1454,ok,0,0,0,35,35,1.912,8.776,89.7,103.205,/home/francisco/mt-harness/harness/executions/java/major/major_full_catalog_try2/targets/chart_1f_createHotSpotBounds__line1373_1454,/home/francisco/mt-harness/harness/executions/java/major/major_full_catalog_try2/targets/chart_1f_createHotSpotBounds__line1373_1454/summary.json,/home/francisco/mt-harness/harness/executions/java/major/major_full_catalog_try2/targets/chart_1f_createHotSpotBounds__line1373_1454/run.log
cli_7f_appendUsage__line258_320,Cli_7,appendUsage,src/java/org/apache/commons/cli2/option/ArgumentImpl.java,258,320,ok,0,0,0,23,23,2.004,2.759,8.505,15.569,/home/francisco/mt-harness/harness/executions/java/major/major_full_catalog_try2/targets/cli_7f_appendUsage__line258_320,/home/francisco/mt-harness/harness/executions/java/major/major_full_catalog_try2/targets/cli_7f_appendUsage__line258_320/summary.json,/home/francisco/mt-harness/harness/executions/java/major/major_full_catalog_try2/targets/cli_7f_appendUsage__line258_320/run.log
cli_14f_appendUsage__line298_390,Cli_14,appendUsage,src/java/org/apache/commons/cli2/option/GroupImpl.java,298,390,ok,0,0,0,34,34,1.643,2.509,9.511,16.622,/home/francisco/mt-harness/harness/executions/java/major/major_full_catalog_try2/targets/cli_14f_appendUsage__line298_390,/home/francisco/mt-harness/harness/executions/java/major/major_full_catalog_try2/targets/cli_14f_appendUsage__line298_390/summary.json,/home/francisco/mt-harness/harness/executions/java/major/major_full_catalog_try2/targets/cli_14f_appendUsage__line298_390/run.log
cli_28f_handleShortAndLongOption__line375_463,Cli_28,handleShortAndLongOption,src/java/org/apache/commons/cli/DefaultParser.java,375,463,ok,0,0,0,36,36,1.755,2.902,10.66,17.544,/home/francisco/mt-harness/harness/executions/java/major/major_full_catalog_try2/targets/cli_28f_handleShortAndLongOption__line375_463,/home/francisco/mt-harness/harness/executions/java/major/major_full_catalog_try2/targets/cli_28f_handleShortAndLongOption__line375_463/summary.json,/home/francisco/mt-harness/harness/executions/java/major/major_full_catalog_try2/targets/cli_28f_handleShortAndLongOption__line375_463/run.log
cli_7f_wrap__line340_438,Cli_7,wrap,src/java/org/apache/commons/cli2/util/HelpFormatter.java,340,438,ok,0,0,0,22,22,1.559,2.423,9.671,16.631,/home/francisco/mt-harness/harness/executions/java/major/major_full_catalog_try2/targets/cli_7f_wrap__line340_438,/home/francisco/mt-harness/harness/executions/java/major/major_full_catalog_try2/targets/cli_7f_wrap__line340_438/summary.json,/home/francisco/mt-harness/harness/executions/java/major/major_full_catalog_try2/targets/cli_7f_wrap__line340_438/run.log
cli_40f_flatten__line94_174,Cli_40,flatten,src/main/java/org/apache/commons/cli/PosixParser.java,94,174,ok,0,0,0,39,39,1.991,2.764,9.942,17.523,/home/francisco/mt-harness/harness/executions/java/major/major_full_catalog_try2/targets/cli_40f_flatten__line94_174,/home/francisco/mt-harness/harness/executions/java/major/major_full_catalog_try2/targets/cli_40f_flatten__line94_174/summary.json,/home/francisco/mt-harness/harness/executions/java/major/major_full_catalog_try2/targets/cli_40f_flatten__line94_174/run.log
cli_40f_parse__line144_244,Cli_40,parse,src/main/java/org/apache/commons/cli/Parser.java,144,244,ok,0,0,0,34,34,1.769,2.546,9.472,16.431,/home/francisco/mt-harness/harness/executions/java/major/major_full_catalog_try2/targets/cli_40f_parse__line144_244,/home/francisco/mt-harness/harness/executions/java/major/major_full_catalog_try2/targets/cli_40f_parse__line144_244/summary.json,/home/francisco/mt-harness/harness/executions/java/major/major_full_catalog_try2/targets/cli_40f_parse__line144_244/run.log
cli_1f_findWrapPos__line789_833,Cli_1,findWrapPos,src/java/org/apache/commons/cli/HelpFormatter.java,789,833,ok,0,0,0,13,13,1.891,3.556,6.612,14.684,/home/francisco/mt-harness/harness/executions/java/major/major_full_catalog_try2/targets/cli_1f_findWrapPos__line789_833,/home/francisco/mt-harness/harness/executions/java/major/major_full_catalog_try2/targets/cli_1f_findWrapPos__line789_833/summary.json,/home/francisco/mt-harness/harness/executions/java/major/major_full_catalog_try2/targets/cli_1f_findWrapPos__line789_833/run.log
cli_3f_createValue__line59_101,Cli_3,createValue,src/java/org/apache/commons/cli/TypeHandler.java,59,101,ok,0,0,0,10,10,1.399,3.272,7.004,14.111,/home/francisco/mt-harness/harness/executions/java/major/major_full_catalog_try2/targets/cli_3f_createValue__line59_101,/home/francisco/mt-harness/harness/executions/java/major/major_full_catalog_try2/targets/cli_3f_createValue__line59_101/summary.json,/home/francisco/mt-harness/harness/executions/java/major/major_full_catalog_try2/targets/cli_3f_createValue__line59_101/run.log
cli_30f_createValue__line60_102,Cli_30,createValue,src/main/java/org/apache/commons/cli/TypeHandler.java,60,102,ok,0,0,0,10,10,1.62,2.385,8.564,15.307,/home/francisco/mt-harness/harness/executions/java/major/major_full_catalog_try2/targets/cli_30f_createValue__line60_102,/home/francisco/mt-harness/harness/executions/java/major/major_full_catalog_try2/targets/cli_30f_createValue__line60_102/summary.json,/home/francisco/mt-harness/harness/executions/java/major/major_full_catalog_try2/targets/cli_30f_createValue__line60_102/run.log
cli_30f_processProperties__line252_305,Cli_30,processProperties,src/main/java/org/apache/commons/cli/Parser.java,252,305,ok,0,0,0,14,14,1.808,2.362,8.544,14.779,/home/francisco/mt-harness/harness/executions/java/major/major_full_catalog_try2/targets/cli_30f_processProperties__line252_305,/home/francisco/mt-harness/harness/executions/java/major/major_full_catalog_try2/targets/cli_30f_processProperties__line252_305/summary.json,/home/francisco/mt-harness/harness/executions/java/major/major_full_catalog_try2/targets/cli_30f_processProperties__line252_305/run.log
cli_7f_process__line156_235,Cli_7,process,src/java/org/apache/commons/cli2/option/GroupImpl.java,156,235,ok,0,0,0,20,20,1.543,2.355,8.839,15.411,/home/francisco/mt-harness/harness/executions/java/major/major_full_catalog_try2/targets/cli_7f_process__line156_235,/home/francisco/mt-harness/harness/executions/java/major/major_full_catalog_try2/targets/cli_7f_process__line156_235/summary.json,/home/francisco/mt-harness/harness/executions/java/major/major_full_catalog_try2/targets/cli_7f_process__line156_235/run.log
cli_1f_parse__line129_220,Cli_1,parse,src/java/org/apache/commons/cli/Parser.java,129,220,ok,0,0,0,36,36,1.663,3.204,6.387,13.712,/home/francisco/mt-harness/harness/executions/java/major/major_full_catalog_try2/targets/cli_1f_parse__line129_220,/home/francisco/mt-harness/harness/executions/java/major/major_full_catalog_try2/targets/cli_1f_parse__line129_220/summary.json,/home/francisco/mt-harness/harness/executions/java/major/major_full_catalog_try2/targets/cli_1f_parse__line129_220/run.log
closure_47f_tokenToName__line1461_1548,Closure_47,tokenToName,src/com/google/javascript/rhino/Node.java,1461,1548,ok,0,0,0,0,0,1.61,6.478,30.827,41.976,/home/francisco/mt-harness/harness/executions/java/major/major_full_catalog_try2/targets/closure_47f_tokenToName__line1461_1548,/home/francisco/mt-harness/harness/executions/java/major/major_full_catalog_try2/targets/closure_47f_tokenToName__line1461_1548/summary.json,/home/francisco/mt-harness/harness/executions/java/major/major_full_catalog_try2/targets/closure_47f_tokenToName__line1461_1548/run.log
closure_44f_hasSideEffects__line950_1043,Closure_44,hasSideEffects,lib/rhino/src/mozilla/js/rhino/src/org/mozilla/javascript/Node.java,950,1043,ok,0,0,0,0,0,1.751,6.963,33.335,45.068,/home/francisco/mt-harness/harness/executions/java/major/major_full_catalog_try2/targets/closure_44f_hasSideEffects__line950_1043,/home/francisco/mt-harness/harness/executions/java/major/major_full_catalog_try2/targets/closure_44f_hasSideEffects__line950_1043/summary.json,/home/francisco/mt-harness/harness/executions/java/major/major_full_catalog_try2/targets/closure_44f_hasSideEffects__line950_1043/run.log
closure_107f_visitAny__line32_113,Closure_107,visitAny,src/com/google/javascript/jscomp/parsing/parser/ParseTreeVisitor.java,32,113,ok,0,0,0,0,0,1.743,7.087,31.598,43.127,/home/francisco/mt-harness/harness/executions/java/major/major_full_catalog_try2/targets/closure_107f_visitAny__line32_113,/home/francisco/mt-harness/harness/executions/java/major/major_full_catalog_try2/targets/closure_107f_visitAny__line32_113/summary.json,/home/francisco/mt-harness/harness/executions/java/major/major_full_catalog_try2/targets/closure_107f_visitAny__line32_113/run.log
closure_107f_transformAny__line33_114,Closure_107,transformAny,src/com/google/javascript/jscomp/parsing/parser/codegeneration/ParseTreeTransformer.java,33,114,ok,0,0,0,0,0,1.459,6.47,36.772,48.054,/home/francisco/mt-harness/harness/executions/java/major/major_full_catalog_try2/targets/closure_107f_transformAny__line33_114,/home/francisco/mt-harness/harness/executions/java/major/major_full_catalog_try2/targets/closure_107f_transformAny__line33_114/summary.json,/home/francisco/mt-harness/harness/executions/java/major/major_full_catalog_try2/targets/closure_107f_transformAny__line33_114/run.log
closure_44f_findPrototypeId__line459_537,Closure_44,findPrototypeId,lib/rhino/src/mozilla/js/rhino/xmlimplsrc/org/mozilla/javascript/xmlimpl/XMLObjectImpl.java,459,537,ok,0,0,0,0,0,1.621,6.279,33.005,43.405,/home/francisco/mt-harness/harness/executions/java/major/major_full_catalog_try2/targets/closure_44f_findPrototypeId__line459_537,/home/francisco/mt-harness/harness/executions/java/major/major_full_catalog_try2/targets/closure_44f_findPrototypeId__line459_537/summary.json,/home/francisco/mt-harness/harness/executions/java/major/major_full_catalog_try2/targets/closure_44f_findPrototypeId__line459_537/run.log
closure_106f_precedence__line605_680,Closure_106,precedence,src/com/google/javascript/jscomp/NodeUtil.java,605,680,ok,0,0,0,33,33,1.668,6.962,56.047,66.546,/home/francisco/mt-harness/harness/executions/java/major/major_full_catalog_try2/targets/closure_106f_precedence__line605_680,/home/francisco/mt-harness/harness/executions/java/major/major_full_catalog_try2/targets/closure_106f_precedence__line605_680/summary.json,/home/francisco/mt-harness/harness/executions/java/major/major_full_catalog_try2/targets/closure_106f_precedence__line605_680/run.log
closure_44f_bytecodeName__line179_262,Closure_44,bytecodeName,lib/rhino/src/mozilla/js/rhino/src/org/mozilla/javascript/Icode.java,179,262,ok,0,0,0,0,0,1.563,6.599,29.905,41.435,/home/francisco/mt-harness/harness/executions/java/major/major_full_catalog_try2/targets/closure_44f_bytecodeName__line179_262,/home/francisco/mt-harness/harness/executions/java/major/major_full_catalog_try2/targets/closure_44f_bytecodeName__line179_262/summary.json,/home/francisco/mt-harness/harness/executions/java/major/major_full_catalog_try2/targets/closure_44f_bytecodeName__line179_262/run.log
closure_44f_visit__line381_459,Closure_44,visit,lib/rhino/src/mozilla/js/rhino/src/org/mozilla/javascript/ast/AstNode.java,381,459,ok,0,0,0,0,0,1.755,6.291,29.719,40.191,/home/francisco/mt-harness/harness/executions/java/major/major_full_catalog_try2/targets/closure_44f_visit__line381_459,/home/francisco/mt-harness/harness/executions/java/major/major_full_catalog_try2/targets/closure_44f_visit__line381_459/summary.json,/home/francisco/mt-harness/harness/executions/java/major/major_full_catalog_try2/targets/closure_44f_visit__line381_459/run.log
closure_125f_precedenceWithDefault__line1179_1254,Closure_125,precedenceWithDefault,src/com/google/javascript/jscomp/NodeUtil.java,1179,1254,ok,0,0,0,0,0,1.382,6.034,33.784,44.005,/home/francisco/mt-harness/harness/executions/java/major/major_full_catalog_try2/targets/closure_125f_precedenceWithDefault__line1179_1254,/home/francisco/mt-harness/harness/executions/java/major/major_full_catalog_try2/targets/closure_125f_precedenceWithDefault__line1179_1254/summary.json,/home/francisco/mt-harness/harness/executions/java/major/major_full_catalog_try2/targets/closure_125f_precedenceWithDefault__line1179_1254/run.log
closure_46f_mayBeExpression__line487_559,Closure_46,mayBeExpression,src/com/google/javascript/rhino/IR.java,487,559,ok,0,0,0,0,0,1.692,7.099,31.516,43.888,/home/francisco/mt-harness/harness/executions/java/major/major_full_catalog_try2/targets/closure_46f_mayBeExpression__line487_559,/home/francisco/mt-harness/harness/executions/java/major/major_full_catalog_try2/targets/closure_46f_mayBeExpression__line487_559/summary.json,/home/francisco/mt-harness/harness/executions/java/major/major_full_catalog_try2/targets/closure_46f_mayBeExpression__line487_559/run.log
closure_1f_biggestPowerTen__line180_277,Closure_1,biggestPowerTen,lib/rhino/src/org/mozilla/javascript/v8dtoa/FastDtoa.java,180,277,ok,0,0,0,0,0,1.899,5.858,29.747,39.715,/home/francisco/mt-harness/harness/executions/java/major/major_full_catalog_try2/targets/closure_1f_biggestPowerTen__line180_277,/home/francisco/mt-harness/harness/executions/java/major/major_full_catalog_try2/targets/closure_1f_biggestPowerTen__line180_277/summary.json,/home/francisco/mt-harness/harness/executions/java/major/major_full_catalog_try2/targets/closure_1f_biggestPowerTen__line180_277/run.log
closure_44f_findInstanceIdInfo__line139_191,Closure_44,findInstanceIdInfo,lib/rhino/src/mozilla/js/rhino/src/org/mozilla/javascript/regexp/NativeRegExpCtor.java,139,191,ok,0,0,0,0,0,1.627,6.679,29.494,40.736,/home/francisco/mt-harness/harness/executions/java/major/major_full_catalog_try2/targets/closure_44f_findInstanceIdInfo__line139_191,/home/francisco/mt-harness/harness/executions/java/major/major_full_catalog_try2/targets/closure_44f_findInstanceIdInfo__line139_191/summary.json,/home/francisco/mt-harness/harness/executions/java/major/major_full_catalog_try2/targets/closure_44f_findInstanceIdInfo__line139_191/run.log
codec_9f_colognePhonetic__line293_383,Codec_9,colognePhonetic,src/java/org/apache/commons/codec/language/ColognePhonetic.java,293,383,ok,0,0,0,25,25,1.591,1.973,10.468,16.229,/home/francisco/mt-harness/harness/executions/java/major/major_full_catalog_try2/targets/codec_9f_colognePhonetic__line293_383,/home/francisco/mt-harness/harness/executions/java/major/major_full_catalog_try2/targets/codec_9f_colognePhonetic__line293_383/summary.json,/home/francisco/mt-harness/harness/executions/java/major/major_full_catalog_try2/targets/codec_9f_colognePhonetic__line293_383/run.log
codec_1f_handleG__line418_469,Codec_1,handleG,src/java/org/apache/commons/codec/language/DoubleMetaphone.java,418,469,ok,0,0,0,113,113,1.863,1.912,9.799,16.087,/home/francisco/mt-harness/harness/executions/java/major/major_full_catalog_try2/targets/codec_1f_handleG__line418_469,/home/francisco/mt-harness/harness/executions/java/major/major_full_catalog_try2/targets/codec_1f_handleG__line418_469/summary.json,/home/francisco/mt-harness/harness/executions/java/major/major_full_catalog_try2/targets/codec_1f_handleG__line418_469/run.log
codec_13f_handleG__line408_461,Codec_13,handleG,src/main/java/org/apache/commons/codec/language/DoubleMetaphone.java,408,461,ok,0,0,0,113,113,1.634,1.813,11.718,17.457,/home/francisco/mt-harness/harness/executions/java/major/major_full_catalog_try2/targets/codec_13f_handleG__line408_461,/home/francisco/mt-harness/harness/executions/java/major/major_full_catalog_try2/targets/codec_13f_handleG__line408_461/summary.json,/home/francisco/mt-harness/harness/executions/java/major/major_full_catalog_try2/targets/codec_13f_handleG__line408_461/run.log
codec_11f_pattern__line405_496,Codec_11,pattern,src/main/java/org/apache/commons/codec/language/bm/Rule.java,405,496,ok,0,0,0,52,52,1.685,1.939,12.298,19.072,/home/francisco/mt-harness/harness/executions/java/major/major_full_catalog_try2/targets/codec_11f_pattern__line405_496,/home/francisco/mt-harness/harness/executions/java/major/major_full_catalog_try2/targets/codec_11f_pattern__line405_496/summary.json,/home/francisco/mt-harness/harness/executions/java/major/major_full_catalog_try2/targets/codec_11f_pattern__line405_496/run.log
codec_1f_handleC__line281_330,Codec_1,handleC,src/java/org/apache/commons/codec/language/DoubleMetaphone.java,281,330,ok,0,0,0,96,96,1.838,1.597,9.7,15.826,/home/francisco/mt-harness/harness/executions/java/major/major_full_catalog_try2/targets/codec_1f_handleC__line281_330,/home/francisco/mt-harness/harness/executions/java/major/major_full_catalog_try2/targets/codec_1f_handleC__line281_330/summary.json,/home/francisco/mt-harness/harness/executions/java/major/major_full_catalog_try2/targets/codec_1f_handleC__line281_330/run.log
codec_1f_handleS__line612_660,Codec_1,handleS,src/java/org/apache/commons/codec/language/DoubleMetaphone.java,612,660,ok,0,0,0,94,94,1.81,1.563,8.786,14.58,/home/francisco/mt-harness/harness/executions/java/major/major_full_catalog_try2/targets/codec_1f_handleS__line612_660,/home/francisco/mt-harness/harness/executions/java/major/major_full_catalog_try2/targets/codec_1f_handleS__line612_660/summary.json,/home/francisco/mt-harness/harness/executions/java/major/major_full_catalog_try2/targets/codec_1f_handleS__line612_660/run.log
codec_13f_handleS__line597_642,Codec_13,handleS,src/main/java/org/apache/commons/codec/language/DoubleMetaphone.java,597,642,ok,0,0,0,94,94,1.583,1.725,12.24,18.228,/home/francisco/mt-harness/harness/executions/java/major/major_full_catalog_try2/targets/codec_13f_handleS__line597_642,/home/francisco/mt-harness/harness/executions/java/major/major_full_catalog_try2/targets/codec_13f_handleS__line597_642/summary.json,/home/francisco/mt-harness/harness/executions/java/major/major_full_catalog_try2/targets/codec_13f_handleS__line597_642/run.log
codec_9f_read__line76_117,Codec_9,read,src/java/org/apache/commons/codec/binary/BaseNCodecInputStream.java,76,117,ok,0,0,0,53,53,1.759,1.75,10.583,16.747,/home/francisco/mt-harness/harness/executions/java/major/major_full_catalog_try2/targets/codec_9f_read__line76_117,/home/francisco/mt-harness/harness/executions/java/major/major_full_catalog_try2/targets/codec_9f_read__line76_117/summary.json,/home/francisco/mt-harness/harness/executions/java/major/major_full_catalog_try2/targets/codec_9f_read__line76_117/run.log
codec_13f_encode__line385_469,Codec_13,encode,src/main/java/org/apache/commons/codec/language/bm/PhoneticEngine.java,385,469,ok,0,0,0,52,52,1.603,2.024,13.55,19.981,/home/francisco/mt-harness/harness/executions/java/major/major_full_catalog_try2/targets/codec_13f_encode__line385_469,/home/francisco/mt-harness/harness/executions/java/major/major_full_catalog_try2/targets/codec_13f_encode__line385_469/summary.json,/home/francisco/mt-harness/harness/executions/java/major/major_full_catalog_try2/targets/codec_13f_encode__line385_469/run.log
codec_1f_handleJ__line526_556,Codec_1,handleJ,src/java/org/apache/commons/codec/language/DoubleMetaphone.java,526,556,ok,0,0,0,48,48,1.707,1.608,9.602,15.097,/home/francisco/mt-harness/harness/executions/java/major/major_full_catalog_try2/targets/codec_1f_handleJ__line526_556,/home/francisco/mt-harness/harness/executions/java/major/major_full_catalog_try2/targets/codec_1f_handleJ__line526_556/summary.json,/home/francisco/mt-harness/harness/executions/java/major/major_full_catalog_try2/targets/codec_1f_handleJ__line526_556/run.log
codec_13f_handleJ__line514_545,Codec_13,handleJ,src/main/java/org/apache/commons/codec/language/DoubleMetaphone.java,514,545,ok,0,0,0,48,48,1.605,1.684,14.42,20.883,/home/francisco/mt-harness/harness/executions/java/major/major_full_catalog_try2/targets/codec_13f_handleJ__line514_545,/home/francisco/mt-harness/harness/executions/java/major/major_full_catalog_try2/targets/codec_13f_handleJ__line514_545/summary.json,/home/francisco/mt-harness/harness/executions/java/major/major_full_catalog_try2/targets/codec_13f_handleJ__line514_545/run.log
codec_17f_transcodeRemaining__line118_167,Codec_17,transcodeRemaining,src/main/java/org/apache/commons/codec/language/Nysiis.java,118,167,ok,0,0,0,14,14,1.444,2.101,17.888,24.321,/home/francisco/mt-harness/harness/executions/java/major/major_full_catalog_try2/targets/codec_17f_transcodeRemaining__line118_167,/home/francisco/mt-harness/harness/executions/java/major/major_full_catalog_try2/targets/codec_17f_transcodeRemaining__line118_167/summary.json,/home/francisco/mt-harness/harness/executions/java/major/major_full_catalog_try2/targets/codec_17f_transcodeRemaining__line118_167/run.log
collections_1f_put__line255_331,Collections_1,put,src/java/org/apache/commons/collections/map/Flat3Map.java,255,331,ok,0,0,0,34,34,1.746,3.607,25.184,32.776,/home/francisco/mt-harness/harness/executions/java/major/major_full_catalog_try2/targets/collections_1f_put__line255_331,/home/francisco/mt-harness/harness/executions/java/major/major_full_catalog_try2/targets/collections_1f_put__line255_331/summary.json,/home/francisco/mt-harness/harness/executions/java/major/major_full_catalog_try2/targets/collections_1f_put__line255_331/run.log
collections_17f_put__line254_330,Collections_17,put,src/main/java/org/apache/commons/collections/map/Flat3Map.java,254,330,ok,0,0,0,34,34,1.559,4.221,30.299,38.762,/home/francisco/mt-harness/harness/executions/java/major/major_full_catalog_try2/targets/collections_17f_put__line254_330,/home/francisco/mt-harness/harness/executions/java/major/major_full_catalog_try2/targets/collections_17f_put__line254_330/summary.json,/home/francisco/mt-harness/harness/executions/java/major/major_full_catalog_try2/targets/collections_17f_put__line254_330/run.log
collections_21f_put__line290_366,Collections_21,put,src/main/java/org/apache/commons/collections4/map/Flat3Map.java,290,366,ok,0,0,0,34,34,1.791,4.053,26.676,35.147,/home/francisco/mt-harness/harness/executions/java/major/major_full_catalog_try2/targets/collections_21f_put__line290_366,/home/francisco/mt-harness/harness/executions/java/major/major_full_catalog_try2/targets/collections_21f_put__line290_366/summary.json,/home/francisco/mt-harness/harness/executions/java/major/major_full_catalog_try2/targets/collections_21f_put__line290_366/run.log
collections_17f_size__line1027_1058,Collections_17,size,src/main/java/org/apache/commons/collections/CollectionUtils.java,1027,1058,ok,0,0,0,12,12,1.637,3.946,27.811,36.275,/home/francisco/mt-harness/harness/executions/java/major/major_full_catalog_try2/targets/collections_17f_size__line1027_1058,/home/francisco/mt-harness/harness/executions/java/major/major_full_catalog_try2/targets/collections_17f_size__line1027_1058/summary.json,/home/francisco/mt-harness/harness/executions/java/major/major_full_catalog_try2/targets/collections_17f_size__line1027_1058/run.log
collections_22f_size__line1301_1332,Collections_22,size,src/main/java/org/apache/commons/collections4/CollectionUtils.java,1301,1332,ok,0,0,0,12,12,1.652,3.443,27.0,34.159,/home/francisco/mt-harness/harness/executions/java/major/major_full_catalog_try2/targets/collections_22f_size__line1301_1332,/home/francisco/mt-harness/harness/executions/java/major/major_full_catalog_try2/targets/collections_22f_size__line1301_1332/summary.json,/home/francisco/mt-harness/harness/executions/java/major/major_full_catalog_try2/targets/collections_22f_size__line1301_1332/run.log
collections_1f_swapPosition__line1043_1135,Collections_1,swapPosition,src/java/org/apache/commons/collections/DoubleOrderedMap.java,1043,1135,ok,0,0,0,18,18,1.739,2.944,25.732,33.351,/home/francisco/mt-harness/harness/executions/java/major/major_full_catalog_try2/targets/collections_1f_swapPosition__line1043_1135,/home/francisco/mt-harness/harness/executions/java/major/major_full_catalog_try2/targets/collections_1f_swapPosition__line1043_1135/summary.json,/home/francisco/mt-harness/harness/executions/java/major/major_full_catalog_try2/targets/collections_1f_swapPosition__line1043_1135/run.log
collections_18f_swapPosition__line1092_1181,Collections_18,swapPosition,src/main/java/org/apache/commons/collections/bidimap/TreeBidiMap.java,1092,1181,ok,0,0,0,18,18,1.214,3.973,26.539,35.488,/home/francisco/mt-harness/harness/executions/java/major/major_full_catalog_try2/targets/collections_18f_swapPosition__line1092_1181,/home/francisco/mt-harness/harness/executions/java/major/major_full_catalog_try2/targets/collections_18f_swapPosition__line1092_1181/summary.json,/home/francisco/mt-harness/harness/executions/java/major/major_full_catalog_try2/targets/collections_18f_swapPosition__line1092_1181/run.log
collections_17f_verbosePrintInternal__line954_1020,Collections_17,verbosePrintInternal,src/main/java/org/apache/commons/collections/MapUtils.java,954,1020,ok,0,0,0,24,24,1.923,4.504,27.484,35.996,/home/francisco/mt-harness/harness/executions/java/major/major_full_catalog_try2/targets/collections_17f_verbosePrintInternal__line954_1020,/home/francisco/mt-harness/harness/executions/java/major/major_full_catalog_try2/targets/collections_17f_verbosePrintInternal__line954_1020/summary.json,/home/francisco/mt-harness/harness/executions/java/major/major_full_catalog_try2/targets/collections_17f_verbosePrintInternal__line954_1020/run.log
collections_21f_verbosePrintInternal__line966_1028,Collections_21,verbosePrintInternal,src/main/java/org/apache/commons/collections4/MapUtils.java,966,1028,ok,0,0,0,24,24,1.56,4.326,27.391,35.874,/home/francisco/mt-harness/harness/executions/java/major/major_full_catalog_try2/targets/collections_21f_verbosePrintInternal__line966_1028,/home/francisco/mt-harness/harness/executions/java/major/major_full_catalog_try2/targets/collections_21f_verbosePrintInternal__line966_1028/summary.json,/home/francisco/mt-harness/harness/executions/java/major/major_full_catalog_try2/targets/collections_21f_verbosePrintInternal__line966_1028/run.log
collections_21f_merge__line1563_1616,Collections_21,merge,src/main/java/org/apache/commons/collections4/CollectionUtils.java,1563,1616,ok,0,0,0,30,30,1.449,4.751,27.7,36.903,/home/francisco/mt-harness/harness/executions/java/major/major_full_catalog_try2/targets/collections_21f_merge__line1563_1616,/home/francisco/mt-harness/harness/executions/java/major/major_full_catalog_try2/targets/collections_21f_merge__line1563_1616/summary.json,/home/francisco/mt-harness/harness/executions/java/major/major_full_catalog_try2/targets/collections_21f_merge__line1563_1616/run.log
collections_1f_containsKey__line186_213,Collections_1,containsKey,src/java/org/apache/commons/collections/map/Flat3Map.java,186,213,ok,0,0,0,11,11,1.681,3.305,28.961,36.617,/home/francisco/mt-harness/harness/executions/java/major/major_full_catalog_try2/targets/collections_1f_containsKey__line186_213,/home/francisco/mt-harness/harness/executions/java/major/major_full_catalog_try2/targets/collections_1f_containsKey__line186_213/summary.json,/home/francisco/mt-harness/harness/executions/java/major/major_full_catalog_try2/targets/collections_1f_containsKey__line186_213/run.log
collections_21f_containsKey__line197_236,Collections_21,containsKey,src/main/java/org/apache/commons/collections4/map/Flat3Map.java,197,236,ok,0,0,0,11,11,1.732,4.209,26.28,34.837,/home/francisco/mt-harness/harness/executions/java/major/major_full_catalog_try2/targets/collections_21f_containsKey__line197_236,/home/francisco/mt-harness/harness/executions/java/major/major_full_catalog_try2/targets/collections_21f_containsKey__line197_236/summary.json,/home/francisco/mt-harness/harness/executions/java/major/major_full_catalog_try2/targets/collections_21f_containsKey__line197_236/run.log
compress_43f_detect__line486_564,Compress_43,detect,src/main/java/org/apache/commons/compress/archivers/ArchiveStreamFactory.java,486,564,ok,0,0,0,42,42,1.508,5.605,28.799,38.095,/home/francisco/mt-harness/harness/executions/java/major/major_full_catalog_try2/targets/compress_43f_detect__line486_564,/home/francisco/mt-harness/harness/executions/java/major/major_full_catalog_try2/targets/compress_43f_detect__line486_564/summary.json,/home/francisco/mt-harness/harness/executions/java/major/major_full_catalog_try2/targets/compress_43f_detect__line486_564/run.log
compress_7f_paxHeaders__line233_302,Compress_7,paxHeaders,src/main/java/org/apache/commons/compress/archivers/tar/TarArchiveInputStream.java,233,302,ok,0,0,0,49,49,1.508,3.869,17.54,25.2,/home/francisco/mt-harness/harness/executions/java/major/major_full_catalog_try2/targets/compress_7f_paxHeaders__line233_302,/home/francisco/mt-harness/harness/executions/java/major/major_full_catalog_try2/targets/compress_7f_paxHeaders__line233_302/summary.json,/home/francisco/mt-harness/harness/executions/java/major/major_full_catalog_try2/targets/compress_7f_paxHeaders__line233_302/run.log
compress_21f_readSubStreamsInfo__line397_478,Compress_21,readSubStreamsInfo,src/main/java/org/apache/commons/compress/archivers/sevenz/SevenZFile.java,397,478,ok,0,0,0,53,53,1.697,5.31,26.012,35.788,/home/francisco/mt-harness/harness/executions/java/major/major_full_catalog_try2/targets/compress_21f_readSubStreamsInfo__line397_478,/home/francisco/mt-harness/harness/executions/java/major/major_full_catalog_try2/targets/compress_21f_readSubStreamsInfo__line397_478/summary.json,/home/francisco/mt-harness/harness/executions/java/major/major_full_catalog_try2/targets/compress_21f_readSubStreamsInfo__line397_478/run.log
compress_3f_perform__line64_127,Compress_3,perform,src/main/java/org/apache/commons/compress/changes/ChangeSetPerformer.java,64,127,ok,0,0,0,21,21,1.7,4.262,18.072,26.87,/home/francisco/mt-harness/harness/executions/java/major/major_full_catalog_try2/targets/compress_3f_perform__line64_127,/home/francisco/mt-harness/harness/executions/java/major/major_full_catalog_try2/targets/compress_3f_perform__line64_127/summary.json,/home/francisco/mt-harness/harness/executions/java/major/major_full_catalog_try2/targets/compress_3f_perform__line64_127/run.log
compress_46f_processPaxHeader__line1021_1087,Compress_46,processPaxHeader,src/main/java/org/apache/commons/compress/archivers/tar/TarArchiveEntry.java,1021,1087,ok,0,0,0,5,5,1.722,5.153,30.037,39.735,/home/francisco/mt-harness/harness/executions/java/major/major_full_catalog_try2/targets/compress_46f_processPaxHeader__line1021_1087,/home/francisco/mt-harness/harness/executions/java/major/major_full_catalog_try2/targets/compress_46f_processPaxHeader__line1021_1087/summary.json,/home/francisco/mt-harness/harness/executions/java/major/major_full_catalog_try2/targets/compress_46f_processPaxHeader__line1021_1087/run.log
compress_29f_createLocalFileHeader__line1009_1073,Compress_29,createLocalFileHeader,src/main/java/org/apache/commons/compress/archivers/zip/ZipArchiveOutputStream.java,1009,1073,ok,0,0,0,23,23,1.815,5.185,26.04,35.012,/home/francisco/mt-harness/harness/executions/java/major/major_full_catalog_try2/targets/compress_29f_createLocalFileHeader__line1009_1073,/home/francisco/mt-harness/harness/executions/java/major/major_full_catalog_try2/targets/compress_29f_createLocalFileHeader__line1009_1073/summary.json,/home/francisco/mt-harness/harness/executions/java/major/major_full_catalog_try2/targets/compress_29f_createLocalFileHeader__line1009_1073/run.log
compress_19f_readDirectoryEntry__line291_374,Compress_19,readDirectoryEntry,src/main/java/org/apache/commons/compress/archivers/dump/DumpArchiveInputStream.java,291,374,ok,0,0,0,32,32,1.872,4.877,25.12,34.383,/home/francisco/mt-harness/harness/executions/java/major/major_full_catalog_try2/targets/compress_19f_readDirectoryEntry__line291_374,/home/francisco/mt-harness/harness/executions/java/major/major_full_catalog_try2/targets/compress_19f_readDirectoryEntry__line291_374/summary.json,/home/francisco/mt-harness/harness/executions/java/major/major_full_catalog_try2/targets/compress_19f_readDirectoryEntry__line291_374/run.log
compress_1f_generateMTFValues__line1542_1638,Compress_1,generateMTFValues,src/main/java/org/apache/commons/compress/compressors/bzip2/BZip2CompressorOutputStream.java,1542,1638,ok,0,0,0,56,56,1.388,3.47,15.065,23.66,/home/francisco/mt-harness/harness/executions/java/major/major_full_catalog_try2/targets/compress_1f_generateMTFValues__line1542_1638,/home/francisco/mt-harness/harness/executions/java/major/major_full_catalog_try2/targets/compress_1f_generateMTFValues__line1542_1638/summary.json,/home/francisco/mt-harness/harness/executions/java/major/major_full_catalog_try2/targets/compress_1f_generateMTFValues__line1542_1638/run.log
compress_10f_read__line212_291,Compress_10,read,src/main/java/org/apache/commons/compress/compressors/gzip/GzipCompressorInputStream.java,212,291,ok,0,0,0,61,61,1.683,3.704,19.068,27.315,/home/francisco/mt-harness/harness/executions/java/major/major_full_catalog_try2/targets/compress_10f_read__line212_291,/home/francisco/mt-harness/harness/executions/java/major/major_full_catalog_try2/targets/compress_10f_read__line212_291/summary.json,/home/francisco/mt-harness/harness/executions/java/major/major_full_catalog_try2/targets/compress_10f_read__line212_291/run.log
compress_7f_recvDecodingTables__line416_495,Compress_7,recvDecodingTables,src/main/java/org/apache/commons/compress/compressors/bzip2/BZip2CompressorInputStream.java,416,495,ok,0,0,0,79,79,1.624,3.934,19.328,28.315,/home/francisco/mt-harness/harness/executions/java/major/major_full_catalog_try2/targets/compress_7f_recvDecodingTables__line416_495,/home/francisco/mt-harness/harness/executions/java/major/major_full_catalog_try2/targets/compress_7f_recvDecodingTables__line416_495/summary.json,/home/francisco/mt-harness/harness/executions/java/major/major_full_catalog_try2/targets/compress_7f_recvDecodingTables__line416_495/run.log
compress_7f_initBlock__line240_278,Compress_7,initBlock,src/main/java/org/apache/commons/compress/compressors/bzip2/BZip2CompressorInputStream.java,240,278,ok,0,0,0,38,38,1.754,3.914,17.767,26.015,/home/francisco/mt-harness/harness/executions/java/major/major_full_catalog_try2/targets/compress_7f_initBlock__line240_278,/home/francisco/mt-harness/harness/executions/java/major/major_full_catalog_try2/targets/compress_7f_initBlock__line240_278/summary.json,/home/francisco/mt-harness/harness/executions/java/major/major_full_catalog_try2/targets/compress_7f_initBlock__line240_278/run.log
compress_43f_readFrameDescriptor__line190_233,Compress_43,readFrameDescriptor,src/main/java/org/apache/commons/compress/compressors/lz4/FramedLZ4CompressorInputStream.java,190,233,ok,0,0,0,41,41,1.805,6.53,30.776,41.697,/home/francisco/mt-harness/harness/executions/java/major/major_full_catalog_try2/targets/compress_43f_readFrameDescriptor__line190_233,/home/francisco/mt-harness/harness/executions/java/major/major_full_catalog_try2/targets/compress_43f_readFrameDescriptor__line190_233/summary.json,/home/francisco/mt-harness/harness/executions/java/major/major_full_catalog_try2/targets/compress_43f_readFrameDescriptor__line190_233/run.log
csv_1f_nextToken__line40_118,Csv_1,nextToken,src/main/java/org/apache/commons/csv/CSVLexer.java,40,118,ok,0,0,0,36,36,1.356,3.646,7.831,15.959,/home/francisco/mt-harness/harness/executions/java/major/major_full_catalog_try2/targets/csv_1f_nextToken__line40_118,/home/francisco/mt-harness/harness/executions/java/major/major_full_catalog_try2/targets/csv_1f_nextToken__line40_118/summary.json,/home/francisco/mt-harness/harness/executions/java/major/major_full_catalog_try2/targets/csv_1f_nextToken__line40_118/run.log
csv_4f_nextToken__line82_164,Csv_4,nextToken,src/main/java/org/apache/commons/csv/Lexer.java,82,164,ok,0,0,0,37,37,1.783,3.993,8.083,16.549,/home/francisco/mt-harness/harness/executions/java/major/major_full_catalog_try2/targets/csv_4f_nextToken__line82_164,/home/francisco/mt-harness/harness/executions/java/major/major_full_catalog_try2/targets/csv_4f_nextToken__line82_164/summary.json,/home/francisco/mt-harness/harness/executions/java/major/major_full_catalog_try2/targets/csv_4f_nextToken__line82_164/run.log
csv_4f_equals__line313_370,Csv_4,equals,src/main/java/org/apache/commons/csv/CSVFormat.java,313,370,ok,0,0,0,28,28,1.711,3.739,7.403,15.584,/home/francisco/mt-harness/harness/executions/java/major/major_full_catalog_try2/targets/csv_4f_equals__line313_370,/home/francisco/mt-harness/harness/executions/java/major/major_full_catalog_try2/targets/csv_4f_equals__line313_370/summary.json,/home/francisco/mt-harness/harness/executions/java/major/major_full_catalog_try2/targets/csv_4f_equals__line313_370/run.log
csv_4f_parseEncapsulatedToken__line239_288,Csv_4,parseEncapsulatedToken,src/main/java/org/apache/commons/csv/Lexer.java,239,288,ok,0,0,0,32,32,1.871,4.05,8.543,16.874,/home/francisco/mt-harness/harness/executions/java/major/major_full_catalog_try2/targets/csv_4f_parseEncapsulatedToken__line239_288,/home/francisco/mt-harness/harness/executions/java/major/major_full_catalog_try2/targets/csv_4f_parseEncapsulatedToken__line239_288/summary.json,/home/francisco/mt-harness/harness/executions/java/major/major_full_catalog_try2/targets/csv_4f_parseEncapsulatedToken__line239_288/run.log
csv_3f_readEscape__line87_117,Csv_3,readEscape,src/main/java/org/apache/commons/csv/Lexer.java,87,117,ok,0,0,0,10,10,1.523,2.409,8.088,15.052,/home/francisco/mt-harness/harness/executions/java/major/major_full_catalog_try2/targets/csv_3f_readEscape__line87_117,/home/francisco/mt-harness/harness/executions/java/major/major_full_catalog_try2/targets/csv_3f_readEscape__line87_117/summary.json,/home/francisco/mt-harness/harness/executions/java/major/major_full_catalog_try2/targets/csv_3f_readEscape__line87_117/run.log
csv_2f_parseEncapsulatedToken__line198_242,Csv_2,parseEncapsulatedToken,src/main/java/org/apache/commons/csv/CSVLexer.java,198,242,ok,0,0,0,31,31,1.962,2.43,7.676,14.91,/home/francisco/mt-harness/harness/executions/java/major/major_full_catalog_try2/targets/csv_2f_parseEncapsulatedToken__line198_242,/home/francisco/mt-harness/harness/executions/java/major/major_full_catalog_try2/targets/csv_2f_parseEncapsulatedToken__line198_242/summary.json,/home/francisco/mt-harness/harness/executions/java/major/major_full_catalog_try2/targets/csv_2f_parseEncapsulatedToken__line198_242/run.log
csv_1f_encapsulatedTokenLexer__line181_225,Csv_1,encapsulatedTokenLexer,src/main/java/org/apache/commons/csv/CSVLexer.java,181,225,ok,0,0,0,31,31,1.651,3.226,7.415,14.779,/home/francisco/mt-harness/harness/executions/java/major/major_full_catalog_try2/targets/csv_1f_encapsulatedTokenLexer__line181_225,/home/francisco/mt-harness/harness/executions/java/major/major_full_catalog_try2/targets/csv_1f_encapsulatedTokenLexer__line181_225/summary.json,/home/francisco/mt-harness/harness/executions/java/major/major_full_catalog_try2/targets/csv_1f_encapsulatedTokenLexer__line181_225/run.log
csv_4f_parseSimpleToken__line185_217,Csv_4,parseSimpleToken,src/main/java/org/apache/commons/csv/Lexer.java,185,217,ok,0,0,0,18,18,1.842,3.717,8.812,17.069,/home/francisco/mt-harness/harness/executions/java/major/major_full_catalog_try2/targets/csv_4f_parseSimpleToken__line185_217,/home/francisco/mt-harness/harness/executions/java/major/major_full_catalog_try2/targets/csv_4f_parseSimpleToken__line185_217/summary.json,/home/francisco/mt-harness/harness/executions/java/major/major_full_catalog_try2/targets/csv_4f_parseSimpleToken__line185_217/run.log
csv_2f_nextRecord__line183_222,Csv_2,nextRecord,src/main/java/org/apache/commons/csv/CSVParser.java,183,222,ok,0,0,0,12,12,1.803,3.729,7.527,15.335,/home/francisco/mt-harness/harness/executions/java/major/major_full_catalog_try2/targets/csv_2f_nextRecord__line183_222,/home/francisco/mt-harness/harness/executions/java/major/major_full_catalog_try2/targets/csv_2f_nextRecord__line183_222/summary.json,/home/francisco/mt-harness/harness/executions/java/major/major_full_catalog_try2/targets/csv_2f_nextRecord__line183_222/run.log
csv_2f_parseSimpleToken__line149_176,Csv_2,parseSimpleToken,src/main/java/org/apache/commons/csv/CSVLexer.java,149,176,ok,0,0,0,17,17,1.751,2.53,8.095,14.864,/home/francisco/mt-harness/harness/executions/java/major/major_full_catalog_try2/targets/csv_2f_parseSimpleToken__line149_176,/home/francisco/mt-harness/harness/executions/java/major/major_full_catalog_try2/targets/csv_2f_parseSimpleToken__line149_176/summary.json,/home/francisco/mt-harness/harness/executions/java/major/major_full_catalog_try2/targets/csv_2f_parseSimpleToken__line149_176/run.log
csv_3f_validate__line171_200,Csv_3,validate,src/main/java/org/apache/commons/csv/CSVFormat.java,171,200,ok,0,0,0,0,0,1.755,2.783,7.979,14.335,/home/francisco/mt-harness/harness/executions/java/major/major_full_catalog_try2/targets/csv_3f_validate__line171_200,/home/francisco/mt-harness/harness/executions/java/major/major_full_catalog_try2/targets/csv_3f_validate__line171_200/summary.json,/home/francisco/mt-harness/harness/executions/java/major/major_full_catalog_try2/targets/csv_3f_validate__line171_200/run.log
csv_11f_initializeHeader__line359_394,Csv_11,initializeHeader,src/main/java/org/apache/commons/csv/CSVParser.java,359,394,ok,0,0,0,17,17,1.853,4.427,8.512,16.653,/home/francisco/mt-harness/harness/executions/java/major/major_full_catalog_try2/targets/csv_11f_initializeHeader__line359_394,/home/francisco/mt-harness/harness/executions/java/major/major_full_catalog_try2/targets/csv_11f_initializeHeader__line359_394/summary.json,/home/francisco/mt-harness/harness/executions/java/major/major_full_catalog_try2/targets/csv_11f_initializeHeader__line359_394/run.log
gson_2f_resolve__line324_394,Gson_2,resolve,gson/src/main/java/com/google/gson/internal/$Gson$Types.java,324,394,ok,0,0,0,0,0,1.323,2.102,16.715,23.095,/home/francisco/mt-harness/harness/executions/java/major/major_full_catalog_try2/targets/gson_2f_resolve__line324_394,/home/francisco/mt-harness/harness/executions/java/major/major_full_catalog_try2/targets/gson_2f_resolve__line324_394/summary.json,/home/francisco/mt-harness/harness/executions/java/major/major_full_catalog_try2/targets/gson_2f_resolve__line324_394/run.log
gson_2f_peek__line86_127,Gson_2,peek,gson/src/main/java/com/google/gson/internal/bind/JsonTreeReader.java,86,127,ok,0,0,0,29,29,1.746,2.292,16.407,22.884,/home/francisco/mt-harness/harness/executions/java/major/major_full_catalog_try2/targets/gson_2f_peek__line86_127,/home/francisco/mt-harness/harness/executions/java/major/major_full_catalog_try2/targets/gson_2f_peek__line86_127/summary.json,/home/francisco/mt-harness/harness/executions/java/major/major_full_catalog_try2/targets/gson_2f_peek__line86_127/run.log
gson_2f_rebalance__line338_396,Gson_2,rebalance,gson/src/main/java/com/google/gson/internal/LinkedHashTreeMap.java,338,396,ok,0,0,0,56,56,1.887,2.111,16.231,22.929,/home/francisco/mt-harness/harness/executions/java/major/major_full_catalog_try2/targets/gson_2f_rebalance__line338_396,/home/francisco/mt-harness/harness/executions/java/major/major_full_catalog_try2/targets/gson_2f_rebalance__line338_396/summary.json,/home/francisco/mt-harness/harness/executions/java/major/major_full_catalog_try2/targets/gson_2f_rebalance__line338_396/run.log
gson_11f_nextUnquotedValue__line1025_1085,Gson_11,nextUnquotedValue,gson/src/main/java/com/google/gson/stream/JsonReader.java,1025,1085,ok,0,0,0,16,16,1.647,2.505,16.024,22.379,/home/francisco/mt-harness/harness/executions/java/major/major_full_catalog_try2/targets/gson_11f_nextUnquotedValue__line1025_1085,/home/francisco/mt-harness/harness/executions/java/major/major_full_catalog_try2/targets/gson_11f_nextUnquotedValue__line1025_1085/summary.json,/home/francisco/mt-harness/harness/executions/java/major/major_full_catalog_try2/targets/gson_11f_nextUnquotedValue__line1025_1085/run.log
gson_2f_equals__line160_213,Gson_2,equals,gson/src/main/java/com/google/gson/internal/$Gson$Types.java,160,213,ok,0,0,0,0,0,1.523,2.35,15.304,21.674,/home/francisco/mt-harness/harness/executions/java/major/major_full_catalog_try2/targets/gson_2f_equals__line160_213,/home/francisco/mt-harness/harness/executions/java/major/major_full_catalog_try2/targets/gson_2f_equals__line160_213/summary.json,/home/francisco/mt-harness/harness/executions/java/major/major_full_catalog_try2/targets/gson_2f_equals__line160_213/run.log
gson_11f_doPeek__line461_515,Gson_11,doPeek,gson/src/main/java/com/google/gson/stream/JsonReader.java,461,515,ok,0,0,0,52,52,1.435,2.567,16.876,24.32,/home/francisco/mt-harness/harness/executions/java/major/major_full_catalog_try2/targets/gson_11f_doPeek__line461_515,/home/francisco/mt-harness/harness/executions/java/major/major_full_catalog_try2/targets/gson_11f_doPeek__line461_515/summary.json,/home/francisco/mt-harness/harness/executions/java/major/major_full_catalog_try2/targets/gson_11f_doPeek__line461_515/run.log
gson_1f_nextLiteral__line971_1016,Gson_1,nextLiteral,gson/src/main/java/com/google/gson/stream/JsonReader.java,971,1016,ok,0,0,0,11,11,1.775,1.717,13.296,19.023,/home/francisco/mt-harness/harness/executions/java/major/major_full_catalog_try2/targets/gson_1f_nextLiteral__line971_1016,/home/francisco/mt-harness/harness/executions/java/major/major_full_catalog_try2/targets/gson_1f_nextLiteral__line971_1016/summary.json,/home/francisco/mt-harness/harness/executions/java/major/major_full_catalog_try2/targets/gson_1f_nextLiteral__line971_1016/run.log
gson_2f_parse__line140_234,Gson_2,parse,extras/src/main/java/com/google/gson/typeadapters/UtcDateTypeAdapter.java,140,234,ok,0,0,0,0,0,1.767,2.113,15.247,22.085,/home/francisco/mt-harness/harness/executions/java/major/major_full_catalog_try2/targets/gson_2f_parse__line140_234,/home/francisco/mt-harness/harness/executions/java/major/major_full_catalog_try2/targets/gson_2f_parse__line140_234/summary.json,/home/francisco/mt-harness/harness/executions/java/major/major_full_catalog_try2/targets/gson_2f_parse__line140_234/run.log
gson_11f_skipValue__line1219_1253,Gson_11,skipValue,gson/src/main/java/com/google/gson/stream/JsonReader.java,1219,1253,ok,0,0,0,11,11,1.568,1.85,18.355,25.207,/home/francisco/mt-harness/harness/executions/java/major/major_full_catalog_try2/targets/gson_11f_skipValue__line1219_1253,/home/francisco/mt-harness/harness/executions/java/major/major_full_catalog_try2/targets/gson_11f_skipValue__line1219_1253/summary.json,/home/francisco/mt-harness/harness/executions/java/major/major_full_catalog_try2/targets/gson_11f_skipValue__line1219_1253/run.log
gson_2f_newDefaultImplementationConstructor__line127_198,Gson_2,newDefaultImplementationConstructor,gson/src/main/java/com/google/gson/internal/ConstructorConstructor.java,127,198,ok,0,0,0,24,24,1.541,1.819,15.859,21.933,/home/francisco/mt-harness/harness/executions/java/major/major_full_catalog_try2/targets/gson_2f_newDefaultImplementationConstructor__line127_198,/home/francisco/mt-harness/harness/executions/java/major/major_full_catalog_try2/targets/gson_2f_newDefaultImplementationConstructor__line127_198/summary.json,/home/francisco/mt-harness/harness/executions/java/major/major_full_catalog_try2/targets/gson_2f_newDefaultImplementationConstructor__line127_198/run.log
gson_1f_write__line86_130,Gson_1,write,gson/src/main/java/com/google/gson/Streams.java,86,130,ok,0,0,0,17,17,1.615,2.233,11.88,18.434,/home/francisco/mt-harness/harness/executions/java/major/major_full_catalog_try2/targets/gson_1f_write__line86_130,/home/francisco/mt-harness/harness/executions/java/major/major_full_catalog_try2/targets/gson_1f_write__line86_130/summary.json,/home/francisco/mt-harness/harness/executions/java/major/major_full_catalog_try2/targets/gson_1f_write__line86_130/run.log
gson_1f_extractTypeForHierarchy__line117_153,Gson_1,extractTypeForHierarchy,gson/src/main/java/com/google/gson/TypeInfoFactory.java,117,153,ok,0,0,0,11,11,1.517,1.819,12.34,18.407,/home/francisco/mt-harness/harness/executions/java/major/major_full_catalog_try2/targets/gson_1f_extractTypeForHierarchy__line117_153,/home/francisco/mt-harness/harness/executions/java/major/major_full_catalog_try2/targets/gson_1f_extractTypeForHierarchy__line117_153/summary.json,/home/francisco/mt-harness/harness/executions/java/major/major_full_catalog_try2/targets/gson_1f_extractTypeForHierarchy__line117_153/run.log
jacksoncore_25f__startValueExpectComma__line642_730,JacksonCore_25,_startValueExpectComma,src/main/java/com/fasterxml/jackson/core/json/async/NonBlockingJsonParser.java,642,730,ok,0,0,0,44,44,1.703,5.066,41.895,51.692,/home/francisco/mt-harness/harness/executions/java/major/major_full_catalog_try2/targets/jacksoncore_25f__startValueExpectComma__line642_730,/home/francisco/mt-harness/harness/executions/java/major/major_full_catalog_try2/targets/jacksoncore_25f__startValueExpectComma__line642_730/summary.json,/home/francisco/mt-harness/harness/executions/java/major/major_full_catalog_try2/targets/jacksoncore_25f__startValueExpectComma__line642_730/run.log
jacksoncore_25f__startValueAfterComma__line812_874,JacksonCore_25,_startValueAfterComma,src/main/java/com/fasterxml/jackson/core/json/async/NonBlockingJsonParser.java,812,874,ok,0,0,0,25,25,1.568,5.744,40.012,49.925,/home/francisco/mt-harness/harness/executions/java/major/major_full_catalog_try2/targets/jacksoncore_25f__startValueAfterComma__line812_874,/home/francisco/mt-harness/harness/executions/java/major/major_full_catalog_try2/targets/jacksoncore_25f__startValueAfterComma__line812_874/summary.json,/home/francisco/mt-harness/harness/executions/java/major/major_full_catalog_try2/targets/jacksoncore_25f__startValueAfterComma__line812_874/run.log
jacksoncore_1f__isNextTokenNameYes__line902_972,JacksonCore_1,_isNextTokenNameYes,src/main/java/com/fasterxml/jackson/core/json/UTF8StreamJsonParser.java,902,972,ok,0,0,0,30,30,1.371,4.249,25.317,33.925,/home/francisco/mt-harness/harness/executions/java/major/major_full_catalog_try2/targets/jacksoncore_1f__isNextTokenNameYes__line902_972,/home/francisco/mt-harness/harness/executions/java/major/major_full_catalog_try2/targets/jacksoncore_1f__isNextTokenNameYes__line902_972/summary.json,/home/francisco/mt-harness/harness/executions/java/major/major_full_catalog_try2/targets/jacksoncore_1f__isNextTokenNameYes__line902_972/run.log
jacksoncore_22f__parseAposName__line2054_2153,JacksonCore_22,_parseAposName,src/main/java/com/fasterxml/jackson/core/json/UTF8StreamJsonParser.java,2054,2153,ok,0,0,0,82,82,1.934,6.404,39.205,50.437,/home/francisco/mt-harness/harness/executions/java/major/major_full_catalog_try2/targets/jacksoncore_22f__parseAposName__line2054_2153,/home/francisco/mt-harness/harness/executions/java/major/major_full_catalog_try2/targets/jacksoncore_22f__parseAposName__line2054_2153/summary.json,/home/francisco/mt-harness/harness/executions/java/major/major_full_catalog_try2/targets/jacksoncore_22f__parseAposName__line2054_2153/run.log
jacksoncore_22f__parseAposName__line1696_1793,JacksonCore_22,_parseAposName,src/main/java/com/fasterxml/jackson/core/json/async/NonBlockingJsonParser.java,1696,1793,ok,0,0,0,83,83,1.649,5.304,39.428,48.931,/home/francisco/mt-harness/harness/executions/java/major/major_full_catalog_try2/targets/jacksoncore_22f__parseAposName__line1696_1793,/home/francisco/mt-harness/harness/executions/java/major/major_full_catalog_try2/targets/jacksoncore_22f__parseAposName__line1696_1793/summary.json,/home/francisco/mt-harness/harness/executions/java/major/major_full_catalog_try2/targets/jacksoncore_22f__parseAposName__line1696_1793/run.log
jacksoncore_4f__writeSimpleObject__line1505_1567,JacksonCore_4,_writeSimpleObject,src/main/java/com/fasterxml/jackson/core/JsonGenerator.java,1505,1567,ok,0,0,0,3,3,1.735,4.591,26.353,35.277,/home/francisco/mt-harness/harness/executions/java/major/major_full_catalog_try2/targets/jacksoncore_4f__writeSimpleObject__line1505_1567,/home/francisco/mt-harness/harness/executions/java/major/major_full_catalog_try2/targets/jacksoncore_4f__writeSimpleObject__line1505_1567/summary.json,/home/francisco/mt-harness/harness/executions/java/major/major_full_catalog_try2/targets/jacksoncore_4f__writeSimpleObject__line1505_1567/run.log
jacksoncore_1f__writeSimpleObject__line465_528,JacksonCore_1,_writeSimpleObject,src/main/java/com/fasterxml/jackson/core/base/GeneratorBase.java,465,528,ok,0,0,0,3,3,1.556,4.827,24.64,33.991,/home/francisco/mt-harness/harness/executions/java/major/major_full_catalog_try2/targets/jacksoncore_1f__writeSimpleObject__line465_528,/home/francisco/mt-harness/harness/executions/java/major/major_full_catalog_try2/targets/jacksoncore_1f__writeSimpleObject__line465_528/summary.json,/home/francisco/mt-harness/harness/executions/java/major/major_full_catalog_try2/targets/jacksoncore_1f__writeSimpleObject__line465_528/run.log
jacksoncore_22f__startValueAfterColon__line545_609,JacksonCore_22,_startValueAfterColon,src/main/java/com/fasterxml/jackson/core/json/async/NonBlockingJsonParser.java,545,609,ok,0,0,0,33,33,1.608,5.997,34.759,46.129,/home/francisco/mt-harness/harness/executions/java/major/major_full_catalog_try2/targets/jacksoncore_22f__startValueAfterColon__line545_609,/home/francisco/mt-harness/harness/executions/java/major/major_full_catalog_try2/targets/jacksoncore_22f__startValueAfterColon__line545_609/summary.json,/home/francisco/mt-harness/harness/executions/java/major/major_full_catalog_try2/targets/jacksoncore_22f__startValueAfterColon__line545_609/run.log
jacksoncore_1f__skipColon__line2527_2597,JacksonCore_1,_skipColon,src/main/java/com/fasterxml/jackson/core/json/UTF8StreamJsonParser.java,2527,2597,ok,0,0,0,14,14,1.666,5.227,25.881,35.605,/home/francisco/mt-harness/harness/executions/java/major/major_full_catalog_try2/targets/jacksoncore_1f__skipColon__line2527_2597,/home/francisco/mt-harness/harness/executions/java/major/major_full_catalog_try2/targets/jacksoncore_1f__skipColon__line2527_2597/summary.json,/home/francisco/mt-harness/harness/executions/java/major/major_full_catalog_try2/targets/jacksoncore_1f__skipColon__line2527_2597/run.log
jacksoncore_25f__finishAposName__line2136_2231,JacksonCore_25,_finishAposName,src/main/java/com/fasterxml/jackson/core/json/async/NonBlockingJsonParser.java,2136,2231,ok,0,0,0,84,84,1.791,5.101,37.404,46.888,/home/francisco/mt-harness/harness/executions/java/major/major_full_catalog_try2/targets/jacksoncore_25f__finishAposName__line2136_2231,/home/francisco/mt-harness/harness/executions/java/major/major_full_catalog_try2/targets/jacksoncore_25f__finishAposName__line2136_2231/summary.json,/home/francisco/mt-harness/harness/executions/java/major/major_full_catalog_try2/targets/jacksoncore_25f__finishAposName__line2136_2231/run.log
jacksoncore_22f__finishToken__line218_293,JacksonCore_22,_finishToken,src/main/java/com/fasterxml/jackson/core/json/async/NonBlockingJsonParser.java,218,293,ok,0,0,0,42,42,1.341,4.974,37.144,46.324,/home/francisco/mt-harness/harness/executions/java/major/major_full_catalog_try2/targets/jacksoncore_22f__finishToken__line218_293,/home/francisco/mt-harness/harness/executions/java/major/major_full_catalog_try2/targets/jacksoncore_22f__finishToken__line218_293/summary.json,/home/francisco/mt-harness/harness/executions/java/major/major_full_catalog_try2/targets/jacksoncore_22f__finishToken__line218_293/run.log
jacksoncore_2f__parseFloat__line1329_1421,JacksonCore_2,_parseFloat,src/main/java/com/fasterxml/jackson/core/json/UTF8StreamJsonParser.java,1329,1421,ok,0,0,0,43,43,1.767,4.322,25.708,34.325,/home/francisco/mt-harness/harness/executions/java/major/major_full_catalog_try2/targets/jacksoncore_2f__parseFloat__line1329_1421,/home/francisco/mt-harness/harness/executions/java/major/major_full_catalog_try2/targets/jacksoncore_2f__parseFloat__line1329_1421/summary.json,/home/francisco/mt-harness/harness/executions/java/major/major_full_catalog_try2/targets/jacksoncore_2f__parseFloat__line1329_1421/run.log
jacksondatabind_1f_serialize__line203_303,JacksonDatabind_1,serialize,src/main/java/com/fasterxml/jackson/databind/util/TokenBuffer.java,203,303,ok,0,0,0,16,16,1.564,12.478,40.433,57.068,/home/francisco/mt-harness/harness/executions/java/major/major_full_catalog_try2/targets/jacksondatabind_1f_serialize__line203_303,/home/francisco/mt-harness/harness/executions/java/major/major_full_catalog_try2/targets/jacksondatabind_1f_serialize__line203_303/summary.json,/home/francisco/mt-harness/harness/executions/java/major/major_full_catalog_try2/targets/jacksondatabind_1f_serialize__line203_303/run.log
jacksondatabind_80f__deserializeUsingProperties__line328_402,JacksonDatabind_80,_deserializeUsingProperties,src/main/java/com/fasterxml/jackson/databind/deser/std/EnumMapDeserializer.java,328,402,ok,0,0,0,25,25,2.071,12.758,57.44,74.023,/home/francisco/mt-harness/harness/executions/java/major/major_full_catalog_try2/targets/jacksondatabind_80f__deserializeUsingProperties__line328_402,/home/francisco/mt-harness/harness/executions/java/major/major_full_catalog_try2/targets/jacksondatabind_80f__deserializeUsingProperties__line328_402/summary.json,/home/francisco/mt-harness/harness/executions/java/major/major_full_catalog_try2/targets/jacksondatabind_80f__deserializeUsingProperties__line328_402/run.log
jacksondatabind_1f__addDeserializerConstructors__line357_448,JacksonDatabind_1,_addDeserializerConstructors,src/main/java/com/fasterxml/jackson/databind/deser/BasicDeserializerFactory.java,357,448,ok,0,0,0,38,38,1.823,11.098,40.222,55.438,/home/francisco/mt-harness/harness/executions/java/major/major_full_catalog_try2/targets/jacksondatabind_1f__addDeserializerConstructors__line357_448,/home/francisco/mt-harness/harness/executions/java/major/major_full_catalog_try2/targets/jacksondatabind_1f__addDeserializerConstructors__line357_448/summary.json,/home/francisco/mt-harness/harness/executions/java/major/major_full_catalog_try2/targets/jacksondatabind_1f__addDeserializerConstructors__line357_448/run.log
jacksondatabind_80f__isValuePresent__line179_275,JacksonDatabind_80,_isValuePresent,src/main/java/com/fasterxml/jackson/databind/ser/std/ReferenceTypeSerializer.java,179,275,ok,0,0,0,0,0,1.522,10.461,57.603,73.264,/home/francisco/mt-harness/harness/executions/java/major/major_full_catalog_try2/targets/jacksondatabind_80f__isValuePresent__line179_275,/home/francisco/mt-harness/harness/executions/java/major/major_full_catalog_try2/targets/jacksondatabind_80f__isValuePresent__line179_275/summary.json,/home/francisco/mt-harness/harness/executions/java/major/major_full_catalog_try2/targets/jacksondatabind_80f__isValuePresent__line179_275/run.log
jacksondatabind_1f__addDeserializerFactoryMethods__line507_578,JacksonDatabind_1,_addDeserializerFactoryMethods,src/main/java/com/fasterxml/jackson/databind/deser/BasicDeserializerFactory.java,507,578,ok,0,0,0,45,45,1.425,11.874,40.519,56.802,/home/francisco/mt-harness/harness/executions/java/major/major_full_catalog_try2/targets/jacksondatabind_1f__addDeserializerFactoryMethods__line507_578,/home/francisco/mt-harness/harness/executions/java/major/major_full_catalog_try2/targets/jacksondatabind_1f__addDeserializerFactoryMethods__line507_578/summary.json,/home/francisco/mt-harness/harness/executions/java/major/major_full_catalog_try2/targets/jacksondatabind_1f__addDeserializerFactoryMethods__line507_578/run.log
jacksondatabind_1f_resolve__line255_328,JacksonDatabind_1,resolve,src/main/java/com/fasterxml/jackson/databind/ser/std/BeanSerializerBase.java,255,328,ok,0,0,0,24,24,1.662,12.33,36.667,53.234,/home/francisco/mt-harness/harness/executions/java/major/major_full_catalog_try2/targets/jacksondatabind_1f_resolve__line255_328,/home/francisco/mt-harness/harness/executions/java/major/major_full_catalog_try2/targets/jacksondatabind_1f_resolve__line255_328/summary.json,/home/francisco/mt-harness/harness/executions/java/major/major_full_catalog_try2/targets/jacksondatabind_1f_resolve__line255_328/run.log
jacksondatabind_2f_buildCollectionSerializer__line598_660,JacksonDatabind_2,buildCollectionSerializer,src/main/java/com/fasterxml/jackson/databind/ser/BasicSerializerFactory.java,598,660,ok,0,0,0,21,21,1.499,12.859,45.136,62.267,/home/francisco/mt-harness/harness/executions/java/major/major_full_catalog_try2/targets/jacksondatabind_2f_buildCollectionSerializer__line598_660,/home/francisco/mt-harness/harness/executions/java/major/major_full_catalog_try2/targets/jacksondatabind_2f_buildCollectionSerializer__line598_660/summary.json,/home/francisco/mt-harness/harness/executions/java/major/major_full_catalog_try2/targets/jacksondatabind_2f_buildCollectionSerializer__line598_660/run.log
jacksondatabind_1f_resolveCreators__line323_403,JacksonDatabind_1,resolveCreators,src/main/java/com/fasterxml/jackson/databind/introspect/AnnotatedClass.java,323,403,ok,0,0,0,28,28,1.725,12.235,38.24,54.703,/home/francisco/mt-harness/harness/executions/java/major/major_full_catalog_try2/targets/jacksondatabind_1f_resolveCreators__line323_403,/home/francisco/mt-harness/harness/executions/java/major/major_full_catalog_try2/targets/jacksondatabind_1f_resolveCreators__line323_403/summary.json,/home/francisco/mt-harness/harness/executions/java/major/major_full_catalog_try2/targets/jacksondatabind_1f_resolveCreators__line323_403/run.log
jacksondatabind_96f__getSetterInfo__line242_315,JacksonDatabind_96,_getSetterInfo,src/main/java/com/fasterxml/jackson/databind/introspect/POJOPropertyBuilder.java,242,315,ok,0,0,0,30,30,1.815,11.553,57.999,73.63,/home/francisco/mt-harness/harness/executions/java/major/major_full_catalog_try2/targets/jacksondatabind_96f__getSetterInfo__line242_315,/home/francisco/mt-harness/harness/executions/java/major/major_full_catalog_try2/targets/jacksondatabind_96f__getSetterInfo__line242_315/summary.json,/home/francisco/mt-harness/harness/executions/java/major/major_full_catalog_try2/targets/jacksondatabind_96f__getSetterInfo__line242_315/run.log
jacksondatabind_2f_forType__line63_100,JacksonDatabind_2,forType,src/main/java/com/fasterxml/jackson/databind/deser/std/StdKeyDeserializer.java,63,100,ok,0,0,0,15,15,1.819,12.309,46.557,62.926,/home/francisco/mt-harness/harness/executions/java/major/major_full_catalog_try2/targets/jacksondatabind_2f_forType__line63_100,/home/francisco/mt-harness/harness/executions/java/major/major_full_catalog_try2/targets/jacksondatabind_2f_forType__line63_100/summary.json,/home/francisco/mt-harness/harness/executions/java/major/major_full_catalog_try2/targets/jacksondatabind_2f_forType__line63_100/run.log
jacksondatabind_96f__idFrom__line66_115,JacksonDatabind_96,_idFrom,src/main/java/com/fasterxml/jackson/databind/jsontype/impl/ClassNameIdResolver.java,66,115,ok,0,0,0,20,20,1.847,12.15,57.455,74.415,/home/francisco/mt-harness/harness/executions/java/major/major_full_catalog_try2/targets/jacksondatabind_96f__idFrom__line66_115,/home/francisco/mt-harness/harness/executions/java/major/major_full_catalog_try2/targets/jacksondatabind_96f__idFrom__line66_115/summary.json,/home/francisco/mt-harness/harness/executions/java/major/major_full_catalog_try2/targets/jacksondatabind_96f__idFrom__line66_115/run.log
jacksondatabind_59f_deserializeFromObject__line60_156,JacksonDatabind_59,deserializeFromObject,src/main/java/com/fasterxml/jackson/databind/deser/std/ThrowableDeserializer.java,60,156,ok,0,0,0,42,42,1.561,13.273,54.388,71.392,/home/francisco/mt-harness/harness/executions/java/major/major_full_catalog_try2/targets/jacksondatabind_59f_deserializeFromObject__line60_156,/home/francisco/mt-harness/harness/executions/java/major/major_full_catalog_try2/targets/jacksondatabind_59f_deserializeFromObject__line60_156/summary.json,/home/francisco/mt-harness/harness/executions/java/major/major_full_catalog_try2/targets/jacksondatabind_59f_deserializeFromObject__line60_156/run.log
jacksonxml_1f_hasXMLFormat__line682_770,JacksonXml_1,hasXMLFormat,src/main/java/com/fasterxml/jackson/dataformat/xml/XmlFactory.java,682,770,ok,0,0,0,50,50,1.623,2.382,12.61,18.88,/home/francisco/mt-harness/harness/executions/java/major/major_full_catalog_try2/targets/jacksonxml_1f_hasXMLFormat__line682_770,/home/francisco/mt-harness/harness/executions/java/major/major_full_catalog_try2/targets/jacksonxml_1f_hasXMLFormat__line682_770/summary.json,/home/francisco/mt-harness/harness/executions/java/major/major_full_catalog_try2/targets/jacksonxml_1f_hasXMLFormat__line682_770/run.log
jacksonxml_1f_serializeAsField__line78_152,JacksonXml_1,serializeAsField,src/main/java/com/fasterxml/jackson/dataformat/xml/ser/XmlBeanPropertyWriter.java,78,152,ok,0,0,0,13,13,1.711,3.167,11.372,18.707,/home/francisco/mt-harness/harness/executions/java/major/major_full_catalog_try2/targets/jacksonxml_1f_serializeAsField__line78_152,/home/francisco/mt-harness/harness/executions/java/major/major_full_catalog_try2/targets/jacksonxml_1f_serializeAsField__line78_152/summary.json,/home/francisco/mt-harness/harness/executions/java/major/major_full_catalog_try2/targets/jacksonxml_1f_serializeAsField__line78_152/run.log
jacksonxml_1f_serializeFields__line155_227,JacksonXml_1,serializeFields,src/main/java/com/fasterxml/jackson/dataformat/xml/ser/XmlBeanSerializerBase.java,155,227,ok,0,0,0,24,24,1.739,2.74,13.535,20.88,/home/francisco/mt-harness/harness/executions/java/major/major_full_catalog_try2/targets/jacksonxml_1f_serializeFields__line155_227,/home/francisco/mt-harness/harness/executions/java/major/major_full_catalog_try2/targets/jacksonxml_1f_serializeFields__line155_227/summary.json,/home/francisco/mt-harness/harness/executions/java/major/major_full_catalog_try2/targets/jacksonxml_1f_serializeFields__line155_227/run.log
jacksonxml_1f_isOutputAsCData__line43_141,JacksonXml_1,isOutputAsCData,src/main/java/com/fasterxml/jackson/dataformat/xml/XmlAnnotationIntrospector.java,43,141,ok,0,0,0,0,0,2.151,2.781,12.856,20.126,/home/francisco/mt-harness/harness/executions/java/major/major_full_catalog_try2/targets/jacksonxml_1f_isOutputAsCData__line43_141,/home/francisco/mt-harness/harness/executions/java/major/major_full_catalog_try2/targets/jacksonxml_1f_isOutputAsCData__line43_141/summary.json,/home/francisco/mt-harness/harness/executions/java/major/major_full_catalog_try2/targets/jacksonxml_1f_isOutputAsCData__line43_141/run.log
jacksonxml_1f_serializeFieldsFiltered__line229_303,JacksonXml_1,serializeFieldsFiltered,src/main/java/com/fasterxml/jackson/dataformat/xml/ser/XmlBeanSerializerBase.java,229,303,ok,0,0,0,24,24,1.624,2.864,12.356,19.927,/home/francisco/mt-harness/harness/executions/java/major/major_full_catalog_try2/targets/jacksonxml_1f_serializeFieldsFiltered__line229_303,/home/francisco/mt-harness/harness/executions/java/major/major_full_catalog_try2/targets/jacksonxml_1f_serializeFieldsFiltered__line229_303/summary.json,/home/francisco/mt-harness/harness/executions/java/major/major_full_catalog_try2/targets/jacksonxml_1f_serializeFieldsFiltered__line229_303/run.log
jacksonxml_1f_nextTextValue__line594_688,JacksonXml_1,nextTextValue,src/main/java/com/fasterxml/jackson/dataformat/xml/deser/FromXmlParser.java,594,688,ok,0,0,0,49,49,1.67,3.378,13.04,20.487,/home/francisco/mt-harness/harness/executions/java/major/major_full_catalog_try2/targets/jacksonxml_1f_nextTextValue__line594_688,/home/francisco/mt-harness/harness/executions/java/major/major_full_catalog_try2/targets/jacksonxml_1f_nextTextValue__line594_688/summary.json,/home/francisco/mt-harness/harness/executions/java/major/major_full_catalog_try2/targets/jacksonxml_1f_nextTextValue__line594_688/run.log
jacksonxml_1f_findAnnotation__line82_128,JacksonXml_1,findAnnotation,src/main/java/com/fasterxml/jackson/dataformat/xml/jaxb/XmlJaxbAnnotationIntrospector.java,82,128,ok,0,0,0,21,21,1.701,2.626,13.192,19.771,/home/francisco/mt-harness/harness/executions/java/major/major_full_catalog_try2/targets/jacksonxml_1f_findAnnotation__line82_128,/home/francisco/mt-harness/harness/executions/java/major/major_full_catalog_try2/targets/jacksonxml_1f_findAnnotation__line82_128/summary.json,/home/francisco/mt-harness/harness/executions/java/major/major_full_catalog_try2/targets/jacksonxml_1f_findAnnotation__line82_128/run.log
jacksonxml_1f_sanitizeXmlTypeName__line32_71,JacksonXml_1,sanitizeXmlTypeName,src/main/java/com/fasterxml/jackson/dataformat/xml/util/StaxUtil.java,32,71,ok,0,0,0,26,26,1.387,2.412,12.192,18.945,/home/francisco/mt-harness/harness/executions/java/major/major_full_catalog_try2/targets/jacksonxml_1f_sanitizeXmlTypeName__line32_71,/home/francisco/mt-harness/harness/executions/java/major/major_full_catalog_try2/targets/jacksonxml_1f_sanitizeXmlTypeName__line32_71/summary.json,/home/francisco/mt-harness/harness/executions/java/major/major_full_catalog_try2/targets/jacksonxml_1f_sanitizeXmlTypeName__line32_71/run.log
jacksonxml_2f_writeString__line560_595,JacksonXml_2,writeString,src/main/java/com/fasterxml/jackson/dataformat/xml/ser/ToXmlGenerator.java,560,595,ok,0,0,0,18,18,1.628,2.781,13.395,21.036,/home/francisco/mt-harness/harness/executions/java/major/major_full_catalog_try2/targets/jacksonxml_2f_writeString__line560_595,/home/francisco/mt-harness/harness/executions/java/major/major_full_catalog_try2/targets/jacksonxml_2f_writeString__line560_595/summary.json,/home/francisco/mt-harness/harness/executions/java/major/major_full_catalog_try2/targets/jacksonxml_2f_writeString__line560_595/run.log
jacksonxml_1f_updateProperties__line31_78,JacksonXml_1,updateProperties,src/main/java/com/fasterxml/jackson/dataformat/xml/deser/XmlBeanDeserializerModifier.java,31,78,ok,0,0,0,18,18,1.605,2.026,13.767,20.01,/home/francisco/mt-harness/harness/executions/java/major/major_full_catalog_try2/targets/jacksonxml_1f_updateProperties__line31_78,/home/francisco/mt-harness/harness/executions/java/major/major_full_catalog_try2/targets/jacksonxml_1f_updateProperties__line31_78/summary.json,/home/francisco/mt-harness/harness/executions/java/major/major_full_catalog_try2/targets/jacksonxml_1f_updateProperties__line31_78/run.log
jacksonxml_1f__next__line303_348,JacksonXml_1,_next,src/main/java/com/fasterxml/jackson/dataformat/xml/deser/XmlTokenStream.java,303,348,ok,0,0,0,15,15,1.637,3.421,13.375,20.944,/home/francisco/mt-harness/harness/executions/java/major/major_full_catalog_try2/targets/jacksonxml_1f__next__line303_348,/home/francisco/mt-harness/harness/executions/java/major/major_full_catalog_try2/targets/jacksonxml_1f__next__line303_348/summary.json,/home/francisco/mt-harness/harness/executions/java/major/major_full_catalog_try2/targets/jacksonxml_1f__next__line303_348/run.log
jacksonxml_1f__findRootName__line63_91,JacksonXml_1,_findRootName,src/main/java/com/fasterxml/jackson/dataformat/xml/util/XmlRootNameLookup.java,63,91,ok,0,0,0,14,14,2.063,2.867,12.255,20.066,/home/francisco/mt-harness/harness/executions/java/major/major_full_catalog_try2/targets/jacksonxml_1f__findRootName__line63_91,/home/francisco/mt-harness/harness/executions/java/major/major_full_catalog_try2/targets/jacksonxml_1f__findRootName__line63_91/summary.json,/home/francisco/mt-harness/harness/executions/java/major/major_full_catalog_try2/targets/jacksonxml_1f__findRootName__line63_91/run.log
jsoup_20f_resetInsertionMode__line351_399,Jsoup_20,resetInsertionMode,src/main/java/org/jsoup/parser/HtmlTreeBuilder.java,351,399,ok,0,0,0,42,42,1.647,2.763,18.859,25.983,/home/francisco/mt-harness/harness/executions/java/major/major_full_catalog_try2/targets/jsoup_20f_resetInsertionMode__line351_399,/home/francisco/mt-harness/harness/executions/java/major/major_full_catalog_try2/targets/jsoup_20f_resetInsertionMode__line351_399/summary.json,/home/francisco/mt-harness/harness/executions/java/major/major_full_catalog_try2/targets/jsoup_20f_resetInsertionMode__line351_399/run.log
jsoup_13f_findElements__line120_152,Jsoup_13,findElements,src/main/java/org/jsoup/select/QueryParser.java,120,152,ok,0,0,0,46,46,1.377,2.785,17.483,24.766,/home/francisco/mt-harness/harness/executions/java/major/major_full_catalog_try2/targets/jsoup_13f_findElements__line120_152,/home/francisco/mt-harness/harness/executions/java/major/major_full_catalog_try2/targets/jsoup_13f_findElements__line120_152/summary.json,/home/francisco/mt-harness/harness/executions/java/major/major_full_catalog_try2/targets/jsoup_13f_findElements__line120_152/run.log
jsoup_28f_consumeCharacterReference__line100_155,Jsoup_28,consumeCharacterReference,src/main/java/org/jsoup/parser/Tokeniser.java,100,155,ok,0,0,0,50,50,1.831,2.818,18.388,25.877,/home/francisco/mt-harness/harness/executions/java/major/major_full_catalog_try2/targets/jsoup_28f_consumeCharacterReference__line100_155,/home/francisco/mt-harness/harness/executions/java/major/major_full_catalog_try2/targets/jsoup_28f_consumeCharacterReference__line100_155/summary.json,/home/francisco/mt-harness/harness/executions/java/major/major_full_catalog_try2/targets/jsoup_28f_consumeCharacterReference__line100_155/run.log
jsoup_67f_parseInputStream__line92_155,Jsoup_67,parseInputStream,src/main/java/org/jsoup/helper/DataUtil.java,92,155,ok,0,0,0,38,38,1.546,3.003,22.856,30.332,/home/francisco/mt-harness/harness/executions/java/major/major_full_catalog_try2/targets/jsoup_67f_parseInputStream__line92_155,/home/francisco/mt-harness/harness/executions/java/major/major_full_catalog_try2/targets/jsoup_67f_parseInputStream__line92_155/summary.json,/home/francisco/mt-harness/harness/executions/java/major/major_full_catalog_try2/targets/jsoup_67f_parseInputStream__line92_155/run.log
jsoup_1f_canContain__line67_99,Jsoup_1,canContain,src/main/java/org/jsoup/parser/Tag.java,67,99,ok,0,0,0,24,24,1.52,3.796,8.849,17.01,/home/francisco/mt-harness/harness/executions/java/major/major_full_catalog_try2/targets/jsoup_1f_canContain__line67_99,/home/francisco/mt-harness/harness/executions/java/major/major_full_catalog_try2/targets/jsoup_1f_canContain__line67_99/summary.json,/home/francisco/mt-harness/harness/executions/java/major/major_full_catalog_try2/targets/jsoup_1f_canContain__line67_99/run.log
jsoup_41f_userAgent__line66_159,Jsoup_41,userAgent,src/main/java/org/jsoup/Connection.java,66,159,ok,0,0,0,0,0,1.241,3.921,20.281,28.605,/home/francisco/mt-harness/harness/executions/java/major/major_full_catalog_try2/targets/jsoup_41f_userAgent__line66_159,/home/francisco/mt-harness/harness/executions/java/major/major_full_catalog_try2/targets/jsoup_41f_userAgent__line66_159/summary.json,/home/francisco/mt-harness/harness/executions/java/major/major_full_catalog_try2/targets/jsoup_41f_userAgent__line66_159/run.log
jsoup_66f_filter__line81_125,Jsoup_66,filter,src/main/java/org/jsoup/select/NodeTraversor.java,81,125,ok,0,0,0,22,22,1.426,2.76,20.839,28.199,/home/francisco/mt-harness/harness/executions/java/major/major_full_catalog_try2/targets/jsoup_66f_filter__line81_125,/home/francisco/mt-harness/harness/executions/java/major/major_full_catalog_try2/targets/jsoup_66f_filter__line81_125/summary.json,/home/francisco/mt-harness/harness/executions/java/major/major_full_catalog_try2/targets/jsoup_66f_filter__line81_125/run.log
jsoup_41f_referrer__line90_159,Jsoup_41,referrer,src/main/java/org/jsoup/Connection.java,90,159,ok,0,0,0,0,0,1.842,3.862,19.849,28.288,/home/francisco/mt-harness/harness/executions/java/major/major_full_catalog_try2/targets/jsoup_41f_referrer__line90_159,/home/francisco/mt-harness/harness/executions/java/major/major_full_catalog_try2/targets/jsoup_41f_referrer__line90_159/summary.json,/home/francisco/mt-harness/harness/executions/java/major/major_full_catalog_try2/targets/jsoup_41f_referrer__line90_159/run.log
jsoup_33f_cssNthChild__line277_308,Jsoup_33,cssNthChild,src/main/java/org/jsoup/select/QueryParser.java,277,308,ok,0,0,0,45,45,1.594,3.551,18.915,27.419,/home/francisco/mt-harness/harness/executions/java/major/major_full_catalog_try2/targets/jsoup_33f_cssNthChild__line277_308,/home/francisco/mt-harness/harness/executions/java/major/major_full_catalog_try2/targets/jsoup_33f_cssNthChild__line277_308/summary.json,/home/francisco/mt-harness/harness/executions/java/major/major_full_catalog_try2/targets/jsoup_33f_cssNthChild__line277_308/run.log
jsoup_13f_byAttribute__line177_209,Jsoup_13,byAttribute,src/main/java/org/jsoup/select/QueryParser.java,177,209,ok,0,0,0,33,33,1.543,2.669,17.476,24.137,/home/francisco/mt-harness/harness/executions/java/major/major_full_catalog_try2/targets/jsoup_13f_byAttribute__line177_209,/home/francisco/mt-harness/harness/executions/java/major/major_full_catalog_try2/targets/jsoup_13f_byAttribute__line177_209/summary.json,/home/francisco/mt-harness/harness/executions/java/major/major_full_catalog_try2/targets/jsoup_13f_byAttribute__line177_209/run.log
jsoup_12f_parseAttribute__line183_214,Jsoup_12,parseAttribute,src/main/java/org/jsoup/parser/Parser.java,183,214,ok,0,0,0,20,20,1.524,2.674,13.473,19.873,/home/francisco/mt-harness/harness/executions/java/major/major_full_catalog_try2/targets/jsoup_12f_parseAttribute__line183_214,/home/francisco/mt-harness/harness/executions/java/major/major_full_catalog_try2/targets/jsoup_12f_parseAttribute__line183_214/summary.json,/home/francisco/mt-harness/harness/executions/java/major/major_full_catalog_try2/targets/jsoup_12f_parseAttribute__line183_214/run.log
jsoup_7f_execute__line305_349,Jsoup_7,execute,src/main/java/org/jsoup/helper/HttpConnection.java,305,349,ok,0,0,0,2,2,1.784,2.997,11.899,19.65,/home/francisco/mt-harness/harness/executions/java/major/major_full_catalog_try2/targets/jsoup_7f_execute__line305_349,/home/francisco/mt-harness/harness/executions/java/major/major_full_catalog_try2/targets/jsoup_7f_execute__line305_349/summary.json,/home/francisco/mt-harness/harness/executions/java/major/major_full_catalog_try2/targets/jsoup_7f_execute__line305_349/run.log
jxpath_1f_jj_3R_18__line1897_1990,JxPath_1,jj_3R_18,src/java/org/apache/commons/jxpath/ri/parser/XPathParser.java,1897,1990,ok,0,0,0,182,182,1.504,2.339,25.712,32.675,/home/francisco/mt-harness/harness/executions/java/major/major_full_catalog_try2/targets/jxpath_1f_jj_3R_18__line1897_1990,/home/francisco/mt-harness/harness/executions/java/major/major_full_catalog_try2/targets/jxpath_1f_jj_3R_18__line1897_1990/summary.json,/home/francisco/mt-harness/harness/executions/java/major/major_full_catalog_try2/targets/jxpath_1f_jj_3R_18__line1897_1990/run.log
jxpath_1f_jj_3R_129__line2567_2609,JxPath_1,jj_3R_129,src/java/org/apache/commons/jxpath/ri/parser/XPathParser.java,2567,2609,ok,0,0,0,80,80,1.467,1.776,24.099,30.144,/home/francisco/mt-harness/harness/executions/java/major/major_full_catalog_try2/targets/jxpath_1f_jj_3R_129__line2567_2609,/home/francisco/mt-harness/harness/executions/java/major/major_full_catalog_try2/targets/jxpath_1f_jj_3R_129__line2567_2609/summary.json,/home/francisco/mt-harness/harness/executions/java/major/major_full_catalog_try2/targets/jxpath_1f_jj_3R_129__line2567_2609/run.log
jxpath_6f_canConvert__line51_148,JxPath_6,canConvert,src/java/org/apache/commons/jxpath/util/BasicTypeConverter.java,51,148,ok,0,0,0,56,56,1.827,1.873,22.405,28.6,/home/francisco/mt-harness/harness/executions/java/major/major_full_catalog_try2/targets/jxpath_6f_canConvert__line51_148,/home/francisco/mt-harness/harness/executions/java/major/major_full_catalog_try2/targets/jxpath_6f_canConvert__line51_148/summary.json,/home/francisco/mt-harness/harness/executions/java/major/major_full_catalog_try2/targets/jxpath_6f_canConvert__line51_148/run.log
jxpath_1f_jjMoveStringLiteralDfa0_0__line402_479,JxPath_1,jjMoveStringLiteralDfa0_0,src/java/org/apache/commons/jxpath/ri/parser/XPathParserTokenManager.java,402,479,ok,0,0,0,144,144,1.711,1.875,24.207,30.544,/home/francisco/mt-harness/harness/executions/java/major/major_full_catalog_try2/targets/jxpath_1f_jjMoveStringLiteralDfa0_0__line402_479,/home/francisco/mt-harness/harness/executions/java/major/major_full_catalog_try2/targets/jxpath_1f_jjMoveStringLiteralDfa0_0__line402_479/summary.json,/home/francisco/mt-harness/harness/executions/java/major/major_full_catalog_try2/targets/jxpath_1f_jjMoveStringLiteralDfa0_0__line402_479/run.log
jxpath_1f_computeContextDependent__line142_186,JxPath_1,computeContextDependent,src/java/org/apache/commons/jxpath/ri/compiler/CoreFunction.java,142,186,ok,0,0,0,10,10,1.803,2.151,22.178,28.804,/home/francisco/mt-harness/harness/executions/java/major/major_full_catalog_try2/targets/jxpath_1f_computeContextDependent__line142_186,/home/francisco/mt-harness/harness/executions/java/major/major_full_catalog_try2/targets/jxpath_1f_computeContextDependent__line142_186/summary.json,/home/francisco/mt-harness/harness/executions/java/major/major_full_catalog_try2/targets/jxpath_1f_computeContextDependent__line142_186/run.log
jxpath_1f_computeValue__line212_276,JxPath_1,computeValue,src/java/org/apache/commons/jxpath/ri/compiler/CoreFunction.java,212,276,ok,0,0,0,30,30,1.584,1.693,23.616,29.688,/home/francisco/mt-harness/harness/executions/java/major/major_full_catalog_try2/targets/jxpath_1f_computeValue__line212_276,/home/francisco/mt-harness/harness/executions/java/major/major_full_catalog_try2/targets/jxpath_1f_computeValue__line212_276/summary.json,/home/francisco/mt-harness/harness/executions/java/major/major_full_catalog_try2/targets/jxpath_1f_computeValue__line212_276/run.log
jxpath_1f_jjMoveStringLiteralDfa2_0__line536_597,JxPath_1,jjMoveStringLiteralDfa2_0,src/java/org/apache/commons/jxpath/ri/parser/XPathParserTokenManager.java,536,597,ok,0,0,0,130,130,1.547,1.611,26.244,32.143,/home/francisco/mt-harness/harness/executions/java/major/major_full_catalog_try2/targets/jxpath_1f_jjMoveStringLiteralDfa2_0__line536_597,/home/francisco/mt-harness/harness/executions/java/major/major_full_catalog_try2/targets/jxpath_1f_jjMoveStringLiteralDfa2_0__line536_597/summary.json,/home/francisco/mt-harness/harness/executions/java/major/major_full_catalog_try2/targets/jxpath_1f_jjMoveStringLiteralDfa2_0__line536_597/run.log
jxpath_1f_jjMoveStringLiteralDfa3_0__line598_658,JxPath_1,jjMoveStringLiteralDfa3_0,src/java/org/apache/commons/jxpath/ri/parser/XPathParserTokenManager.java,598,658,ok,0,0,0,130,130,1.77,1.94,23.915,30.147,/home/francisco/mt-harness/harness/executions/java/major/major_full_catalog_try2/targets/jxpath_1f_jjMoveStringLiteralDfa3_0__line598_658,/home/francisco/mt-harness/harness/executions/java/major/major_full_catalog_try2/targets/jxpath_1f_jjMoveStringLiteralDfa3_0__line598_658/summary.json,/home/francisco/mt-harness/harness/executions/java/major/major_full_catalog_try2/targets/jxpath_1f_jjMoveStringLiteralDfa3_0__line598_658/run.log
jxpath_1f_jjCanMove_2__line1658_1715,JxPath_1,jjCanMove_2,src/java/org/apache/commons/jxpath/ri/parser/XPathParserTokenManager.java,1658,1715,ok,0,0,0,52,52,1.594,2.254,23.852,30.029,/home/francisco/mt-harness/harness/executions/java/major/major_full_catalog_try2/targets/jxpath_1f_jjCanMove_2__line1658_1715,/home/francisco/mt-harness/harness/executions/java/major/major_full_catalog_try2/targets/jxpath_1f_jjCanMove_2__line1658_1715/summary.json,/home/francisco/mt-harness/harness/executions/java/major/major_full_catalog_try2/targets/jxpath_1f_jjCanMove_2__line1658_1715/run.log
jxpath_1f_jjMoveStringLiteralDfa1_0__line480_535,JxPath_1,jjMoveStringLiteralDfa1_0,src/java/org/apache/commons/jxpath/ri/parser/XPathParserTokenManager.java,480,535,ok,0,0,0,106,106,1.653,3.407,24.309,32.021,/home/francisco/mt-harness/harness/executions/java/major/major_full_catalog_try2/targets/jxpath_1f_jjMoveStringLiteralDfa1_0__line480_535,/home/francisco/mt-harness/harness/executions/java/major/major_full_catalog_try2/targets/jxpath_1f_jjMoveStringLiteralDfa1_0__line480_535/summary.json,/home/francisco/mt-harness/harness/executions/java/major/major_full_catalog_try2/targets/jxpath_1f_jjMoveStringLiteralDfa1_0__line480_535/run.log
jxpath_1f_jjCanMove_1__line1602_1657,JxPath_1,jjCanMove_1,src/java/org/apache/commons/jxpath/ri/parser/XPathParserTokenManager.java,1602,1657,ok,0,0,0,50,50,1.603,2.015,25.56,32.262,/home/francisco/mt-harness/harness/executions/java/major/major_full_catalog_try2/targets/jxpath_1f_jjCanMove_1__line1602_1657,/home/francisco/mt-harness/harness/executions/java/major/major_full_catalog_try2/targets/jxpath_1f_jjCanMove_1__line1602_1657/summary.json,/home/francisco/mt-harness/harness/executions/java/major/major_full_catalog_try2/targets/jxpath_1f_jjCanMove_1__line1602_1657/run.log
jxpath_1f_jj_3R_19__line3419_3440,JxPath_1,jj_3R_19,src/java/org/apache/commons/jxpath/ri/parser/XPathParser.java,3419,3440,ok,0,0,0,38,38,1.578,1.833,23.484,29.712,/home/francisco/mt-harness/harness/executions/java/major/major_full_catalog_try2/targets/jxpath_1f_jj_3R_19__line3419_3440,/home/francisco/mt-harness/harness/executions/java/major/major_full_catalog_try2/targets/jxpath_1f_jj_3R_19__line3419_3440/summary.json,/home/francisco/mt-harness/harness/executions/java/major/major_full_catalog_try2/targets/jxpath_1f_jj_3R_19__line3419_3440/run.log
lang_36f_appendInternal__line454_551,Lang_36,appendInternal,src/java/org/apache/commons/lang3/builder/ToStringStyle.java,454,551,ok,0,0,0,26,26,1.519,5.981,24.047,34.726,/home/francisco/mt-harness/harness/executions/java/major/major_full_catalog_try2/targets/lang_36f_appendInternal__line454_551,/home/francisco/mt-harness/harness/executions/java/major/major_full_catalog_try2/targets/lang_36f_appendInternal__line454_551/summary.json,/home/francisco/mt-harness/harness/executions/java/major/major_full_catalog_try2/targets/lang_36f_appendInternal__line454_551/run.log
lang_5f_isNumber__line1310_1410,Lang_5,isNumber,src/main/java/org/apache/commons/lang3/math/NumberUtils.java,1310,1410,ok,0,0,0,53,53,1.165,5.405,16.245,24.577,/home/francisco/mt-harness/harness/executions/java/major/major_full_catalog_try2/targets/lang_5f_isNumber__line1310_1410,/home/francisco/mt-harness/harness/executions/java/major/major_full_catalog_try2/targets/lang_5f_isNumber__line1310_1410/summary.json,/home/francisco/mt-harness/harness/executions/java/major/major_full_catalog_try2/targets/lang_5f_isNumber__line1310_1410/run.log
lang_1f_binaryBeMsb0ToHexDigit__line511_582,Lang_1,binaryBeMsb0ToHexDigit,src/main/java/org/apache/commons/lang3/Conversion.java,511,582,ok,0,0,0,76,76,1.119,5.648,17.854,26.55,/home/francisco/mt-harness/harness/executions/java/major/major_full_catalog_try2/targets/lang_1f_binaryBeMsb0ToHexDigit__line511_582,/home/francisco/mt-harness/harness/executions/java/major/major_full_catalog_try2/targets/lang_1f_binaryBeMsb0ToHexDigit__line511_582/summary.json,/home/francisco/mt-harness/harness/executions/java/major/major_full_catalog_try2/targets/lang_1f_binaryBeMsb0ToHexDigit__line511_582/run.log
lang_1f_binaryToHexDigit__line300_365,Lang_1,binaryToHexDigit,src/main/java/org/apache/commons/lang3/Conversion.java,300,365,ok,0,0,0,33,33,1.1,5.454,17.03,25.398,/home/francisco/mt-harness/harness/executions/java/major/major_full_catalog_try2/targets/lang_1f_binaryToHexDigit__line300_365,/home/francisco/mt-harness/harness/executions/java/major/major_full_catalog_try2/targets/lang_1f_binaryToHexDigit__line300_365/summary.json,/home/francisco/mt-harness/harness/executions/java/major/major_full_catalog_try2/targets/lang_1f_binaryToHexDigit__line300_365/run.log
lang_1f_binaryToHexDigitMsb0_4bits__line403_474,Lang_1,binaryToHexDigitMsb0_4bits,src/main/java/org/apache/commons/lang3/Conversion.java,403,474,ok,0,0,0,23,23,1.147,5.517,18.117,26.767,/home/francisco/mt-harness/harness/executions/java/major/major_full_catalog_try2/targets/lang_1f_binaryToHexDigitMsb0_4bits__line403_474,/home/francisco/mt-harness/harness/executions/java/major/major_full_catalog_try2/targets/lang_1f_binaryToHexDigitMsb0_4bits__line403_474/summary.json,/home/francisco/mt-harness/harness/executions/java/major/major_full_catalog_try2/targets/lang_1f_binaryToHexDigitMsb0_4bits__line403_474/run.log
lang_40f_random__line225_284,Lang_40,random,src/java/org/apache/commons/lang/RandomStringUtils.java,225,284,ok,0,0,0,74,74,1.228,5.332,17.932,26.314,/home/francisco/mt-harness/harness/executions/java/major/major_full_catalog_try2/targets/lang_40f_random__line225_284,/home/francisco/mt-harness/harness/executions/java/major/major_full_catalog_try2/targets/lang_40f_random__line225_284/summary.json,/home/francisco/mt-harness/harness/executions/java/major/major_full_catalog_try2/targets/lang_40f_random__line225_284/run.log
lang_37f_append__line441_491,Lang_37,append,src/java/org/apache/commons/lang3/builder/CompareToBuilder.java,441,491,ok,0,0,0,267,267,1.168,5.169,15.332,23.602,/home/francisco/mt-harness/harness/executions/java/major/major_full_catalog_try2/targets/lang_37f_append__line441_491,/home/francisco/mt-harness/harness/executions/java/major/major_full_catalog_try2/targets/lang_37f_append__line441_491/summary.json,/home/francisco/mt-harness/harness/executions/java/major/major_full_catalog_try2/targets/lang_37f_append__line441_491/run.log
lang_64f_append__line403_452,Lang_64,append,src/java/org/apache/commons/lang/builder/CompareToBuilder.java,403,452,ok,0,0,0,267,267,1.16,5.587,13.661,22.301,/home/francisco/mt-harness/harness/executions/java/major/major_full_catalog_try2/targets/lang_64f_append__line403_452,/home/francisco/mt-harness/harness/executions/java/major/major_full_catalog_try2/targets/lang_64f_append__line403_452/summary.json,/home/francisco/mt-harness/harness/executions/java/major/major_full_catalog_try2/targets/lang_64f_append__line403_452/run.log
lang_36f_append__line367_409,Lang_36,append,src/java/org/apache/commons/lang3/builder/EqualsBuilder.java,367,409,ok,0,0,0,131,131,1.157,5.167,13.778,22.064,/home/francisco/mt-harness/harness/executions/java/major/major_full_catalog_try2/targets/lang_36f_append__line367_409,/home/francisco/mt-harness/harness/executions/java/major/major_full_catalog_try2/targets/lang_36f_append__line367_409/summary.json,/home/francisco/mt-harness/harness/executions/java/major/major_full_catalog_try2/targets/lang_36f_append__line367_409/run.log
lang_60f_format__line373_426,Lang_60,format,src/java/org/apache/commons/lang/time/DurationFormatUtils.java,373,426,ok,0,0,0,38,38,1.22,5.623,12.022,20.763,/home/francisco/mt-harness/harness/executions/java/major/major_full_catalog_try2/targets/lang_60f_format__line373_426,/home/francisco/mt-harness/harness/executions/java/major/major_full_catalog_try2/targets/lang_60f_format__line373_426/summary.json,/home/francisco/mt-harness/harness/executions/java/major/major_full_catalog_try2/targets/lang_60f_format__line373_426/run.log
lang_1f_format__line414_467,Lang_1,format,src/main/java/org/apache/commons/lang3/time/DurationFormatUtils.java,414,467,ok,0,0,0,38,38,1.185,5.353,16.252,24.681,/home/francisco/mt-harness/harness/executions/java/major/major_full_catalog_try2/targets/lang_1f_format__line414_467,/home/francisco/mt-harness/harness/executions/java/major/major_full_catalog_try2/targets/lang_1f_format__line414_467/summary.json,/home/francisco/mt-harness/harness/executions/java/major/major_full_catalog_try2/targets/lang_1f_format__line414_467/run.log
lang_1f_hexDigitMsb0ToBinary__line220_265,Lang_1,hexDigitMsb0ToBinary,src/main/java/org/apache/commons/lang3/Conversion.java,220,265,ok,0,0,0,66,66,1.225,5.33,19.426,28.011,/home/francisco/mt-harness/harness/executions/java/major/major_full_catalog_try2/targets/lang_1f_hexDigitMsb0ToBinary__line220_265,/home/francisco/mt-harness/harness/executions/java/major/major_full_catalog_try2/targets/lang_1f_hexDigitMsb0ToBinary__line220_265/summary.json,/home/francisco/mt-harness/harness/executions/java/major/major_full_catalog_try2/targets/lang_1f_hexDigitMsb0ToBinary__line220_265/run.log
math_36f_recurseSides__line436_510,Math_36,recurseSides,src/main/java/org/apache/commons/math/geometry/partitioning/AbstractRegion.java,436,510,ok,0,0,0,12,12,1.159,6.16,39.437,48.817,/home/francisco/mt-harness/harness/executions/java/major/major_full_catalog_try2/targets/math_36f_recurseSides__line436_510,/home/francisco/mt-harness/harness/executions/java/major/major_full_catalog_try2/targets/math_36f_recurseSides__line436_510/summary.json,/home/francisco/mt-harness/harness/executions/java/major/major_full_catalog_try2/targets/math_36f_recurseSides__line436_510/run.log
math_15f_insertEdges__line232_320,Math_15,insertEdges,src/main/java/org/apache/commons/math3/geometry/euclidean/twod/PolygonsSet.java,232,320,ok,0,0,0,20,20,1.156,5.516,42.468,51.263,/home/francisco/mt-harness/harness/executions/java/major/major_full_catalog_try2/targets/math_15f_insertEdges__line232_320,/home/francisco/mt-harness/harness/executions/java/major/major_full_catalog_try2/targets/math_15f_insertEdges__line232_320/summary.json,/home/francisco/mt-harness/harness/executions/java/major/major_full_catalog_try2/targets/math_15f_insertEdges__line232_320/run.log
math_45f_scalb__line3036_3112,Math_45,scalb,src/main/java/org/apache/commons/math/util/FastMath.java,3036,3112,ok,0,0,0,158,158,1.197,5.675,38.09,47.009,/home/francisco/mt-harness/harness/executions/java/major/major_full_catalog_try2/targets/math_45f_scalb__line3036_3112,/home/francisco/mt-harness/harness/executions/java/major/major_full_catalog_try2/targets/math_45f_scalb__line3036_3112/summary.json,/home/francisco/mt-harness/harness/executions/java/major/major_full_catalog_try2/targets/math_45f_scalb__line3036_3112/run.log
math_92f_localMin__line103_201,Math_92,localMin,src/java/org/apache/commons/math/analysis/minimization/BrentMinimizer.java,103,201,ok,0,0,0,63,63,1.156,5.573,19.743,28.552,/home/francisco/mt-harness/harness/executions/java/major/major_full_catalog_try2/targets/math_92f_localMin__line103_201,/home/francisco/mt-harness/harness/executions/java/major/major_full_catalog_try2/targets/math_92f_localMin__line103_201/summary.json,/home/francisco/mt-harness/harness/executions/java/major/major_full_catalog_try2/targets/math_92f_localMin__line103_201/run.log
math_79f_evaluateStep__line166_260,Math_79,evaluateStep,src/main/java/org/apache/commons/math/ode/events/EventState.java,166,260,ok,0,0,0,30,30,1.203,5.133,23.419,31.777,/home/francisco/mt-harness/harness/executions/java/major/major_full_catalog_try2/targets/math_79f_evaluateStep__line166_260,/home/francisco/mt-harness/harness/executions/java/major/major_full_catalog_try2/targets/math_79f_evaluateStep__line166_260/summary.json,/home/francisco/mt-harness/harness/executions/java/major/major_full_catalog_try2/targets/math_79f_evaluateStep__line166_260/run.log
math_55f_round__line1330_1403,Math_55,round,src/main/java/org/apache/commons/math/dfp/Dfp.java,1330,1403,ok,0,0,0,55,55,1.245,5.739,33.154,42.228,/home/francisco/mt-harness/harness/executions/java/major/major_full_catalog_try2/targets/math_55f_round__line1330_1403,/home/francisco/mt-harness/harness/executions/java/major/major_full_catalog_try2/targets/math_55f_round__line1330_1403/summary.json,/home/francisco/mt-harness/harness/executions/java/major/major_full_catalog_try2/targets/math_55f_round__line1330_1403/run.log
math_82f_roundUnscaled__line1074_1154,Math_82,roundUnscaled,src/main/java/org/apache/commons/math/util/MathUtils.java,1074,1154,ok,0,0,0,46,46,1.145,5.631,25.477,34.31,/home/francisco/mt-harness/harness/executions/java/major/major_full_catalog_try2/targets/math_82f_roundUnscaled__line1074_1154,/home/francisco/mt-harness/harness/executions/java/major/major_full_catalog_try2/targets/math_82f_roundUnscaled__line1074_1154/summary.json,/home/francisco/mt-harness/harness/executions/java/major/major_full_catalog_try2/targets/math_82f_roundUnscaled__line1074_1154/run.log
math_85f_dqd__line1318_1411,Math_85,dqd,src/java/org/apache/commons/math/linear/EigenDecompositionImpl.java,1318,1411,ok,0,0,0,209,209,1.225,5.658,25.509,34.29,/home/francisco/mt-harness/harness/executions/java/major/major_full_catalog_try2/targets/math_85f_dqd__line1318_1411,/home/francisco/mt-harness/harness/executions/java/major/major_full_catalog_try2/targets/math_85f_dqd__line1318_1411/summary.json,/home/francisco/mt-harness/harness/executions/java/major/major_full_catalog_try2/targets/math_85f_dqd__line1318_1411/run.log
math_43f_regress__line759_823,Math_43,regress,src/main/java/org/apache/commons/math/stat/regression/SimpleRegression.java,759,823,ok,0,0,0,146,146,1.158,5.922,39.449,48.576,/home/francisco/mt-harness/harness/executions/java/major/major_full_catalog_try2/targets/math_43f_regress__line759_823,/home/francisco/mt-harness/harness/executions/java/major/major_full_catalog_try2/targets/math_43f_regress__line759_823/summary.json,/home/francisco/mt-harness/harness/executions/java/major/major_full_catalog_try2/targets/math_43f_regress__line759_823/run.log
math_23f_copy__line668_739,Math_23,copy,src/main/java/org/apache/commons/math3/stat/descriptive/SummaryStatistics.java,668,739,ok,0,0,0,23,23,1.174,6.008,41.304,50.526,/home/francisco/mt-harness/harness/executions/java/major/major_full_catalog_try2/targets/math_23f_copy__line668_739,/home/francisco/mt-harness/harness/executions/java/major/major_full_catalog_try2/targets/math_23f_copy__line668_739/summary.json,/home/francisco/mt-harness/harness/executions/java/major/major_full_catalog_try2/targets/math_23f_copy__line668_739/run.log
math_36f_compareTo__line247_287,Math_36,compareTo,src/main/java/org/apache/commons/math/geometry/partitioning/utilities/OrderedTuple.java,247,287,ok,0,0,0,26,26,1.133,5.386,38.839,47.307,/home/francisco/mt-harness/harness/executions/java/major/major_full_catalog_try2/targets/math_36f_compareTo__line247_287,/home/francisco/mt-harness/harness/executions/java/major/major_full_catalog_try2/targets/math_36f_compareTo__line247_287/summary.json,/home/francisco/mt-harness/harness/executions/java/major/major_full_catalog_try2/targets/math_36f_compareTo__line247_287/run.log
math_1f_parse__line302_394,Math_1,parse,src/main/java/org/apache/commons/math3/linear/RealMatrixFormat.java,302,394,ok,0,0,0,50,50,1.164,5.761,53.467,62.53,/home/francisco/mt-harness/harness/executions/java/major/major_full_catalog_try2/targets/math_1f_parse__line302_394,/home/francisco/mt-harness/harness/executions/java/major/major_full_catalog_try2/targets/math_1f_parse__line302_394/summary.json,/home/francisco/mt-harness/harness/executions/java/major/major_full_catalog_try2/targets/math_1f_parse__line302_394/run.log
mockito_1f_binaryOperation__line224_294,Mockito_1,binaryOperation,cglib-and-asm/src/org/mockito/asm/tree/analysis/BasicInterpreter.java,224,294,ok,0,0,0,0,0,1.164,6.367,44.575,51.033,/home/francisco/mt-harness/harness/executions/java/major/major_full_catalog_try2/targets/mockito_1f_binaryOperation__line224_294,/home/francisco/mt-harness/harness/executions/java/major/major_full_catalog_try2/targets/mockito_1f_binaryOperation__line224_294/summary.json,/home/francisco/mt-harness/harness/executions/java/major/major_full_catalog_try2/targets/mockito_1f_binaryOperation__line224_294/run.log
mockito_1f_unaryOperation__line136_222,Mockito_1,unaryOperation,cglib-and-asm/src/org/mockito/asm/tree/analysis/BasicInterpreter.java,136,222,ok,0,0,0,0,0,1.172,5.964,44.566,50.619,/home/francisco/mt-harness/harness/executions/java/major/major_full_catalog_try2/targets/mockito_1f_unaryOperation__line136_222,/home/francisco/mt-harness/harness/executions/java/major/major_full_catalog_try2/targets/mockito_1f_unaryOperation__line136_222/summary.json,/home/francisco/mt-harness/harness/executions/java/major/major_full_catalog_try2/targets/mockito_1f_unaryOperation__line136_222/run.log
mockito_1f_appendConstant__line136_221,Mockito_1,appendConstant,cglib-and-asm/src/org/mockito/asm/util/ASMifierAbstractVisitor.java,136,221,ok,0,0,0,0,0,1.231,6.17,44.667,50.912,/home/francisco/mt-harness/harness/executions/java/major/major_full_catalog_try2/targets/mockito_1f_appendConstant__line136_221,/home/francisco/mt-harness/harness/executions/java/major/major_full_catalog_try2/targets/mockito_1f_appendConstant__line136_221/summary.json,/home/francisco/mt-harness/harness/executions/java/major/major_full_catalog_try2/targets/mockito_1f_appendConstant__line136_221/run.log
mockito_1f_visit__line64_151,Mockito_1,visit,cglib-and-asm/src/org/mockito/asm/util/TraceAnnotationVisitor.java,64,151,ok,0,0,0,0,0,0.901,6.234,46.61,52.905,/home/francisco/mt-harness/harness/executions/java/major/major_full_catalog_try2/targets/mockito_1f_visit__line64_151,/home/francisco/mt-harness/harness/executions/java/major/major_full_catalog_try2/targets/mockito_1f_visit__line64_151/summary.json,/home/francisco/mt-harness/harness/executions/java/major/major_full_catalog_try2/targets/mockito_1f_visit__line64_151/run.log
mockito_1f_merge__line1340_1401,Mockito_1,merge,cglib-and-asm/src/org/mockito/asm/Frame.java,1340,1401,ok,0,0,0,0,0,1.12,6.217,42.389,48.694,/home/francisco/mt-harness/harness/executions/java/major/major_full_catalog_try2/targets/mockito_1f_merge__line1340_1401,/home/francisco/mt-harness/harness/executions/java/major/major_full_catalog_try2/targets/mockito_1f_merge__line1340_1401/summary.json,/home/francisco/mt-harness/harness/executions/java/major/major_full_catalog_try2/targets/mockito_1f_merge__line1340_1401/run.log
mockito_1f_newOperation__line79_128,Mockito_1,newOperation,cglib-and-asm/src/org/mockito/asm/tree/analysis/BasicInterpreter.java,79,128,ok,0,0,0,0,0,1.022,6.386,43.326,49.791,/home/francisco/mt-harness/harness/executions/java/major/major_full_catalog_try2/targets/mockito_1f_newOperation__line79_128,/home/francisco/mt-harness/harness/executions/java/major/major_full_catalog_try2/targets/mockito_1f_newOperation__line79_128/summary.json,/home/francisco/mt-harness/harness/executions/java/major/major_full_catalog_try2/targets/mockito_1f_newOperation__line79_128/run.log
mockito_25f_returnValueFor__line70_108,Mockito_25,returnValueFor,src/org/mockito/internal/stubbing/defaultanswers/ReturnsEmptyValues.java,70,108,ok,0,0,0,17,17,1.193,5.66,7.422,16.332,/home/francisco/mt-harness/harness/executions/java/major/major_full_catalog_try2/targets/mockito_25f_returnValueFor__line70_108,/home/francisco/mt-harness/harness/executions/java/major/major_full_catalog_try2/targets/mockito_25f_returnValueFor__line70_108/summary.json,/home/francisco/mt-harness/harness/executions/java/major/major_full_catalog_try2/targets/mockito_25f_returnValueFor__line70_108/run.log
mockito_1f_cast_numeric__line252_297,Mockito_1,cast_numeric,cglib-and-asm/src/org/mockito/cglib/core/CodeEmitter.java,252,297,ok,0,0,0,0,0,1.173,6.278,43.47,49.829,/home/francisco/mt-harness/harness/executions/java/major/major_full_catalog_try2/targets/mockito_1f_cast_numeric__line252_297,/home/francisco/mt-harness/harness/executions/java/major/major_full_catalog_try2/targets/mockito_1f_cast_numeric__line252_297/summary.json,/home/francisco/mt-harness/harness/executions/java/major/major_full_catalog_try2/targets/mockito_1f_cast_numeric__line252_297/run.log
mockito_1f_visitJumpInsn__line856_945,Mockito_1,visitJumpInsn,cglib-and-asm/src/org/mockito/asm/MethodWriter.java,856,945,ok,0,0,0,0,0,1.114,6.357,45.98,52.419,/home/francisco/mt-harness/harness/executions/java/major/major_full_catalog_try2/targets/mockito_1f_visitJumpInsn__line856_945,/home/francisco/mt-harness/harness/executions/java/major/major_full_catalog_try2/targets/mockito_1f_visitJumpInsn__line856_945/summary.json,/home/francisco/mt-harness/harness/executions/java/major/major_full_catalog_try2/targets/mockito_1f_visitJumpInsn__line856_945/run.log
mockito_1f_parseType__line140_228,Mockito_1,parseType,cglib-and-asm/src/org/mockito/asm/signature/SignatureReader.java,140,228,ok,0,0,0,0,0,1.171,6.747,44.67,51.497,/home/francisco/mt-harness/harness/executions/java/major/major_full_catalog_try2/targets/mockito_1f_parseType__line140_228,/home/francisco/mt-harness/harness/executions/java/major/major_full_catalog_try2/targets/mockito_1f_parseType__line140_228/summary.json,/home/francisco/mt-harness/harness/executions/java/major/major_full_catalog_try2/targets/mockito_1f_parseType__line140_228/run.log
mockito_38f_matches__line18_42,Mockito_38,matches,src/org/mockito/internal/matchers/ArrayEquals.java,18,42,ok,0,0,0,,12,1.126,4.488,6.428,14.039,/home/francisco/mt-harness/harness/executions/java/major/major_full_catalog_try2/targets/mockito_38f_matches__line18_42,/home/francisco/mt-harness/harness/executions/java/major/major_full_catalog_try2/targets/mockito_38f_matches__line18_42/summary.json,/home/francisco/mt-harness/harness/executions/java/major/major_full_catalog_try2/targets/mockito_38f_matches__line18_42/run.log
mockito_1f_append__line332_378,Mockito_1,append,src/org/mockito/internal/matchers/apachecommons/EqualsBuilder.java,332,378,ok,0,0,0,127,127,1.228,6.56,46.646,53.292,/home/francisco/mt-harness/harness/executions/java/major/major_full_catalog_try2/targets/mockito_1f_append__line332_378,/home/francisco/mt-harness/harness/executions/java/major/major_full_catalog_try2/targets/mockito_1f_append__line332_378/summary.json,/home/francisco/mt-harness/harness/executions/java/major/major_full_catalog_try2/targets/mockito_1f_append__line332_378/run.log
time_6f_time__line384_446,Time_6,time,src/main/java/org/joda/time/format/ISODateTimeFormat.java,384,446,ok,0,0,0,30,30,1.133,5.072,19.469,27.694,/home/francisco/mt-harness/harness/executions/java/major/major_full_catalog_try2/targets/time_6f_time__line384_446,/home/francisco/mt-harness/harness/executions/java/major/major_full_catalog_try2/targets/time_6f_time__line384_446/summary.json,/home/francisco/mt-harness/harness/executions/java/major/major_full_catalog_try2/targets/time_6f_time__line384_446/run.log
time_6f_create__line1387_1482,Time_6,create,src/main/java/org/joda/time/tz/DateTimeZoneBuilder.java,1387,1482,ok,0,0,0,0,0,1.206,4.871,19.008,27.012,/home/francisco/mt-harness/harness/executions/java/major/major_full_catalog_try2/targets/time_6f_create__line1387_1482,/home/francisco/mt-harness/harness/executions/java/major/major_full_catalog_try2/targets/time_6f_create__line1387_1482/summary.json,/home/francisco/mt-harness/harness/executions/java/major/major_full_catalog_try2/targets/time_6f_create__line1387_1482/run.log
time_22f_create__line1395_1477,Time_22,create,JodaTimeContrib/gwt/src/main/gwt-emul/org/joda/time/emul/org/joda/time/tz/DateTimeZoneBuilder.java,1395,1477,ok,0,0,0,0,0,1.299,5.759,18.779,27.647,/home/francisco/mt-harness/harness/executions/java/major/major_full_catalog_try2/targets/time_22f_create__line1395_1477,/home/francisco/mt-harness/harness/executions/java/major/major_full_catalog_try2/targets/time_22f_create__line1395_1477/summary.json,/home/francisco/mt-harness/harness/executions/java/major/major_full_catalog_try2/targets/time_22f_create__line1395_1477/run.log
time_1f_secondOfMinute__line261_358,Time_1,secondOfMinute,src/main/java/org/joda/time/Chronology.java,261,358,ok,0,0,0,0,0,1.037,5.27,15.328,23.704,/home/francisco/mt-harness/harness/executions/java/major/major_full_catalog_try2/targets/time_1f_secondOfMinute__line261_358,/home/francisco/mt-harness/harness/executions/java/major/major_full_catalog_try2/targets/time_1f_secondOfMinute__line261_358/summary.json,/home/francisco/mt-harness/harness/executions/java/major/major_full_catalog_try2/targets/time_1f_secondOfMinute__line261_358/run.log
time_25f_readResolve__line521_573,Time_25,readResolve,src/main/java/org/joda/time/DateTimeFieldType.java,521,573,ok,0,0,0,0,0,1.177,6.104,16.915,26.114,/home/francisco/mt-harness/harness/executions/java/major/major_full_catalog_try2/targets/time_25f_readResolve__line521_573,/home/francisco/mt-harness/harness/executions/java/major/major_full_catalog_try2/targets/time_25f_readResolve__line521_573/summary.json,/home/francisco/mt-harness/harness/executions/java/major/major_full_catalog_try2/targets/time_25f_readResolve__line521_573/run.log
time_22f_startElement__line315_375,Time_22,startElement,JodaTimeContrib/jsptags/src/java/org/joda/time/contrib/jsptag/JodaTagLibraryValidator.java,315,375,ok,0,0,0,0,0,1.154,6.102,16.832,26.096,/home/francisco/mt-harness/harness/executions/java/major/major_full_catalog_try2/targets/time_22f_startElement__line315_375,/home/francisco/mt-harness/harness/executions/java/major/major_full_catalog_try2/targets/time_22f_startElement__line315_375/summary.json,/home/francisco/mt-harness/harness/executions/java/major/major_full_catalog_try2/targets/time_22f_startElement__line315_375/run.log
time_1f_secondOfDay__line268_358,Time_1,secondOfDay,src/main/java/org/joda/time/Chronology.java,268,358,ok,0,0,0,0,0,1.147,5.09,15.038,23.163,/home/francisco/mt-harness/harness/executions/java/major/major_full_catalog_try2/targets/time_1f_secondOfDay__line268_358,/home/francisco/mt-harness/harness/executions/java/major/major_full_catalog_try2/targets/time_1f_secondOfDay__line268_358/summary.json,/home/francisco/mt-harness/harness/executions/java/major/major_full_catalog_try2/targets/time_1f_secondOfDay__line268_358/run.log
time_22f_isNumericToken__line632_664,Time_22,isNumericToken,JodaTimeContrib/gwt/src/main/gwt-emul/org/joda/time/emul/org/joda/time/format/DateTimeFormat.java,632,664,ok,0,0,0,0,0,1.012,6.004,18.612,27.352,/home/francisco/mt-harness/harness/executions/java/major/major_full_catalog_try2/targets/time_22f_isNumericToken__line632_664,/home/francisco/mt-harness/harness/executions/java/major/major_full_catalog_try2/targets/time_22f_isNumericToken__line632_664/summary.json,/home/francisco/mt-harness/harness/executions/java/major/major_full_catalog_try2/targets/time_22f_isNumericToken__line632_664/run.log
time_1f_selectSlow__line242_316,Time_1,selectSlow,src/main/java/org/joda/time/convert/ConverterSet.java,242,316,ok,0,0,0,42,42,1.16,5.169,16.248,24.627,/home/francisco/mt-harness/harness/executions/java/major/major_full_catalog_try2/targets/time_1f_selectSlow__line242_316,/home/francisco/mt-harness/harness/executions/java/major/major_full_catalog_try2/targets/time_1f_selectSlow__line242_316/summary.json,/home/francisco/mt-harness/harness/executions/java/major/major_full_catalog_try2/targets/time_1f_selectSlow__line242_316/run.log
time_1f_minutes__line277_358,Time_1,minutes,src/main/java/org/joda/time/Chronology.java,277,358,ok,0,0,0,0,0,1.196,5.189,15.187,23.504,/home/francisco/mt-harness/harness/executions/java/major/major_full_catalog_try2/targets/time_1f_minutes__line277_358,/home/francisco/mt-harness/harness/executions/java/major/major_full_catalog_try2/targets/time_1f_minutes__line277_358/summary.json,/home/francisco/mt-harness/harness/executions/java/major/major_full_catalog_try2/targets/time_1f_minutes__line277_358/run.log
time_22f_parseToken__line574_624,Time_22,parseToken,JodaTimeContrib/gwt/src/main/gwt-emul/org/joda/time/emul/org/joda/time/format/DateTimeFormat.java,574,624,ok,0,0,0,0,0,1.169,5.74,17.306,26.107,/home/francisco/mt-harness/harness/executions/java/major/major_full_catalog_try2/targets/time_22f_parseToken__line574_624,/home/francisco/mt-harness/harness/executions/java/major/major_full_catalog_try2/targets/time_22f_parseToken__line574_624/summary.json,/home/francisco/mt-harness/harness/executions/java/major/major_full_catalog_try2/targets/time_22f_parseToken__line574_624/run.log
time_22f_compile__line366_453,Time_22,compile,src/main/java/org/joda/time/tz/ZoneInfoCompiler.java,366,453,compile_failed,0,0,1,57,57,1.107,5.984,16.176,25.295,/home/francisco/mt-harness/harness/executions/java/major/major_full_catalog_try2/targets/time_22f_compile__line366_453,/home/francisco/mt-harness/harness/executions/java/major/major_full_catalog_try2/targets/time_22f_compile__line366_453/summary.json,/home/francisco/mt-harness/harness/executions/java/major/major_full_catalog_try2/targets/time_22f_compile__line366_453/run.log
