project,subject_id,run_name,target_id,function_name,mutant_id,mutant_hash,build_status,test_status,killed,executable,target_test_count,failing_test_count,log_path,org.apache.commons.cli.ApplicationTest::testAnt,org.apache.commons.cli.ApplicationTest::testLs,org.apache.commons.cli.ArgumentIsOptionTest::testOption,org.apache.commons.cli.ArgumentIsOptionTest::testOptionAndOptionWithArgument,org.apache.commons.cli.ArgumentIsOptionTest::testOptionWithArgument,org.apache.commons.cli.BugsTest::test11456,org.apache.commons.cli.BugsTest::test11457,org.apache.commons.cli.BugsTest::test11458,org.apache.commons.cli.BugsTest::test11680,org.apache.commons.cli.BugsTest::test12210,org.apache.commons.cli.BugsTest::test13425,org.apache.commons.cli.BugsTest::test13666,org.apache.commons.cli.BugsTest::test13935,org.apache.commons.cli.BugsTest::test14786,org.apache.commons.cli.BugsTest::test15046,org.apache.commons.cli.BugsTest::test15648,org.apache.commons.cli.BugsTest::test21215,org.apache.commons.cli.BugsTest::test31148,org.apache.commons.cli.BuildTest::testDuplicateLong,org.apache.commons.cli.BuildTest::testDuplicateSimple,org.apache.commons.cli.BuildTest::testLong,org.apache.commons.cli.BuildTest::testSimple,org.apache.commons.cli.GnuParseTest::testDoubleDash,org.apache.commons.cli.GnuParseTest::testExtraOption,org.apache.commons.cli.GnuParseTest::testMissingArg,org.apache.commons.cli.GnuParseTest::testMultiple,org.apache.commons.cli.GnuParseTest::testMultipleWithLong,org.apache.commons.cli.GnuParseTest::testSimpleLong,org.apache.commons.cli.GnuParseTest::testSimpleShort,org.apache.commons.cli.GnuParseTest::testSingleDash,org.apache.commons.cli.GnuParseTest::testStop,org.apache.commons.cli.OptionBuilderTest::testBaseOptionCharOpt,org.apache.commons.cli.OptionBuilderTest::testBaseOptionStringOpt,org.apache.commons.cli.OptionBuilderTest::testCompleteOption,org.apache.commons.cli.OptionBuilderTest::testIllegalOptions,org.apache.commons.cli.OptionBuilderTest::testOptionArgNumbers,org.apache.commons.cli.OptionBuilderTest::testSpecialOptChars,org.apache.commons.cli.OptionBuilderTest::testTwoCompleteOptions,org.apache.commons.cli.OptionGroupTest::testNoOptionsExtraArgs,org.apache.commons.cli.OptionGroupTest::testSingleLongOption,org.apache.commons.cli.OptionGroupTest::testSingleOption,org.apache.commons.cli.OptionGroupTest::testSingleOptionFromGroup,org.apache.commons.cli.OptionGroupTest::testTwoLongOptionsFromGroup,org.apache.commons.cli.OptionGroupTest::testTwoOptionsFromDifferentGroup,org.apache.commons.cli.OptionGroupTest::testTwoOptionsFromGroup,org.apache.commons.cli.OptionGroupTest::testTwoValidLongOptions,org.apache.commons.cli.OptionGroupTest::testTwoValidOptions,org.apache.commons.cli.OptionGroupTest::testValidLongOnlyOptions,org.apache.commons.cli.OptionsTest::testHelpOptions,org.apache.commons.cli.ParseRequiredTest::testMissingRequiredOption,org.apache.commons.cli.ParseRequiredTest::testOptionAndRequiredOption,org.apache.commons.cli.ParseRequiredTest::testWithRequiredOption,org.apache.commons.cli.ParseTest::testComplexShort,org.apache.commons.cli.ParseTest::testDoubleDash,org.apache.commons.cli.ParseTest::testExtraOption,org.apache.commons.cli.ParseTest::testMissingArg,org.apache.commons.cli.ParseTest::testMultiple,org.apache.commons.cli.ParseTest::testMultipleWithLong,org.apache.commons.cli.ParseTest::testSimpleLong,org.apache.commons.cli.ParseTest::testSimpleShort,org.apache.commons.cli.ParseTest::testSingleDash,org.apache.commons.cli.ParseTest::testStop,org.apache.commons.cli.PatternOptionBuilderTest::testSimplePattern,org.apache.commons.cli.TestHelpFormatter::testAutomaticUsage,org.apache.commons.cli.TestHelpFormatter::testFindWrapPos,org.apache.commons.cli.TestHelpFormatter::testPrintOptions,org.apache.commons.cli.TestHelpFormatter::testPrintWrapped,org.apache.commons.cli.ValueTest::testLongNoArg,org.apache.commons.cli.ValueTest::testLongOptionalArgValue,org.apache.commons.cli.ValueTest::testLongOptionalArgValues,org.apache.commons.cli.ValueTest::testLongOptionalNArgValues,org.apache.commons.cli.ValueTest::testLongOptionalNoValue,org.apache.commons.cli.ValueTest::testLongWithArg,org.apache.commons.cli.ValueTest::testPropertyOptionFlags,org.apache.commons.cli.ValueTest::testPropertyOptionMultipleValues,org.apache.commons.cli.ValueTest::testPropertyOptionSingularValue,org.apache.commons.cli.ValueTest::testPropertyOverrideValues,org.apache.commons.cli.ValueTest::testShortNoArg,org.apache.commons.cli.ValueTest::testShortOptionalArgNoValue,org.apache.commons.cli.ValueTest::testShortOptionalArgValue,org.apache.commons.cli.ValueTest::testShortOptionalArgValues,org.apache.commons.cli.ValueTest::testShortOptionalNArgValues,org.apache.commons.cli.ValueTest::testShortWithArg,org.apache.commons.cli.ValuesTest::testCharSeparator,org.apache.commons.cli.ValuesTest::testComplexValues,org.apache.commons.cli.ValuesTest::testExtraArgs,org.apache.commons.cli.ValuesTest::testMultipleArgValues,org.apache.commons.cli.ValuesTest::testShortArgs,org.apache.commons.cli.ValuesTest::testShortArgsWithValue,org.apache.commons.cli.ValuesTest::testTwoArgValues,org.apache.commons.cli.bug.BugCLI13Test::testCLI13,org.apache.commons.cli.bug.BugCLI18Test::testCLI18
Cli,Cli_1,batch01__Cli_1__appendOption__cli_1f_appendOption_line530,cli_1f_appendOption__line530,appendOption,m01,,SUCCESS,FAIL,True,True,0,1,harness/runs/batch01__Cli_1__appendOption__cli_1f_appendOption_line530/execution/m01.log,PASS,PASS,PASS,PASS,PASS,PASS,PASS,PASS,PASS,PASS,PASS,PASS,PASS,PASS,PASS,PASS,PASS,PASS,PASS,PASS,PASS,PASS,PASS,PASS,PASS,PASS,PASS,PASS,PASS,PASS,PASS,PASS,PASS,PASS,PASS,PASS,PASS,PASS,PASS,PASS,PASS,PASS,PASS,PASS,PASS,PASS,PASS,PASS,PASS,PASS,PASS,PASS,PASS,PASS,PASS,PASS,PASS,PASS,PASS,PASS,PASS,PASS,PASS,FAIL,PASS,PASS,PASS,PASS,PASS,PASS,PASS,PASS,PASS,PASS,PASS,PASS,PASS,PASS,PASS,PASS,PASS,PASS,PASS,PASS,PASS,PASS,PASS,PASS,PASS,PASS,PASS,PASS
Cli,Cli_1,batch01__Cli_1__appendOption__cli_1f_appendOption_line530,cli_1f_appendOption__line530,appendOption,m02,,SUCCESS,PASS,False,True,0,0,harness/runs/batch01__Cli_1__appendOption__cli_1f_appendOption_line530/execution/m02.log,PASS,PASS,PASS,PASS,PASS,PASS,PASS,PASS,PASS,PASS,PASS,PASS,PASS,PASS,PASS,PASS,PASS,PASS,PASS,PASS,PASS,PASS,PASS,PASS,PASS,PASS,PASS,PASS,PASS,PASS,PASS,PASS,PASS,PASS,PASS,PASS,PASS,PASS,PASS,PASS,PASS,PASS,PASS,PASS,PASS,PASS,PASS,PASS,PASS,PASS,PASS,PASS,PASS,PASS,PASS,PASS,PASS,PASS,PASS,PASS,PASS,PASS,PASS,PASS,PASS,PASS,PASS,PASS,PASS,PASS,PASS,PASS,PASS,PASS,PASS,PASS,PASS,PASS,PASS,PASS,PASS,PASS,PASS,PASS,PASS,PASS,PASS,PASS,PASS,PASS,PASS,PASS
Cli,Cli_1,batch01__Cli_1__appendOption__cli_1f_appendOption_line530,cli_1f_appendOption__line530,appendOption,m03,,SUCCESS,FAIL,True,True,0,1,harness/runs/batch01__Cli_1__appendOption__cli_1f_appendOption_line530/execution/m03.log,PASS,PASS,PASS,PASS,PASS,PASS,PASS,PASS,PASS,PASS,PASS,PASS,PASS,PASS,PASS,PASS,PASS,PASS,PASS,PASS,PASS,PASS,PASS,PASS,PASS,PASS,PASS,PASS,PASS,PASS,PASS,PASS,PASS,PASS,PASS,PASS,PASS,PASS,PASS,PASS,PASS,PASS,PASS,PASS,PASS,PASS,PASS,PASS,PASS,PASS,PASS,PASS,PASS,PASS,PASS,PASS,PASS,PASS,PASS,PASS,PASS,PASS,PASS,FAIL,PASS,PASS,PASS,PASS,PASS,PASS,PASS,PASS,PASS,PASS,PASS,PASS,PASS,PASS,PASS,PASS,PASS,PASS,PASS,PASS,PASS,PASS,PASS,PASS,PASS,PASS,PASS,PASS
Cli,Cli_1,batch01__Cli_1__appendOption__cli_1f_appendOption_line530,cli_1f_appendOption__line530,appendOption,m04,,SUCCESS,PASS,False,True,0,0,harness/runs/batch01__Cli_1__appendOption__cli_1f_appendOption_line530/execution/m04.log,PASS,PASS,PASS,PASS,PASS,PASS,PASS,PASS,PASS,PASS,PASS,PASS,PASS,PASS,PASS,PASS,PASS,PASS,PASS,PASS,PASS,PASS,PASS,PASS,PASS,PASS,PASS,PASS,PASS,PASS,PASS,PASS,PASS,PASS,PASS,PASS,PASS,PASS,PASS,PASS,PASS,PASS,PASS,PASS,PASS,PASS,PASS,PASS,PASS,PASS,PASS,PASS,PASS,PASS,PASS,PASS,PASS,PASS,PASS,PASS,PASS,PASS,PASS,PASS,PASS,PASS,PASS,PASS,PASS,PASS,PASS,PASS,PASS,PASS,PASS,PASS,PASS,PASS,PASS,PASS,PASS,PASS,PASS,PASS,PASS,PASS,PASS,PASS,PASS,PASS,PASS,PASS
Cli,Cli_1,batch01__Cli_1__appendOption__cli_1f_appendOption_line530,cli_1f_appendOption__line530,appendOption,m05,,SUCCESS,FAIL,True,True,0,1,harness/runs/batch01__Cli_1__appendOption__cli_1f_appendOption_line530/execution/m05.log,PASS,PASS,PASS,PASS,PASS,PASS,PASS,PASS,PASS,PASS,PASS,PASS,PASS,PASS,PASS,PASS,PASS,PASS,PASS,PASS,PASS,PASS,PASS,PASS,PASS,PASS,PASS,PASS,PASS,PASS,PASS,PASS,PASS,PASS,PASS,PASS,PASS,PASS,PASS,PASS,PASS,PASS,PASS,PASS,PASS,PASS,PASS,PASS,PASS,PASS,PASS,PASS,PASS,PASS,PASS,PASS,PASS,PASS,PASS,PASS,PASS,PASS,PASS,FAIL,PASS,PASS,PASS,PASS,PASS,PASS,PASS,PASS,PASS,PASS,PASS,PASS,PASS,PASS,PASS,PASS,PASS,PASS,PASS,PASS,PASS,PASS,PASS,PASS,PASS,PASS,PASS,PASS
Cli,Cli_1,batch01__Cli_1__appendOption__cli_1f_appendOption_line530,cli_1f_appendOption__line530,appendOption,m06,,SUCCESS,PASS,False,True,0,0,harness/runs/batch01__Cli_1__appendOption__cli_1f_appendOption_line530/execution/m06.log,PASS,PASS,PASS,PASS,PASS,PASS,PASS,PASS,PASS,PASS,PASS,PASS,PASS,PASS,PASS,PASS,PASS,PASS,PASS,PASS,PASS,PASS,PASS,PASS,PASS,PASS,PASS,PASS,PASS,PASS,PASS,PASS,PASS,PASS,PASS,PASS,PASS,PASS,PASS,PASS,PASS,PASS,PASS,PASS,PASS,PASS,PASS,PASS,PASS,PASS,PASS,PASS,PASS,PASS,PASS,PASS,PASS,PASS,PASS,PASS,PASS,PASS,PASS,PASS,PASS,PASS,PASS,PASS,PASS,PASS,PASS,PASS,PASS,PASS,PASS,PASS,PASS,PASS,PASS,PASS,PASS,PASS,PASS,PASS,PASS,PASS,PASS,PASS,PASS,PASS,PASS,PASS
Cli,Cli_1,batch01__Cli_1__appendOption__cli_1f_appendOption_line530,cli_1f_appendOption__line530,appendOption,m07,,SUCCESS,PASS,False,True,0,0,harness/runs/batch01__Cli_1__appendOption__cli_1f_appendOption_line530/execution/m07.log,PASS,PASS,PASS,PASS,PASS,PASS,PASS,PASS,PASS,PASS,PASS,PASS,PASS,PASS,PASS,PASS,PASS,PASS,PASS,PASS,PASS,PASS,PASS,PASS,PASS,PASS,PASS,PASS,PASS,PASS,PASS,PASS,PASS,PASS,PASS,PASS,PASS,PASS,PASS,PASS,PASS,PASS,PASS,PASS,PASS,PASS,PASS,PASS,PASS,PASS,PASS,PASS,PASS,PASS,PASS,PASS,PASS,PASS,PASS,PASS,PASS,PASS,PASS,PASS,PASS,PASS,PASS,PASS,PASS,PASS,PASS,PASS,PASS,PASS,PASS,PASS,PASS,PASS,PASS,PASS,PASS,PASS,PASS,PASS,PASS,PASS,PASS,PASS,PASS,PASS,PASS,PASS
Cli,Cli_1,batch01__Cli_1__appendOption__cli_1f_appendOption_line530,cli_1f_appendOption__line530,appendOption,m08,,SUCCESS,PASS,False,True,0,0,harness/runs/batch01__Cli_1__appendOption__cli_1f_appendOption_line530/execution/m08.log,PASS,PASS,PASS,PASS,PASS,PASS,PASS,PASS,PASS,PASS,PASS,PASS,PASS,PASS,PASS,PASS,PASS,PASS,PASS,PASS,PASS,PASS,PASS,PASS,PASS,PASS,PASS,PASS,PASS,PASS,PASS,PASS,PASS,PASS,PASS,PASS,PASS,PASS,PASS,PASS,PASS,PASS,PASS,PASS,PASS,PASS,PASS,PASS,PASS,PASS,PASS,PASS,PASS,PASS,PASS,PASS,PASS,PASS,PASS,PASS,PASS,PASS,PASS,PASS,PASS,PASS,PASS,PASS,PASS,PASS,PASS,PASS,PASS,PASS,PASS,PASS,PASS,PASS,PASS,PASS,PASS,PASS,PASS,PASS,PASS,PASS,PASS,PASS,PASS,PASS,PASS,PASS
Cli,Cli_1,batch01__Cli_1__burstToken__cli_1f_burstToken_line278,cli_1f_burstToken__line278,burstToken,m01,,SUCCESS,FAIL,True,True,0,12,harness/runs/batch01__Cli_1__burstToken__cli_1f_burstToken_line278/execution/m01.log,PASS,PASS,PASS,PASS,PASS,FAIL,PASS,FAIL,PASS,PASS,PASS,PASS,PASS,PASS,PASS,PASS,PASS,PASS,PASS,PASS,PASS,PASS,PASS,PASS,PASS,PASS,PASS,PASS,PASS,PASS,PASS,PASS,PASS,PASS,PASS,PASS,PASS,PASS,PASS,PASS,PASS,PASS,PASS,PASS,PASS,PASS,PASS,PASS,PASS,PASS,PASS,PASS,FAIL,PASS,FAIL,PASS,FAIL,PASS,PASS,PASS,PASS,PASS,PASS,PASS,PASS,PASS,PASS,PASS,PASS,PASS,PASS,PASS,PASS,PASS,PASS,PASS,PASS,PASS,PASS,PASS,PASS,PASS,PASS,FAIL,FAIL,FAIL,FAIL,FAIL,FAIL,FAIL,PASS,PASS
Cli,Cli_1,batch01__Cli_1__burstToken__cli_1f_burstToken_line278,cli_1f_burstToken__line278,burstToken,m02,,SUCCESS,FAIL,True,True,0,11,harness/runs/batch01__Cli_1__burstToken__cli_1f_burstToken_line278/execution/m02.log,PASS,PASS,PASS,PASS,PASS,FAIL,PASS,FAIL,PASS,PASS,PASS,PASS,PASS,PASS,PASS,PASS,PASS,PASS,PASS,PASS,PASS,PASS,PASS,PASS,PASS,PASS,PASS,PASS,PASS,PASS,PASS,PASS,PASS,PASS,PASS,PASS,PASS,PASS,PASS,PASS,PASS,PASS,PASS,PASS,PASS,PASS,PASS,PASS,PASS,PASS,PASS,PASS,FAIL,PASS,PASS,PASS,FAIL,PASS,PASS,PASS,PASS,PASS,PASS,PASS,PASS,PASS,PASS,PASS,PASS,PASS,PASS,PASS,PASS,PASS,PASS,PASS,PASS,PASS,PASS,PASS,PASS,PASS,PASS,FAIL,FAIL,FAIL,FAIL,FAIL,FAIL,FAIL,PASS,PASS
Cli,Cli_1,batch01__Cli_1__burstToken__cli_1f_burstToken_line278,cli_1f_burstToken__line278,burstToken,m03,,SUCCESS,PASS,False,True,0,0,harness/runs/batch01__Cli_1__burstToken__cli_1f_burstToken_line278/execution/m03.log,PASS,PASS,PASS,PASS,PASS,PASS,PASS,PASS,PASS,PASS,PASS,PASS,PASS,PASS,PASS,PASS,PASS,PASS,PASS,PASS,PASS,PASS,PASS,PASS,PASS,PASS,PASS,PASS,PASS,PASS,PASS,PASS,PASS,PASS,PASS,PASS,PASS,PASS,PASS,PASS,PASS,PASS,PASS,PASS,PASS,PASS,PASS,PASS,PASS,PASS,PASS,PASS,PASS,PASS,PASS,PASS,PASS,PASS,PASS,PASS,PASS,PASS,PASS,PASS,PASS,PASS,PASS,PASS,PASS,PASS,PASS,PASS,PASS,PASS,PASS,PASS,PASS,PASS,PASS,PASS,PASS,PASS,PASS,PASS,PASS,PASS,PASS,PASS,PASS,PASS,PASS,PASS
Cli,Cli_1,batch01__Cli_1__burstToken__cli_1f_burstToken_line278,cli_1f_burstToken__line278,burstToken,m04,,SUCCESS,FAIL,True,True,0,1,harness/runs/batch01__Cli_1__burstToken__cli_1f_burstToken_line278/execution/m04.log,PASS,PASS,PASS,PASS,PASS,PASS,PASS,PASS,PASS,PASS,PASS,PASS,PASS,PASS,PASS,PASS,PASS,PASS,PASS,PASS,PASS,PASS,PASS,PASS,PASS,PASS,PASS,PASS,PASS,PASS,PASS,PASS,PASS,PASS,PASS,PASS,PASS,PASS,PASS,PASS,PASS,PASS,PASS,PASS,PASS,PASS,PASS,PASS,PASS,PASS,PASS,PASS,PASS,PASS,FAIL,PASS,PASS,PASS,PASS,PASS,PASS,PASS,PASS,PASS,PASS,PASS,PASS,PASS,PASS,PASS,PASS,PASS,PASS,PASS,PASS,PASS,PASS,PASS,PASS,PASS,PASS,PASS,PASS,PASS,PASS,PASS,PASS,PASS,PASS,PASS,PASS,PASS
Cli,Cli_1,batch01__Cli_1__burstToken__cli_1f_burstToken_line278,cli_1f_burstToken__line278,burstToken,m05,,SUCCESS,FAIL,True,True,0,7,harness/runs/batch01__Cli_1__burstToken__cli_1f_burstToken_line278/execution/m05.log,PASS,PASS,PASS,PASS,PASS,PASS,PASS,FAIL,PASS,PASS,PASS,PASS,PASS,PASS,PASS,PASS,PASS,PASS,PASS,PASS,PASS,PASS,PASS,PASS,PASS,PASS,PASS,PASS,PASS,PASS,PASS,PASS,PASS,PASS,PASS,PASS,PASS,PASS,PASS,PASS,PASS,PASS,PASS,PASS,PASS,PASS,PASS,PASS,PASS,PASS,PASS,PASS,FAIL,PASS,FAIL,FAIL,FAIL,PASS,PASS,PASS,PASS,PASS,PASS,PASS,PASS,PASS,PASS,PASS,PASS,PASS,PASS,PASS,PASS,PASS,PASS,PASS,PASS,PASS,PASS,PASS,PASS,PASS,PASS,FAIL,PASS,FAIL,PASS,PASS,PASS,PASS,PASS,PASS
Cli,Cli_1,batch01__Cli_1__burstToken__cli_1f_burstToken_line278,cli_1f_burstToken__line278,burstToken,m06,,SUCCESS,FAIL,True,True,0,11,harness/runs/batch01__Cli_1__burstToken__cli_1f_burstToken_line278/execution/m06.log,PASS,PASS,PASS,PASS,PASS,FAIL,PASS,FAIL,PASS,PASS,PASS,PASS,PASS,PASS,PASS,PASS,PASS,PASS,PASS,PASS,PASS,PASS,PASS,PASS,PASS,PASS,PASS,PASS,PASS,PASS,PASS,PASS,PASS,PASS,PASS,PASS,PASS,PASS,PASS,PASS,PASS,PASS,PASS,PASS,PASS,PASS,PASS,PASS,PASS,PASS,PASS,PASS,FAIL,PASS,PASS,PASS,FAIL,PASS,PASS,PASS,PASS,PASS,PASS,PASS,PASS,PASS,PASS,PASS,PASS,PASS,PASS,PASS,PASS,PASS,PASS,PASS,PASS,PASS,PASS,PASS,PASS,PASS,PASS,FAIL,FAIL,FAIL,FAIL,FAIL,FAIL,FAIL,PASS,PASS
Cli,Cli_1,batch01__Cli_1__burstToken__cli_1f_burstToken_line278,cli_1f_burstToken__line278,burstToken,m07,,SUCCESS,PASS,False,True,0,0,harness/runs/batch01__Cli_1__burstToken__cli_1f_burstToken_line278/execution/m07.log,PASS,PASS,PASS,PASS,PASS,PASS,PASS,PASS,PASS,PASS,PASS,PASS,PASS,PASS,PASS,PASS,PASS,PASS,PASS,PASS,PASS,PASS,PASS,PASS,PASS,PASS,PASS,PASS,PASS,PASS,PASS,PASS,PASS,PASS,PASS,PASS,PASS,PASS,PASS,PASS,PASS,PASS,PASS,PASS,PASS,PASS,PASS,PASS,PASS,PASS,PASS,PASS,PASS,PASS,PASS,PASS,PASS,PASS,PASS,PASS,PASS,PASS,PASS,PASS,PASS,PASS,PASS,PASS,PASS,PASS,PASS,PASS,PASS,PASS,PASS,PASS,PASS,PASS,PASS,PASS,PASS,PASS,PASS,PASS,PASS,PASS,PASS,PASS,PASS,PASS,PASS,PASS
Cli,Cli_1,batch01__Cli_1__burstToken__cli_1f_burstToken_line278,cli_1f_burstToken__line278,burstToken,m08,,SUCCESS,FAIL,True,True,0,1,harness/runs/batch01__Cli_1__burstToken__cli_1f_burstToken_line278/execution/m08.log,PASS,PASS,PASS,PASS,PASS,PASS,PASS,PASS,PASS,PASS,PASS,PASS,PASS,PASS,PASS,PASS,PASS,PASS,PASS,PASS,PASS,PASS,PASS,PASS,PASS,PASS,PASS,PASS,PASS,PASS,PASS,PASS,PASS,PASS,PASS,PASS,PASS,PASS,PASS,PASS,PASS,PASS,PASS,PASS,PASS,PASS,PASS,PASS,PASS,PASS,PASS,PASS,PASS,PASS,FAIL,PASS,PASS,PASS,PASS,PASS,PASS,PASS,PASS,PASS,PASS,PASS,PASS,PASS,PASS,PASS,PASS,PASS,PASS,PASS,PASS,PASS,PASS,PASS,PASS,PASS,PASS,PASS,PASS,PASS,PASS,PASS,PASS,PASS,PASS,PASS,PASS,PASS
Cli,Cli_1,batch01__Cli_1__createValue__cli_1f_createValue_line61,cli_1f_createValue__line61,createValue,m01,,SUCCESS,FAIL,True,True,0,1,harness/runs/batch01__Cli_1__createValue__cli_1f_createValue_line61/execution/m01.log,PASS,PASS,PASS,PASS,PASS,PASS,PASS,PASS,PASS,PASS,PASS,PASS,PASS,PASS,PASS,PASS,PASS,PASS,PASS,PASS,PASS,PASS,PASS,PASS,PASS,PASS,PASS,PASS,PASS,PASS,PASS,PASS,PASS,PASS,PASS,PASS,PASS,PASS,PASS,PASS,PASS,PASS,PASS,PASS,PASS,PASS,PASS,PASS,PASS,PASS,PASS,PASS,PASS,PASS,PASS,PASS,PASS,PASS,PASS,PASS,PASS,PASS,FAIL,PASS,PASS,PASS,PASS,PASS,PASS,PASS,PASS,PASS,PASS,PASS,PASS,PASS,PASS,PASS,PASS,PASS,PASS,PASS,PASS,PASS,PASS,PASS,PASS,PASS,PASS,PASS,PASS,PASS
Cli,Cli_1,batch01__Cli_1__createValue__cli_1f_createValue_line61,cli_1f_createValue__line61,createValue,m02,,SUCCESS,FAIL,True,True,0,1,harness/runs/batch01__Cli_1__createValue__cli_1f_createValue_line61/execution/m02.log,PASS,PASS,PASS,PASS,PASS,PASS,PASS,PASS,PASS,PASS,PASS,PASS,PASS,PASS,PASS,PASS,PASS,PASS,PASS,PASS,PASS,PASS,PASS,PASS,PASS,PASS,PASS,PASS,PASS,PASS,PASS,PASS,PASS,PASS,PASS,PASS,PASS,PASS,PASS,PASS,PASS,PASS,PASS,PASS,PASS,PASS,PASS,PASS,PASS,PASS,PASS,PASS,PASS,PASS,PASS,PASS,PASS,PASS,PASS,PASS,PASS,PASS,FAIL,PASS,PASS,PASS,PASS,PASS,PASS,PASS,PASS,PASS,PASS,PASS,PASS,PASS,PASS,PASS,PASS,PASS,PASS,PASS,PASS,PASS,PASS,PASS,PASS,PASS,PASS,PASS,PASS,PASS
Cli,Cli_1,batch01__Cli_1__createValue__cli_1f_createValue_line61,cli_1f_createValue__line61,createValue,m03,,SUCCESS,FAIL,True,True,0,1,harness/runs/batch01__Cli_1__createValue__cli_1f_createValue_line61/execution/m03.log,PASS,PASS,PASS,PASS,PASS,PASS,PASS,PASS,PASS,PASS,PASS,PASS,PASS,PASS,PASS,PASS,PASS,PASS,PASS,PASS,PASS,PASS,PASS,PASS,PASS,PASS,PASS,PASS,PASS,PASS,PASS,PASS,PASS,PASS,PASS,PASS,PASS,PASS,PASS,PASS,PASS,PASS,PASS,PASS,PASS,PASS,PASS,PASS,PASS,PASS,PASS,PASS,PASS,PASS,PASS,PASS,PASS,PASS,PASS,PASS,PASS,PASS,FAIL,PASS,PASS,PASS,PASS,PASS,PASS,PASS,PASS,PASS,PASS,PASS,PASS,PASS,PASS,PASS,PASS,PASS,PASS,PASS,PASS,PASS,PASS,PASS,PASS,PASS,PASS,PASS,PASS,PASS
Cli,Cli_1,batch01__Cli_1__createValue__cli_1f_createValue_line61,cli_1f_createValue__line61,createValue,m04,,SUCCESS,PASS,False,True,0,0,harness/runs/batch01__Cli_1__createValue__cli_1f_createValue_line61/execution/m04.log,PASS,PASS,PASS,PASS,PASS,PASS,PASS,PASS,PASS,PASS,PASS,PASS,PASS,PASS,PASS,PASS,PASS,PASS,PASS,PASS,PASS,PASS,PASS,PASS,PASS,PASS,PASS,PASS,PASS,PASS,PASS,PASS,PASS,PASS,PASS,PASS,PASS,PASS,PASS,PASS,PASS,PASS,PASS,PASS,PASS,PASS,PASS,PASS,PASS,PASS,PASS,PASS,PASS,PASS,PASS,PASS,PASS,PASS,PASS,PASS,PASS,PASS,PASS,PASS,PASS,PASS,PASS,PASS,PASS,PASS,PASS,PASS,PASS,PASS,PASS,PASS,PASS,PASS,PASS,PASS,PASS,PASS,PASS,PASS,PASS,PASS,PASS,PASS,PASS,PASS,PASS,PASS
Cli,Cli_1,batch01__Cli_1__createValue__cli_1f_createValue_line61,cli_1f_createValue__line61,createValue,m05,,SUCCESS,FAIL,True,True,0,1,harness/runs/batch01__Cli_1__createValue__cli_1f_createValue_line61/execution/m05.log,PASS,PASS,PASS,PASS,PASS,PASS,PASS,PASS,PASS,PASS,PASS,PASS,PASS,PASS,PASS,PASS,PASS,PASS,PASS,PASS,PASS,PASS,PASS,PASS,PASS,PASS,PASS,PASS,PASS,PASS,PASS,PASS,PASS,PASS,PASS,PASS,PASS,PASS,PASS,PASS,PASS,PASS,PASS,PASS,PASS,PASS,PASS,PASS,PASS,PASS,PASS,PASS,PASS,PASS,PASS,PASS,PASS,PASS,PASS,PASS,PASS,PASS,FAIL,PASS,PASS,PASS,PASS,PASS,PASS,PASS,PASS,PASS,PASS,PASS,PASS,PASS,PASS,PASS,PASS,PASS,PASS,PASS,PASS,PASS,PASS,PASS,PASS,PASS,PASS,PASS,PASS,PASS
Cli,Cli_1,batch01__Cli_1__createValue__cli_1f_createValue_line61,cli_1f_createValue__line61,createValue,m06,,SUCCESS,FAIL,True,True,0,1,harness/runs/batch01__Cli_1__createValue__cli_1f_createValue_line61/execution/m06.log,PASS,PASS,PASS,PASS,PASS,PASS,PASS,PASS,PASS,PASS,PASS,PASS,PASS,PASS,PASS,PASS,PASS,PASS,PASS,PASS,PASS,PASS,PASS,PASS,PASS,PASS,PASS,PASS,PASS,PASS,PASS,PASS,PASS,PASS,PASS,PASS,PASS,PASS,PASS,PASS,PASS,PASS,PASS,PASS,PASS,PASS,PASS,PASS,PASS,PASS,PASS,PASS,PASS,PASS,PASS,PASS,PASS,PASS,PASS,PASS,PASS,PASS,FAIL,PASS,PASS,PASS,PASS,PASS,PASS,PASS,PASS,PASS,PASS,PASS,PASS,PASS,PASS,PASS,PASS,PASS,PASS,PASS,PASS,PASS,PASS,PASS,PASS,PASS,PASS,PASS,PASS,PASS
Cli,Cli_1,batch01__Cli_1__createValue__cli_1f_createValue_line61,cli_1f_createValue__line61,createValue,m07,,SUCCESS,PASS,False,True,0,0,harness/runs/batch01__Cli_1__createValue__cli_1f_createValue_line61/execution/m07.log,PASS,PASS,PASS,PASS,PASS,PASS,PASS,PASS,PASS,PASS,PASS,PASS,PASS,PASS,PASS,PASS,PASS,PASS,PASS,PASS,PASS,PASS,PASS,PASS,PASS,PASS,PASS,PASS,PASS,PASS,PASS,PASS,PASS,PASS,PASS,PASS,PASS,PASS,PASS,PASS,PASS,PASS,PASS,PASS,PASS,PASS,PASS,PASS,PASS,PASS,PASS,PASS,PASS,PASS,PASS,PASS,PASS,PASS,PASS,PASS,PASS,PASS,PASS,PASS,PASS,PASS,PASS,PASS,PASS,PASS,PASS,PASS,PASS,PASS,PASS,PASS,PASS,PASS,PASS,PASS,PASS,PASS,PASS,PASS,PASS,PASS,PASS,PASS,PASS,PASS,PASS,PASS
Cli,Cli_1,batch01__Cli_1__createValue__cli_1f_createValue_line61,cli_1f_createValue__line61,createValue,m08,,SUCCESS,FAIL,True,True,0,1,harness/runs/batch01__Cli_1__createValue__cli_1f_createValue_line61/execution/m08.log,PASS,PASS,PASS,PASS,PASS,PASS,PASS,PASS,PASS,PASS,PASS,PASS,PASS,PASS,PASS,PASS,PASS,PASS,PASS,PASS,PASS,PASS,PASS,PASS,PASS,PASS,PASS,PASS,PASS,PASS,PASS,PASS,PASS,PASS,PASS,PASS,PASS,PASS,PASS,PASS,PASS,PASS,PASS,PASS,PASS,PASS,PASS,PASS,PASS,PASS,PASS,PASS,PASS,PASS,PASS,PASS,PASS,PASS,PASS,PASS,PASS,PASS,FAIL,PASS,PASS,PASS,PASS,PASS,PASS,PASS,PASS,PASS,PASS,PASS,PASS,PASS,PASS,PASS,PASS,PASS,PASS,PASS,PASS,PASS,PASS,PASS,PASS,PASS,PASS,PASS,PASS,PASS
Cli,Cli_1,batch01__Cli_1__equals__cli_1f_equals_line600,cli_1f_equals__line600,equals,m01,,SUCCESS,PASS,False,True,0,0,harness/runs/batch01__Cli_1__equals__cli_1f_equals_line600/execution/m01.log,PASS,PASS,PASS,PASS,PASS,PASS,PASS,PASS,PASS,PASS,PASS,PASS,PASS,PASS,PASS,PASS,PASS,PASS,PASS,PASS,PASS,PASS,PASS,PASS,PASS,PASS,PASS,PASS,PASS,PASS,PASS,PASS,PASS,PASS,PASS,PASS,PASS,PASS,PASS,PASS,PASS,PASS,PASS,PASS,PASS,PASS,PASS,PASS,PASS,PASS,PASS,PASS,PASS,PASS,PASS,PASS,PASS,PASS,PASS,PASS,PASS,PASS,PASS,PASS,PASS,PASS,PASS,PASS,PASS,PASS,PASS,PASS,PASS,PASS,PASS,PASS,PASS,PASS,PASS,PASS,PASS,PASS,PASS,PASS,PASS,PASS,PASS,PASS,PASS,PASS,PASS,PASS
Cli,Cli_1,batch01__Cli_1__equals__cli_1f_equals_line600,cli_1f_equals__line600,equals,m03,,SUCCESS,PASS,False,True,0,0,harness/runs/batch01__Cli_1__equals__cli_1f_equals_line600/execution/m03.log,PASS,PASS,PASS,PASS,PASS,PASS,PASS,PASS,PASS,PASS,PASS,PASS,PASS,PASS,PASS,PASS,PASS,PASS,PASS,PASS,PASS,PASS,PASS,PASS,PASS,PASS,PASS,PASS,PASS,PASS,PASS,PASS,PASS,PASS,PASS,PASS,PASS,PASS,PASS,PASS,PASS,PASS,PASS,PASS,PASS,PASS,PASS,PASS,PASS,PASS,PASS,PASS,PASS,PASS,PASS,PASS,PASS,PASS,PASS,PASS,PASS,PASS,PASS,PASS,PASS,PASS,PASS,PASS,PASS,PASS,PASS,PASS,PASS,PASS,PASS,PASS,PASS,PASS,PASS,PASS,PASS,PASS,PASS,PASS,PASS,PASS,PASS,PASS,PASS,PASS,PASS,PASS
Cli,Cli_1,batch01__Cli_1__equals__cli_1f_equals_line600,cli_1f_equals__line600,equals,m04,,SUCCESS,PASS,False,True,0,0,harness/runs/batch01__Cli_1__equals__cli_1f_equals_line600/execution/m04.log,PASS,PASS,PASS,PASS,PASS,PASS,PASS,PASS,PASS,PASS,PASS,PASS,PASS,PASS,PASS,PASS,PASS,PASS,PASS,PASS,PASS,PASS,PASS,PASS,PASS,PASS,PASS,PASS,PASS,PASS,PASS,PASS,PASS,PASS,PASS,PASS,PASS,PASS,PASS,PASS,PASS,PASS,PASS,PASS,PASS,PASS,PASS,PASS,PASS,PASS,PASS,PASS,PASS,PASS,PASS,PASS,PASS,PASS,PASS,PASS,PASS,PASS,PASS,PASS,PASS,PASS,PASS,PASS,PASS,PASS,PASS,PASS,PASS,PASS,PASS,PASS,PASS,PASS,PASS,PASS,PASS,PASS,PASS,PASS,PASS,PASS,PASS,PASS,PASS,PASS,PASS,PASS
Cli,Cli_1,batch01__Cli_1__equals__cli_1f_equals_line600,cli_1f_equals__line600,equals,m05,,SUCCESS,PASS,False,True,0,0,harness/runs/batch01__Cli_1__equals__cli_1f_equals_line600/execution/m05.log,PASS,PASS,PASS,PASS,PASS,PASS,PASS,PASS,PASS,PASS,PASS,PASS,PASS,PASS,PASS,PASS,PASS,PASS,PASS,PASS,PASS,PASS,PASS,PASS,PASS,PASS,PASS,PASS,PASS,PASS,PASS,PASS,PASS,PASS,PASS,PASS,PASS,PASS,PASS,PASS,PASS,PASS,PASS,PASS,PASS,PASS,PASS,PASS,PASS,PASS,PASS,PASS,PASS,PASS,PASS,PASS,PASS,PASS,PASS,PASS,PASS,PASS,PASS,PASS,PASS,PASS,PASS,PASS,PASS,PASS,PASS,PASS,PASS,PASS,PASS,PASS,PASS,PASS,PASS,PASS,PASS,PASS,PASS,PASS,PASS,PASS,PASS,PASS,PASS,PASS,PASS,PASS
Cli,Cli_1,batch01__Cli_1__equals__cli_1f_equals_line600,cli_1f_equals__line600,equals,m06,,SUCCESS,PASS,False,True,0,0,harness/runs/batch01__Cli_1__equals__cli_1f_equals_line600/execution/m06.log,PASS,PASS,PASS,PASS,PASS,PASS,PASS,PASS,PASS,PASS,PASS,PASS,PASS,PASS,PASS,PASS,PASS,PASS,PASS,PASS,PASS,PASS,PASS,PASS,PASS,PASS,PASS,PASS,PASS,PASS,PASS,PASS,PASS,PASS,PASS,PASS,PASS,PASS,PASS,PASS,PASS,PASS,PASS,PASS,PASS,PASS,PASS,PASS,PASS,PASS,PASS,PASS,PASS,PASS,PASS,PASS,PASS,PASS,PASS,PASS,PASS,PASS,PASS,PASS,PASS,PASS,PASS,PASS,PASS,PASS,PASS,PASS,PASS,PASS,PASS,PASS,PASS,PASS,PASS,PASS,PASS,PASS,PASS,PASS,PASS,PASS,PASS,PASS,PASS,PASS,PASS,PASS
Cli,Cli_1,batch01__Cli_1__equals__cli_1f_equals_line600,cli_1f_equals__line600,equals,m07,,SUCCESS,PASS,False,True,0,0,harness/runs/batch01__Cli_1__equals__cli_1f_equals_line600/execution/m07.log,PASS,PASS,PASS,PASS,PASS,PASS,PASS,PASS,PASS,PASS,PASS,PASS,PASS,PASS,PASS,PASS,PASS,PASS,PASS,PASS,PASS,PASS,PASS,PASS,PASS,PASS,PASS,PASS,PASS,PASS,PASS,PASS,PASS,PASS,PASS,PASS,PASS,PASS,PASS,PASS,PASS,PASS,PASS,PASS,PASS,PASS,PASS,PASS,PASS,PASS,PASS,PASS,PASS,PASS,PASS,PASS,PASS,PASS,PASS,PASS,PASS,PASS,PASS,PASS,PASS,PASS,PASS,PASS,PASS,PASS,PASS,PASS,PASS,PASS,PASS,PASS,PASS,PASS,PASS,PASS,PASS,PASS,PASS,PASS,PASS,PASS,PASS,PASS,PASS,PASS,PASS,PASS
Cli,Cli_1,batch01__Cli_1__equals__cli_1f_equals_line600,cli_1f_equals__line600,equals,m08,,SUCCESS,PASS,False,True,0,0,harness/runs/batch01__Cli_1__equals__cli_1f_equals_line600/execution/m08.log,PASS,PASS,PASS,PASS,PASS,PASS,PASS,PASS,PASS,PASS,PASS,PASS,PASS,PASS,PASS,PASS,PASS,PASS,PASS,PASS,PASS,PASS,PASS,PASS,PASS,PASS,PASS,PASS,PASS,PASS,PASS,PASS,PASS,PASS,PASS,PASS,PASS,PASS,PASS,PASS,PASS,PASS,PASS,PASS,PASS,PASS,PASS,PASS,PASS,PASS,PASS,PASS,PASS,PASS,PASS,PASS,PASS,PASS,PASS,PASS,PASS,PASS,PASS,PASS,PASS,PASS,PASS,PASS,PASS,PASS,PASS,PASS,PASS,PASS,PASS,PASS,PASS,PASS,PASS,PASS,PASS,PASS,PASS,PASS,PASS,PASS,PASS,PASS,PASS,PASS,PASS,PASS
Cli,Cli_1,batch01__Cli_1__findWrapPos__cli_1f_findWrapPos_line789,cli_1f_findWrapPos__line789,findWrapPos,m02,,SUCCESS,FAIL,True,True,0,7,harness/runs/batch01__Cli_1__findWrapPos__cli_1f_findWrapPos_line789/execution/m02.log,PASS,PASS,PASS,PASS,PASS,PASS,PASS,PASS,PASS,PASS,PASS,FAIL,PASS,PASS,PASS,PASS,FAIL,PASS,PASS,PASS,PASS,PASS,PASS,PASS,PASS,PASS,PASS,PASS,PASS,PASS,PASS,PASS,PASS,PASS,PASS,PASS,PASS,PASS,PASS,PASS,PASS,PASS,PASS,PASS,PASS,PASS,PASS,PASS,PASS,PASS,PASS,PASS,PASS,PASS,PASS,PASS,PASS,PASS,PASS,PASS,PASS,PASS,PASS,FAIL,FAIL,FAIL,FAIL,PASS,PASS,PASS,PASS,PASS,PASS,PASS,PASS,PASS,PASS,PASS,PASS,PASS,PASS,PASS,PASS,PASS,PASS,PASS,PASS,PASS,PASS,PASS,PASS,FAIL
Cli,Cli_1,batch01__Cli_1__findWrapPos__cli_1f_findWrapPos_line789,cli_1f_findWrapPos__line789,findWrapPos,m05,,SUCCESS,PASS,False,True,0,0,harness/runs/batch01__Cli_1__findWrapPos__cli_1f_findWrapPos_line789/execution/m05.log,PASS,PASS,PASS,PASS,PASS,PASS,PASS,PASS,PASS,PASS,PASS,PASS,PASS,PASS,PASS,PASS,PASS,PASS,PASS,PASS,PASS,PASS,PASS,PASS,PASS,PASS,PASS,PASS,PASS,PASS,PASS,PASS,PASS,PASS,PASS,PASS,PASS,PASS,PASS,PASS,PASS,PASS,PASS,PASS,PASS,PASS,PASS,PASS,PASS,PASS,PASS,PASS,PASS,PASS,PASS,PASS,PASS,PASS,PASS,PASS,PASS,PASS,PASS,PASS,PASS,PASS,PASS,PASS,PASS,PASS,PASS,PASS,PASS,PASS,PASS,PASS,PASS,PASS,PASS,PASS,PASS,PASS,PASS,PASS,PASS,PASS,PASS,PASS,PASS,PASS,PASS,PASS
Cli,Cli_1,batch01__Cli_1__findWrapPos__cli_1f_findWrapPos_line789,cli_1f_findWrapPos__line789,findWrapPos,m06,,SUCCESS,FAIL,True,True,0,3,harness/runs/batch01__Cli_1__findWrapPos__cli_1f_findWrapPos_line789/execution/m06.log,PASS,PASS,PASS,PASS,PASS,PASS,PASS,PASS,PASS,PASS,PASS,PASS,PASS,PASS,PASS,PASS,PASS,PASS,PASS,PASS,PASS,PASS,PASS,PASS,PASS,PASS,PASS,PASS,PASS,PASS,PASS,PASS,PASS,PASS,PASS,PASS,PASS,PASS,PASS,PASS,PASS,PASS,PASS,PASS,PASS,PASS,PASS,PASS,PASS,PASS,PASS,PASS,PASS,PASS,PASS,PASS,PASS,PASS,PASS,PASS,PASS,PASS,PASS,PASS,FAIL,FAIL,FAIL,PASS,PASS,PASS,PASS,PASS,PASS,PASS,PASS,PASS,PASS,PASS,PASS,PASS,PASS,PASS,PASS,PASS,PASS,PASS,PASS,PASS,PASS,PASS,PASS,PASS
Cli,Cli_1,batch01__Cli_1__findWrapPos__cli_1f_findWrapPos_line789,cli_1f_findWrapPos__line789,findWrapPos,m07,,SUCCESS,FAIL,True,True,0,1,harness/runs/batch01__Cli_1__findWrapPos__cli_1f_findWrapPos_line789/execution/m07.log,PASS,PASS,PASS,PASS,PASS,PASS,PASS,PASS,PASS,PASS,PASS,PASS,PASS,PASS,PASS,PASS,PASS,PASS,PASS,PASS,PASS,PASS,PASS,PASS,PASS,PASS,PASS,PASS,PASS,PASS,PASS,PASS,PASS,PASS,PASS,PASS,PASS,PASS,PASS,PASS,PASS,PASS,PASS,PASS,PASS,PASS,PASS,PASS,PASS,PASS,PASS,PASS,PASS,PASS,PASS,PASS,PASS,PASS,PASS,PASS,PASS,PASS,PASS,PASS,FAIL,PASS,PASS,PASS,PASS,PASS,PASS,PASS,PASS,PASS,PASS,PASS,PASS,PASS,PASS,PASS,PASS,PASS,PASS,PASS,PASS,PASS,PASS,PASS,PASS,PASS,PASS,PASS
Cli,Cli_1,batch01__Cli_1__findWrapPos__cli_1f_findWrapPos_line789,cli_1f_findWrapPos__line789,findWrapPos,m08,,SUCCESS,FAIL,True,True,0,1,harness/runs/batch01__Cli_1__findWrapPos__cli_1f_findWrapPos_line789/execution/m08.log,PASS,PASS,PASS,PASS,PASS,PASS,PASS,PASS,PASS,PASS,PASS,PASS,PASS,PASS,PASS,PASS,PASS,PASS,PASS,PASS,PASS,PASS,PASS,PASS,PASS,PASS,PASS,PASS,PASS,PASS,PASS,PASS,PASS,PASS,PASS,PASS,PASS,PASS,PASS,PASS,PASS,PASS,PASS,PASS,PASS,PASS,PASS,PASS,PASS,PASS,PASS,PASS,PASS,PASS,PASS,PASS,PASS,PASS,PASS,PASS,PASS,PASS,PASS,PASS,FAIL,PASS,PASS,PASS,PASS,PASS,PASS,PASS,PASS,PASS,PASS,PASS,PASS,PASS,PASS,PASS,PASS,PASS,PASS,PASS,PASS,PASS,PASS,PASS,PASS,PASS,PASS,PASS
Cli,Cli_1,batch01__Cli_1__option__cli_1f_option_line48,cli_1f_option__line48,option,m01,,SUCCESS,PASS,False,True,0,0,harness/runs/batch01__Cli_1__option__cli_1f_option_line48/execution/m01.log,PASS,PASS,PASS,PASS,PASS,PASS,PASS,PASS,PASS,PASS,PASS,PASS,PASS,PASS,PASS,PASS,PASS,PASS,PASS,PASS,PASS,PASS,PASS,PASS,PASS,PASS,PASS,PASS,PASS,PASS,PASS,PASS,PASS,PASS,PASS,PASS,PASS,PASS,PASS,PASS,PASS,PASS,PASS,PASS,PASS,PASS,PASS,PASS,PASS,PASS,PASS,PASS,PASS,PASS,PASS,PASS,PASS,PASS,PASS,PASS,PASS,PASS,PASS,PASS,PASS,PASS,PASS,PASS,PASS,PASS,PASS,PASS,PASS,PASS,PASS,PASS,PASS,PASS,PASS,PASS,PASS,PASS,PASS,PASS,PASS,PASS,PASS,PASS,PASS,PASS,PASS,PASS
Cli,Cli_1,batch01__Cli_1__option__cli_1f_option_line48,cli_1f_option__line48,option,m02,,SUCCESS,PASS,False,True,0,0,harness/runs/batch01__Cli_1__option__cli_1f_option_line48/execution/m02.log,PASS,PASS,PASS,PASS,PASS,PASS,PASS,PASS,PASS,PASS,PASS,PASS,PASS,PASS,PASS,PASS,PASS,PASS,PASS,PASS,PASS,PASS,PASS,PASS,PASS,PASS,PASS,PASS,PASS,PASS,PASS,PASS,PASS,PASS,PASS,PASS,PASS,PASS,PASS,PASS,PASS,PASS,PASS,PASS,PASS,PASS,PASS,PASS,PASS,PASS,PASS,PASS,PASS,PASS,PASS,PASS,PASS,PASS,PASS,PASS,PASS,PASS,PASS,PASS,PASS,PASS,PASS,PASS,PASS,PASS,PASS,PASS,PASS,PASS,PASS,PASS,PASS,PASS,PASS,PASS,PASS,PASS,PASS,PASS,PASS,PASS,PASS,PASS,PASS,PASS,PASS,PASS
Cli,Cli_1,batch01__Cli_1__option__cli_1f_option_line48,cli_1f_option__line48,option,m03,,SUCCESS,PASS,False,True,0,0,harness/runs/batch01__Cli_1__option__cli_1f_option_line48/execution/m03.log,PASS,PASS,PASS,PASS,PASS,PASS,PASS,PASS,PASS,PASS,PASS,PASS,PASS,PASS,PASS,PASS,PASS,PASS,PASS,PASS,PASS,PASS,PASS,PASS,PASS,PASS,PASS,PASS,PASS,PASS,PASS,PASS,PASS,PASS,PASS,PASS,PASS,PASS,PASS,PASS,PASS,PASS,PASS,PASS,PASS,PASS,PASS,PASS,PASS,PASS,PASS,PASS,PASS,PASS,PASS,PASS,PASS,PASS,PASS,PASS,PASS,PASS,PASS,PASS,PASS,PASS,PASS,PASS,PASS,PASS,PASS,PASS,PASS,PASS,PASS,PASS,PASS,PASS,PASS,PASS,PASS,PASS,PASS,PASS,PASS,PASS,PASS,PASS,PASS,PASS,PASS,PASS
Cli,Cli_1,batch01__Cli_1__option__cli_1f_option_line48,cli_1f_option__line48,option,m04,,SUCCESS,PASS,False,True,0,0,harness/runs/batch01__Cli_1__option__cli_1f_option_line48/execution/m04.log,PASS,PASS,PASS,PASS,PASS,PASS,PASS,PASS,PASS,PASS,PASS,PASS,PASS,PASS,PASS,PASS,PASS,PASS,PASS,PASS,PASS,PASS,PASS,PASS,PASS,PASS,PASS,PASS,PASS,PASS,PASS,PASS,PASS,PASS,PASS,PASS,PASS,PASS,PASS,PASS,PASS,PASS,PASS,PASS,PASS,PASS,PASS,PASS,PASS,PASS,PASS,PASS,PASS,PASS,PASS,PASS,PASS,PASS,PASS,PASS,PASS,PASS,PASS,PASS,PASS,PASS,PASS,PASS,PASS,PASS,PASS,PASS,PASS,PASS,PASS,PASS,PASS,PASS,PASS,PASS,PASS,PASS,PASS,PASS,PASS,PASS,PASS,PASS,PASS,PASS,PASS,PASS
Cli,Cli_1,batch01__Cli_1__option__cli_1f_option_line48,cli_1f_option__line48,option,m05,,SUCCESS,PASS,False,True,0,0,harness/runs/batch01__Cli_1__option__cli_1f_option_line48/execution/m05.log,PASS,PASS,PASS,PASS,PASS,PASS,PASS,PASS,PASS,PASS,PASS,PASS,PASS,PASS,PASS,PASS,PASS,PASS,PASS,PASS,PASS,PASS,PASS,PASS,PASS,PASS,PASS,PASS,PASS,PASS,PASS,PASS,PASS,PASS,PASS,PASS,PASS,PASS,PASS,PASS,PASS,PASS,PASS,PASS,PASS,PASS,PASS,PASS,PASS,PASS,PASS,PASS,PASS,PASS,PASS,PASS,PASS,PASS,PASS,PASS,PASS,PASS,PASS,PASS,PASS,PASS,PASS,PASS,PASS,PASS,PASS,PASS,PASS,PASS,PASS,PASS,PASS,PASS,PASS,PASS,PASS,PASS,PASS,PASS,PASS,PASS,PASS,PASS,PASS,PASS,PASS,PASS
Cli,Cli_1,batch01__Cli_1__option__cli_1f_option_line48,cli_1f_option__line48,option,m06,,SUCCESS,PASS,False,True,0,0,harness/runs/batch01__Cli_1__option__cli_1f_option_line48/execution/m06.log,PASS,PASS,PASS,PASS,PASS,PASS,PASS,PASS,PASS,PASS,PASS,PASS,PASS,PASS,PASS,PASS,PASS,PASS,PASS,PASS,PASS,PASS,PASS,PASS,PASS,PASS,PASS,PASS,PASS,PASS,PASS,PASS,PASS,PASS,PASS,PASS,PASS,PASS,PASS,PASS,PASS,PASS,PASS,PASS,PASS,PASS,PASS,PASS,PASS,PASS,PASS,PASS,PASS,PASS,PASS,PASS,PASS,PASS,PASS,PASS,PASS,PASS,PASS,PASS,PASS,PASS,PASS,PASS,PASS,PASS,PASS,PASS,PASS,PASS,PASS,PASS,PASS,PASS,PASS,PASS,PASS,PASS,PASS,PASS,PASS,PASS,PASS,PASS,PASS,PASS,PASS,PASS
Cli,Cli_1,batch01__Cli_1__option__cli_1f_option_line48,cli_1f_option__line48,option,m07,,SUCCESS,PASS,False,True,0,0,harness/runs/batch01__Cli_1__option__cli_1f_option_line48/execution/m07.log,PASS,PASS,PASS,PASS,PASS,PASS,PASS,PASS,PASS,PASS,PASS,PASS,PASS,PASS,PASS,PASS,PASS,PASS,PASS,PASS,PASS,PASS,PASS,PASS,PASS,PASS,PASS,PASS,PASS,PASS,PASS,PASS,PASS,PASS,PASS,PASS,PASS,PASS,PASS,PASS,PASS,PASS,PASS,PASS,PASS,PASS,PASS,PASS,PASS,PASS,PASS,PASS,PASS,PASS,PASS,PASS,PASS,PASS,PASS,PASS,PASS,PASS,PASS,PASS,PASS,PASS,PASS,PASS,PASS,PASS,PASS,PASS,PASS,PASS,PASS,PASS,PASS,PASS,PASS,PASS,PASS,PASS,PASS,PASS,PASS,PASS,PASS,PASS,PASS,PASS,PASS,PASS
Cli,Cli_1,batch01__Cli_1__option__cli_1f_option_line48,cli_1f_option__line48,option,m08,,SUCCESS,PASS,False,True,0,0,harness/runs/batch01__Cli_1__option__cli_1f_option_line48/execution/m08.log,PASS,PASS,PASS,PASS,PASS,PASS,PASS,PASS,PASS,PASS,PASS,PASS,PASS,PASS,PASS,PASS,PASS,PASS,PASS,PASS,PASS,PASS,PASS,PASS,PASS,PASS,PASS,PASS,PASS,PASS,PASS,PASS,PASS,PASS,PASS,PASS,PASS,PASS,PASS,PASS,PASS,PASS,PASS,PASS,PASS,PASS,PASS,PASS,PASS,PASS,PASS,PASS,PASS,PASS,PASS,PASS,PASS,PASS,PASS,PASS,PASS,PASS,PASS,PASS,PASS,PASS,PASS,PASS,PASS,PASS,PASS,PASS,PASS,PASS,PASS,PASS,PASS,PASS,PASS,PASS,PASS,PASS,PASS,PASS,PASS,PASS,PASS,PASS,PASS,PASS,PASS,PASS
Cli,Cli_1,batch01__Cli_1__processArgs__cli_1f_processArgs_line314,cli_1f_processArgs__line314,processArgs,m01,,SUCCESS,FAIL,True,True,0,47,harness/runs/batch01__Cli_1__processArgs__cli_1f_processArgs_line314/execution/m01.log,FAIL,FAIL,PASS,FAIL,FAIL,FAIL,PASS,FAIL,FAIL,PASS,PASS,PASS,PASS,PASS,FAIL,FAIL,PASS,PASS,PASS,PASS,PASS,PASS,PASS,PASS,PASS,FAIL,FAIL,FAIL,FAIL,FAIL,PASS,PASS,PASS,PASS,PASS,PASS,PASS,PASS,PASS,PASS,PASS,PASS,PASS,PASS,PASS,PASS,PASS,PASS,PASS,PASS,FAIL,FAIL,FAIL,PASS,PASS,PASS,FAIL,FAIL,FAIL,FAIL,FAIL,PASS,FAIL,PASS,PASS,PASS,PASS,FAIL,FAIL,FAIL,FAIL,FAIL,FAIL,FAIL,FAIL,FAIL,FAIL,FAIL,FAIL,FAIL,FAIL,FAIL,FAIL,FAIL,FAIL,FAIL,FAIL,FAIL,FAIL,FAIL,FAIL,PASS
Cli,Cli_1,batch01__Cli_1__processArgs__cli_1f_processArgs_line314,cli_1f_processArgs__line314,processArgs,m02,,SUCCESS,FAIL,True,True,0,47,harness/runs/batch01__Cli_1__processArgs__cli_1f_processArgs_line314/execution/m02.log,FAIL,FAIL,PASS,FAIL,FAIL,FAIL,PASS,FAIL,FAIL,PASS,PASS,PASS,PASS,PASS,FAIL,FAIL,PASS,PASS,PASS,PASS,PASS,PASS,PASS,PASS,PASS,FAIL,FAIL,FAIL,FAIL,FAIL,PASS,PASS,PASS,PASS,PASS,PASS,PASS,PASS,PASS,PASS,PASS,PASS,PASS,PASS,PASS,PASS,PASS,PASS,PASS,PASS,FAIL,FAIL,FAIL,PASS,PASS,PASS,FAIL,FAIL,FAIL,FAIL,FAIL,PASS,FAIL,PASS,PASS,PASS,PASS,FAIL,FAIL,FAIL,FAIL,FAIL,FAIL,FAIL,FAIL,FAIL,FAIL,FAIL,FAIL,FAIL,FAIL,FAIL,FAIL,FAIL,FAIL,FAIL,FAIL,FAIL,FAIL,FAIL,FAIL,PASS
Cli,Cli_1,batch01__Cli_1__processArgs__cli_1f_processArgs_line314,cli_1f_processArgs__line314,processArgs,m03,,SUCCESS,FAIL,True,True,0,15,harness/runs/batch01__Cli_1__processArgs__cli_1f_processArgs_line314/execution/m03.log,PASS,PASS,PASS,PASS,PASS,PASS,PASS,PASS,PASS,PASS,PASS,PASS,PASS,PASS,FAIL,PASS,PASS,PASS,PASS,PASS,PASS,PASS,PASS,PASS,PASS,PASS,PASS,FAIL,FAIL,PASS,PASS,PASS,PASS,PASS,PASS,PASS,PASS,PASS,PASS,PASS,PASS,PASS,PASS,PASS,PASS,PASS,PASS,PASS,PASS,PASS,PASS,PASS,FAIL,PASS,PASS,PASS,PASS,PASS,FAIL,FAIL,PASS,PASS,PASS,PASS,PASS,PASS,PASS,PASS,PASS,PASS,FAIL,PASS,PASS,PASS,PASS,PASS,PASS,PASS,PASS,PASS,PASS,FAIL,PASS,FAIL,FAIL,FAIL,FAIL,FAIL,FAIL,FAIL,PASS,PASS
Cli,Cli_1,batch01__Cli_1__processArgs__cli_1f_processArgs_line314,cli_1f_processArgs__line314,processArgs,m04,,SUCCESS,FAIL,True,True,0,3,harness/runs/batch01__Cli_1__processArgs__cli_1f_processArgs_line314/execution/m04.log,PASS,PASS,PASS,PASS,PASS,PASS,PASS,PASS,PASS,PASS,FAIL,PASS,PASS,PASS,PASS,PASS,PASS,PASS,PASS,PASS,PASS,PASS,PASS,PASS,FAIL,PASS,PASS,PASS,PASS,PASS,PASS,PASS,PASS,PASS,PASS,PASS,PASS,PASS,PASS,PASS,PASS,PASS,PASS,PASS,PASS,PASS,PASS,PASS,PASS,PASS,PASS,PASS,PASS,PASS,PASS,FAIL,PASS,PASS,PASS,PASS,PASS,PASS,PASS,PASS,PASS,PASS,PASS,PASS,PASS,PASS,PASS,PASS,PASS,PASS,PASS,PASS,PASS,PASS,PASS,PASS,PASS,PASS,PASS,PASS,PASS,PASS,PASS,PASS,PASS,PASS,PASS,PASS
Cli,Cli_1,batch01__Cli_1__processArgs__cli_1f_processArgs_line314,cli_1f_processArgs__line314,processArgs,m05,,SUCCESS,FAIL,True,True,0,2,harness/runs/batch01__Cli_1__processArgs__cli_1f_processArgs_line314/execution/m05.log,PASS,PASS,PASS,PASS,PASS,PASS,PASS,PASS,PASS,PASS,PASS,PASS,PASS,PASS,PASS,PASS,PASS,PASS,PASS,PASS,PASS,PASS,PASS,PASS,PASS,PASS,PASS,PASS,PASS,FAIL,PASS,PASS,PASS,PASS,PASS,PASS,PASS,PASS,PASS,PASS,PASS,PASS,PASS,PASS,PASS,PASS,PASS,PASS,PASS,PASS,PASS,PASS,PASS,PASS,PASS,PASS,PASS,PASS,PASS,PASS,FAIL,PASS,PASS,PASS,PASS,PASS,PASS,PASS,PASS,PASS,PASS,PASS,PASS,PASS,PASS,PASS,PASS,PASS,PASS,PASS,PASS,PASS,PASS,PASS,PASS,PASS,PASS,PASS,PASS,PASS,PASS,PASS
Cli,Cli_1,batch01__Cli_1__processArgs__cli_1f_processArgs_line314,cli_1f_processArgs__line314,processArgs,m06,,FAIL,NOT_RUN,False,False,0,0,harness/runs/batch01__Cli_1__processArgs__cli_1f_processArgs_line314/execution/m06.log,BUILD_FAIL,BUILD_FAIL,BUILD_FAIL,BUILD_FAIL,BUILD_FAIL,BUILD_FAIL,BUILD_FAIL,BUILD_FAIL,BUILD_FAIL,BUILD_FAIL,BUILD_FAIL,BUILD_FAIL,BUILD_FAIL,BUILD_FAIL,BUILD_FAIL,BUILD_FAIL,BUILD_FAIL,BUILD_FAIL,BUILD_FAIL,BUILD_FAIL,BUILD_FAIL,BUILD_FAIL,BUILD_FAIL,BUILD_FAIL,BUILD_FAIL,BUILD_FAIL,BUILD_FAIL,BUILD_FAIL,BUILD_FAIL,BUILD_FAIL,BUILD_FAIL,BUILD_FAIL,BUILD_FAIL,BUILD_FAIL,BUILD_FAIL,BUILD_FAIL,BUILD_FAIL,BUILD_FAIL,BUILD_FAIL,BUILD_FAIL,BUILD_FAIL,BUILD_FAIL,BUILD_FAIL,BUILD_FAIL,BUILD_FAIL,BUILD_FAIL,BUILD_FAIL,BUILD_FAIL,BUILD_FAIL,BUILD_FAIL,BUILD_FAIL,BUILD_FAIL,BUILD_FAIL,BUILD_FAIL,BUILD_FAIL,BUILD_FAIL,BUILD_FAIL,BUILD_FAIL,BUILD_FAIL,BUILD_FAIL,BUILD_FAIL,BUILD_FAIL,BUILD_FAIL,BUILD_FAIL,BUILD_FAIL,BUILD_FAIL,BUILD_FAIL,BUILD_FAIL,BUILD_FAIL,BUILD_FAIL,BUILD_FAIL,BUILD_FAIL,BUILD_FAIL,BUILD_FAIL,BUILD_FAIL,BUILD_FAIL,BUILD_FAIL,BUILD_FAIL,BUILD_FAIL,BUILD_FAIL,BUILD_FAIL,BUILD_FAIL,BUILD_FAIL,BUILD_FAIL,BUILD_FAIL,BUILD_FAIL,BUILD_FAIL,BUILD_FAIL,BUILD_FAIL,BUILD_FAIL,BUILD_FAIL,BUILD_FAIL
Cli,Cli_1,batch01__Cli_1__processArgs__cli_1f_processArgs_line314,cli_1f_processArgs__line314,processArgs,m07,,SUCCESS,FAIL,True,True,0,1,harness/runs/batch01__Cli_1__processArgs__cli_1f_processArgs_line314/execution/m07.log,PASS,PASS,PASS,PASS,PASS,PASS,PASS,PASS,PASS,PASS,PASS,PASS,PASS,PASS,PASS,FAIL,PASS,PASS,PASS,PASS,PASS,PASS,PASS,PASS,PASS,PASS,PASS,PASS,PASS,PASS,PASS,PASS,PASS,PASS,PASS,PASS,PASS,PASS,PASS,PASS,PASS,PASS,PASS,PASS,PASS,PASS,PASS,PASS,PASS,PASS,PASS,PASS,PASS,PASS,PASS,PASS,PASS,PASS,PASS,PASS,PASS,PASS,PASS,PASS,PASS,PASS,PASS,PASS,PASS,PASS,PASS,PASS,PASS,PASS,PASS,PASS,PASS,PASS,PASS,PASS,PASS,PASS,PASS,PASS,PASS,PASS,PASS,PASS,PASS,PASS,PASS,PASS
Cli,Cli_1,batch01__Cli_1__processArgs__cli_1f_processArgs_line314,cli_1f_processArgs__line314,processArgs,m08,,SUCCESS,FAIL,True,True,0,8,harness/runs/batch01__Cli_1__processArgs__cli_1f_processArgs_line314/execution/m08.log,PASS,PASS,PASS,PASS,PASS,PASS,PASS,PASS,PASS,PASS,PASS,PASS,PASS,PASS,PASS,PASS,PASS,PASS,PASS,PASS,PASS,PASS,PASS,PASS,PASS,PASS,PASS,FAIL,FAIL,PASS,PASS,PASS,PASS,PASS,PASS,PASS,PASS,PASS,PASS,PASS,PASS,PASS,PASS,PASS,PASS,PASS,PASS,PASS,PASS,PASS,PASS,PASS,FAIL,PASS,PASS,PASS,PASS,PASS,FAIL,FAIL,PASS,PASS,PASS,PASS,PASS,PASS,PASS,PASS,PASS,PASS,FAIL,PASS,PASS,PASS,PASS,PASS,PASS,PASS,PASS,PASS,PASS,FAIL,PASS,PASS,PASS,FAIL,PASS,PASS,PASS,PASS,PASS,PASS
Cli,Cli_1,batch01__Cli_1__processProperties__cli_1f_processProperties_line228,cli_1f_processProperties__line228,processProperties,m01,,SUCCESS,FAIL,True,True,0,4,harness/runs/batch01__Cli_1__processProperties__cli_1f_processProperties_line228/execution/m01.log,PASS,PASS,PASS,PASS,PASS,PASS,PASS,PASS,PASS,PASS,PASS,PASS,PASS,PASS,PASS,PASS,PASS,FAIL,PASS,PASS,PASS,PASS,PASS,PASS,PASS,PASS,PASS,PASS,PASS,PASS,PASS,PASS,PASS,PASS,PASS,PASS,PASS,PASS,PASS,PASS,PASS,PASS,PASS,PASS,PASS,PASS,PASS,PASS,PASS,PASS,PASS,PASS,PASS,PASS,PASS,PASS,PASS,PASS,PASS,PASS,PASS,PASS,PASS,PASS,PASS,PASS,PASS,PASS,PASS,PASS,PASS,PASS,PASS,FAIL,FAIL,FAIL,PASS,PASS,PASS,PASS,PASS,PASS,PASS,PASS,PASS,PASS,PASS,PASS,PASS,PASS,PASS,PASS
Cli,Cli_1,batch01__Cli_1__processProperties__cli_1f_processProperties_line228,cli_1f_processProperties__line228,processProperties,m02,,SUCCESS,FAIL,True,True,0,4,harness/runs/batch01__Cli_1__processProperties__cli_1f_processProperties_line228/execution/m02.log,PASS,PASS,PASS,PASS,PASS,PASS,PASS,PASS,PASS,PASS,PASS,PASS,PASS,PASS,PASS,PASS,PASS,FAIL,PASS,PASS,PASS,PASS,PASS,PASS,PASS,PASS,PASS,PASS,PASS,PASS,PASS,PASS,PASS,PASS,PASS,PASS,PASS,PASS,PASS,PASS,PASS,PASS,PASS,PASS,PASS,PASS,PASS,PASS,PASS,PASS,PASS,PASS,PASS,PASS,PASS,PASS,PASS,PASS,PASS,PASS,PASS,PASS,PASS,PASS,PASS,PASS,PASS,PASS,PASS,PASS,PASS,PASS,PASS,FAIL,FAIL,FAIL,PASS,PASS,PASS,PASS,PASS,PASS,PASS,PASS,PASS,PASS,PASS,PASS,PASS,PASS,PASS,PASS
Cli,Cli_1,batch01__Cli_1__processProperties__cli_1f_processProperties_line228,cli_1f_processProperties__line228,processProperties,m04,,SUCCESS,FAIL,True,True,0,3,harness/runs/batch01__Cli_1__processProperties__cli_1f_processProperties_line228/execution/m04.log,PASS,PASS,PASS,PASS,PASS,PASS,PASS,PASS,PASS,PASS,PASS,PASS,PASS,PASS,PASS,PASS,PASS,FAIL,PASS,PASS,PASS,PASS,PASS,PASS,PASS,PASS,PASS,PASS,PASS,PASS,PASS,PASS,PASS,PASS,PASS,PASS,PASS,PASS,PASS,PASS,PASS,PASS,PASS,PASS,PASS,PASS,PASS,PASS,PASS,PASS,PASS,PASS,PASS,PASS,PASS,PASS,PASS,PASS,PASS,PASS,PASS,PASS,PASS,PASS,PASS,PASS,PASS,PASS,PASS,PASS,PASS,PASS,PASS,PASS,FAIL,FAIL,PASS,PASS,PASS,PASS,PASS,PASS,PASS,PASS,PASS,PASS,PASS,PASS,PASS,PASS,PASS,PASS
Cli,Cli_1,batch01__Cli_1__processProperties__cli_1f_processProperties_line228,cli_1f_processProperties__line228,processProperties,m05,,SUCCESS,FAIL,True,True,0,1,harness/runs/batch01__Cli_1__processProperties__cli_1f_processProperties_line228/execution/m05.log,PASS,PASS,PASS,PASS,PASS,PASS,PASS,PASS,PASS,PASS,PASS,PASS,PASS,PASS,PASS,PASS,PASS,PASS,PASS,PASS,PASS,PASS,PASS,PASS,PASS,PASS,PASS,PASS,PASS,PASS,PASS,PASS,PASS,PASS,PASS,PASS,PASS,PASS,PASS,PASS,PASS,PASS,PASS,PASS,PASS,PASS,PASS,PASS,PASS,PASS,PASS,PASS,PASS,PASS,PASS,PASS,PASS,PASS,PASS,PASS,PASS,PASS,PASS,PASS,PASS,PASS,PASS,PASS,PASS,PASS,PASS,PASS,PASS,FAIL,PASS,PASS,PASS,PASS,PASS,PASS,PASS,PASS,PASS,PASS,PASS,PASS,PASS,PASS,PASS,PASS,PASS,PASS
Cli,Cli_1,batch01__Cli_1__processProperties__cli_1f_processProperties_line228,cli_1f_processProperties__line228,processProperties,m07,,SUCCESS,FAIL,True,True,0,1,harness/runs/batch01__Cli_1__processProperties__cli_1f_processProperties_line228/execution/m07.log,PASS,PASS,PASS,PASS,PASS,PASS,PASS,PASS,PASS,PASS,PASS,PASS,PASS,PASS,PASS,PASS,PASS,PASS,PASS,PASS,PASS,PASS,PASS,PASS,PASS,PASS,PASS,PASS,PASS,PASS,PASS,PASS,PASS,PASS,PASS,PASS,PASS,PASS,PASS,PASS,PASS,PASS,PASS,PASS,PASS,PASS,PASS,PASS,PASS,PASS,PASS,PASS,PASS,PASS,PASS,PASS,PASS,PASS,PASS,PASS,PASS,PASS,PASS,PASS,PASS,PASS,PASS,PASS,PASS,PASS,PASS,PASS,PASS,FAIL,PASS,PASS,PASS,PASS,PASS,PASS,PASS,PASS,PASS,PASS,PASS,PASS,PASS,PASS,PASS,PASS,PASS,PASS
Cli,Cli_1,batch01__Cli_1__processProperties__cli_1f_processProperties_line228,cli_1f_processProperties__line228,processProperties,m08,,SUCCESS,FAIL,True,True,0,65,harness/runs/batch01__Cli_1__processProperties__cli_1f_processProperties_line228/execution/m08.log,FAIL,FAIL,FAIL,FAIL,FAIL,FAIL,FAIL,FAIL,FAIL,FAIL,PASS,PASS,FAIL,FAIL,FAIL,FAIL,PASS,PASS,PASS,PASS,PASS,PASS,FAIL,PASS,PASS,FAIL,FAIL,FAIL,FAIL,FAIL,FAIL,PASS,PASS,PASS,PASS,PASS,PASS,PASS,FAIL,FAIL,FAIL,FAIL,PASS,FAIL,PASS,FAIL,FAIL,FAIL,PASS,FAIL,FAIL,FAIL,FAIL,FAIL,PASS,PASS,FAIL,FAIL,FAIL,FAIL,FAIL,FAIL,FAIL,PASS,PASS,PASS,PASS,FAIL,FAIL,FAIL,FAIL,FAIL,FAIL,FAIL,FAIL,FAIL,FAIL,FAIL,FAIL,FAIL,FAIL,FAIL,FAIL,FAIL,FAIL,FAIL,FAIL,FAIL,FAIL,FAIL,FAIL,PASS
Cli,Cli_1,batch01__Cli_1__validateOption__cli_1f_validateOption_line40,cli_1f_validateOption__line40,validateOption,m01,,SUCCESS,FAIL,True,True,0,30,harness/runs/batch01__Cli_1__validateOption__cli_1f_validateOption_line40/execution/m01.log,PASS,FAIL,PASS,PASS,PASS,PASS,FAIL,PASS,PASS,PASS,PASS,PASS,PASS,PASS,PASS,PASS,PASS,PASS,PASS,PASS,PASS,PASS,PASS,PASS,PASS,PASS,PASS,PASS,PASS,PASS,PASS,PASS,PASS,PASS,PASS,PASS,PASS,PASS,FAIL,FAIL,FAIL,FAIL,FAIL,FAIL,FAIL,FAIL,FAIL,FAIL,FAIL,PASS,PASS,PASS,PASS,PASS,PASS,PASS,PASS,PASS,PASS,PASS,PASS,PASS,PASS,PASS,PASS,PASS,PASS,FAIL,FAIL,FAIL,FAIL,FAIL,FAIL,FAIL,FAIL,FAIL,FAIL,FAIL,FAIL,FAIL,FAIL,FAIL,FAIL,PASS,PASS,PASS,PASS,PASS,PASS,PASS,PASS,FAIL
Cli,Cli_1,batch01__Cli_1__validateOption__cli_1f_validateOption_line40,cli_1f_validateOption__line40,validateOption,m02,,FAIL,NOT_RUN,False,False,0,0,harness/runs/batch01__Cli_1__validateOption__cli_1f_validateOption_line40/execution/m02.log,BUILD_FAIL,BUILD_FAIL,BUILD_FAIL,BUILD_FAIL,BUILD_FAIL,BUILD_FAIL,BUILD_FAIL,BUILD_FAIL,BUILD_FAIL,BUILD_FAIL,BUILD_FAIL,BUILD_FAIL,BUILD_FAIL,BUILD_FAIL,BUILD_FAIL,BUILD_FAIL,BUILD_FAIL,BUILD_FAIL,BUILD_FAIL,BUILD_FAIL,BUILD_FAIL,BUILD_FAIL,BUILD_FAIL,BUILD_FAIL,BUILD_FAIL,BUILD_FAIL,BUILD_FAIL,BUILD_FAIL,BUILD_FAIL,BUILD_FAIL,BUILD_FAIL,BUILD_FAIL,BUILD_FAIL,BUILD_FAIL,BUILD_FAIL,BUILD_FAIL,BUILD_FAIL,BUILD_FAIL,BUILD_FAIL,BUILD_FAIL,BUILD_FAIL,BUILD_FAIL,BUILD_FAIL,BUILD_FAIL,BUILD_FAIL,BUILD_FAIL,BUILD_FAIL,BUILD_FAIL,BUILD_FAIL,BUILD_FAIL,BUILD_FAIL,BUILD_FAIL,BUILD_FAIL,BUILD_FAIL,BUILD_FAIL,BUILD_FAIL,BUILD_FAIL,BUILD_FAIL,BUILD_FAIL,BUILD_FAIL,BUILD_FAIL,BUILD_FAIL,BUILD_FAIL,BUILD_FAIL,BUILD_FAIL,BUILD_FAIL,BUILD_FAIL,BUILD_FAIL,BUILD_FAIL,BUILD_FAIL,BUILD_FAIL,BUILD_FAIL,BUILD_FAIL,BUILD_FAIL,BUILD_FAIL,BUILD_FAIL,BUILD_FAIL,BUILD_FAIL,BUILD_FAIL,BUILD_FAIL,BUILD_FAIL,BUILD_FAIL,BUILD_FAIL,BUILD_FAIL,BUILD_FAIL,BUILD_FAIL,BUILD_FAIL,BUILD_FAIL,BUILD_FAIL,BUILD_FAIL,BUILD_FAIL,BUILD_FAIL
Cli,Cli_1,batch01__Cli_1__validateOption__cli_1f_validateOption_line40,cli_1f_validateOption__line40,validateOption,m03,,FAIL,NOT_RUN,False,False,0,0,harness/runs/batch01__Cli_1__validateOption__cli_1f_validateOption_line40/execution/m03.log,BUILD_FAIL,BUILD_FAIL,BUILD_FAIL,BUILD_FAIL,BUILD_FAIL,BUILD_FAIL,BUILD_FAIL,BUILD_FAIL,BUILD_FAIL,BUILD_FAIL,BUILD_FAIL,BUILD_FAIL,BUILD_FAIL,BUILD_FAIL,BUILD_FAIL,BUILD_FAIL,BUILD_FAIL,BUILD_FAIL,BUILD_FAIL,BUILD_FAIL,BUILD_FAIL,BUILD_FAIL,BUILD_FAIL,BUILD_FAIL,BUILD_FAIL,BUILD_FAIL,BUILD_FAIL,BUILD_FAIL,BUILD_FAIL,BUILD_FAIL,BUILD_FAIL,BUILD_FAIL,BUILD_FAIL,BUILD_FAIL,BUILD_FAIL,BUILD_FAIL,BUILD_FAIL,BUILD_FAIL,BUILD_FAIL,BUILD_FAIL,BUILD_FAIL,BUILD_FAIL,BUILD_FAIL,BUILD_FAIL,BUILD_FAIL,BUILD_FAIL,BUILD_FAIL,BUILD_FAIL,BUILD_FAIL,BUILD_FAIL,BUILD_FAIL,BUILD_FAIL,BUILD_FAIL,BUILD_FAIL,BUILD_FAIL,BUILD_FAIL,BUILD_FAIL,BUILD_FAIL,BUILD_FAIL,BUILD_FAIL,BUILD_FAIL,BUILD_FAIL,BUILD_FAIL,BUILD_FAIL,BUILD_FAIL,BUILD_FAIL,BUILD_FAIL,BUILD_FAIL,BUILD_FAIL,BUILD_FAIL,BUILD_FAIL,BUILD_FAIL,BUILD_FAIL,BUILD_FAIL,BUILD_FAIL,BUILD_FAIL,BUILD_FAIL,BUILD_FAIL,BUILD_FAIL,BUILD_FAIL,BUILD_FAIL,BUILD_FAIL,BUILD_FAIL,BUILD_FAIL,BUILD_FAIL,BUILD_FAIL,BUILD_FAIL,BUILD_FAIL,BUILD_FAIL,BUILD_FAIL,BUILD_FAIL,BUILD_FAIL
Cli,Cli_1,batch01__Cli_1__validateOption__cli_1f_validateOption_line40,cli_1f_validateOption__line40,validateOption,m04,,SUCCESS,FAIL,True,True,0,86,harness/runs/batch01__Cli_1__validateOption__cli_1f_validateOption_line40/execution/m04.log,FAIL,FAIL,FAIL,FAIL,FAIL,FAIL,PASS,FAIL,FAIL,PASS,FAIL,FAIL,FAIL,FAIL,FAIL,FAIL,PASS,FAIL,FAIL,FAIL,FAIL,FAIL,FAIL,FAIL,FAIL,FAIL,FAIL,FAIL,FAIL,FAIL,FAIL,FAIL,FAIL,FAIL,PASS,FAIL,FAIL,FAIL,FAIL,FAIL,FAIL,FAIL,FAIL,FAIL,FAIL,FAIL,FAIL,FAIL,FAIL,FAIL,FAIL,FAIL,FAIL,FAIL,FAIL,FAIL,FAIL,FAIL,FAIL,FAIL,FAIL,FAIL,FAIL,FAIL,PASS,FAIL,PASS,FAIL,FAIL,FAIL,FAIL,FAIL,FAIL,FAIL,FAIL,FAIL,FAIL,FAIL,FAIL,FAIL,FAIL,FAIL,FAIL,FAIL,FAIL,FAIL,FAIL,FAIL,FAIL,FAIL,FAIL,FAIL
Cli,Cli_1,batch01__Cli_1__validateOption__cli_1f_validateOption_line40,cli_1f_validateOption__line40,validateOption,m05,,SUCCESS,FAIL,True,True,0,7,harness/runs/batch01__Cli_1__validateOption__cli_1f_validateOption_line40/execution/m05.log,FAIL,PASS,FAIL,FAIL,FAIL,PASS,PASS,PASS,PASS,FAIL,PASS,PASS,PASS,FAIL,PASS,PASS,PASS,PASS,PASS,PASS,PASS,PASS,PASS,PASS,PASS,PASS,PASS,PASS,PASS,PASS,PASS,PASS,PASS,PASS,FAIL,PASS,PASS,PASS,PASS,PASS,PASS,PASS,PASS,PASS,PASS,PASS,PASS,PASS,PASS,PASS,PASS,PASS,PASS,PASS,PASS,PASS,PASS,PASS,PASS,PASS,PASS,PASS,PASS,PASS,PASS,PASS,PASS,PASS,PASS,PASS,PASS,PASS,PASS,PASS,PASS,PASS,PASS,PASS,PASS,PASS,PASS,PASS,PASS,PASS,PASS,PASS,PASS,PASS,PASS,PASS,PASS,PASS
Cli,Cli_1,batch01__Cli_1__validateOption__cli_1f_validateOption_line40,cli_1f_validateOption__line40,validateOption,m06,,SUCCESS,FAIL,True,True,0,1,harness/runs/batch01__Cli_1__validateOption__cli_1f_validateOption_line40/execution/m06.log,PASS,PASS,PASS,PASS,PASS,PASS,PASS,PASS,PASS,PASS,PASS,PASS,PASS,PASS,PASS,PASS,PASS,PASS,PASS,PASS,PASS,PASS,PASS,PASS,PASS,PASS,PASS,PASS,PASS,PASS,PASS,PASS,PASS,PASS,FAIL,PASS,PASS,PASS,PASS,PASS,PASS,PASS,PASS,PASS,PASS,PASS,PASS,PASS,PASS,PASS,PASS,PASS,PASS,PASS,PASS,PASS,PASS,PASS,PASS,PASS,PASS,PASS,PASS,PASS,PASS,PASS,PASS,PASS,PASS,PASS,PASS,PASS,PASS,PASS,PASS,PASS,PASS,PASS,PASS,PASS,PASS,PASS,PASS,PASS,PASS,PASS,PASS,PASS,PASS,PASS,PASS,PASS
Cli,Cli_1,batch01__Cli_1__validateOption__cli_1f_validateOption_line40,cli_1f_validateOption__line40,validateOption,m07,,SUCCESS,FAIL,True,True,0,1,harness/runs/batch01__Cli_1__validateOption__cli_1f_validateOption_line40/execution/m07.log,PASS,PASS,PASS,PASS,PASS,PASS,PASS,PASS,PASS,PASS,PASS,PASS,PASS,PASS,PASS,PASS,PASS,PASS,PASS,PASS,PASS,PASS,PASS,PASS,PASS,PASS,PASS,PASS,PASS,PASS,PASS,PASS,PASS,PASS,FAIL,PASS,PASS,PASS,PASS,PASS,PASS,PASS,PASS,PASS,PASS,PASS,PASS,PASS,PASS,PASS,PASS,PASS,PASS,PASS,PASS,PASS,PASS,PASS,PASS,PASS,PASS,PASS,PASS,PASS,PASS,PASS,PASS,PASS,PASS,PASS,PASS,PASS,PASS,PASS,PASS,PASS,PASS,PASS,PASS,PASS,PASS,PASS,PASS,PASS,PASS,PASS,PASS,PASS,PASS,PASS,PASS,PASS
Cli,Cli_1,batch02__Cli_1__appendOption__cli_1f_appendOption_line530,cli_1f_appendOption__line530,appendOption,m02,,SUCCESS,PASS,False,True,0,0,harness/runs/batch02__Cli_1__appendOption__cli_1f_appendOption_line530/execution/m02.log,PASS,PASS,PASS,PASS,PASS,PASS,PASS,PASS,PASS,PASS,PASS,PASS,PASS,PASS,PASS,PASS,PASS,PASS,PASS,PASS,PASS,PASS,PASS,PASS,PASS,PASS,PASS,PASS,PASS,PASS,PASS,PASS,PASS,PASS,PASS,PASS,PASS,PASS,PASS,PASS,PASS,PASS,PASS,PASS,PASS,PASS,PASS,PASS,PASS,PASS,PASS,PASS,PASS,PASS,PASS,PASS,PASS,PASS,PASS,PASS,PASS,PASS,PASS,PASS,PASS,PASS,PASS,PASS,PASS,PASS,PASS,PASS,PASS,PASS,PASS,PASS,PASS,PASS,PASS,PASS,PASS,PASS,PASS,PASS,PASS,PASS,PASS,PASS,PASS,PASS,PASS,PASS
Cli,Cli_1,batch02__Cli_1__appendOption__cli_1f_appendOption_line530,cli_1f_appendOption__line530,appendOption,m03,,SUCCESS,PASS,False,True,0,0,harness/runs/batch02__Cli_1__appendOption__cli_1f_appendOption_line530/execution/m03.log,PASS,PASS,PASS,PASS,PASS,PASS,PASS,PASS,PASS,PASS,PASS,PASS,PASS,PASS,PASS,PASS,PASS,PASS,PASS,PASS,PASS,PASS,PASS,PASS,PASS,PASS,PASS,PASS,PASS,PASS,PASS,PASS,PASS,PASS,PASS,PASS,PASS,PASS,PASS,PASS,PASS,PASS,PASS,PASS,PASS,PASS,PASS,PASS,PASS,PASS,PASS,PASS,PASS,PASS,PASS,PASS,PASS,PASS,PASS,PASS,PASS,PASS,PASS,PASS,PASS,PASS,PASS,PASS,PASS,PASS,PASS,PASS,PASS,PASS,PASS,PASS,PASS,PASS,PASS,PASS,PASS,PASS,PASS,PASS,PASS,PASS,PASS,PASS,PASS,PASS,PASS,PASS
Cli,Cli_1,batch02__Cli_1__appendOption__cli_1f_appendOption_line530,cli_1f_appendOption__line530,appendOption,m05,,SUCCESS,PASS,False,True,0,0,harness/runs/batch02__Cli_1__appendOption__cli_1f_appendOption_line530/execution/m05.log,PASS,PASS,PASS,PASS,PASS,PASS,PASS,PASS,PASS,PASS,PASS,PASS,PASS,PASS,PASS,PASS,PASS,PASS,PASS,PASS,PASS,PASS,PASS,PASS,PASS,PASS,PASS,PASS,PASS,PASS,PASS,PASS,PASS,PASS,PASS,PASS,PASS,PASS,PASS,PASS,PASS,PASS,PASS,PASS,PASS,PASS,PASS,PASS,PASS,PASS,PASS,PASS,PASS,PASS,PASS,PASS,PASS,PASS,PASS,PASS,PASS,PASS,PASS,PASS,PASS,PASS,PASS,PASS,PASS,PASS,PASS,PASS,PASS,PASS,PASS,PASS,PASS,PASS,PASS,PASS,PASS,PASS,PASS,PASS,PASS,PASS,PASS,PASS,PASS,PASS,PASS,PASS
Cli,Cli_1,batch02__Cli_1__appendOption__cli_1f_appendOption_line530,cli_1f_appendOption__line530,appendOption,m06,,SUCCESS,FAIL,True,True,0,1,harness/runs/batch02__Cli_1__appendOption__cli_1f_appendOption_line530/execution/m06.log,PASS,PASS,PASS,PASS,PASS,PASS,PASS,PASS,PASS,PASS,PASS,PASS,PASS,PASS,PASS,PASS,PASS,PASS,PASS,PASS,PASS,PASS,PASS,PASS,PASS,PASS,PASS,PASS,PASS,PASS,PASS,PASS,PASS,PASS,PASS,PASS,PASS,PASS,PASS,PASS,PASS,PASS,PASS,PASS,PASS,PASS,PASS,PASS,PASS,PASS,PASS,PASS,PASS,PASS,PASS,PASS,PASS,PASS,PASS,PASS,PASS,PASS,PASS,FAIL,PASS,PASS,PASS,PASS,PASS,PASS,PASS,PASS,PASS,PASS,PASS,PASS,PASS,PASS,PASS,PASS,PASS,PASS,PASS,PASS,PASS,PASS,PASS,PASS,PASS,PASS,PASS,PASS
Cli,Cli_1,batch02__Cli_1__appendOption__cli_1f_appendOption_line530,cli_1f_appendOption__line530,appendOption,m08,,SUCCESS,PASS,False,True,0,0,harness/runs/batch02__Cli_1__appendOption__cli_1f_appendOption_line530/execution/m08.log,PASS,PASS,PASS,PASS,PASS,PASS,PASS,PASS,PASS,PASS,PASS,PASS,PASS,PASS,PASS,PASS,PASS,PASS,PASS,PASS,PASS,PASS,PASS,PASS,PASS,PASS,PASS,PASS,PASS,PASS,PASS,PASS,PASS,PASS,PASS,PASS,PASS,PASS,PASS,PASS,PASS,PASS,PASS,PASS,PASS,PASS,PASS,PASS,PASS,PASS,PASS,PASS,PASS,PASS,PASS,PASS,PASS,PASS,PASS,PASS,PASS,PASS,PASS,PASS,PASS,PASS,PASS,PASS,PASS,PASS,PASS,PASS,PASS,PASS,PASS,PASS,PASS,PASS,PASS,PASS,PASS,PASS,PASS,PASS,PASS,PASS,PASS,PASS,PASS,PASS,PASS,PASS
Cli,Cli_1,batch02__Cli_1__burstToken__cli_1f_burstToken_line278,cli_1f_burstToken__line278,burstToken,m01,,SUCCESS,FAIL,True,True,0,1,harness/runs/batch02__Cli_1__burstToken__cli_1f_burstToken_line278/execution/m01.log,PASS,PASS,PASS,PASS,PASS,PASS,PASS,PASS,PASS,PASS,PASS,PASS,PASS,PASS,PASS,PASS,PASS,PASS,PASS,PASS,PASS,PASS,PASS,PASS,PASS,PASS,PASS,PASS,PASS,PASS,PASS,PASS,PASS,PASS,PASS,PASS,PASS,PASS,PASS,PASS,PASS,PASS,PASS,PASS,PASS,PASS,PASS,PASS,PASS,PASS,PASS,PASS,PASS,PASS,FAIL,PASS,PASS,PASS,PASS,PASS,PASS,PASS,PASS,PASS,PASS,PASS,PASS,PASS,PASS,PASS,PASS,PASS,PASS,PASS,PASS,PASS,PASS,PASS,PASS,PASS,PASS,PASS,PASS,PASS,PASS,PASS,PASS,PASS,PASS,PASS,PASS,PASS
Cli,Cli_1,batch02__Cli_1__burstToken__cli_1f_burstToken_line278,cli_1f_burstToken__line278,burstToken,m02,,SUCCESS,FAIL,True,True,0,11,harness/runs/batch02__Cli_1__burstToken__cli_1f_burstToken_line278/execution/m02.log,PASS,PASS,PASS,PASS,PASS,FAIL,PASS,FAIL,PASS,PASS,PASS,PASS,PASS,PASS,PASS,PASS,PASS,PASS,PASS,PASS,PASS,PASS,PASS,PASS,PASS,PASS,PASS,PASS,PASS,PASS,PASS,PASS,PASS,PASS,PASS,PASS,PASS,PASS,PASS,PASS,PASS,PASS,PASS,PASS,PASS,PASS,PASS,PASS,PASS,PASS,PASS,PASS,FAIL,PASS,PASS,PASS,FAIL,PASS,PASS,PASS,PASS,PASS,PASS,PASS,PASS,PASS,PASS,PASS,PASS,PASS,PASS,PASS,PASS,PASS,PASS,PASS,PASS,PASS,PASS,PASS,PASS,PASS,PASS,FAIL,FAIL,FAIL,FAIL,FAIL,FAIL,FAIL,PASS,PASS
Cli,Cli_1,batch02__Cli_1__burstToken__cli_1f_burstToken_line278,cli_1f_burstToken__line278,burstToken,m03,,SUCCESS,FAIL,True,True,0,1,harness/runs/batch02__Cli_1__burstToken__cli_1f_burstToken_line278/execution/m03.log,PASS,PASS,PASS,PASS,PASS,PASS,PASS,PASS,PASS,PASS,PASS,PASS,PASS,PASS,PASS,PASS,PASS,PASS,PASS,PASS,PASS,PASS,PASS,PASS,PASS,PASS,PASS,PASS,PASS,PASS,PASS,PASS,PASS,PASS,PASS,PASS,PASS,PASS,PASS,PASS,PASS,PASS,PASS,PASS,PASS,PASS,PASS,PASS,PASS,PASS,PASS,PASS,PASS,PASS,FAIL,PASS,PASS,PASS,PASS,PASS,PASS,PASS,PASS,PASS,PASS,PASS,PASS,PASS,PASS,PASS,PASS,PASS,PASS,PASS,PASS,PASS,PASS,PASS,PASS,PASS,PASS,PASS,PASS,PASS,PASS,PASS,PASS,PASS,PASS,PASS,PASS,PASS
Cli,Cli_1,batch02__Cli_1__burstToken__cli_1f_burstToken_line278,cli_1f_burstToken__line278,burstToken,m04,,SUCCESS,PASS,False,True,0,0,harness/runs/batch02__Cli_1__burstToken__cli_1f_burstToken_line278/execution/m04.log,PASS,PASS,PASS,PASS,PASS,PASS,PASS,PASS,PASS,PASS,PASS,PASS,PASS,PASS,PASS,PASS,PASS,PASS,PASS,PASS,PASS,PASS,PASS,PASS,PASS,PASS,PASS,PASS,PASS,PASS,PASS,PASS,PASS,PASS,PASS,PASS,PASS,PASS,PASS,PASS,PASS,PASS,PASS,PASS,PASS,PASS,PASS,PASS,PASS,PASS,PASS,PASS,PASS,PASS,PASS,PASS,PASS,PASS,PASS,PASS,PASS,PASS,PASS,PASS,PASS,PASS,PASS,PASS,PASS,PASS,PASS,PASS,PASS,PASS,PASS,PASS,PASS,PASS,PASS,PASS,PASS,PASS,PASS,PASS,PASS,PASS,PASS,PASS,PASS,PASS,PASS,PASS
Cli,Cli_1,batch02__Cli_1__burstToken__cli_1f_burstToken_line278,cli_1f_burstToken__line278,burstToken,m06,,FAIL,NOT_RUN,False,False,0,0,harness/runs/batch02__Cli_1__burstToken__cli_1f_burstToken_line278/execution/m06.log,BUILD_FAIL,BUILD_FAIL,BUILD_FAIL,BUILD_FAIL,BUILD_FAIL,BUILD_FAIL,BUILD_FAIL,BUILD_FAIL,BUILD_FAIL,BUILD_FAIL,BUILD_FAIL,BUILD_FAIL,BUILD_FAIL,BUILD_FAIL,BUILD_FAIL,BUILD_FAIL,BUILD_FAIL,BUILD_FAIL,BUILD_FAIL,BUILD_FAIL,BUILD_FAIL,BUILD_FAIL,BUILD_FAIL,BUILD_FAIL,BUILD_FAIL,BUILD_FAIL,BUILD_FAIL,BUILD_FAIL,BUILD_FAIL,BUILD_FAIL,BUILD_FAIL,BUILD_FAIL,BUILD_FAIL,BUILD_FAIL,BUILD_FAIL,BUILD_FAIL,BUILD_FAIL,BUILD_FAIL,BUILD_FAIL,BUILD_FAIL,BUILD_FAIL,BUILD_FAIL,BUILD_FAIL,BUILD_FAIL,BUILD_FAIL,BUILD_FAIL,BUILD_FAIL,BUILD_FAIL,BUILD_FAIL,BUILD_FAIL,BUILD_FAIL,BUILD_FAIL,BUILD_FAIL,BUILD_FAIL,BUILD_FAIL,BUILD_FAIL,BUILD_FAIL,BUILD_FAIL,BUILD_FAIL,BUILD_FAIL,BUILD_FAIL,BUILD_FAIL,BUILD_FAIL,BUILD_FAIL,BUILD_FAIL,BUILD_FAIL,BUILD_FAIL,BUILD_FAIL,BUILD_FAIL,BUILD_FAIL,BUILD_FAIL,BUILD_FAIL,BUILD_FAIL,BUILD_FAIL,BUILD_FAIL,BUILD_FAIL,BUILD_FAIL,BUILD_FAIL,BUILD_FAIL,BUILD_FAIL,BUILD_FAIL,BUILD_FAIL,BUILD_FAIL,BUILD_FAIL,BUILD_FAIL,BUILD_FAIL,BUILD_FAIL,BUILD_FAIL,BUILD_FAIL,BUILD_FAIL,BUILD_FAIL,BUILD_FAIL
Cli,Cli_1,batch02__Cli_1__burstToken__cli_1f_burstToken_line278,cli_1f_burstToken__line278,burstToken,m07,,SUCCESS,FAIL,True,True,0,1,harness/runs/batch02__Cli_1__burstToken__cli_1f_burstToken_line278/execution/m07.log,PASS,PASS,PASS,PASS,PASS,PASS,PASS,PASS,PASS,PASS,PASS,PASS,PASS,PASS,PASS,PASS,PASS,PASS,PASS,PASS,PASS,PASS,PASS,PASS,PASS,PASS,PASS,PASS,PASS,PASS,PASS,PASS,PASS,PASS,PASS,PASS,PASS,PASS,PASS,PASS,PASS,PASS,PASS,PASS,PASS,PASS,PASS,PASS,PASS,PASS,PASS,PASS,PASS,PASS,FAIL,PASS,PASS,PASS,PASS,PASS,PASS,PASS,PASS,PASS,PASS,PASS,PASS,PASS,PASS,PASS,PASS,PASS,PASS,PASS,PASS,PASS,PASS,PASS,PASS,PASS,PASS,PASS,PASS,PASS,PASS,PASS,PASS,PASS,PASS,PASS,PASS,PASS
Cli,Cli_1,batch02__Cli_1__burstToken__cli_1f_burstToken_line278,cli_1f_burstToken__line278,burstToken,m08,,SUCCESS,FAIL,True,True,0,13,harness/runs/batch02__Cli_1__burstToken__cli_1f_burstToken_line278/execution/m08.log,PASS,PASS,PASS,PASS,PASS,FAIL,PASS,FAIL,PASS,PASS,PASS,PASS,PASS,PASS,PASS,PASS,PASS,PASS,PASS,PASS,PASS,PASS,PASS,PASS,PASS,PASS,PASS,PASS,PASS,PASS,PASS,PASS,PASS,PASS,PASS,PASS,PASS,PASS,PASS,PASS,PASS,PASS,PASS,PASS,PASS,PASS,PASS,PASS,PASS,PASS,PASS,PASS,FAIL,PASS,FAIL,FAIL,FAIL,PASS,PASS,PASS,PASS,PASS,PASS,PASS,PASS,PASS,PASS,PASS,PASS,PASS,PASS,PASS,PASS,PASS,PASS,PASS,PASS,PASS,PASS,PASS,PASS,PASS,PASS,FAIL,FAIL,FAIL,FAIL,FAIL,FAIL,FAIL,PASS,PASS
Cli,Cli_1,batch02__Cli_1__createValue__cli_1f_createValue_line61,cli_1f_createValue__line61,createValue,m02,,SUCCESS,FAIL,True,True,0,1,harness/runs/batch02__Cli_1__createValue__cli_1f_createValue_line61/execution/m02.log,PASS,PASS,PASS,PASS,PASS,PASS,PASS,PASS,PASS,PASS,PASS,PASS,PASS,PASS,PASS,PASS,PASS,PASS,PASS,PASS,PASS,PASS,PASS,PASS,PASS,PASS,PASS,PASS,PASS,PASS,PASS,PASS,PASS,PASS,PASS,PASS,PASS,PASS,PASS,PASS,PASS,PASS,PASS,PASS,PASS,PASS,PASS,PASS,PASS,PASS,PASS,PASS,PASS,PASS,PASS,PASS,PASS,PASS,PASS,PASS,PASS,PASS,FAIL,PASS,PASS,PASS,PASS,PASS,PASS,PASS,PASS,PASS,PASS,PASS,PASS,PASS,PASS,PASS,PASS,PASS,PASS,PASS,PASS,PASS,PASS,PASS,PASS,PASS,PASS,PASS,PASS,PASS
Cli,Cli_1,batch02__Cli_1__createValue__cli_1f_createValue_line61,cli_1f_createValue__line61,createValue,m03,,FAIL,NOT_RUN,False,False,0,0,harness/runs/batch02__Cli_1__createValue__cli_1f_createValue_line61/execution/m03.log,BUILD_FAIL,BUILD_FAIL,BUILD_FAIL,BUILD_FAIL,BUILD_FAIL,BUILD_FAIL,BUILD_FAIL,BUILD_FAIL,BUILD_FAIL,BUILD_FAIL,BUILD_FAIL,BUILD_FAIL,BUILD_FAIL,BUILD_FAIL,BUILD_FAIL,BUILD_FAIL,BUILD_FAIL,BUILD_FAIL,BUILD_FAIL,BUILD_FAIL,BUILD_FAIL,BUILD_FAIL,BUILD_FAIL,BUILD_FAIL,BUILD_FAIL,BUILD_FAIL,BUILD_FAIL,BUILD_FAIL,BUILD_FAIL,BUILD_FAIL,BUILD_FAIL,BUILD_FAIL,BUILD_FAIL,BUILD_FAIL,BUILD_FAIL,BUILD_FAIL,BUILD_FAIL,BUILD_FAIL,BUILD_FAIL,BUILD_FAIL,BUILD_FAIL,BUILD_FAIL,BUILD_FAIL,BUILD_FAIL,BUILD_FAIL,BUILD_FAIL,BUILD_FAIL,BUILD_FAIL,BUILD_FAIL,BUILD_FAIL,BUILD_FAIL,BUILD_FAIL,BUILD_FAIL,BUILD_FAIL,BUILD_FAIL,BUILD_FAIL,BUILD_FAIL,BUILD_FAIL,BUILD_FAIL,BUILD_FAIL,BUILD_FAIL,BUILD_FAIL,BUILD_FAIL,BUILD_FAIL,BUILD_FAIL,BUILD_FAIL,BUILD_FAIL,BUILD_FAIL,BUILD_FAIL,BUILD_FAIL,BUILD_FAIL,BUILD_FAIL,BUILD_FAIL,BUILD_FAIL,BUILD_FAIL,BUILD_FAIL,BUILD_FAIL,BUILD_FAIL,BUILD_FAIL,BUILD_FAIL,BUILD_FAIL,BUILD_FAIL,BUILD_FAIL,BUILD_FAIL,BUILD_FAIL,BUILD_FAIL,BUILD_FAIL,BUILD_FAIL,BUILD_FAIL,BUILD_FAIL,BUILD_FAIL,BUILD_FAIL
Cli,Cli_1,batch02__Cli_1__createValue__cli_1f_createValue_line61,cli_1f_createValue__line61,createValue,m04,,FAIL,NOT_RUN,False,False,0,0,harness/runs/batch02__Cli_1__createValue__cli_1f_createValue_line61/execution/m04.log,BUILD_FAIL,BUILD_FAIL,BUILD_FAIL,BUILD_FAIL,BUILD_FAIL,BUILD_FAIL,BUILD_FAIL,BUILD_FAIL,BUILD_FAIL,BUILD_FAIL,BUILD_FAIL,BUILD_FAIL,BUILD_FAIL,BUILD_FAIL,BUILD_FAIL,BUILD_FAIL,BUILD_FAIL,BUILD_FAIL,BUILD_FAIL,BUILD_FAIL,BUILD_FAIL,BUILD_FAIL,BUILD_FAIL,BUILD_FAIL,BUILD_FAIL,BUILD_FAIL,BUILD_FAIL,BUILD_FAIL,BUILD_FAIL,BUILD_FAIL,BUILD_FAIL,BUILD_FAIL,BUILD_FAIL,BUILD_FAIL,BUILD_FAIL,BUILD_FAIL,BUILD_FAIL,BUILD_FAIL,BUILD_FAIL,BUILD_FAIL,BUILD_FAIL,BUILD_FAIL,BUILD_FAIL,BUILD_FAIL,BUILD_FAIL,BUILD_FAIL,BUILD_FAIL,BUILD_FAIL,BUILD_FAIL,BUILD_FAIL,BUILD_FAIL,BUILD_FAIL,BUILD_FAIL,BUILD_FAIL,BUILD_FAIL,BUILD_FAIL,BUILD_FAIL,BUILD_FAIL,BUILD_FAIL,BUILD_FAIL,BUILD_FAIL,BUILD_FAIL,BUILD_FAIL,BUILD_FAIL,BUILD_FAIL,BUILD_FAIL,BUILD_FAIL,BUILD_FAIL,BUILD_FAIL,BUILD_FAIL,BUILD_FAIL,BUILD_FAIL,BUILD_FAIL,BUILD_FAIL,BUILD_FAIL,BUILD_FAIL,BUILD_FAIL,BUILD_FAIL,BUILD_FAIL,BUILD_FAIL,BUILD_FAIL,BUILD_FAIL,BUILD_FAIL,BUILD_FAIL,BUILD_FAIL,BUILD_FAIL,BUILD_FAIL,BUILD_FAIL,BUILD_FAIL,BUILD_FAIL,BUILD_FAIL,BUILD_FAIL
Cli,Cli_1,batch02__Cli_1__createValue__cli_1f_createValue_line61,cli_1f_createValue__line61,createValue,m05,,SUCCESS,FAIL,True,True,0,1,harness/runs/batch02__Cli_1__createValue__cli_1f_createValue_line61/execution/m05.log,PASS,PASS,PASS,PASS,PASS,PASS,PASS,PASS,PASS,PASS,PASS,PASS,PASS,PASS,PASS,PASS,PASS,PASS,PASS,PASS,PASS,PASS,PASS,PASS,PASS,PASS,PASS,PASS,PASS,PASS,PASS,PASS,PASS,PASS,PASS,PASS,PASS,PASS,PASS,PASS,PASS,PASS,PASS,PASS,PASS,PASS,PASS,PASS,PASS,PASS,PASS,PASS,PASS,PASS,PASS,PASS,PASS,PASS,PASS,PASS,PASS,PASS,FAIL,PASS,PASS,PASS,PASS,PASS,PASS,PASS,PASS,PASS,PASS,PASS,PASS,PASS,PASS,PASS,PASS,PASS,PASS,PASS,PASS,PASS,PASS,PASS,PASS,PASS,PASS,PASS,PASS,PASS
Cli,Cli_1,batch02__Cli_1__createValue__cli_1f_createValue_line61,cli_1f_createValue__line61,createValue,m07,,FAIL,NOT_RUN,False,False,0,0,harness/runs/batch02__Cli_1__createValue__cli_1f_createValue_line61/execution/m07.log,BUILD_FAIL,BUILD_FAIL,BUILD_FAIL,BUILD_FAIL,BUILD_FAIL,BUILD_FAIL,BUILD_FAIL,BUILD_FAIL,BUILD_FAIL,BUILD_FAIL,BUILD_FAIL,BUILD_FAIL,BUILD_FAIL,BUILD_FAIL,BUILD_FAIL,BUILD_FAIL,BUILD_FAIL,BUILD_FAIL,BUILD_FAIL,BUILD_FAIL,BUILD_FAIL,BUILD_FAIL,BUILD_FAIL,BUILD_FAIL,BUILD_FAIL,BUILD_FAIL,BUILD_FAIL,BUILD_FAIL,BUILD_FAIL,BUILD_FAIL,BUILD_FAIL,BUILD_FAIL,BUILD_FAIL,BUILD_FAIL,BUILD_FAIL,BUILD_FAIL,BUILD_FAIL,BUILD_FAIL,BUILD_FAIL,BUILD_FAIL,BUILD_FAIL,BUILD_FAIL,BUILD_FAIL,BUILD_FAIL,BUILD_FAIL,BUILD_FAIL,BUILD_FAIL,BUILD_FAIL,BUILD_FAIL,BUILD_FAIL,BUILD_FAIL,BUILD_FAIL,BUILD_FAIL,BUILD_FAIL,BUILD_FAIL,BUILD_FAIL,BUILD_FAIL,BUILD_FAIL,BUILD_FAIL,BUILD_FAIL,BUILD_FAIL,BUILD_FAIL,BUILD_FAIL,BUILD_FAIL,BUILD_FAIL,BUILD_FAIL,BUILD_FAIL,BUILD_FAIL,BUILD_FAIL,BUILD_FAIL,BUILD_FAIL,BUILD_FAIL,BUILD_FAIL,BUILD_FAIL,BUILD_FAIL,BUILD_FAIL,BUILD_FAIL,BUILD_FAIL,BUILD_FAIL,BUILD_FAIL,BUILD_FAIL,BUILD_FAIL,BUILD_FAIL,BUILD_FAIL,BUILD_FAIL,BUILD_FAIL,BUILD_FAIL,BUILD_FAIL,BUILD_FAIL,BUILD_FAIL,BUILD_FAIL,BUILD_FAIL
Cli,Cli_1,batch02__Cli_1__equals__cli_1f_equals_line600,cli_1f_equals__line600,equals,m01,,SUCCESS,FAIL,True,True,0,2,harness/runs/batch02__Cli_1__equals__cli_1f_equals_line600/execution/m01.log,PASS,PASS,PASS,PASS,PASS,PASS,PASS,PASS,PASS,PASS,PASS,PASS,PASS,PASS,PASS,PASS,PASS,PASS,PASS,PASS,PASS,PASS,PASS,PASS,PASS,PASS,PASS,PASS,PASS,PASS,PASS,PASS,PASS,PASS,PASS,PASS,PASS,PASS,PASS,PASS,PASS,PASS,PASS,PASS,PASS,PASS,PASS,PASS,FAIL,PASS,PASS,PASS,PASS,PASS,PASS,PASS,PASS,PASS,PASS,PASS,PASS,PASS,PASS,PASS,PASS,FAIL,PASS,PASS,PASS,PASS,PASS,PASS,PASS,PASS,PASS,PASS,PASS,PASS,PASS,PASS,PASS,PASS,PASS,PASS,PASS,PASS,PASS,PASS,PASS,PASS,PASS,PASS
Cli,Cli_1,batch02__Cli_1__equals__cli_1f_equals_line600,cli_1f_equals__line600,equals,m02,,FAIL,NOT_RUN,False,False,0,0,harness/runs/batch02__Cli_1__equals__cli_1f_equals_line600/execution/m02.log,BUILD_FAIL,BUILD_FAIL,BUILD_FAIL,BUILD_FAIL,BUILD_FAIL,BUILD_FAIL,BUILD_FAIL,BUILD_FAIL,BUILD_FAIL,BUILD_FAIL,BUILD_FAIL,BUILD_FAIL,BUILD_FAIL,BUILD_FAIL,BUILD_FAIL,BUILD_FAIL,BUILD_FAIL,BUILD_FAIL,BUILD_FAIL,BUILD_FAIL,BUILD_FAIL,BUILD_FAIL,BUILD_FAIL,BUILD_FAIL,BUILD_FAIL,BUILD_FAIL,BUILD_FAIL,BUILD_FAIL,BUILD_FAIL,BUILD_FAIL,BUILD_FAIL,BUILD_FAIL,BUILD_FAIL,BUILD_FAIL,BUILD_FAIL,BUILD_FAIL,BUILD_FAIL,BUILD_FAIL,BUILD_FAIL,BUILD_FAIL,BUILD_FAIL,BUILD_FAIL,BUILD_FAIL,BUILD_FAIL,BUILD_FAIL,BUILD_FAIL,BUILD_FAIL,BUILD_FAIL,BUILD_FAIL,BUILD_FAIL,BUILD_FAIL,BUILD_FAIL,BUILD_FAIL,BUILD_FAIL,BUILD_FAIL,BUILD_FAIL,BUILD_FAIL,BUILD_FAIL,BUILD_FAIL,BUILD_FAIL,BUILD_FAIL,BUILD_FAIL,BUILD_FAIL,BUILD_FAIL,BUILD_FAIL,BUILD_FAIL,BUILD_FAIL,BUILD_FAIL,BUILD_FAIL,BUILD_FAIL,BUILD_FAIL,BUILD_FAIL,BUILD_FAIL,BUILD_FAIL,BUILD_FAIL,BUILD_FAIL,BUILD_FAIL,BUILD_FAIL,BUILD_FAIL,BUILD_FAIL,BUILD_FAIL,BUILD_FAIL,BUILD_FAIL,BUILD_FAIL,BUILD_FAIL,BUILD_FAIL,BUILD_FAIL,BUILD_FAIL,BUILD_FAIL,BUILD_FAIL,BUILD_FAIL,BUILD_FAIL
Cli,Cli_1,batch02__Cli_1__equals__cli_1f_equals_line600,cli_1f_equals__line600,equals,m03,,FAIL,NOT_RUN,False,False,0,0,harness/runs/batch02__Cli_1__equals__cli_1f_equals_line600/execution/m03.log,BUILD_FAIL,BUILD_FAIL,BUILD_FAIL,BUILD_FAIL,BUILD_FAIL,BUILD_FAIL,BUILD_FAIL,BUILD_FAIL,BUILD_FAIL,BUILD_FAIL,BUILD_FAIL,BUILD_FAIL,BUILD_FAIL,BUILD_FAIL,BUILD_FAIL,BUILD_FAIL,BUILD_FAIL,BUILD_FAIL,BUILD_FAIL,BUILD_FAIL,BUILD_FAIL,BUILD_FAIL,BUILD_FAIL,BUILD_FAIL,BUILD_FAIL,BUILD_FAIL,BUILD_FAIL,BUILD_FAIL,BUILD_FAIL,BUILD_FAIL,BUILD_FAIL,BUILD_FAIL,BUILD_FAIL,BUILD_FAIL,BUILD_FAIL,BUILD_FAIL,BUILD_FAIL,BUILD_FAIL,BUILD_FAIL,BUILD_FAIL,BUILD_FAIL,BUILD_FAIL,BUILD_FAIL,BUILD_FAIL,BUILD_FAIL,BUILD_FAIL,BUILD_FAIL,BUILD_FAIL,BUILD_FAIL,BUILD_FAIL,BUILD_FAIL,BUILD_FAIL,BUILD_FAIL,BUILD_FAIL,BUILD_FAIL,BUILD_FAIL,BUILD_FAIL,BUILD_FAIL,BUILD_FAIL,BUILD_FAIL,BUILD_FAIL,BUILD_FAIL,BUILD_FAIL,BUILD_FAIL,BUILD_FAIL,BUILD_FAIL,BUILD_FAIL,BUILD_FAIL,BUILD_FAIL,BUILD_FAIL,BUILD_FAIL,BUILD_FAIL,BUILD_FAIL,BUILD_FAIL,BUILD_FAIL,BUILD_FAIL,BUILD_FAIL,BUILD_FAIL,BUILD_FAIL,BUILD_FAIL,BUILD_FAIL,BUILD_FAIL,BUILD_FAIL,BUILD_FAIL,BUILD_FAIL,BUILD_FAIL,BUILD_FAIL,BUILD_FAIL,BUILD_FAIL,BUILD_FAIL,BUILD_FAIL,BUILD_FAIL
Cli,Cli_1,batch02__Cli_1__equals__cli_1f_equals_line600,cli_1f_equals__line600,equals,m04,,FAIL,NOT_RUN,False,False,0,0,harness/runs/batch02__Cli_1__equals__cli_1f_equals_line600/execution/m04.log,BUILD_FAIL,BUILD_FAIL,BUILD_FAIL,BUILD_FAIL,BUILD_FAIL,BUILD_FAIL,BUILD_FAIL,BUILD_FAIL,BUILD_FAIL,BUILD_FAIL,BUILD_FAIL,BUILD_FAIL,BUILD_FAIL,BUILD_FAIL,BUILD_FAIL,BUILD_FAIL,BUILD_FAIL,BUILD_FAIL,BUILD_FAIL,BUILD_FAIL,BUILD_FAIL,BUILD_FAIL,BUILD_FAIL,BUILD_FAIL,BUILD_FAIL,BUILD_FAIL,BUILD_FAIL,BUILD_FAIL,BUILD_FAIL,BUILD_FAIL,BUILD_FAIL,BUILD_FAIL,BUILD_FAIL,BUILD_FAIL,BUILD_FAIL,BUILD_FAIL,BUILD_FAIL,BUILD_FAIL,BUILD_FAIL,BUILD_FAIL,BUILD_FAIL,BUILD_FAIL,BUILD_FAIL,BUILD_FAIL,BUILD_FAIL,BUILD_FAIL,BUILD_FAIL,BUILD_FAIL,BUILD_FAIL,BUILD_FAIL,BUILD_FAIL,BUILD_FAIL,BUILD_FAIL,BUILD_FAIL,BUILD_FAIL,BUILD_FAIL,BUILD_FAIL,BUILD_FAIL,BUILD_FAIL,BUILD_FAIL,BUILD_FAIL,BUILD_FAIL,BUILD_FAIL,BUILD_FAIL,BUILD_FAIL,BUILD_FAIL,BUILD_FAIL,BUILD_FAIL,BUILD_FAIL,BUILD_FAIL,BUILD_FAIL,BUILD_FAIL,BUILD_FAIL,BUILD_FAIL,BUILD_FAIL,BUILD_FAIL,BUILD_FAIL,BUILD_FAIL,BUILD_FAIL,BUILD_FAIL,BUILD_FAIL,BUILD_FAIL,BUILD_FAIL,BUILD_FAIL,BUILD_FAIL,BUILD_FAIL,BUILD_FAIL,BUILD_FAIL,BUILD_FAIL,BUILD_FAIL,BUILD_FAIL,BUILD_FAIL
Cli,Cli_1,batch02__Cli_1__equals__cli_1f_equals_line600,cli_1f_equals__line600,equals,m05,,FAIL,NOT_RUN,False,False,0,0,harness/runs/batch02__Cli_1__equals__cli_1f_equals_line600/execution/m05.log,BUILD_FAIL,BUILD_FAIL,BUILD_FAIL,BUILD_FAIL,BUILD_FAIL,BUILD_FAIL,BUILD_FAIL,BUILD_FAIL,BUILD_FAIL,BUILD_FAIL,BUILD_FAIL,BUILD_FAIL,BUILD_FAIL,BUILD_FAIL,BUILD_FAIL,BUILD_FAIL,BUILD_FAIL,BUILD_FAIL,BUILD_FAIL,BUILD_FAIL,BUILD_FAIL,BUILD_FAIL,BUILD_FAIL,BUILD_FAIL,BUILD_FAIL,BUILD_FAIL,BUILD_FAIL,BUILD_FAIL,BUILD_FAIL,BUILD_FAIL,BUILD_FAIL,BUILD_FAIL,BUILD_FAIL,BUILD_FAIL,BUILD_FAIL,BUILD_FAIL,BUILD_FAIL,BUILD_FAIL,BUILD_FAIL,BUILD_FAIL,BUILD_FAIL,BUILD_FAIL,BUILD_FAIL,BUILD_FAIL,BUILD_FAIL,BUILD_FAIL,BUILD_FAIL,BUILD_FAIL,BUILD_FAIL,BUILD_FAIL,BUILD_FAIL,BUILD_FAIL,BUILD_FAIL,BUILD_FAIL,BUILD_FAIL,BUILD_FAIL,BUILD_FAIL,BUILD_FAIL,BUILD_FAIL,BUILD_FAIL,BUILD_FAIL,BUILD_FAIL,BUILD_FAIL,BUILD_FAIL,BUILD_FAIL,BUILD_FAIL,BUILD_FAIL,BUILD_FAIL,BUILD_FAIL,BUILD_FAIL,BUILD_FAIL,BUILD_FAIL,BUILD_FAIL,BUILD_FAIL,BUILD_FAIL,BUILD_FAIL,BUILD_FAIL,BUILD_FAIL,BUILD_FAIL,BUILD_FAIL,BUILD_FAIL,BUILD_FAIL,BUILD_FAIL,BUILD_FAIL,BUILD_FAIL,BUILD_FAIL,BUILD_FAIL,BUILD_FAIL,BUILD_FAIL,BUILD_FAIL,BUILD_FAIL,BUILD_FAIL
Cli,Cli_1,batch02__Cli_1__equals__cli_1f_equals_line600,cli_1f_equals__line600,equals,m06,,FAIL,NOT_RUN,False,False,0,0,harness/runs/batch02__Cli_1__equals__cli_1f_equals_line600/execution/m06.log,BUILD_FAIL,BUILD_FAIL,BUILD_FAIL,BUILD_FAIL,BUILD_FAIL,BUILD_FAIL,BUILD_FAIL,BUILD_FAIL,BUILD_FAIL,BUILD_FAIL,BUILD_FAIL,BUILD_FAIL,BUILD_FAIL,BUILD_FAIL,BUILD_FAIL,BUILD_FAIL,BUILD_FAIL,BUILD_FAIL,BUILD_FAIL,BUILD_FAIL,BUILD_FAIL,BUILD_FAIL,BUILD_FAIL,BUILD_FAIL,BUILD_FAIL,BUILD_FAIL,BUILD_FAIL,BUILD_FAIL,BUILD_FAIL,BUILD_FAIL,BUILD_FAIL,BUILD_FAIL,BUILD_FAIL,BUILD_FAIL,BUILD_FAIL,BUILD_FAIL,BUILD_FAIL,BUILD_FAIL,BUILD_FAIL,BUILD_FAIL,BUILD_FAIL,BUILD_FAIL,BUILD_FAIL,BUILD_FAIL,BUILD_FAIL,BUILD_FAIL,BUILD_FAIL,BUILD_FAIL,BUILD_FAIL,BUILD_FAIL,BUILD_FAIL,BUILD_FAIL,BUILD_FAIL,BUILD_FAIL,BUILD_FAIL,BUILD_FAIL,BUILD_FAIL,BUILD_FAIL,BUILD_FAIL,BUILD_FAIL,BUILD_FAIL,BUILD_FAIL,BUILD_FAIL,BUILD_FAIL,BUILD_FAIL,BUILD_FAIL,BUILD_FAIL,BUILD_FAIL,BUILD_FAIL,BUILD_FAIL,BUILD_FAIL,BUILD_FAIL,BUILD_FAIL,BUILD_FAIL,BUILD_FAIL,BUILD_FAIL,BUILD_FAIL,BUILD_FAIL,BUILD_FAIL,BUILD_FAIL,BUILD_FAIL,BUILD_FAIL,BUILD_FAIL,BUILD_FAIL,BUILD_FAIL,BUILD_FAIL,BUILD_FAIL,BUILD_FAIL,BUILD_FAIL,BUILD_FAIL,BUILD_FAIL,BUILD_FAIL
Cli,Cli_1,batch02__Cli_1__equals__cli_1f_equals_line600,cli_1f_equals__line600,equals,m07,,SUCCESS,PASS,False,True,0,0,harness/runs/batch02__Cli_1__equals__cli_1f_equals_line600/execution/m07.log,PASS,PASS,PASS,PASS,PASS,PASS,PASS,PASS,PASS,PASS,PASS,PASS,PASS,PASS,PASS,PASS,PASS,PASS,PASS,PASS,PASS,PASS,PASS,PASS,PASS,PASS,PASS,PASS,PASS,PASS,PASS,PASS,PASS,PASS,PASS,PASS,PASS,PASS,PASS,PASS,PASS,PASS,PASS,PASS,PASS,PASS,PASS,PASS,PASS,PASS,PASS,PASS,PASS,PASS,PASS,PASS,PASS,PASS,PASS,PASS,PASS,PASS,PASS,PASS,PASS,PASS,PASS,PASS,PASS,PASS,PASS,PASS,PASS,PASS,PASS,PASS,PASS,PASS,PASS,PASS,PASS,PASS,PASS,PASS,PASS,PASS,PASS,PASS,PASS,PASS,PASS,PASS
Cli,Cli_1,batch02__Cli_1__equals__cli_1f_equals_line600,cli_1f_equals__line600,equals,m08,,SUCCESS,PASS,False,True,0,0,harness/runs/batch02__Cli_1__equals__cli_1f_equals_line600/execution/m08.log,PASS,PASS,PASS,PASS,PASS,PASS,PASS,PASS,PASS,PASS,PASS,PASS,PASS,PASS,PASS,PASS,PASS,PASS,PASS,PASS,PASS,PASS,PASS,PASS,PASS,PASS,PASS,PASS,PASS,PASS,PASS,PASS,PASS,PASS,PASS,PASS,PASS,PASS,PASS,PASS,PASS,PASS,PASS,PASS,PASS,PASS,PASS,PASS,PASS,PASS,PASS,PASS,PASS,PASS,PASS,PASS,PASS,PASS,PASS,PASS,PASS,PASS,PASS,PASS,PASS,PASS,PASS,PASS,PASS,PASS,PASS,PASS,PASS,PASS,PASS,PASS,PASS,PASS,PASS,PASS,PASS,PASS,PASS,PASS,PASS,PASS,PASS,PASS,PASS,PASS,PASS,PASS
Cli,Cli_1,batch02__Cli_1__findWrapPos__cli_1f_findWrapPos_line789,cli_1f_findWrapPos__line789,findWrapPos,m01,,SUCCESS,FAIL,True,True,0,7,harness/runs/batch02__Cli_1__findWrapPos__cli_1f_findWrapPos_line789/execution/m01.log,PASS,PASS,PASS,PASS,PASS,PASS,PASS,PASS,PASS,PASS,PASS,FAIL,PASS,PASS,PASS,PASS,FAIL,PASS,PASS,PASS,PASS,PASS,PASS,PASS,PASS,PASS,PASS,PASS,PASS,PASS,PASS,PASS,PASS,PASS,PASS,PASS,PASS,PASS,PASS,PASS,PASS,PASS,PASS,PASS,PASS,PASS,PASS,PASS,PASS,PASS,PASS,PASS,PASS,PASS,PASS,PASS,PASS,PASS,PASS,PASS,PASS,PASS,PASS,FAIL,FAIL,FAIL,FAIL,PASS,PASS,PASS,PASS,PASS,PASS,PASS,PASS,PASS,PASS,PASS,PASS,PASS,PASS,PASS,PASS,PASS,PASS,PASS,PASS,PASS,PASS,PASS,PASS,FAIL
Cli,Cli_1,batch02__Cli_1__findWrapPos__cli_1f_findWrapPos_line789,cli_1f_findWrapPos__line789,findWrapPos,m02,,SUCCESS,FAIL,True,True,0,0,harness/runs/batch02__Cli_1__findWrapPos__cli_1f_findWrapPos_line789/execution/m02.log,PASS,PASS,PASS,PASS,PASS,PASS,PASS,PASS,PASS,PASS,PASS,PASS,PASS,PASS,PASS,PASS,PASS,PASS,PASS,PASS,PASS,PASS,PASS,PASS,PASS,PASS,PASS,PASS,PASS,PASS,PASS,PASS,PASS,PASS,PASS,PASS,PASS,PASS,PASS,PASS,PASS,PASS,PASS,PASS,PASS,PASS,PASS,PASS,PASS,PASS,PASS,PASS,PASS,PASS,PASS,PASS,PASS,PASS,PASS,PASS,PASS,PASS,PASS,PASS,PASS,PASS,PASS,PASS,PASS,PASS,PASS,PASS,PASS,PASS,PASS,PASS,PASS,PASS,PASS,PASS,PASS,PASS,PASS,PASS,PASS,PASS,PASS,PASS,PASS,PASS,PASS,PASS
Cli,Cli_1,batch02__Cli_1__findWrapPos__cli_1f_findWrapPos_line789,cli_1f_findWrapPos__line789,findWrapPos,m04,,SUCCESS,FAIL,True,True,0,3,harness/runs/batch02__Cli_1__findWrapPos__cli_1f_findWrapPos_line789/execution/m04.log,PASS,PASS,PASS,PASS,PASS,PASS,PASS,PASS,PASS,PASS,PASS,PASS,PASS,PASS,PASS,PASS,PASS,PASS,PASS,PASS,PASS,PASS,PASS,PASS,PASS,PASS,PASS,PASS,PASS,PASS,PASS,PASS,PASS,PASS,PASS,PASS,PASS,PASS,PASS,PASS,PASS,PASS,PASS,PASS,PASS,PASS,PASS,PASS,PASS,PASS,PASS,PASS,PASS,PASS,PASS,PASS,PASS,PASS,PASS,PASS,PASS,PASS,PASS,PASS,FAIL,FAIL,FAIL,PASS,PASS,PASS,PASS,PASS,PASS,PASS,PASS,PASS,PASS,PASS,PASS,PASS,PASS,PASS,PASS,PASS,PASS,PASS,PASS,PASS,PASS,PASS,PASS,PASS
Cli,Cli_1,batch02__Cli_1__findWrapPos__cli_1f_findWrapPos_line789,cli_1f_findWrapPos__line789,findWrapPos,m05,,SUCCESS,FAIL,True,True,0,1,harness/runs/batch02__Cli_1__findWrapPos__cli_1f_findWrapPos_line789/execution/m05.log,PASS,PASS,PASS,PASS,PASS,PASS,PASS,PASS,PASS,PASS,PASS,PASS,PASS,PASS,PASS,PASS,PASS,PASS,PASS,PASS,PASS,PASS,PASS,PASS,PASS,PASS,PASS,PASS,PASS,PASS,PASS,PASS,PASS,PASS,PASS,PASS,PASS,PASS,PASS,PASS,PASS,PASS,PASS,PASS,PASS,PASS,PASS,PASS,PASS,PASS,PASS,PASS,PASS,PASS,PASS,PASS,PASS,PASS,PASS,PASS,PASS,PASS,PASS,PASS,FAIL,PASS,PASS,PASS,PASS,PASS,PASS,PASS,PASS,PASS,PASS,PASS,PASS,PASS,PASS,PASS,PASS,PASS,PASS,PASS,PASS,PASS,PASS,PASS,PASS,PASS,PASS,PASS
Cli,Cli_1,batch02__Cli_1__findWrapPos__cli_1f_findWrapPos_line789,cli_1f_findWrapPos__line789,findWrapPos,m06,,SUCCESS,FAIL,True,True,0,3,harness/runs/batch02__Cli_1__findWrapPos__cli_1f_findWrapPos_line789/execution/m06.log,PASS,PASS,PASS,PASS,PASS,PASS,PASS,PASS,PASS,PASS,PASS,PASS,PASS,PASS,PASS,PASS,FAIL,PASS,PASS,PASS,PASS,PASS,PASS,PASS,PASS,PASS,PASS,PASS,PASS,PASS,PASS,PASS,PASS,PASS,PASS,PASS,PASS,PASS,PASS,PASS,PASS,PASS,PASS,PASS,PASS,PASS,PASS,PASS,PASS,PASS,PASS,PASS,PASS,PASS,PASS,PASS,PASS,PASS,PASS,PASS,PASS,PASS,PASS,PASS,PASS,PASS,FAIL,PASS,PASS,PASS,PASS,PASS,PASS,PASS,PASS,PASS,PASS,PASS,PASS,PASS,PASS,PASS,PASS,PASS,PASS,PASS,PASS,PASS,PASS,PASS,PASS,FAIL
Cli,Cli_1,batch02__Cli_1__findWrapPos__cli_1f_findWrapPos_line789,cli_1f_findWrapPos__line789,findWrapPos,m07,,SUCCESS,FAIL,True,True,0,1,harness/runs/batch02__Cli_1__findWrapPos__cli_1f_findWrapPos_line789/execution/m07.log,PASS,PASS,PASS,PASS,PASS,PASS,PASS,PASS,PASS,PASS,PASS,PASS,PASS,PASS,PASS,PASS,PASS,PASS,PASS,PASS,PASS,PASS,PASS,PASS,PASS,PASS,PASS,PASS,PASS,PASS,PASS,PASS,PASS,PASS,PASS,PASS,PASS,PASS,PASS,PASS,PASS,PASS,PASS,PASS,PASS,PASS,PASS,PASS,PASS,PASS,PASS,PASS,PASS,PASS,PASS,PASS,PASS,PASS,PASS,PASS,PASS,PASS,PASS,PASS,PASS,PASS,FAIL,PASS,PASS,PASS,PASS,PASS,PASS,PASS,PASS,PASS,PASS,PASS,PASS,PASS,PASS,PASS,PASS,PASS,PASS,PASS,PASS,PASS,PASS,PASS,PASS,PASS
Cli,Cli_1,batch02__Cli_1__isValueCode__cli_1f_isValueCode_line136,cli_1f_isValueCode__line136,isValueCode,m01,,SUCCESS,FAIL,True,True,0,1,harness/runs/batch02__Cli_1__isValueCode__cli_1f_isValueCode_line136/execution/m01.log,PASS,PASS,PASS,PASS,PASS,PASS,PASS,PASS,PASS,PASS,PASS,PASS,PASS,PASS,PASS,PASS,PASS,PASS,PASS,PASS,PASS,PASS,PASS,PASS,PASS,PASS,PASS,PASS,PASS,PASS,PASS,PASS,PASS,PASS,PASS,PASS,PASS,PASS,PASS,PASS,PASS,PASS,PASS,PASS,PASS,PASS,PASS,PASS,PASS,PASS,PASS,PASS,PASS,PASS,PASS,PASS,PASS,PASS,PASS,PASS,PASS,PASS,FAIL,PASS,PASS,PASS,PASS,PASS,PASS,PASS,PASS,PASS,PASS,PASS,PASS,PASS,PASS,PASS,PASS,PASS,PASS,PASS,PASS,PASS,PASS,PASS,PASS,PASS,PASS,PASS,PASS,PASS
Cli,Cli_1,batch02__Cli_1__isValueCode__cli_1f_isValueCode_line136,cli_1f_isValueCode__line136,isValueCode,m02,,FAIL,NOT_RUN,False,False,0,0,harness/runs/batch02__Cli_1__isValueCode__cli_1f_isValueCode_line136/execution/m02.log,BUILD_FAIL,BUILD_FAIL,BUILD_FAIL,BUILD_FAIL,BUILD_FAIL,BUILD_FAIL,BUILD_FAIL,BUILD_FAIL,BUILD_FAIL,BUILD_FAIL,BUILD_FAIL,BUILD_FAIL,BUILD_FAIL,BUILD_FAIL,BUILD_FAIL,BUILD_FAIL,BUILD_FAIL,BUILD_FAIL,BUILD_FAIL,BUILD_FAIL,BUILD_FAIL,BUILD_FAIL,BUILD_FAIL,BUILD_FAIL,BUILD_FAIL,BUILD_FAIL,BUILD_FAIL,BUILD_FAIL,BUILD_FAIL,BUILD_FAIL,BUILD_FAIL,BUILD_FAIL,BUILD_FAIL,BUILD_FAIL,BUILD_FAIL,BUILD_FAIL,BUILD_FAIL,BUILD_FAIL,BUILD_FAIL,BUILD_FAIL,BUILD_FAIL,BUILD_FAIL,BUILD_FAIL,BUILD_FAIL,BUILD_FAIL,BUILD_FAIL,BUILD_FAIL,BUILD_FAIL,BUILD_FAIL,BUILD_FAIL,BUILD_FAIL,BUILD_FAIL,BUILD_FAIL,BUILD_FAIL,BUILD_FAIL,BUILD_FAIL,BUILD_FAIL,BUILD_FAIL,BUILD_FAIL,BUILD_FAIL,BUILD_FAIL,BUILD_FAIL,BUILD_FAIL,BUILD_FAIL,BUILD_FAIL,BUILD_FAIL,BUILD_FAIL,BUILD_FAIL,BUILD_FAIL,BUILD_FAIL,BUILD_FAIL,BUILD_FAIL,BUILD_FAIL,BUILD_FAIL,BUILD_FAIL,BUILD_FAIL,BUILD_FAIL,BUILD_FAIL,BUILD_FAIL,BUILD_FAIL,BUILD_FAIL,BUILD_FAIL,BUILD_FAIL,BUILD_FAIL,BUILD_FAIL,BUILD_FAIL,BUILD_FAIL,BUILD_FAIL,BUILD_FAIL,BUILD_FAIL,BUILD_FAIL,BUILD_FAIL
Cli,Cli_1,batch02__Cli_1__isValueCode__cli_1f_isValueCode_line136,cli_1f_isValueCode__line136,isValueCode,m04,,FAIL,NOT_RUN,False,False,0,0,harness/runs/batch02__Cli_1__isValueCode__cli_1f_isValueCode_line136/execution/m04.log,BUILD_FAIL,BUILD_FAIL,BUILD_FAIL,BUILD_FAIL,BUILD_FAIL,BUILD_FAIL,BUILD_FAIL,BUILD_FAIL,BUILD_FAIL,BUILD_FAIL,BUILD_FAIL,BUILD_FAIL,BUILD_FAIL,BUILD_FAIL,BUILD_FAIL,BUILD_FAIL,BUILD_FAIL,BUILD_FAIL,BUILD_FAIL,BUILD_FAIL,BUILD_FAIL,BUILD_FAIL,BUILD_FAIL,BUILD_FAIL,BUILD_FAIL,BUILD_FAIL,BUILD_FAIL,BUILD_FAIL,BUILD_FAIL,BUILD_FAIL,BUILD_FAIL,BUILD_FAIL,BUILD_FAIL,BUILD_FAIL,BUILD_FAIL,BUILD_FAIL,BUILD_FAIL,BUILD_FAIL,BUILD_FAIL,BUILD_FAIL,BUILD_FAIL,BUILD_FAIL,BUILD_FAIL,BUILD_FAIL,BUILD_FAIL,BUILD_FAIL,BUILD_FAIL,BUILD_FAIL,BUILD_FAIL,BUILD_FAIL,BUILD_FAIL,BUILD_FAIL,BUILD_FAIL,BUILD_FAIL,BUILD_FAIL,BUILD_FAIL,BUILD_FAIL,BUILD_FAIL,BUILD_FAIL,BUILD_FAIL,BUILD_FAIL,BUILD_FAIL,BUILD_FAIL,BUILD_FAIL,BUILD_FAIL,BUILD_FAIL,BUILD_FAIL,BUILD_FAIL,BUILD_FAIL,BUILD_FAIL,BUILD_FAIL,BUILD_FAIL,BUILD_FAIL,BUILD_FAIL,BUILD_FAIL,BUILD_FAIL,BUILD_FAIL,BUILD_FAIL,BUILD_FAIL,BUILD_FAIL,BUILD_FAIL,BUILD_FAIL,BUILD_FAIL,BUILD_FAIL,BUILD_FAIL,BUILD_FAIL,BUILD_FAIL,BUILD_FAIL,BUILD_FAIL,BUILD_FAIL,BUILD_FAIL,BUILD_FAIL
Cli,Cli_1,batch02__Cli_1__isValueCode__cli_1f_isValueCode_line136,cli_1f_isValueCode__line136,isValueCode,m05,,FAIL,NOT_RUN,False,False,0,0,harness/runs/batch02__Cli_1__isValueCode__cli_1f_isValueCode_line136/execution/m05.log,BUILD_FAIL,BUILD_FAIL,BUILD_FAIL,BUILD_FAIL,BUILD_FAIL,BUILD_FAIL,BUILD_FAIL,BUILD_FAIL,BUILD_FAIL,BUILD_FAIL,BUILD_FAIL,BUILD_FAIL,BUILD_FAIL,BUILD_FAIL,BUILD_FAIL,BUILD_FAIL,BUILD_FAIL,BUILD_FAIL,BUILD_FAIL,BUILD_FAIL,BUILD_FAIL,BUILD_FAIL,BUILD_FAIL,BUILD_FAIL,BUILD_FAIL,BUILD_FAIL,BUILD_FAIL,BUILD_FAIL,BUILD_FAIL,BUILD_FAIL,BUILD_FAIL,BUILD_FAIL,BUILD_FAIL,BUILD_FAIL,BUILD_FAIL,BUILD_FAIL,BUILD_FAIL,BUILD_FAIL,BUILD_FAIL,BUILD_FAIL,BUILD_FAIL,BUILD_FAIL,BUILD_FAIL,BUILD_FAIL,BUILD_FAIL,BUILD_FAIL,BUILD_FAIL,BUILD_FAIL,BUILD_FAIL,BUILD_FAIL,BUILD_FAIL,BUILD_FAIL,BUILD_FAIL,BUILD_FAIL,BUILD_FAIL,BUILD_FAIL,BUILD_FAIL,BUILD_FAIL,BUILD_FAIL,BUILD_FAIL,BUILD_FAIL,BUILD_FAIL,BUILD_FAIL,BUILD_FAIL,BUILD_FAIL,BUILD_FAIL,BUILD_FAIL,BUILD_FAIL,BUILD_FAIL,BUILD_FAIL,BUILD_FAIL,BUILD_FAIL,BUILD_FAIL,BUILD_FAIL,BUILD_FAIL,BUILD_FAIL,BUILD_FAIL,BUILD_FAIL,BUILD_FAIL,BUILD_FAIL,BUILD_FAIL,BUILD_FAIL,BUILD_FAIL,BUILD_FAIL,BUILD_FAIL,BUILD_FAIL,BUILD_FAIL,BUILD_FAIL,BUILD_FAIL,BUILD_FAIL,BUILD_FAIL,BUILD_FAIL
Cli,Cli_1,batch02__Cli_1__option__cli_1f_option_line48,cli_1f_option__line48,option,m01,,SUCCESS,PASS,False,True,0,0,harness/runs/batch02__Cli_1__option__cli_1f_option_line48/execution/m01.log,PASS,PASS,PASS,PASS,PASS,PASS,PASS,PASS,PASS,PASS,PASS,PASS,PASS,PASS,PASS,PASS,PASS,PASS,PASS,PASS,PASS,PASS,PASS,PASS,PASS,PASS,PASS,PASS,PASS,PASS,PASS,PASS,PASS,PASS,PASS,PASS,PASS,PASS,PASS,PASS,PASS,PASS,PASS,PASS,PASS,PASS,PASS,PASS,PASS,PASS,PASS,PASS,PASS,PASS,PASS,PASS,PASS,PASS,PASS,PASS,PASS,PASS,PASS,PASS,PASS,PASS,PASS,PASS,PASS,PASS,PASS,PASS,PASS,PASS,PASS,PASS,PASS,PASS,PASS,PASS,PASS,PASS,PASS,PASS,PASS,PASS,PASS,PASS,PASS,PASS,PASS,PASS
Cli,Cli_1,batch02__Cli_1__option__cli_1f_option_line48,cli_1f_option__line48,option,m02,,SUCCESS,PASS,False,True,0,0,harness/runs/batch02__Cli_1__option__cli_1f_option_line48/execution/m02.log,PASS,PASS,PASS,PASS,PASS,PASS,PASS,PASS,PASS,PASS,PASS,PASS,PASS,PASS,PASS,PASS,PASS,PASS,PASS,PASS,PASS,PASS,PASS,PASS,PASS,PASS,PASS,PASS,PASS,PASS,PASS,PASS,PASS,PASS,PASS,PASS,PASS,PASS,PASS,PASS,PASS,PASS,PASS,PASS,PASS,PASS,PASS,PASS,PASS,PASS,PASS,PASS,PASS,PASS,PASS,PASS,PASS,PASS,PASS,PASS,PASS,PASS,PASS,PASS,PASS,PASS,PASS,PASS,PASS,PASS,PASS,PASS,PASS,PASS,PASS,PASS,PASS,PASS,PASS,PASS,PASS,PASS,PASS,PASS,PASS,PASS,PASS,PASS,PASS,PASS,PASS,PASS
Cli,Cli_1,batch02__Cli_1__option__cli_1f_option_line48,cli_1f_option__line48,option,m03,,SUCCESS,PASS,False,True,0,0,harness/runs/batch02__Cli_1__option__cli_1f_option_line48/execution/m03.log,PASS,PASS,PASS,PASS,PASS,PASS,PASS,PASS,PASS,PASS,PASS,PASS,PASS,PASS,PASS,PASS,PASS,PASS,PASS,PASS,PASS,PASS,PASS,PASS,PASS,PASS,PASS,PASS,PASS,PASS,PASS,PASS,PASS,PASS,PASS,PASS,PASS,PASS,PASS,PASS,PASS,PASS,PASS,PASS,PASS,PASS,PASS,PASS,PASS,PASS,PASS,PASS,PASS,PASS,PASS,PASS,PASS,PASS,PASS,PASS,PASS,PASS,PASS,PASS,PASS,PASS,PASS,PASS,PASS,PASS,PASS,PASS,PASS,PASS,PASS,PASS,PASS,PASS,PASS,PASS,PASS,PASS,PASS,PASS,PASS,PASS,PASS,PASS,PASS,PASS,PASS,PASS
Cli,Cli_1,batch02__Cli_1__option__cli_1f_option_line48,cli_1f_option__line48,option,m04,,SUCCESS,PASS,False,True,0,0,harness/runs/batch02__Cli_1__option__cli_1f_option_line48/execution/m04.log,PASS,PASS,PASS,PASS,PASS,PASS,PASS,PASS,PASS,PASS,PASS,PASS,PASS,PASS,PASS,PASS,PASS,PASS,PASS,PASS,PASS,PASS,PASS,PASS,PASS,PASS,PASS,PASS,PASS,PASS,PASS,PASS,PASS,PASS,PASS,PASS,PASS,PASS,PASS,PASS,PASS,PASS,PASS,PASS,PASS,PASS,PASS,PASS,PASS,PASS,PASS,PASS,PASS,PASS,PASS,PASS,PASS,PASS,PASS,PASS,PASS,PASS,PASS,PASS,PASS,PASS,PASS,PASS,PASS,PASS,PASS,PASS,PASS,PASS,PASS,PASS,PASS,PASS,PASS,PASS,PASS,PASS,PASS,PASS,PASS,PASS,PASS,PASS,PASS,PASS,PASS,PASS
Cli,Cli_1,batch02__Cli_1__option__cli_1f_option_line48,cli_1f_option__line48,option,m05,,SUCCESS,PASS,False,True,0,0,harness/runs/batch02__Cli_1__option__cli_1f_option_line48/execution/m05.log,PASS,PASS,PASS,PASS,PASS,PASS,PASS,PASS,PASS,PASS,PASS,PASS,PASS,PASS,PASS,PASS,PASS,PASS,PASS,PASS,PASS,PASS,PASS,PASS,PASS,PASS,PASS,PASS,PASS,PASS,PASS,PASS,PASS,PASS,PASS,PASS,PASS,PASS,PASS,PASS,PASS,PASS,PASS,PASS,PASS,PASS,PASS,PASS,PASS,PASS,PASS,PASS,PASS,PASS,PASS,PASS,PASS,PASS,PASS,PASS,PASS,PASS,PASS,PASS,PASS,PASS,PASS,PASS,PASS,PASS,PASS,PASS,PASS,PASS,PASS,PASS,PASS,PASS,PASS,PASS,PASS,PASS,PASS,PASS,PASS,PASS,PASS,PASS,PASS,PASS,PASS,PASS
Cli,Cli_1,batch02__Cli_1__option__cli_1f_option_line48,cli_1f_option__line48,option,m06,,SUCCESS,PASS,False,True,0,0,harness/runs/batch02__Cli_1__option__cli_1f_option_line48/execution/m06.log,PASS,PASS,PASS,PASS,PASS,PASS,PASS,PASS,PASS,PASS,PASS,PASS,PASS,PASS,PASS,PASS,PASS,PASS,PASS,PASS,PASS,PASS,PASS,PASS,PASS,PASS,PASS,PASS,PASS,PASS,PASS,PASS,PASS,PASS,PASS,PASS,PASS,PASS,PASS,PASS,PASS,PASS,PASS,PASS,PASS,PASS,PASS,PASS,PASS,PASS,PASS,PASS,PASS,PASS,PASS,PASS,PASS,PASS,PASS,PASS,PASS,PASS,PASS,PASS,PASS,PASS,PASS,PASS,PASS,PASS,PASS,PASS,PASS,PASS,PASS,PASS,PASS,PASS,PASS,PASS,PASS,PASS,PASS,PASS,PASS,PASS,PASS,PASS,PASS,PASS,PASS,PASS
Cli,Cli_1,batch02__Cli_1__option__cli_1f_option_line48,cli_1f_option__line48,option,m07,,SUCCESS,PASS,False,True,0,0,harness/runs/batch02__Cli_1__option__cli_1f_option_line48/execution/m07.log,PASS,PASS,PASS,PASS,PASS,PASS,PASS,PASS,PASS,PASS,PASS,PASS,PASS,PASS,PASS,PASS,PASS,PASS,PASS,PASS,PASS,PASS,PASS,PASS,PASS,PASS,PASS,PASS,PASS,PASS,PASS,PASS,PASS,PASS,PASS,PASS,PASS,PASS,PASS,PASS,PASS,PASS,PASS,PASS,PASS,PASS,PASS,PASS,PASS,PASS,PASS,PASS,PASS,PASS,PASS,PASS,PASS,PASS,PASS,PASS,PASS,PASS,PASS,PASS,PASS,PASS,PASS,PASS,PASS,PASS,PASS,PASS,PASS,PASS,PASS,PASS,PASS,PASS,PASS,PASS,PASS,PASS,PASS,PASS,PASS,PASS,PASS,PASS,PASS,PASS,PASS,PASS
Cli,Cli_1,batch02__Cli_1__option__cli_1f_option_line48,cli_1f_option__line48,option,m08,,SUCCESS,PASS,False,True,0,0,harness/runs/batch02__Cli_1__option__cli_1f_option_line48/execution/m08.log,PASS,PASS,PASS,PASS,PASS,PASS,PASS,PASS,PASS,PASS,PASS,PASS,PASS,PASS,PASS,PASS,PASS,PASS,PASS,PASS,PASS,PASS,PASS,PASS,PASS,PASS,PASS,PASS,PASS,PASS,PASS,PASS,PASS,PASS,PASS,PASS,PASS,PASS,PASS,PASS,PASS,PASS,PASS,PASS,PASS,PASS,PASS,PASS,PASS,PASS,PASS,PASS,PASS,PASS,PASS,PASS,PASS,PASS,PASS,PASS,PASS,PASS,PASS,PASS,PASS,PASS,PASS,PASS,PASS,PASS,PASS,PASS,PASS,PASS,PASS,PASS,PASS,PASS,PASS,PASS,PASS,PASS,PASS,PASS,PASS,PASS,PASS,PASS,PASS,PASS,PASS,PASS
Cli,Cli_1,batch02__Cli_1__processArgs__cli_1f_processArgs_line314,cli_1f_processArgs__line314,processArgs,m02,,SUCCESS,FAIL,True,True,0,0,harness/runs/batch02__Cli_1__processArgs__cli_1f_processArgs_line314/execution/m02.log,PASS,PASS,PASS,PASS,PASS,PASS,PASS,PASS,PASS,PASS,PASS,PASS,PASS,PASS,PASS,PASS,PASS,PASS,PASS,PASS,PASS,PASS,PASS,PASS,PASS,PASS,PASS,PASS,PASS,PASS,PASS,PASS,PASS,PASS,PASS,PASS,PASS,PASS,PASS,PASS,PASS,PASS,PASS,PASS,PASS,PASS,PASS,PASS,PASS,PASS,PASS,PASS,PASS,PASS,PASS,PASS,PASS,PASS,PASS,PASS,PASS,PASS,PASS,PASS,PASS,PASS,PASS,PASS,PASS,PASS,PASS,PASS,PASS,PASS,PASS,PASS,PASS,PASS,PASS,PASS,PASS,PASS,PASS,PASS,PASS,PASS,PASS,PASS,PASS,PASS,PASS,PASS
Cli,Cli_1,batch02__Cli_1__processArgs__cli_1f_processArgs_line314,cli_1f_processArgs__line314,processArgs,m03,,SUCCESS,FAIL,True,True,0,47,harness/runs/batch02__Cli_1__processArgs__cli_1f_processArgs_line314/execution/m03.log,FAIL,FAIL,PASS,FAIL,FAIL,FAIL,PASS,FAIL,FAIL,PASS,PASS,PASS,PASS,PASS,FAIL,FAIL,PASS,PASS,PASS,PASS,PASS,PASS,PASS,PASS,PASS,FAIL,FAIL,FAIL,FAIL,FAIL,PASS,PASS,PASS,PASS,PASS,PASS,PASS,PASS,PASS,PASS,PASS,PASS,PASS,PASS,PASS,PASS,PASS,PASS,PASS,PASS,FAIL,FAIL,FAIL,PASS,PASS,PASS,FAIL,FAIL,FAIL,FAIL,FAIL,PASS,FAIL,PASS,PASS,PASS,PASS,FAIL,FAIL,FAIL,FAIL,FAIL,FAIL,FAIL,FAIL,FAIL,FAIL,FAIL,FAIL,FAIL,FAIL,FAIL,FAIL,FAIL,FAIL,FAIL,FAIL,FAIL,FAIL,FAIL,FAIL,PASS
Cli,Cli_1,batch02__Cli_1__processArgs__cli_1f_processArgs_line314,cli_1f_processArgs__line314,processArgs,m04,,SUCCESS,FAIL,True,True,0,1,harness/runs/batch02__Cli_1__processArgs__cli_1f_processArgs_line314/execution/m04.log,PASS,PASS,PASS,PASS,PASS,PASS,PASS,PASS,PASS,PASS,PASS,PASS,PASS,PASS,PASS,FAIL,PASS,PASS,PASS,PASS,PASS,PASS,PASS,PASS,PASS,PASS,PASS,PASS,PASS,PASS,PASS,PASS,PASS,PASS,PASS,PASS,PASS,PASS,PASS,PASS,PASS,PASS,PASS,PASS,PASS,PASS,PASS,PASS,PASS,PASS,PASS,PASS,PASS,PASS,PASS,PASS,PASS,PASS,PASS,PASS,PASS,PASS,PASS,PASS,PASS,PASS,PASS,PASS,PASS,PASS,PASS,PASS,PASS,PASS,PASS,PASS,PASS,PASS,PASS,PASS,PASS,PASS,PASS,PASS,PASS,PASS,PASS,PASS,PASS,PASS,PASS,PASS
Cli,Cli_1,batch02__Cli_1__processArgs__cli_1f_processArgs_line314,cli_1f_processArgs__line314,processArgs,m05,,SUCCESS,FAIL,True,True,0,8,harness/runs/batch02__Cli_1__processArgs__cli_1f_processArgs_line314/execution/m05.log,PASS,PASS,PASS,PASS,PASS,PASS,PASS,PASS,PASS,PASS,PASS,PASS,PASS,PASS,PASS,PASS,PASS,PASS,PASS,PASS,PASS,PASS,PASS,PASS,PASS,PASS,PASS,FAIL,FAIL,PASS,PASS,PASS,PASS,PASS,PASS,PASS,PASS,PASS,PASS,PASS,PASS,PASS,PASS,PASS,PASS,PASS,PASS,PASS,PASS,PASS,PASS,PASS,FAIL,PASS,PASS,PASS,PASS,PASS,FAIL,FAIL,PASS,PASS,PASS,PASS,PASS,PASS,PASS,PASS,PASS,PASS,FAIL,PASS,PASS,PASS,PASS,PASS,PASS,PASS,PASS,PASS,PASS,FAIL,PASS,PASS,PASS,FAIL,PASS,PASS,PASS,PASS,PASS,PASS
Cli,Cli_1,batch02__Cli_1__processArgs__cli_1f_processArgs_line314,cli_1f_processArgs__line314,processArgs,m06,,FAIL,NOT_RUN,False,False,0,0,harness/runs/batch02__Cli_1__processArgs__cli_1f_processArgs_line314/execution/m06.log,BUILD_FAIL,BUILD_FAIL,BUILD_FAIL,BUILD_FAIL,BUILD_FAIL,BUILD_FAIL,BUILD_FAIL,BUILD_FAIL,BUILD_FAIL,BUILD_FAIL,BUILD_FAIL,BUILD_FAIL,BUILD_FAIL,BUILD_FAIL,BUILD_FAIL,BUILD_FAIL,BUILD_FAIL,BUILD_FAIL,BUILD_FAIL,BUILD_FAIL,BUILD_FAIL,BUILD_FAIL,BUILD_FAIL,BUILD_FAIL,BUILD_FAIL,BUILD_FAIL,BUILD_FAIL,BUILD_FAIL,BUILD_FAIL,BUILD_FAIL,BUILD_FAIL,BUILD_FAIL,BUILD_FAIL,BUILD_FAIL,BUILD_FAIL,BUILD_FAIL,BUILD_FAIL,BUILD_FAIL,BUILD_FAIL,BUILD_FAIL,BUILD_FAIL,BUILD_FAIL,BUILD_FAIL,BUILD_FAIL,BUILD_FAIL,BUILD_FAIL,BUILD_FAIL,BUILD_FAIL,BUILD_FAIL,BUILD_FAIL,BUILD_FAIL,BUILD_FAIL,BUILD_FAIL,BUILD_FAIL,BUILD_FAIL,BUILD_FAIL,BUILD_FAIL,BUILD_FAIL,BUILD_FAIL,BUILD_FAIL,BUILD_FAIL,BUILD_FAIL,BUILD_FAIL,BUILD_FAIL,BUILD_FAIL,BUILD_FAIL,BUILD_FAIL,BUILD_FAIL,BUILD_FAIL,BUILD_FAIL,BUILD_FAIL,BUILD_FAIL,BUILD_FAIL,BUILD_FAIL,BUILD_FAIL,BUILD_FAIL,BUILD_FAIL,BUILD_FAIL,BUILD_FAIL,BUILD_FAIL,BUILD_FAIL,BUILD_FAIL,BUILD_FAIL,BUILD_FAIL,BUILD_FAIL,BUILD_FAIL,BUILD_FAIL,BUILD_FAIL,BUILD_FAIL,BUILD_FAIL,BUILD_FAIL,BUILD_FAIL
Cli,Cli_1,batch02__Cli_1__processArgs__cli_1f_processArgs_line314,cli_1f_processArgs__line314,processArgs,m07,,SUCCESS,FAIL,True,True,0,47,harness/runs/batch02__Cli_1__processArgs__cli_1f_processArgs_line314/execution/m07.log,FAIL,FAIL,PASS,FAIL,FAIL,FAIL,PASS,FAIL,FAIL,PASS,PASS,PASS,PASS,PASS,FAIL,FAIL,PASS,PASS,PASS,PASS,PASS,PASS,PASS,PASS,PASS,FAIL,FAIL,FAIL,FAIL,FAIL,PASS,PASS,PASS,PASS,PASS,PASS,PASS,PASS,PASS,PASS,PASS,PASS,PASS,PASS,PASS,PASS,PASS,PASS,PASS,PASS,FAIL,FAIL,FAIL,PASS,PASS,PASS,FAIL,FAIL,FAIL,FAIL,FAIL,PASS,FAIL,PASS,PASS,PASS,PASS,FAIL,FAIL,FAIL,FAIL,FAIL,FAIL,FAIL,FAIL,FAIL,FAIL,FAIL,FAIL,FAIL,FAIL,FAIL,FAIL,FAIL,FAIL,FAIL,FAIL,FAIL,FAIL,FAIL,FAIL,PASS
Cli,Cli_1,batch02__Cli_1__processArgs__cli_1f_processArgs_line314,cli_1f_processArgs__line314,processArgs,m08,,SUCCESS,FAIL,True,True,0,14,harness/runs/batch02__Cli_1__processArgs__cli_1f_processArgs_line314/execution/m08.log,FAIL,PASS,PASS,PASS,PASS,FAIL,PASS,FAIL,PASS,PASS,PASS,PASS,PASS,PASS,PASS,PASS,PASS,PASS,PASS,PASS,PASS,PASS,PASS,PASS,PASS,PASS,PASS,PASS,PASS,FAIL,PASS,PASS,PASS,PASS,PASS,PASS,PASS,PASS,PASS,PASS,PASS,PASS,PASS,PASS,PASS,PASS,PASS,PASS,PASS,PASS,PASS,PASS,PASS,PASS,PASS,PASS,PASS,PASS,PASS,PASS,FAIL,PASS,FAIL,PASS,PASS,PASS,PASS,FAIL,PASS,PASS,PASS,PASS,FAIL,PASS,PASS,PASS,FAIL,PASS,PASS,PASS,PASS,PASS,PASS,FAIL,FAIL,FAIL,PASS,FAIL,FAIL,PASS,PASS,PASS
Cli,Cli_1,batch02__Cli_1__processProperties__cli_1f_processProperties_line228,cli_1f_processProperties__line228,processProperties,m01,,SUCCESS,FAIL,True,True,0,4,harness/runs/batch02__Cli_1__processProperties__cli_1f_processProperties_line228/execution/m01.log,PASS,PASS,PASS,PASS,PASS,PASS,PASS,PASS,PASS,PASS,PASS,PASS,PASS,PASS,PASS,PASS,PASS,FAIL,PASS,PASS,PASS,PASS,PASS,PASS,PASS,PASS,PASS,PASS,PASS,PASS,PASS,PASS,PASS,PASS,PASS,PASS,PASS,PASS,PASS,PASS,PASS,PASS,PASS,PASS,PASS,PASS,PASS,PASS,PASS,PASS,PASS,PASS,PASS,PASS,PASS,PASS,PASS,PASS,PASS,PASS,PASS,PASS,PASS,PASS,PASS,PASS,PASS,PASS,PASS,PASS,PASS,PASS,PASS,FAIL,FAIL,FAIL,PASS,PASS,PASS,PASS,PASS,PASS,PASS,PASS,PASS,PASS,PASS,PASS,PASS,PASS,PASS,PASS
Cli,Cli_1,batch02__Cli_1__processProperties__cli_1f_processProperties_line228,cli_1f_processProperties__line228,processProperties,m04,,SUCCESS,FAIL,True,True,0,3,harness/runs/batch02__Cli_1__processProperties__cli_1f_processProperties_line228/execution/m04.log,PASS,PASS,PASS,PASS,PASS,PASS,PASS,PASS,PASS,PASS,PASS,PASS,PASS,PASS,PASS,PASS,PASS,FAIL,PASS,PASS,PASS,PASS,PASS,PASS,PASS,PASS,PASS,PASS,PASS,PASS,PASS,PASS,PASS,PASS,PASS,PASS,PASS,PASS,PASS,PASS,PASS,PASS,PASS,PASS,PASS,PASS,PASS,PASS,PASS,PASS,PASS,PASS,PASS,PASS,PASS,PASS,PASS,PASS,PASS,PASS,PASS,PASS,PASS,PASS,PASS,PASS,PASS,PASS,PASS,PASS,PASS,PASS,PASS,PASS,FAIL,FAIL,PASS,PASS,PASS,PASS,PASS,PASS,PASS,PASS,PASS,PASS,PASS,PASS,PASS,PASS,PASS,PASS
Cli,Cli_1,batch02__Cli_1__processProperties__cli_1f_processProperties_line228,cli_1f_processProperties__line228,processProperties,m07,,SUCCESS,FAIL,True,True,0,3,harness/runs/batch02__Cli_1__processProperties__cli_1f_processProperties_line228/execution/m07.log,PASS,PASS,PASS,PASS,PASS,PASS,PASS,PASS,PASS,PASS,PASS,PASS,PASS,PASS,PASS,PASS,PASS,FAIL,PASS,PASS,PASS,PASS,PASS,PASS,PASS,PASS,PASS,PASS,PASS,PASS,PASS,PASS,PASS,PASS,PASS,PASS,PASS,PASS,PASS,PASS,PASS,PASS,PASS,PASS,PASS,PASS,PASS,PASS,PASS,PASS,PASS,PASS,PASS,PASS,PASS,PASS,PASS,PASS,PASS,PASS,PASS,PASS,PASS,PASS,PASS,PASS,PASS,PASS,PASS,PASS,PASS,PASS,PASS,PASS,FAIL,FAIL,PASS,PASS,PASS,PASS,PASS,PASS,PASS,PASS,PASS,PASS,PASS,PASS,PASS,PASS,PASS,PASS
Cli,Cli_1,batch02__Cli_1__processProperties__cli_1f_processProperties_line228,cli_1f_processProperties__line228,processProperties,m08,,FAIL,NOT_RUN,False,False,0,0,harness/runs/batch02__Cli_1__processProperties__cli_1f_processProperties_line228/execution/m08.log,BUILD_FAIL,BUILD_FAIL,BUILD_FAIL,BUILD_FAIL,BUILD_FAIL,BUILD_FAIL,BUILD_FAIL,BUILD_FAIL,BUILD_FAIL,BUILD_FAIL,BUILD_FAIL,BUILD_FAIL,BUILD_FAIL,BUILD_FAIL,BUILD_FAIL,BUILD_FAIL,BUILD_FAIL,BUILD_FAIL,BUILD_FAIL,BUILD_FAIL,BUILD_FAIL,BUILD_FAIL,BUILD_FAIL,BUILD_FAIL,BUILD_FAIL,BUILD_FAIL,BUILD_FAIL,BUILD_FAIL,BUILD_FAIL,BUILD_FAIL,BUILD_FAIL,BUILD_FAIL,BUILD_FAIL,BUILD_FAIL,BUILD_FAIL,BUILD_FAIL,BUILD_FAIL,BUILD_FAIL,BUILD_FAIL,BUILD_FAIL,BUILD_FAIL,BUILD_FAIL,BUILD_FAIL,BUILD_FAIL,BUILD_FAIL,BUILD_FAIL,BUILD_FAIL,BUILD_FAIL,BUILD_FAIL,BUILD_FAIL,BUILD_FAIL,BUILD_FAIL,BUILD_FAIL,BUILD_FAIL,BUILD_FAIL,BUILD_FAIL,BUILD_FAIL,BUILD_FAIL,BUILD_FAIL,BUILD_FAIL,BUILD_FAIL,BUILD_FAIL,BUILD_FAIL,BUILD_FAIL,BUILD_FAIL,BUILD_FAIL,BUILD_FAIL,BUILD_FAIL,BUILD_FAIL,BUILD_FAIL,BUILD_FAIL,BUILD_FAIL,BUILD_FAIL,BUILD_FAIL,BUILD_FAIL,BUILD_FAIL,BUILD_FAIL,BUILD_FAIL,BUILD_FAIL,BUILD_FAIL,BUILD_FAIL,BUILD_FAIL,BUILD_FAIL,BUILD_FAIL,BUILD_FAIL,BUILD_FAIL,BUILD_FAIL,BUILD_FAIL,BUILD_FAIL,BUILD_FAIL,BUILD_FAIL,BUILD_FAIL
Cli,Cli_1,batch02__Cli_1__validateOption__cli_1f_validateOption_line40,cli_1f_validateOption__line40,validateOption,m01,,SUCCESS,FAIL,True,True,0,30,harness/runs/batch02__Cli_1__validateOption__cli_1f_validateOption_line40/execution/m01.log,PASS,FAIL,PASS,PASS,PASS,PASS,FAIL,PASS,PASS,PASS,PASS,PASS,PASS,PASS,PASS,PASS,PASS,PASS,PASS,PASS,PASS,PASS,PASS,PASS,PASS,PASS,PASS,PASS,PASS,PASS,PASS,PASS,PASS,PASS,PASS,PASS,PASS,PASS,FAIL,FAIL,FAIL,FAIL,FAIL,FAIL,FAIL,FAIL,FAIL,FAIL,FAIL,PASS,PASS,PASS,PASS,PASS,PASS,PASS,PASS,PASS,PASS,PASS,PASS,PASS,PASS,PASS,PASS,PASS,PASS,FAIL,FAIL,FAIL,FAIL,FAIL,FAIL,FAIL,FAIL,FAIL,FAIL,FAIL,FAIL,FAIL,FAIL,FAIL,FAIL,PASS,PASS,PASS,PASS,PASS,PASS,PASS,PASS,FAIL
Cli,Cli_1,batch02__Cli_1__validateOption__cli_1f_validateOption_line40,cli_1f_validateOption__line40,validateOption,m02,,SUCCESS,FAIL,True,True,0,1,harness/runs/batch02__Cli_1__validateOption__cli_1f_validateOption_line40/execution/m02.log,PASS,PASS,PASS,PASS,PASS,PASS,PASS,PASS,PASS,PASS,PASS,PASS,PASS,PASS,PASS,PASS,PASS,PASS,PASS,PASS,PASS,PASS,PASS,PASS,PASS,PASS,PASS,PASS,PASS,PASS,PASS,PASS,PASS,PASS,FAIL,PASS,PASS,PASS,PASS,PASS,PASS,PASS,PASS,PASS,PASS,PASS,PASS,PASS,PASS,PASS,PASS,PASS,PASS,PASS,PASS,PASS,PASS,PASS,PASS,PASS,PASS,PASS,PASS,PASS,PASS,PASS,PASS,PASS,PASS,PASS,PASS,PASS,PASS,PASS,PASS,PASS,PASS,PASS,PASS,PASS,PASS,PASS,PASS,PASS,PASS,PASS,PASS,PASS,PASS,PASS,PASS,PASS
Cli,Cli_1,batch02__Cli_1__validateOption__cli_1f_validateOption_line40,cli_1f_validateOption__line40,validateOption,m03,,SUCCESS,FAIL,True,True,0,7,harness/runs/batch02__Cli_1__validateOption__cli_1f_validateOption_line40/execution/m03.log,FAIL,PASS,FAIL,FAIL,FAIL,PASS,PASS,PASS,PASS,FAIL,PASS,PASS,PASS,FAIL,PASS,PASS,PASS,PASS,PASS,PASS,PASS,PASS,PASS,PASS,PASS,PASS,PASS,PASS,PASS,PASS,PASS,PASS,PASS,PASS,FAIL,PASS,PASS,PASS,PASS,PASS,PASS,PASS,PASS,PASS,PASS,PASS,PASS,PASS,PASS,PASS,PASS,PASS,PASS,PASS,PASS,PASS,PASS,PASS,PASS,PASS,PASS,PASS,PASS,PASS,PASS,PASS,PASS,PASS,PASS,PASS,PASS,PASS,PASS,PASS,PASS,PASS,PASS,PASS,PASS,PASS,PASS,PASS,PASS,PASS,PASS,PASS,PASS,PASS,PASS,PASS,PASS,PASS
Cli,Cli_1,batch02__Cli_1__validateOption__cli_1f_validateOption_line40,cli_1f_validateOption__line40,validateOption,m04,,SUCCESS,FAIL,True,True,0,87,harness/runs/batch02__Cli_1__validateOption__cli_1f_validateOption_line40/execution/m04.log,FAIL,FAIL,FAIL,FAIL,FAIL,FAIL,PASS,FAIL,FAIL,PASS,FAIL,FAIL,FAIL,FAIL,FAIL,FAIL,PASS,FAIL,FAIL,FAIL,FAIL,FAIL,FAIL,FAIL,FAIL,FAIL,FAIL,FAIL,FAIL,FAIL,FAIL,FAIL,FAIL,FAIL,FAIL,FAIL,FAIL,FAIL,FAIL,FAIL,FAIL,FAIL,FAIL,FAIL,FAIL,FAIL,FAIL,FAIL,FAIL,FAIL,FAIL,FAIL,FAIL,FAIL,FAIL,FAIL,FAIL,FAIL,FAIL,FAIL,FAIL,FAIL,FAIL,FAIL,PASS,FAIL,PASS,FAIL,FAIL,FAIL,FAIL,FAIL,FAIL,FAIL,FAIL,FAIL,FAIL,FAIL,FAIL,FAIL,FAIL,FAIL,FAIL,FAIL,FAIL,FAIL,FAIL,FAIL,FAIL,FAIL,FAIL,FAIL
Cli,Cli_1,batch02__Cli_1__validateOption__cli_1f_validateOption_line40,cli_1f_validateOption__line40,validateOption,m05,,SUCCESS,FAIL,True,True,0,7,harness/runs/batch02__Cli_1__validateOption__cli_1f_validateOption_line40/execution/m05.log,FAIL,PASS,FAIL,FAIL,FAIL,PASS,PASS,PASS,PASS,FAIL,PASS,PASS,PASS,FAIL,PASS,PASS,PASS,PASS,PASS,PASS,PASS,PASS,PASS,PASS,PASS,PASS,PASS,PASS,PASS,PASS,PASS,PASS,PASS,PASS,FAIL,PASS,PASS,PASS,PASS,PASS,PASS,PASS,PASS,PASS,PASS,PASS,PASS,PASS,PASS,PASS,PASS,PASS,PASS,PASS,PASS,PASS,PASS,PASS,PASS,PASS,PASS,PASS,PASS,PASS,PASS,PASS,PASS,PASS,PASS,PASS,PASS,PASS,PASS,PASS,PASS,PASS,PASS,PASS,PASS,PASS,PASS,PASS,PASS,PASS,PASS,PASS,PASS,PASS,PASS,PASS,PASS,PASS
Cli,Cli_1,batch02__Cli_1__validateOption__cli_1f_validateOption_line40,cli_1f_validateOption__line40,validateOption,m07,,SUCCESS,FAIL,True,True,0,1,harness/runs/batch02__Cli_1__validateOption__cli_1f_validateOption_line40/execution/m07.log,PASS,PASS,PASS,PASS,PASS,PASS,PASS,PASS,PASS,PASS,PASS,PASS,PASS,PASS,PASS,PASS,PASS,PASS,PASS,PASS,PASS,PASS,PASS,PASS,PASS,PASS,PASS,PASS,PASS,PASS,PASS,PASS,PASS,PASS,FAIL,PASS,PASS,PASS,PASS,PASS,PASS,PASS,PASS,PASS,PASS,PASS,PASS,PASS,PASS,PASS,PASS,PASS,PASS,PASS,PASS,PASS,PASS,PASS,PASS,PASS,PASS,PASS,PASS,PASS,PASS,PASS,PASS,PASS,PASS,PASS,PASS,PASS,PASS,PASS,PASS,PASS,PASS,PASS,PASS,PASS,PASS,PASS,PASS,PASS,PASS,PASS,PASS,PASS,PASS,PASS,PASS,PASS
Cli,Cli_1,batch02__Cli_1__validateOption__cli_1f_validateOption_line40,cli_1f_validateOption__line40,validateOption,m08,,SUCCESS,FAIL,True,True,0,1,harness/runs/batch02__Cli_1__validateOption__cli_1f_validateOption_line40/execution/m08.log,PASS,PASS,PASS,PASS,PASS,PASS,PASS,PASS,PASS,PASS,PASS,PASS,PASS,PASS,PASS,PASS,PASS,PASS,PASS,PASS,PASS,PASS,PASS,PASS,PASS,PASS,PASS,PASS,PASS,PASS,PASS,PASS,PASS,PASS,FAIL,PASS,PASS,PASS,PASS,PASS,PASS,PASS,PASS,PASS,PASS,PASS,PASS,PASS,PASS,PASS,PASS,PASS,PASS,PASS,PASS,PASS,PASS,PASS,PASS,PASS,PASS,PASS,PASS,PASS,PASS,PASS,PASS,PASS,PASS,PASS,PASS,PASS,PASS,PASS,PASS,PASS,PASS,PASS,PASS,PASS,PASS,PASS,PASS,PASS,PASS,PASS,PASS,PASS,PASS,PASS,PASS,PASS
Cli,Cli_1,batch03__Cli_1__appendOption__cli_1f_appendOption_line530,cli_1f_appendOption__line530,appendOption,m01,,SUCCESS,FAIL,True,True,0,1,harness/runs/batch03__Cli_1__appendOption__cli_1f_appendOption_line530/execution/m01.log,PASS,PASS,PASS,PASS,PASS,PASS,PASS,PASS,PASS,PASS,PASS,PASS,PASS,PASS,PASS,PASS,PASS,PASS,PASS,PASS,PASS,PASS,PASS,PASS,PASS,PASS,PASS,PASS,PASS,PASS,PASS,PASS,PASS,PASS,PASS,PASS,PASS,PASS,PASS,PASS,PASS,PASS,PASS,PASS,PASS,PASS,PASS,PASS,PASS,PASS,PASS,PASS,PASS,PASS,PASS,PASS,PASS,PASS,PASS,PASS,PASS,PASS,PASS,FAIL,PASS,PASS,PASS,PASS,PASS,PASS,PASS,PASS,PASS,PASS,PASS,PASS,PASS,PASS,PASS,PASS,PASS,PASS,PASS,PASS,PASS,PASS,PASS,PASS,PASS,PASS,PASS,PASS
Cli,Cli_1,batch03__Cli_1__appendOption__cli_1f_appendOption_line530,cli_1f_appendOption__line530,appendOption,m02,,SUCCESS,PASS,False,True,0,0,harness/runs/batch03__Cli_1__appendOption__cli_1f_appendOption_line530/execution/m02.log,PASS,PASS,PASS,PASS,PASS,PASS,PASS,PASS,PASS,PASS,PASS,PASS,PASS,PASS,PASS,PASS,PASS,PASS,PASS,PASS,PASS,PASS,PASS,PASS,PASS,PASS,PASS,PASS,PASS,PASS,PASS,PASS,PASS,PASS,PASS,PASS,PASS,PASS,PASS,PASS,PASS,PASS,PASS,PASS,PASS,PASS,PASS,PASS,PASS,PASS,PASS,PASS,PASS,PASS,PASS,PASS,PASS,PASS,PASS,PASS,PASS,PASS,PASS,PASS,PASS,PASS,PASS,PASS,PASS,PASS,PASS,PASS,PASS,PASS,PASS,PASS,PASS,PASS,PASS,PASS,PASS,PASS,PASS,PASS,PASS,PASS,PASS,PASS,PASS,PASS,PASS,PASS
Cli,Cli_1,batch03__Cli_1__appendOption__cli_1f_appendOption_line530,cli_1f_appendOption__line530,appendOption,m03,,SUCCESS,FAIL,True,True,0,1,harness/runs/batch03__Cli_1__appendOption__cli_1f_appendOption_line530/execution/m03.log,PASS,PASS,PASS,PASS,PASS,PASS,PASS,PASS,PASS,PASS,PASS,PASS,PASS,PASS,PASS,PASS,PASS,PASS,PASS,PASS,PASS,PASS,PASS,PASS,PASS,PASS,PASS,PASS,PASS,PASS,PASS,PASS,PASS,PASS,PASS,PASS,PASS,PASS,PASS,PASS,PASS,PASS,PASS,PASS,PASS,PASS,PASS,PASS,PASS,PASS,PASS,PASS,PASS,PASS,PASS,PASS,PASS,PASS,PASS,PASS,PASS,PASS,PASS,FAIL,PASS,PASS,PASS,PASS,PASS,PASS,PASS,PASS,PASS,PASS,PASS,PASS,PASS,PASS,PASS,PASS,PASS,PASS,PASS,PASS,PASS,PASS,PASS,PASS,PASS,PASS,PASS,PASS
Cli,Cli_1,batch03__Cli_1__appendOption__cli_1f_appendOption_line530,cli_1f_appendOption__line530,appendOption,m04,,SUCCESS,FAIL,True,True,0,1,harness/runs/batch03__Cli_1__appendOption__cli_1f_appendOption_line530/execution/m04.log,PASS,PASS,PASS,PASS,PASS,PASS,PASS,PASS,PASS,PASS,PASS,PASS,PASS,PASS,PASS,PASS,PASS,PASS,PASS,PASS,PASS,PASS,PASS,PASS,PASS,PASS,PASS,PASS,PASS,PASS,PASS,PASS,PASS,PASS,PASS,PASS,PASS,PASS,PASS,PASS,PASS,PASS,PASS,PASS,PASS,PASS,PASS,PASS,PASS,PASS,PASS,PASS,PASS,PASS,PASS,PASS,PASS,PASS,PASS,PASS,PASS,PASS,PASS,FAIL,PASS,PASS,PASS,PASS,PASS,PASS,PASS,PASS,PASS,PASS,PASS,PASS,PASS,PASS,PASS,PASS,PASS,PASS,PASS,PASS,PASS,PASS,PASS,PASS,PASS,PASS,PASS,PASS
Cli,Cli_1,batch03__Cli_1__appendOption__cli_1f_appendOption_line530,cli_1f_appendOption__line530,appendOption,m05,,SUCCESS,PASS,False,True,0,0,harness/runs/batch03__Cli_1__appendOption__cli_1f_appendOption_line530/execution/m05.log,PASS,PASS,PASS,PASS,PASS,PASS,PASS,PASS,PASS,PASS,PASS,PASS,PASS,PASS,PASS,PASS,PASS,PASS,PASS,PASS,PASS,PASS,PASS,PASS,PASS,PASS,PASS,PASS,PASS,PASS,PASS,PASS,PASS,PASS,PASS,PASS,PASS,PASS,PASS,PASS,PASS,PASS,PASS,PASS,PASS,PASS,PASS,PASS,PASS,PASS,PASS,PASS,PASS,PASS,PASS,PASS,PASS,PASS,PASS,PASS,PASS,PASS,PASS,PASS,PASS,PASS,PASS,PASS,PASS,PASS,PASS,PASS,PASS,PASS,PASS,PASS,PASS,PASS,PASS,PASS,PASS,PASS,PASS,PASS,PASS,PASS,PASS,PASS,PASS,PASS,PASS,PASS
Cli,Cli_1,batch03__Cli_1__appendOption__cli_1f_appendOption_line530,cli_1f_appendOption__line530,appendOption,m06,,SUCCESS,FAIL,True,True,0,1,harness/runs/batch03__Cli_1__appendOption__cli_1f_appendOption_line530/execution/m06.log,PASS,PASS,PASS,PASS,PASS,PASS,PASS,PASS,PASS,PASS,PASS,PASS,PASS,PASS,PASS,PASS,PASS,PASS,PASS,PASS,PASS,PASS,PASS,PASS,PASS,PASS,PASS,PASS,PASS,PASS,PASS,PASS,PASS,PASS,PASS,PASS,PASS,PASS,PASS,PASS,PASS,PASS,PASS,PASS,PASS,PASS,PASS,PASS,PASS,PASS,PASS,PASS,PASS,PASS,PASS,PASS,PASS,PASS,PASS,PASS,PASS,PASS,PASS,FAIL,PASS,PASS,PASS,PASS,PASS,PASS,PASS,PASS,PASS,PASS,PASS,PASS,PASS,PASS,PASS,PASS,PASS,PASS,PASS,PASS,PASS,PASS,PASS,PASS,PASS,PASS,PASS,PASS
Cli,Cli_1,batch03__Cli_1__appendOption__cli_1f_appendOption_line530,cli_1f_appendOption__line530,appendOption,m07,,SUCCESS,FAIL,True,True,0,1,harness/runs/batch03__Cli_1__appendOption__cli_1f_appendOption_line530/execution/m07.log,PASS,PASS,PASS,PASS,PASS,PASS,PASS,PASS,PASS,PASS,PASS,PASS,PASS,PASS,PASS,PASS,PASS,PASS,PASS,PASS,PASS,PASS,PASS,PASS,PASS,PASS,PASS,PASS,PASS,PASS,PASS,PASS,PASS,PASS,PASS,PASS,PASS,PASS,PASS,PASS,PASS,PASS,PASS,PASS,PASS,PASS,PASS,PASS,PASS,PASS,PASS,PASS,PASS,PASS,PASS,PASS,PASS,PASS,PASS,PASS,PASS,PASS,PASS,FAIL,PASS,PASS,PASS,PASS,PASS,PASS,PASS,PASS,PASS,PASS,PASS,PASS,PASS,PASS,PASS,PASS,PASS,PASS,PASS,PASS,PASS,PASS,PASS,PASS,PASS,PASS,PASS,PASS
Cli,Cli_1,batch03__Cli_1__appendOption__cli_1f_appendOption_line530,cli_1f_appendOption__line530,appendOption,m08,,SUCCESS,FAIL,True,True,0,1,harness/runs/batch03__Cli_1__appendOption__cli_1f_appendOption_line530/execution/m08.log,PASS,PASS,PASS,PASS,PASS,PASS,PASS,PASS,PASS,PASS,PASS,PASS,PASS,PASS,PASS,PASS,PASS,PASS,PASS,PASS,PASS,PASS,PASS,PASS,PASS,PASS,PASS,PASS,PASS,PASS,PASS,PASS,PASS,PASS,PASS,PASS,PASS,PASS,PASS,PASS,PASS,PASS,PASS,PASS,PASS,PASS,PASS,PASS,PASS,PASS,PASS,PASS,PASS,PASS,PASS,PASS,PASS,PASS,PASS,PASS,PASS,PASS,PASS,FAIL,PASS,PASS,PASS,PASS,PASS,PASS,PASS,PASS,PASS,PASS,PASS,PASS,PASS,PASS,PASS,PASS,PASS,PASS,PASS,PASS,PASS,PASS,PASS,PASS,PASS,PASS,PASS,PASS
Cli,Cli_1,batch03__Cli_1__burstToken__cli_1f_burstToken_line278,cli_1f_burstToken__line278,burstToken,m01,,SUCCESS,FAIL,True,True,0,7,harness/runs/batch03__Cli_1__burstToken__cli_1f_burstToken_line278/execution/m01.log,PASS,PASS,PASS,PASS,PASS,PASS,PASS,FAIL,PASS,PASS,PASS,PASS,PASS,PASS,PASS,PASS,PASS,PASS,PASS,PASS,PASS,PASS,PASS,PASS,PASS,PASS,PASS,PASS,PASS,PASS,PASS,PASS,PASS,PASS,PASS,PASS,PASS,PASS,PASS,PASS,PASS,PASS,PASS,PASS,PASS,PASS,PASS,PASS,PASS,PASS,PASS,PASS,FAIL,PASS,FAIL,FAIL,FAIL,PASS,PASS,PASS,PASS,PASS,PASS,PASS,PASS,PASS,PASS,PASS,PASS,PASS,PASS,PASS,PASS,PASS,PASS,PASS,PASS,PASS,PASS,PASS,PASS,PASS,PASS,FAIL,PASS,FAIL,PASS,PASS,PASS,PASS,PASS,PASS
Cli,Cli_1,batch03__Cli_1__burstToken__cli_1f_burstToken_line278,cli_1f_burstToken__line278,burstToken,m03,,FAIL,NOT_RUN,False,False,0,0,harness/runs/batch03__Cli_1__burstToken__cli_1f_burstToken_line278/execution/m03.log,BUILD_FAIL,BUILD_FAIL,BUILD_FAIL,BUILD_FAIL,BUILD_FAIL,BUILD_FAIL,BUILD_FAIL,BUILD_FAIL,BUILD_FAIL,BUILD_FAIL,BUILD_FAIL,BUILD_FAIL,BUILD_FAIL,BUILD_FAIL,BUILD_FAIL,BUILD_FAIL,BUILD_FAIL,BUILD_FAIL,BUILD_FAIL,BUILD_FAIL,BUILD_FAIL,BUILD_FAIL,BUILD_FAIL,BUILD_FAIL,BUILD_FAIL,BUILD_FAIL,BUILD_FAIL,BUILD_FAIL,BUILD_FAIL,BUILD_FAIL,BUILD_FAIL,BUILD_FAIL,BUILD_FAIL,BUILD_FAIL,BUILD_FAIL,BUILD_FAIL,BUILD_FAIL,BUILD_FAIL,BUILD_FAIL,BUILD_FAIL,BUILD_FAIL,BUILD_FAIL,BUILD_FAIL,BUILD_FAIL,BUILD_FAIL,BUILD_FAIL,BUILD_FAIL,BUILD_FAIL,BUILD_FAIL,BUILD_FAIL,BUILD_FAIL,BUILD_FAIL,BUILD_FAIL,BUILD_FAIL,BUILD_FAIL,BUILD_FAIL,BUILD_FAIL,BUILD_FAIL,BUILD_FAIL,BUILD_FAIL,BUILD_FAIL,BUILD_FAIL,BUILD_FAIL,BUILD_FAIL,BUILD_FAIL,BUILD_FAIL,BUILD_FAIL,BUILD_FAIL,BUILD_FAIL,BUILD_FAIL,BUILD_FAIL,BUILD_FAIL,BUILD_FAIL,BUILD_FAIL,BUILD_FAIL,BUILD_FAIL,BUILD_FAIL,BUILD_FAIL,BUILD_FAIL,BUILD_FAIL,BUILD_FAIL,BUILD_FAIL,BUILD_FAIL,BUILD_FAIL,BUILD_FAIL,BUILD_FAIL,BUILD_FAIL,BUILD_FAIL,BUILD_FAIL,BUILD_FAIL,BUILD_FAIL,BUILD_FAIL
Cli,Cli_1,batch03__Cli_1__burstToken__cli_1f_burstToken_line278,cli_1f_burstToken__line278,burstToken,m04,,SUCCESS,PASS,False,True,0,0,harness/runs/batch03__Cli_1__burstToken__cli_1f_burstToken_line278/execution/m04.log,PASS,PASS,PASS,PASS,PASS,PASS,PASS,PASS,PASS,PASS,PASS,PASS,PASS,PASS,PASS,PASS,PASS,PASS,PASS,PASS,PASS,PASS,PASS,PASS,PASS,PASS,PASS,PASS,PASS,PASS,PASS,PASS,PASS,PASS,PASS,PASS,PASS,PASS,PASS,PASS,PASS,PASS,PASS,PASS,PASS,PASS,PASS,PASS,PASS,PASS,PASS,PASS,PASS,PASS,PASS,PASS,PASS,PASS,PASS,PASS,PASS,PASS,PASS,PASS,PASS,PASS,PASS,PASS,PASS,PASS,PASS,PASS,PASS,PASS,PASS,PASS,PASS,PASS,PASS,PASS,PASS,PASS,PASS,PASS,PASS,PASS,PASS,PASS,PASS,PASS,PASS,PASS
Cli,Cli_1,batch03__Cli_1__createValue__cli_1f_createValue_line61,cli_1f_createValue__line61,createValue,m01,,SUCCESS,FAIL,True,True,0,1,harness/runs/batch03__Cli_1__createValue__cli_1f_createValue_line61/execution/m01.log,PASS,PASS,PASS,PASS,PASS,PASS,PASS,PASS,PASS,PASS,PASS,PASS,PASS,PASS,PASS,PASS,PASS,PASS,PASS,PASS,PASS,PASS,PASS,PASS,PASS,PASS,PASS,PASS,PASS,PASS,PASS,PASS,PASS,PASS,PASS,PASS,PASS,PASS,PASS,PASS,PASS,PASS,PASS,PASS,PASS,PASS,PASS,PASS,PASS,PASS,PASS,PASS,PASS,PASS,PASS,PASS,PASS,PASS,PASS,PASS,PASS,PASS,FAIL,PASS,PASS,PASS,PASS,PASS,PASS,PASS,PASS,PASS,PASS,PASS,PASS,PASS,PASS,PASS,PASS,PASS,PASS,PASS,PASS,PASS,PASS,PASS,PASS,PASS,PASS,PASS,PASS,PASS
Cli,Cli_1,batch03__Cli_1__createValue__cli_1f_createValue_line61,cli_1f_createValue__line61,createValue,m02,,SUCCESS,FAIL,True,True,0,1,harness/runs/batch03__Cli_1__createValue__cli_1f_createValue_line61/execution/m02.log,PASS,PASS,PASS,PASS,PASS,PASS,PASS,PASS,PASS,PASS,PASS,PASS,PASS,PASS,PASS,PASS,PASS,PASS,PASS,PASS,PASS,PASS,PASS,PASS,PASS,PASS,PASS,PASS,PASS,PASS,PASS,PASS,PASS,PASS,PASS,PASS,PASS,PASS,PASS,PASS,PASS,PASS,PASS,PASS,PASS,PASS,PASS,PASS,PASS,PASS,PASS,PASS,PASS,PASS,PASS,PASS,PASS,PASS,PASS,PASS,PASS,PASS,FAIL,PASS,PASS,PASS,PASS,PASS,PASS,PASS,PASS,PASS,PASS,PASS,PASS,PASS,PASS,PASS,PASS,PASS,PASS,PASS,PASS,PASS,PASS,PASS,PASS,PASS,PASS,PASS,PASS,PASS
Cli,Cli_1,batch03__Cli_1__createValue__cli_1f_createValue_line61,cli_1f_createValue__line61,createValue,m03,,SUCCESS,FAIL,True,True,0,1,harness/runs/batch03__Cli_1__createValue__cli_1f_createValue_line61/execution/m03.log,PASS,PASS,PASS,PASS,PASS,PASS,PASS,PASS,PASS,PASS,PASS,PASS,PASS,PASS,PASS,PASS,PASS,PASS,PASS,PASS,PASS,PASS,PASS,PASS,PASS,PASS,PASS,PASS,PASS,PASS,PASS,PASS,PASS,PASS,PASS,PASS,PASS,PASS,PASS,PASS,PASS,PASS,PASS,PASS,PASS,PASS,PASS,PASS,PASS,PASS,PASS,PASS,PASS,PASS,PASS,PASS,PASS,PASS,PASS,PASS,PASS,PASS,FAIL,PASS,PASS,PASS,PASS,PASS,PASS,PASS,PASS,PASS,PASS,PASS,PASS,PASS,PASS,PASS,PASS,PASS,PASS,PASS,PASS,PASS,PASS,PASS,PASS,PASS,PASS,PASS,PASS,PASS
Cli,Cli_1,batch03__Cli_1__createValue__cli_1f_createValue_line61,cli_1f_createValue__line61,createValue,m04,,SUCCESS,PASS,False,True,0,0,harness/runs/batch03__Cli_1__createValue__cli_1f_createValue_line61/execution/m04.log,PASS,PASS,PASS,PASS,PASS,PASS,PASS,PASS,PASS,PASS,PASS,PASS,PASS,PASS,PASS,PASS,PASS,PASS,PASS,PASS,PASS,PASS,PASS,PASS,PASS,PASS,PASS,PASS,PASS,PASS,PASS,PASS,PASS,PASS,PASS,PASS,PASS,PASS,PASS,PASS,PASS,PASS,PASS,PASS,PASS,PASS,PASS,PASS,PASS,PASS,PASS,PASS,PASS,PASS,PASS,PASS,PASS,PASS,PASS,PASS,PASS,PASS,PASS,PASS,PASS,PASS,PASS,PASS,PASS,PASS,PASS,PASS,PASS,PASS,PASS,PASS,PASS,PASS,PASS,PASS,PASS,PASS,PASS,PASS,PASS,PASS,PASS,PASS,PASS,PASS,PASS,PASS
Cli,Cli_1,batch03__Cli_1__createValue__cli_1f_createValue_line61,cli_1f_createValue__line61,createValue,m05,,SUCCESS,FAIL,True,True,0,1,harness/runs/batch03__Cli_1__createValue__cli_1f_createValue_line61/execution/m05.log,PASS,PASS,PASS,PASS,PASS,PASS,PASS,PASS,PASS,PASS,PASS,PASS,PASS,PASS,PASS,PASS,PASS,PASS,PASS,PASS,PASS,PASS,PASS,PASS,PASS,PASS,PASS,PASS,PASS,PASS,PASS,PASS,PASS,PASS,PASS,PASS,PASS,PASS,PASS,PASS,PASS,PASS,PASS,PASS,PASS,PASS,PASS,PASS,PASS,PASS,PASS,PASS,PASS,PASS,PASS,PASS,PASS,PASS,PASS,PASS,PASS,PASS,FAIL,PASS,PASS,PASS,PASS,PASS,PASS,PASS,PASS,PASS,PASS,PASS,PASS,PASS,PASS,PASS,PASS,PASS,PASS,PASS,PASS,PASS,PASS,PASS,PASS,PASS,PASS,PASS,PASS,PASS
Cli,Cli_1,batch03__Cli_1__createValue__cli_1f_createValue_line61,cli_1f_createValue__line61,createValue,m06,,SUCCESS,FAIL,True,True,0,1,harness/runs/batch03__Cli_1__createValue__cli_1f_createValue_line61/execution/m06.log,PASS,PASS,PASS,PASS,PASS,PASS,PASS,PASS,PASS,PASS,PASS,PASS,PASS,PASS,PASS,PASS,PASS,PASS,PASS,PASS,PASS,PASS,PASS,PASS,PASS,PASS,PASS,PASS,PASS,PASS,PASS,PASS,PASS,PASS,PASS,PASS,PASS,PASS,PASS,PASS,PASS,PASS,PASS,PASS,PASS,PASS,PASS,PASS,PASS,PASS,PASS,PASS,PASS,PASS,PASS,PASS,PASS,PASS,PASS,PASS,PASS,PASS,FAIL,PASS,PASS,PASS,PASS,PASS,PASS,PASS,PASS,PASS,PASS,PASS,PASS,PASS,PASS,PASS,PASS,PASS,PASS,PASS,PASS,PASS,PASS,PASS,PASS,PASS,PASS,PASS,PASS,PASS
Cli,Cli_1,batch03__Cli_1__createValue__cli_1f_createValue_line61,cli_1f_createValue__line61,createValue,m07,,SUCCESS,PASS,False,True,0,0,harness/runs/batch03__Cli_1__createValue__cli_1f_createValue_line61/execution/m07.log,PASS,PASS,PASS,PASS,PASS,PASS,PASS,PASS,PASS,PASS,PASS,PASS,PASS,PASS,PASS,PASS,PASS,PASS,PASS,PASS,PASS,PASS,PASS,PASS,PASS,PASS,PASS,PASS,PASS,PASS,PASS,PASS,PASS,PASS,PASS,PASS,PASS,PASS,PASS,PASS,PASS,PASS,PASS,PASS,PASS,PASS,PASS,PASS,PASS,PASS,PASS,PASS,PASS,PASS,PASS,PASS,PASS,PASS,PASS,PASS,PASS,PASS,PASS,PASS,PASS,PASS,PASS,PASS,PASS,PASS,PASS,PASS,PASS,PASS,PASS,PASS,PASS,PASS,PASS,PASS,PASS,PASS,PASS,PASS,PASS,PASS,PASS,PASS,PASS,PASS,PASS,PASS
Cli,Cli_1,batch03__Cli_1__createValue__cli_1f_createValue_line61,cli_1f_createValue__line61,createValue,m08,,SUCCESS,PASS,False,True,0,0,harness/runs/batch03__Cli_1__createValue__cli_1f_createValue_line61/execution/m08.log,PASS,PASS,PASS,PASS,PASS,PASS,PASS,PASS,PASS,PASS,PASS,PASS,PASS,PASS,PASS,PASS,PASS,PASS,PASS,PASS,PASS,PASS,PASS,PASS,PASS,PASS,PASS,PASS,PASS,PASS,PASS,PASS,PASS,PASS,PASS,PASS,PASS,PASS,PASS,PASS,PASS,PASS,PASS,PASS,PASS,PASS,PASS,PASS,PASS,PASS,PASS,PASS,PASS,PASS,PASS,PASS,PASS,PASS,PASS,PASS,PASS,PASS,PASS,PASS,PASS,PASS,PASS,PASS,PASS,PASS,PASS,PASS,PASS,PASS,PASS,PASS,PASS,PASS,PASS,PASS,PASS,PASS,PASS,PASS,PASS,PASS,PASS,PASS,PASS,PASS,PASS,PASS
Cli,Cli_1,batch03__Cli_1__equals__cli_1f_equals_line600,cli_1f_equals__line600,equals,m01,,FAIL,NOT_RUN,False,False,0,0,harness/runs/batch03__Cli_1__equals__cli_1f_equals_line600/execution/m01.log,BUILD_FAIL,BUILD_FAIL,BUILD_FAIL,BUILD_FAIL,BUILD_FAIL,BUILD_FAIL,BUILD_FAIL,BUILD_FAIL,BUILD_FAIL,BUILD_FAIL,BUILD_FAIL,BUILD_FAIL,BUILD_FAIL,BUILD_FAIL,BUILD_FAIL,BUILD_FAIL,BUILD_FAIL,BUILD_FAIL,BUILD_FAIL,BUILD_FAIL,BUILD_FAIL,BUILD_FAIL,BUILD_FAIL,BUILD_FAIL,BUILD_FAIL,BUILD_FAIL,BUILD_FAIL,BUILD_FAIL,BUILD_FAIL,BUILD_FAIL,BUILD_FAIL,BUILD_FAIL,BUILD_FAIL,BUILD_FAIL,BUILD_FAIL,BUILD_FAIL,BUILD_FAIL,BUILD_FAIL,BUILD_FAIL,BUILD_FAIL,BUILD_FAIL,BUILD_FAIL,BUILD_FAIL,BUILD_FAIL,BUILD_FAIL,BUILD_FAIL,BUILD_FAIL,BUILD_FAIL,BUILD_FAIL,BUILD_FAIL,BUILD_FAIL,BUILD_FAIL,BUILD_FAIL,BUILD_FAIL,BUILD_FAIL,BUILD_FAIL,BUILD_FAIL,BUILD_FAIL,BUILD_FAIL,BUILD_FAIL,BUILD_FAIL,BUILD_FAIL,BUILD_FAIL,BUILD_FAIL,BUILD_FAIL,BUILD_FAIL,BUILD_FAIL,BUILD_FAIL,BUILD_FAIL,BUILD_FAIL,BUILD_FAIL,BUILD_FAIL,BUILD_FAIL,BUILD_FAIL,BUILD_FAIL,BUILD_FAIL,BUILD_FAIL,BUILD_FAIL,BUILD_FAIL,BUILD_FAIL,BUILD_FAIL,BUILD_FAIL,BUILD_FAIL,BUILD_FAIL,BUILD_FAIL,BUILD_FAIL,BUILD_FAIL,BUILD_FAIL,BUILD_FAIL,BUILD_FAIL,BUILD_FAIL,BUILD_FAIL
Cli,Cli_1,batch03__Cli_1__equals__cli_1f_equals_line600,cli_1f_equals__line600,equals,m02,,SUCCESS,PASS,False,True,0,0,harness/runs/batch03__Cli_1__equals__cli_1f_equals_line600/execution/m02.log,PASS,PASS,PASS,PASS,PASS,PASS,PASS,PASS,PASS,PASS,PASS,PASS,PASS,PASS,PASS,PASS,PASS,PASS,PASS,PASS,PASS,PASS,PASS,PASS,PASS,PASS,PASS,PASS,PASS,PASS,PASS,PASS,PASS,PASS,PASS,PASS,PASS,PASS,PASS,PASS,PASS,PASS,PASS,PASS,PASS,PASS,PASS,PASS,PASS,PASS,PASS,PASS,PASS,PASS,PASS,PASS,PASS,PASS,PASS,PASS,PASS,PASS,PASS,PASS,PASS,PASS,PASS,PASS,PASS,PASS,PASS,PASS,PASS,PASS,PASS,PASS,PASS,PASS,PASS,PASS,PASS,PASS,PASS,PASS,PASS,PASS,PASS,PASS,PASS,PASS,PASS,PASS
Cli,Cli_1,batch03__Cli_1__equals__cli_1f_equals_line600,cli_1f_equals__line600,equals,m03,,SUCCESS,PASS,False,True,0,0,harness/runs/batch03__Cli_1__equals__cli_1f_equals_line600/execution/m03.log,PASS,PASS,PASS,PASS,PASS,PASS,PASS,PASS,PASS,PASS,PASS,PASS,PASS,PASS,PASS,PASS,PASS,PASS,PASS,PASS,PASS,PASS,PASS,PASS,PASS,PASS,PASS,PASS,PASS,PASS,PASS,PASS,PASS,PASS,PASS,PASS,PASS,PASS,PASS,PASS,PASS,PASS,PASS,PASS,PASS,PASS,PASS,PASS,PASS,PASS,PASS,PASS,PASS,PASS,PASS,PASS,PASS,PASS,PASS,PASS,PASS,PASS,PASS,PASS,PASS,PASS,PASS,PASS,PASS,PASS,PASS,PASS,PASS,PASS,PASS,PASS,PASS,PASS,PASS,PASS,PASS,PASS,PASS,PASS,PASS,PASS,PASS,PASS,PASS,PASS,PASS,PASS
Cli,Cli_1,batch03__Cli_1__equals__cli_1f_equals_line600,cli_1f_equals__line600,equals,m08,,SUCCESS,PASS,False,True,0,0,harness/runs/batch03__Cli_1__equals__cli_1f_equals_line600/execution/m08.log,PASS,PASS,PASS,PASS,PASS,PASS,PASS,PASS,PASS,PASS,PASS,PASS,PASS,PASS,PASS,PASS,PASS,PASS,PASS,PASS,PASS,PASS,PASS,PASS,PASS,PASS,PASS,PASS,PASS,PASS,PASS,PASS,PASS,PASS,PASS,PASS,PASS,PASS,PASS,PASS,PASS,PASS,PASS,PASS,PASS,PASS,PASS,PASS,PASS,PASS,PASS,PASS,PASS,PASS,PASS,PASS,PASS,PASS,PASS,PASS,PASS,PASS,PASS,PASS,PASS,PASS,PASS,PASS,PASS,PASS,PASS,PASS,PASS,PASS,PASS,PASS,PASS,PASS,PASS,PASS,PASS,PASS,PASS,PASS,PASS,PASS,PASS,PASS,PASS,PASS,PASS,PASS
Cli,Cli_1,batch03__Cli_1__findWrapPos__cli_1f_findWrapPos_line789,cli_1f_findWrapPos__line789,findWrapPos,m02,,SUCCESS,PASS,False,True,0,0,harness/runs/batch03__Cli_1__findWrapPos__cli_1f_findWrapPos_line789/execution/m02.log,PASS,PASS,PASS,PASS,PASS,PASS,PASS,PASS,PASS,PASS,PASS,PASS,PASS,PASS,PASS,PASS,PASS,PASS,PASS,PASS,PASS,PASS,PASS,PASS,PASS,PASS,PASS,PASS,PASS,PASS,PASS,PASS,PASS,PASS,PASS,PASS,PASS,PASS,PASS,PASS,PASS,PASS,PASS,PASS,PASS,PASS,PASS,PASS,PASS,PASS,PASS,PASS,PASS,PASS,PASS,PASS,PASS,PASS,PASS,PASS,PASS,PASS,PASS,PASS,PASS,PASS,PASS,PASS,PASS,PASS,PASS,PASS,PASS,PASS,PASS,PASS,PASS,PASS,PASS,PASS,PASS,PASS,PASS,PASS,PASS,PASS,PASS,PASS,PASS,PASS,PASS,PASS
Cli,Cli_1,batch03__Cli_1__findWrapPos__cli_1f_findWrapPos_line789,cli_1f_findWrapPos__line789,findWrapPos,m05,,SUCCESS,PASS,False,True,0,0,harness/runs/batch03__Cli_1__findWrapPos__cli_1f_findWrapPos_line789/execution/m05.log,PASS,PASS,PASS,PASS,PASS,PASS,PASS,PASS,PASS,PASS,PASS,PASS,PASS,PASS,PASS,PASS,PASS,PASS,PASS,PASS,PASS,PASS,PASS,PASS,PASS,PASS,PASS,PASS,PASS,PASS,PASS,PASS,PASS,PASS,PASS,PASS,PASS,PASS,PASS,PASS,PASS,PASS,PASS,PASS,PASS,PASS,PASS,PASS,PASS,PASS,PASS,PASS,PASS,PASS,PASS,PASS,PASS,PASS,PASS,PASS,PASS,PASS,PASS,PASS,PASS,PASS,PASS,PASS,PASS,PASS,PASS,PASS,PASS,PASS,PASS,PASS,PASS,PASS,PASS,PASS,PASS,PASS,PASS,PASS,PASS,PASS,PASS,PASS,PASS,PASS,PASS,PASS
Cli,Cli_1,batch03__Cli_1__findWrapPos__cli_1f_findWrapPos_line789,cli_1f_findWrapPos__line789,findWrapPos,m08,,SUCCESS,PASS,False,True,0,0,harness/runs/batch03__Cli_1__findWrapPos__cli_1f_findWrapPos_line789/execution/m08.log,PASS,PASS,PASS,PASS,PASS,PASS,PASS,PASS,PASS,PASS,PASS,PASS,PASS,PASS,PASS,PASS,PASS,PASS,PASS,PASS,PASS,PASS,PASS,PASS,PASS,PASS,PASS,PASS,PASS,PASS,PASS,PASS,PASS,PASS,PASS,PASS,PASS,PASS,PASS,PASS,PASS,PASS,PASS,PASS,PASS,PASS,PASS,PASS,PASS,PASS,PASS,PASS,PASS,PASS,PASS,PASS,PASS,PASS,PASS,PASS,PASS,PASS,PASS,PASS,PASS,PASS,PASS,PASS,PASS,PASS,PASS,PASS,PASS,PASS,PASS,PASS,PASS,PASS,PASS,PASS,PASS,PASS,PASS,PASS,PASS,PASS,PASS,PASS,PASS,PASS,PASS,PASS
Cli,Cli_1,batch03__Cli_1__option__cli_1f_option_line48,cli_1f_option__line48,option,m02,,SUCCESS,PASS,False,True,0,0,harness/runs/batch03__Cli_1__option__cli_1f_option_line48/execution/m02.log,PASS,PASS,PASS,PASS,PASS,PASS,PASS,PASS,PASS,PASS,PASS,PASS,PASS,PASS,PASS,PASS,PASS,PASS,PASS,PASS,PASS,PASS,PASS,PASS,PASS,PASS,PASS,PASS,PASS,PASS,PASS,PASS,PASS,PASS,PASS,PASS,PASS,PASS,PASS,PASS,PASS,PASS,PASS,PASS,PASS,PASS,PASS,PASS,PASS,PASS,PASS,PASS,PASS,PASS,PASS,PASS,PASS,PASS,PASS,PASS,PASS,PASS,PASS,PASS,PASS,PASS,PASS,PASS,PASS,PASS,PASS,PASS,PASS,PASS,PASS,PASS,PASS,PASS,PASS,PASS,PASS,PASS,PASS,PASS,PASS,PASS,PASS,PASS,PASS,PASS,PASS,PASS
Cli,Cli_1,batch03__Cli_1__option__cli_1f_option_line48,cli_1f_option__line48,option,m03,,SUCCESS,PASS,False,True,0,0,harness/runs/batch03__Cli_1__option__cli_1f_option_line48/execution/m03.log,PASS,PASS,PASS,PASS,PASS,PASS,PASS,PASS,PASS,PASS,PASS,PASS,PASS,PASS,PASS,PASS,PASS,PASS,PASS,PASS,PASS,PASS,PASS,PASS,PASS,PASS,PASS,PASS,PASS,PASS,PASS,PASS,PASS,PASS,PASS,PASS,PASS,PASS,PASS,PASS,PASS,PASS,PASS,PASS,PASS,PASS,PASS,PASS,PASS,PASS,PASS,PASS,PASS,PASS,PASS,PASS,PASS,PASS,PASS,PASS,PASS,PASS,PASS,PASS,PASS,PASS,PASS,PASS,PASS,PASS,PASS,PASS,PASS,PASS,PASS,PASS,PASS,PASS,PASS,PASS,PASS,PASS,PASS,PASS,PASS,PASS,PASS,PASS,PASS,PASS,PASS,PASS
Cli,Cli_1,batch03__Cli_1__option__cli_1f_option_line48,cli_1f_option__line48,option,m04,,SUCCESS,PASS,False,True,0,0,harness/runs/batch03__Cli_1__option__cli_1f_option_line48/execution/m04.log,PASS,PASS,PASS,PASS,PASS,PASS,PASS,PASS,PASS,PASS,PASS,PASS,PASS,PASS,PASS,PASS,PASS,PASS,PASS,PASS,PASS,PASS,PASS,PASS,PASS,PASS,PASS,PASS,PASS,PASS,PASS,PASS,PASS,PASS,PASS,PASS,PASS,PASS,PASS,PASS,PASS,PASS,PASS,PASS,PASS,PASS,PASS,PASS,PASS,PASS,PASS,PASS,PASS,PASS,PASS,PASS,PASS,PASS,PASS,PASS,PASS,PASS,PASS,PASS,PASS,PASS,PASS,PASS,PASS,PASS,PASS,PASS,PASS,PASS,PASS,PASS,PASS,PASS,PASS,PASS,PASS,PASS,PASS,PASS,PASS,PASS,PASS,PASS,PASS,PASS,PASS,PASS
Cli,Cli_1,batch03__Cli_1__option__cli_1f_option_line48,cli_1f_option__line48,option,m05,,SUCCESS,PASS,False,True,0,0,harness/runs/batch03__Cli_1__option__cli_1f_option_line48/execution/m05.log,PASS,PASS,PASS,PASS,PASS,PASS,PASS,PASS,PASS,PASS,PASS,PASS,PASS,PASS,PASS,PASS,PASS,PASS,PASS,PASS,PASS,PASS,PASS,PASS,PASS,PASS,PASS,PASS,PASS,PASS,PASS,PASS,PASS,PASS,PASS,PASS,PASS,PASS,PASS,PASS,PASS,PASS,PASS,PASS,PASS,PASS,PASS,PASS,PASS,PASS,PASS,PASS,PASS,PASS,PASS,PASS,PASS,PASS,PASS,PASS,PASS,PASS,PASS,PASS,PASS,PASS,PASS,PASS,PASS,PASS,PASS,PASS,PASS,PASS,PASS,PASS,PASS,PASS,PASS,PASS,PASS,PASS,PASS,PASS,PASS,PASS,PASS,PASS,PASS,PASS,PASS,PASS
Cli,Cli_1,batch03__Cli_1__option__cli_1f_option_line48,cli_1f_option__line48,option,m06,,SUCCESS,PASS,False,True,0,0,harness/runs/batch03__Cli_1__option__cli_1f_option_line48/execution/m06.log,PASS,PASS,PASS,PASS,PASS,PASS,PASS,PASS,PASS,PASS,PASS,PASS,PASS,PASS,PASS,PASS,PASS,PASS,PASS,PASS,PASS,PASS,PASS,PASS,PASS,PASS,PASS,PASS,PASS,PASS,PASS,PASS,PASS,PASS,PASS,PASS,PASS,PASS,PASS,PASS,PASS,PASS,PASS,PASS,PASS,PASS,PASS,PASS,PASS,PASS,PASS,PASS,PASS,PASS,PASS,PASS,PASS,PASS,PASS,PASS,PASS,PASS,PASS,PASS,PASS,PASS,PASS,PASS,PASS,PASS,PASS,PASS,PASS,PASS,PASS,PASS,PASS,PASS,PASS,PASS,PASS,PASS,PASS,PASS,PASS,PASS,PASS,PASS,PASS,PASS,PASS,PASS
Cli,Cli_1,batch03__Cli_1__option__cli_1f_option_line48,cli_1f_option__line48,option,m07,,SUCCESS,PASS,False,True,0,0,harness/runs/batch03__Cli_1__option__cli_1f_option_line48/execution/m07.log,PASS,PASS,PASS,PASS,PASS,PASS,PASS,PASS,PASS,PASS,PASS,PASS,PASS,PASS,PASS,PASS,PASS,PASS,PASS,PASS,PASS,PASS,PASS,PASS,PASS,PASS,PASS,PASS,PASS,PASS,PASS,PASS,PASS,PASS,PASS,PASS,PASS,PASS,PASS,PASS,PASS,PASS,PASS,PASS,PASS,PASS,PASS,PASS,PASS,PASS,PASS,PASS,PASS,PASS,PASS,PASS,PASS,PASS,PASS,PASS,PASS,PASS,PASS,PASS,PASS,PASS,PASS,PASS,PASS,PASS,PASS,PASS,PASS,PASS,PASS,PASS,PASS,PASS,PASS,PASS,PASS,PASS,PASS,PASS,PASS,PASS,PASS,PASS,PASS,PASS,PASS,PASS
Cli,Cli_1,batch03__Cli_1__option__cli_1f_option_line48,cli_1f_option__line48,option,m08,,SUCCESS,PASS,False,True,0,0,harness/runs/batch03__Cli_1__option__cli_1f_option_line48/execution/m08.log,PASS,PASS,PASS,PASS,PASS,PASS,PASS,PASS,PASS,PASS,PASS,PASS,PASS,PASS,PASS,PASS,PASS,PASS,PASS,PASS,PASS,PASS,PASS,PASS,PASS,PASS,PASS,PASS,PASS,PASS,PASS,PASS,PASS,PASS,PASS,PASS,PASS,PASS,PASS,PASS,PASS,PASS,PASS,PASS,PASS,PASS,PASS,PASS,PASS,PASS,PASS,PASS,PASS,PASS,PASS,PASS,PASS,PASS,PASS,PASS,PASS,PASS,PASS,PASS,PASS,PASS,PASS,PASS,PASS,PASS,PASS,PASS,PASS,PASS,PASS,PASS,PASS,PASS,PASS,PASS,PASS,PASS,PASS,PASS,PASS,PASS,PASS,PASS,PASS,PASS,PASS,PASS
Cli,Cli_1,batch03__Cli_1__processArgs__cli_1f_processArgs_line314,cli_1f_processArgs__line314,processArgs,m01,,SUCCESS,FAIL,True,True,0,3,harness/runs/batch03__Cli_1__processArgs__cli_1f_processArgs_line314/execution/m01.log,PASS,PASS,PASS,PASS,PASS,PASS,PASS,PASS,PASS,PASS,FAIL,PASS,PASS,PASS,PASS,PASS,PASS,PASS,PASS,PASS,PASS,PASS,PASS,PASS,FAIL,PASS,PASS,PASS,PASS,PASS,PASS,PASS,PASS,PASS,PASS,PASS,PASS,PASS,PASS,PASS,PASS,PASS,PASS,PASS,PASS,PASS,PASS,PASS,PASS,PASS,PASS,PASS,PASS,PASS,PASS,FAIL,PASS,PASS,PASS,PASS,PASS,PASS,PASS,PASS,PASS,PASS,PASS,PASS,PASS,PASS,PASS,PASS,PASS,PASS,PASS,PASS,PASS,PASS,PASS,PASS,PASS,PASS,PASS,PASS,PASS,PASS,PASS,PASS,PASS,PASS,PASS,PASS
Cli,Cli_1,batch03__Cli_1__processArgs__cli_1f_processArgs_line314,cli_1f_processArgs__line314,processArgs,m02,,SUCCESS,FAIL,True,True,0,48,harness/runs/batch03__Cli_1__processArgs__cli_1f_processArgs_line314/execution/m02.log,FAIL,FAIL,PASS,FAIL,FAIL,FAIL,PASS,FAIL,FAIL,PASS,FAIL,PASS,PASS,PASS,FAIL,FAIL,PASS,PASS,PASS,PASS,PASS,PASS,PASS,PASS,PASS,FAIL,FAIL,FAIL,FAIL,FAIL,PASS,PASS,PASS,PASS,PASS,PASS,PASS,PASS,PASS,PASS,PASS,PASS,PASS,PASS,PASS,PASS,PASS,PASS,PASS,PASS,FAIL,FAIL,FAIL,PASS,PASS,PASS,FAIL,FAIL,FAIL,FAIL,FAIL,PASS,FAIL,PASS,PASS,PASS,PASS,FAIL,FAIL,FAIL,FAIL,FAIL,FAIL,FAIL,FAIL,FAIL,FAIL,FAIL,FAIL,FAIL,FAIL,FAIL,FAIL,FAIL,FAIL,FAIL,FAIL,FAIL,FAIL,FAIL,FAIL,PASS
Cli,Cli_1,batch03__Cli_1__processArgs__cli_1f_processArgs_line314,cli_1f_processArgs__line314,processArgs,m03,,SUCCESS,FAIL,True,True,0,47,harness/runs/batch03__Cli_1__processArgs__cli_1f_processArgs_line314/execution/m03.log,FAIL,FAIL,PASS,FAIL,FAIL,FAIL,PASS,FAIL,FAIL,PASS,PASS,PASS,PASS,PASS,FAIL,FAIL,PASS,PASS,PASS,PASS,PASS,PASS,PASS,PASS,PASS,FAIL,FAIL,FAIL,FAIL,FAIL,PASS,PASS,PASS,PASS,PASS,PASS,PASS,PASS,PASS,PASS,PASS,PASS,PASS,PASS,PASS,PASS,PASS,PASS,PASS,PASS,FAIL,FAIL,FAIL,PASS,PASS,PASS,FAIL,FAIL,FAIL,FAIL,FAIL,PASS,FAIL,PASS,PASS,PASS,PASS,FAIL,FAIL,FAIL,FAIL,FAIL,FAIL,FAIL,FAIL,FAIL,FAIL,FAIL,FAIL,FAIL,FAIL,FAIL,FAIL,FAIL,FAIL,FAIL,FAIL,FAIL,FAIL,FAIL,FAIL,PASS
Cli,Cli_1,batch03__Cli_1__processArgs__cli_1f_processArgs_line314,cli_1f_processArgs__line314,processArgs,m04,,SUCCESS,FAIL,True,True,0,13,harness/runs/batch03__Cli_1__processArgs__cli_1f_processArgs_line314/execution/m04.log,FAIL,PASS,PASS,PASS,PASS,FAIL,PASS,FAIL,PASS,PASS,PASS,PASS,PASS,PASS,PASS,PASS,PASS,PASS,PASS,PASS,PASS,PASS,PASS,PASS,PASS,PASS,PASS,PASS,PASS,FAIL,PASS,PASS,PASS,PASS,PASS,PASS,PASS,PASS,PASS,PASS,PASS,PASS,PASS,PASS,PASS,PASS,PASS,PASS,PASS,PASS,PASS,PASS,PASS,PASS,PASS,PASS,PASS,PASS,PASS,PASS,FAIL,PASS,FAIL,PASS,PASS,PASS,PASS,FAIL,PASS,PASS,PASS,PASS,PASS,PASS,PASS,PASS,FAIL,PASS,PASS,PASS,PASS,PASS,PASS,FAIL,FAIL,FAIL,FAIL,FAIL,PASS,PASS,PASS,PASS
Cli,Cli_1,batch03__Cli_1__processArgs__cli_1f_processArgs_line314,cli_1f_processArgs__line314,processArgs,m05,,SUCCESS,FAIL,True,True,0,49,harness/runs/batch03__Cli_1__processArgs__cli_1f_processArgs_line314/execution/m05.log,FAIL,FAIL,PASS,FAIL,FAIL,FAIL,PASS,FAIL,FAIL,PASS,PASS,PASS,PASS,PASS,FAIL,FAIL,PASS,PASS,PASS,PASS,PASS,PASS,PASS,PASS,FAIL,FAIL,FAIL,FAIL,FAIL,FAIL,PASS,PASS,PASS,PASS,PASS,PASS,PASS,PASS,PASS,PASS,PASS,PASS,PASS,PASS,PASS,PASS,PASS,PASS,PASS,PASS,FAIL,FAIL,FAIL,PASS,PASS,FAIL,FAIL,FAIL,FAIL,FAIL,FAIL,PASS,FAIL,PASS,PASS,PASS,PASS,FAIL,FAIL,FAIL,FAIL,FAIL,FAIL,FAIL,FAIL,FAIL,FAIL,FAIL,FAIL,FAIL,FAIL,FAIL,FAIL,FAIL,FAIL,FAIL,FAIL,FAIL,FAIL,FAIL,FAIL,PASS
Cli,Cli_1,batch03__Cli_1__processArgs__cli_1f_processArgs_line314,cli_1f_processArgs__line314,processArgs,m06,,SUCCESS,FAIL,True,True,0,1,harness/runs/batch03__Cli_1__processArgs__cli_1f_processArgs_line314/execution/m06.log,PASS,PASS,PASS,PASS,PASS,PASS,PASS,PASS,PASS,PASS,FAIL,PASS,PASS,PASS,PASS,PASS,PASS,PASS,PASS,PASS,PASS,PASS,PASS,PASS,PASS,PASS,PASS,PASS,PASS,PASS,PASS,PASS,PASS,PASS,PASS,PASS,PASS,PASS,PASS,PASS,PASS,PASS,PASS,PASS,PASS,PASS,PASS,PASS,PASS,PASS,PASS,PASS,PASS,PASS,PASS,PASS,PASS,PASS,PASS,PASS,PASS,PASS,PASS,PASS,PASS,PASS,PASS,PASS,PASS,PASS,PASS,PASS,PASS,PASS,PASS,PASS,PASS,PASS,PASS,PASS,PASS,PASS,PASS,PASS,PASS,PASS,PASS,PASS,PASS,PASS,PASS,PASS
Cli,Cli_1,batch03__Cli_1__processArgs__cli_1f_processArgs_line314,cli_1f_processArgs__line314,processArgs,m07,,SUCCESS,FAIL,True,True,0,47,harness/runs/batch03__Cli_1__processArgs__cli_1f_processArgs_line314/execution/m07.log,FAIL,FAIL,PASS,FAIL,FAIL,FAIL,PASS,FAIL,FAIL,PASS,PASS,PASS,PASS,PASS,FAIL,FAIL,PASS,PASS,PASS,PASS,PASS,PASS,PASS,PASS,PASS,FAIL,FAIL,FAIL,FAIL,FAIL,PASS,PASS,PASS,PASS,PASS,PASS,PASS,PASS,PASS,PASS,PASS,PASS,PASS,PASS,PASS,PASS,PASS,PASS,PASS,PASS,FAIL,FAIL,FAIL,PASS,PASS,PASS,FAIL,FAIL,FAIL,FAIL,FAIL,PASS,FAIL,PASS,PASS,PASS,PASS,FAIL,FAIL,FAIL,FAIL,FAIL,FAIL,FAIL,FAIL,FAIL,FAIL,FAIL,FAIL,FAIL,FAIL,FAIL,FAIL,FAIL,FAIL,FAIL,FAIL,FAIL,FAIL,FAIL,FAIL,PASS
Cli,Cli_1,batch03__Cli_1__processArgs__cli_1f_processArgs_line314,cli_1f_processArgs__line314,processArgs,m08,,SUCCESS,FAIL,True,True,0,46,harness/runs/batch03__Cli_1__processArgs__cli_1f_processArgs_line314/execution/m08.log,FAIL,FAIL,PASS,PASS,PASS,FAIL,PASS,FAIL,FAIL,PASS,FAIL,PASS,PASS,PASS,FAIL,FAIL,PASS,PASS,PASS,PASS,PASS,PASS,PASS,PASS,PASS,FAIL,FAIL,FAIL,FAIL,FAIL,PASS,PASS,PASS,PASS,PASS,PASS,PASS,PASS,PASS,PASS,PASS,PASS,PASS,PASS,PASS,PASS,PASS,PASS,PASS,PASS,FAIL,FAIL,FAIL,PASS,PASS,PASS,FAIL,FAIL,FAIL,FAIL,FAIL,PASS,FAIL,PASS,PASS,PASS,PASS,FAIL,FAIL,FAIL,FAIL,FAIL,FAIL,FAIL,FAIL,FAIL,FAIL,FAIL,FAIL,FAIL,FAIL,FAIL,FAIL,FAIL,FAIL,FAIL,FAIL,FAIL,FAIL,FAIL,FAIL,PASS
Cli,Cli_1,batch03__Cli_1__processProperties__cli_1f_processProperties_line228,cli_1f_processProperties__line228,processProperties,m04,,SUCCESS,FAIL,True,True,0,1,harness/runs/batch03__Cli_1__processProperties__cli_1f_processProperties_line228/execution/m04.log,PASS,PASS,PASS,PASS,PASS,PASS,PASS,PASS,PASS,PASS,PASS,PASS,PASS,PASS,PASS,PASS,PASS,PASS,PASS,PASS,PASS,PASS,PASS,PASS,PASS,PASS,PASS,PASS,PASS,PASS,PASS,PASS,PASS,PASS,PASS,PASS,PASS,PASS,PASS,PASS,PASS,PASS,PASS,PASS,PASS,PASS,PASS,PASS,PASS,PASS,PASS,PASS,PASS,PASS,PASS,PASS,PASS,PASS,PASS,PASS,PASS,PASS,PASS,PASS,PASS,PASS,PASS,PASS,PASS,PASS,PASS,PASS,PASS,FAIL,PASS,PASS,PASS,PASS,PASS,PASS,PASS,PASS,PASS,PASS,PASS,PASS,PASS,PASS,PASS,PASS,PASS,PASS
Cli,Cli_1,batch03__Cli_1__processProperties__cli_1f_processProperties_line228,cli_1f_processProperties__line228,processProperties,m05,,SUCCESS,FAIL,True,True,0,4,harness/runs/batch03__Cli_1__processProperties__cli_1f_processProperties_line228/execution/m05.log,PASS,PASS,PASS,PASS,PASS,PASS,PASS,PASS,PASS,PASS,PASS,PASS,PASS,PASS,PASS,PASS,PASS,FAIL,PASS,PASS,PASS,PASS,PASS,PASS,PASS,PASS,PASS,PASS,PASS,PASS,PASS,PASS,PASS,PASS,PASS,PASS,PASS,PASS,PASS,PASS,PASS,PASS,PASS,PASS,PASS,PASS,PASS,PASS,PASS,PASS,PASS,PASS,PASS,PASS,PASS,PASS,PASS,PASS,PASS,PASS,PASS,PASS,PASS,PASS,PASS,PASS,PASS,PASS,PASS,PASS,PASS,PASS,PASS,FAIL,FAIL,FAIL,PASS,PASS,PASS,PASS,PASS,PASS,PASS,PASS,PASS,PASS,PASS,PASS,PASS,PASS,PASS,PASS
Cli,Cli_1,batch03__Cli_1__processProperties__cli_1f_processProperties_line228,cli_1f_processProperties__line228,processProperties,m07,,FAIL,NOT_RUN,False,False,0,0,harness/runs/batch03__Cli_1__processProperties__cli_1f_processProperties_line228/execution/m07.log,BUILD_FAIL,BUILD_FAIL,BUILD_FAIL,BUILD_FAIL,BUILD_FAIL,BUILD_FAIL,BUILD_FAIL,BUILD_FAIL,BUILD_FAIL,BUILD_FAIL,BUILD_FAIL,BUILD_FAIL,BUILD_FAIL,BUILD_FAIL,BUILD_FAIL,BUILD_FAIL,BUILD_FAIL,BUILD_FAIL,BUILD_FAIL,BUILD_FAIL,BUILD_FAIL,BUILD_FAIL,BUILD_FAIL,BUILD_FAIL,BUILD_FAIL,BUILD_FAIL,BUILD_FAIL,BUILD_FAIL,BUILD_FAIL,BUILD_FAIL,BUILD_FAIL,BUILD_FAIL,BUILD_FAIL,BUILD_FAIL,BUILD_FAIL,BUILD_FAIL,BUILD_FAIL,BUILD_FAIL,BUILD_FAIL,BUILD_FAIL,BUILD_FAIL,BUILD_FAIL,BUILD_FAIL,BUILD_FAIL,BUILD_FAIL,BUILD_FAIL,BUILD_FAIL,BUILD_FAIL,BUILD_FAIL,BUILD_FAIL,BUILD_FAIL,BUILD_FAIL,BUILD_FAIL,BUILD_FAIL,BUILD_FAIL,BUILD_FAIL,BUILD_FAIL,BUILD_FAIL,BUILD_FAIL,BUILD_FAIL,BUILD_FAIL,BUILD_FAIL,BUILD_FAIL,BUILD_FAIL,BUILD_FAIL,BUILD_FAIL,BUILD_FAIL,BUILD_FAIL,BUILD_FAIL,BUILD_FAIL,BUILD_FAIL,BUILD_FAIL,BUILD_FAIL,BUILD_FAIL,BUILD_FAIL,BUILD_FAIL,BUILD_FAIL,BUILD_FAIL,BUILD_FAIL,BUILD_FAIL,BUILD_FAIL,BUILD_FAIL,BUILD_FAIL,BUILD_FAIL,BUILD_FAIL,BUILD_FAIL,BUILD_FAIL,BUILD_FAIL,BUILD_FAIL,BUILD_FAIL,BUILD_FAIL,BUILD_FAIL
Cli,Cli_1,batch03__Cli_1__validateOption__cli_1f_validateOption_line40,cli_1f_validateOption__line40,validateOption,m01,,FAIL,NOT_RUN,False,False,0,0,harness/runs/batch03__Cli_1__validateOption__cli_1f_validateOption_line40/execution/m01.log,BUILD_FAIL,BUILD_FAIL,BUILD_FAIL,BUILD_FAIL,BUILD_FAIL,BUILD_FAIL,BUILD_FAIL,BUILD_FAIL,BUILD_FAIL,BUILD_FAIL,BUILD_FAIL,BUILD_FAIL,BUILD_FAIL,BUILD_FAIL,BUILD_FAIL,BUILD_FAIL,BUILD_FAIL,BUILD_FAIL,BUILD_FAIL,BUILD_FAIL,BUILD_FAIL,BUILD_FAIL,BUILD_FAIL,BUILD_FAIL,BUILD_FAIL,BUILD_FAIL,BUILD_FAIL,BUILD_FAIL,BUILD_FAIL,BUILD_FAIL,BUILD_FAIL,BUILD_FAIL,BUILD_FAIL,BUILD_FAIL,BUILD_FAIL,BUILD_FAIL,BUILD_FAIL,BUILD_FAIL,BUILD_FAIL,BUILD_FAIL,BUILD_FAIL,BUILD_FAIL,BUILD_FAIL,BUILD_FAIL,BUILD_FAIL,BUILD_FAIL,BUILD_FAIL,BUILD_FAIL,BUILD_FAIL,BUILD_FAIL,BUILD_FAIL,BUILD_FAIL,BUILD_FAIL,BUILD_FAIL,BUILD_FAIL,BUILD_FAIL,BUILD_FAIL,BUILD_FAIL,BUILD_FAIL,BUILD_FAIL,BUILD_FAIL,BUILD_FAIL,BUILD_FAIL,BUILD_FAIL,BUILD_FAIL,BUILD_FAIL,BUILD_FAIL,BUILD_FAIL,BUILD_FAIL,BUILD_FAIL,BUILD_FAIL,BUILD_FAIL,BUILD_FAIL,BUILD_FAIL,BUILD_FAIL,BUILD_FAIL,BUILD_FAIL,BUILD_FAIL,BUILD_FAIL,BUILD_FAIL,BUILD_FAIL,BUILD_FAIL,BUILD_FAIL,BUILD_FAIL,BUILD_FAIL,BUILD_FAIL,BUILD_FAIL,BUILD_FAIL,BUILD_FAIL,BUILD_FAIL,BUILD_FAIL,BUILD_FAIL
Cli,Cli_1,batch03__Cli_1__validateOption__cli_1f_validateOption_line40,cli_1f_validateOption__line40,validateOption,m02,,FAIL,NOT_RUN,False,False,0,0,harness/runs/batch03__Cli_1__validateOption__cli_1f_validateOption_line40/execution/m02.log,BUILD_FAIL,BUILD_FAIL,BUILD_FAIL,BUILD_FAIL,BUILD_FAIL,BUILD_FAIL,BUILD_FAIL,BUILD_FAIL,BUILD_FAIL,BUILD_FAIL,BUILD_FAIL,BUILD_FAIL,BUILD_FAIL,BUILD_FAIL,BUILD_FAIL,BUILD_FAIL,BUILD_FAIL,BUILD_FAIL,BUILD_FAIL,BUILD_FAIL,BUILD_FAIL,BUILD_FAIL,BUILD_FAIL,BUILD_FAIL,BUILD_FAIL,BUILD_FAIL,BUILD_FAIL,BUILD_FAIL,BUILD_FAIL,BUILD_FAIL,BUILD_FAIL,BUILD_FAIL,BUILD_FAIL,BUILD_FAIL,BUILD_FAIL,BUILD_FAIL,BUILD_FAIL,BUILD_FAIL,BUILD_FAIL,BUILD_FAIL,BUILD_FAIL,BUILD_FAIL,BUILD_FAIL,BUILD_FAIL,BUILD_FAIL,BUILD_FAIL,BUILD_FAIL,BUILD_FAIL,BUILD_FAIL,BUILD_FAIL,BUILD_FAIL,BUILD_FAIL,BUILD_FAIL,BUILD_FAIL,BUILD_FAIL,BUILD_FAIL,BUILD_FAIL,BUILD_FAIL,BUILD_FAIL,BUILD_FAIL,BUILD_FAIL,BUILD_FAIL,BUILD_FAIL,BUILD_FAIL,BUILD_FAIL,BUILD_FAIL,BUILD_FAIL,BUILD_FAIL,BUILD_FAIL,BUILD_FAIL,BUILD_FAIL,BUILD_FAIL,BUILD_FAIL,BUILD_FAIL,BUILD_FAIL,BUILD_FAIL,BUILD_FAIL,BUILD_FAIL,BUILD_FAIL,BUILD_FAIL,BUILD_FAIL,BUILD_FAIL,BUILD_FAIL,BUILD_FAIL,BUILD_FAIL,BUILD_FAIL,BUILD_FAIL,BUILD_FAIL,BUILD_FAIL,BUILD_FAIL,BUILD_FAIL,BUILD_FAIL
Cli,Cli_1,batch03__Cli_1__validateOption__cli_1f_validateOption_line40,cli_1f_validateOption__line40,validateOption,m03,,FAIL,NOT_RUN,False,False,0,0,harness/runs/batch03__Cli_1__validateOption__cli_1f_validateOption_line40/execution/m03.log,BUILD_FAIL,BUILD_FAIL,BUILD_FAIL,BUILD_FAIL,BUILD_FAIL,BUILD_FAIL,BUILD_FAIL,BUILD_FAIL,BUILD_FAIL,BUILD_FAIL,BUILD_FAIL,BUILD_FAIL,BUILD_FAIL,BUILD_FAIL,BUILD_FAIL,BUILD_FAIL,BUILD_FAIL,BUILD_FAIL,BUILD_FAIL,BUILD_FAIL,BUILD_FAIL,BUILD_FAIL,BUILD_FAIL,BUILD_FAIL,BUILD_FAIL,BUILD_FAIL,BUILD_FAIL,BUILD_FAIL,BUILD_FAIL,BUILD_FAIL,BUILD_FAIL,BUILD_FAIL,BUILD_FAIL,BUILD_FAIL,BUILD_FAIL,BUILD_FAIL,BUILD_FAIL,BUILD_FAIL,BUILD_FAIL,BUILD_FAIL,BUILD_FAIL,BUILD_FAIL,BUILD_FAIL,BUILD_FAIL,BUILD_FAIL,BUILD_FAIL,BUILD_FAIL,BUILD_FAIL,BUILD_FAIL,BUILD_FAIL,BUILD_FAIL,BUILD_FAIL,BUILD_FAIL,BUILD_FAIL,BUILD_FAIL,BUILD_FAIL,BUILD_FAIL,BUILD_FAIL,BUILD_FAIL,BUILD_FAIL,BUILD_FAIL,BUILD_FAIL,BUILD_FAIL,BUILD_FAIL,BUILD_FAIL,BUILD_FAIL,BUILD_FAIL,BUILD_FAIL,BUILD_FAIL,BUILD_FAIL,BUILD_FAIL,BUILD_FAIL,BUILD_FAIL,BUILD_FAIL,BUILD_FAIL,BUILD_FAIL,BUILD_FAIL,BUILD_FAIL,BUILD_FAIL,BUILD_FAIL,BUILD_FAIL,BUILD_FAIL,BUILD_FAIL,BUILD_FAIL,BUILD_FAIL,BUILD_FAIL,BUILD_FAIL,BUILD_FAIL,BUILD_FAIL,BUILD_FAIL,BUILD_FAIL,BUILD_FAIL
Cli,Cli_1,batch03__Cli_1__validateOption__cli_1f_validateOption_line40,cli_1f_validateOption__line40,validateOption,m04,,FAIL,NOT_RUN,False,False,0,0,harness/runs/batch03__Cli_1__validateOption__cli_1f_validateOption_line40/execution/m04.log,BUILD_FAIL,BUILD_FAIL,BUILD_FAIL,BUILD_FAIL,BUILD_FAIL,BUILD_FAIL,BUILD_FAIL,BUILD_FAIL,BUILD_FAIL,BUILD_FAIL,BUILD_FAIL,BUILD_FAIL,BUILD_FAIL,BUILD_FAIL,BUILD_FAIL,BUILD_FAIL,BUILD_FAIL,BUILD_FAIL,BUILD_FAIL,BUILD_FAIL,BUILD_FAIL,BUILD_FAIL,BUILD_FAIL,BUILD_FAIL,BUILD_FAIL,BUILD_FAIL,BUILD_FAIL,BUILD_FAIL,BUILD_FAIL,BUILD_FAIL,BUILD_FAIL,BUILD_FAIL,BUILD_FAIL,BUILD_FAIL,BUILD_FAIL,BUILD_FAIL,BUILD_FAIL,BUILD_FAIL,BUILD_FAIL,BUILD_FAIL,BUILD_FAIL,BUILD_FAIL,BUILD_FAIL,BUILD_FAIL,BUILD_FAIL,BUILD_FAIL,BUILD_FAIL,BUILD_FAIL,BUILD_FAIL,BUILD_FAIL,BUILD_FAIL,BUILD_FAIL,BUILD_FAIL,BUILD_FAIL,BUILD_FAIL,BUILD_FAIL,BUILD_FAIL,BUILD_FAIL,BUILD_FAIL,BUILD_FAIL,BUILD_FAIL,BUILD_FAIL,BUILD_FAIL,BUILD_FAIL,BUILD_FAIL,BUILD_FAIL,BUILD_FAIL,BUILD_FAIL,BUILD_FAIL,BUILD_FAIL,BUILD_FAIL,BUILD_FAIL,BUILD_FAIL,BUILD_FAIL,BUILD_FAIL,BUILD_FAIL,BUILD_FAIL,BUILD_FAIL,BUILD_FAIL,BUILD_FAIL,BUILD_FAIL,BUILD_FAIL,BUILD_FAIL,BUILD_FAIL,BUILD_FAIL,BUILD_FAIL,BUILD_FAIL,BUILD_FAIL,BUILD_FAIL,BUILD_FAIL,BUILD_FAIL,BUILD_FAIL
Cli,Cli_1,batch03__Cli_1__validateOption__cli_1f_validateOption_line40,cli_1f_validateOption__line40,validateOption,m05,,FAIL,NOT_RUN,False,False,0,0,harness/runs/batch03__Cli_1__validateOption__cli_1f_validateOption_line40/execution/m05.log,BUILD_FAIL,BUILD_FAIL,BUILD_FAIL,BUILD_FAIL,BUILD_FAIL,BUILD_FAIL,BUILD_FAIL,BUILD_FAIL,BUILD_FAIL,BUILD_FAIL,BUILD_FAIL,BUILD_FAIL,BUILD_FAIL,BUILD_FAIL,BUILD_FAIL,BUILD_FAIL,BUILD_FAIL,BUILD_FAIL,BUILD_FAIL,BUILD_FAIL,BUILD_FAIL,BUILD_FAIL,BUILD_FAIL,BUILD_FAIL,BUILD_FAIL,BUILD_FAIL,BUILD_FAIL,BUILD_FAIL,BUILD_FAIL,BUILD_FAIL,BUILD_FAIL,BUILD_FAIL,BUILD_FAIL,BUILD_FAIL,BUILD_FAIL,BUILD_FAIL,BUILD_FAIL,BUILD_FAIL,BUILD_FAIL,BUILD_FAIL,BUILD_FAIL,BUILD_FAIL,BUILD_FAIL,BUILD_FAIL,BUILD_FAIL,BUILD_FAIL,BUILD_FAIL,BUILD_FAIL,BUILD_FAIL,BUILD_FAIL,BUILD_FAIL,BUILD_FAIL,BUILD_FAIL,BUILD_FAIL,BUILD_FAIL,BUILD_FAIL,BUILD_FAIL,BUILD_FAIL,BUILD_FAIL,BUILD_FAIL,BUILD_FAIL,BUILD_FAIL,BUILD_FAIL,BUILD_FAIL,BUILD_FAIL,BUILD_FAIL,BUILD_FAIL,BUILD_FAIL,BUILD_FAIL,BUILD_FAIL,BUILD_FAIL,BUILD_FAIL,BUILD_FAIL,BUILD_FAIL,BUILD_FAIL,BUILD_FAIL,BUILD_FAIL,BUILD_FAIL,BUILD_FAIL,BUILD_FAIL,BUILD_FAIL,BUILD_FAIL,BUILD_FAIL,BUILD_FAIL,BUILD_FAIL,BUILD_FAIL,BUILD_FAIL,BUILD_FAIL,BUILD_FAIL,BUILD_FAIL,BUILD_FAIL,BUILD_FAIL
Cli,Cli_1,batch03__Cli_1__validateOption__cli_1f_validateOption_line40,cli_1f_validateOption__line40,validateOption,m08,,FAIL,NOT_RUN,False,False,0,0,harness/runs/batch03__Cli_1__validateOption__cli_1f_validateOption_line40/execution/m08.log,BUILD_FAIL,BUILD_FAIL,BUILD_FAIL,BUILD_FAIL,BUILD_FAIL,BUILD_FAIL,BUILD_FAIL,BUILD_FAIL,BUILD_FAIL,BUILD_FAIL,BUILD_FAIL,BUILD_FAIL,BUILD_FAIL,BUILD_FAIL,BUILD_FAIL,BUILD_FAIL,BUILD_FAIL,BUILD_FAIL,BUILD_FAIL,BUILD_FAIL,BUILD_FAIL,BUILD_FAIL,BUILD_FAIL,BUILD_FAIL,BUILD_FAIL,BUILD_FAIL,BUILD_FAIL,BUILD_FAIL,BUILD_FAIL,BUILD_FAIL,BUILD_FAIL,BUILD_FAIL,BUILD_FAIL,BUILD_FAIL,BUILD_FAIL,BUILD_FAIL,BUILD_FAIL,BUILD_FAIL,BUILD_FAIL,BUILD_FAIL,BUILD_FAIL,BUILD_FAIL,BUILD_FAIL,BUILD_FAIL,BUILD_FAIL,BUILD_FAIL,BUILD_FAIL,BUILD_FAIL,BUILD_FAIL,BUILD_FAIL,BUILD_FAIL,BUILD_FAIL,BUILD_FAIL,BUILD_FAIL,BUILD_FAIL,BUILD_FAIL,BUILD_FAIL,BUILD_FAIL,BUILD_FAIL,BUILD_FAIL,BUILD_FAIL,BUILD_FAIL,BUILD_FAIL,BUILD_FAIL,BUILD_FAIL,BUILD_FAIL,BUILD_FAIL,BUILD_FAIL,BUILD_FAIL,BUILD_FAIL,BUILD_FAIL,BUILD_FAIL,BUILD_FAIL,BUILD_FAIL,BUILD_FAIL,BUILD_FAIL,BUILD_FAIL,BUILD_FAIL,BUILD_FAIL,BUILD_FAIL,BUILD_FAIL,BUILD_FAIL,BUILD_FAIL,BUILD_FAIL,BUILD_FAIL,BUILD_FAIL,BUILD_FAIL,BUILD_FAIL,BUILD_FAIL,BUILD_FAIL,BUILD_FAIL,BUILD_FAIL
Cli,Cli_1,batch04__Cli_1__appendOption__cli_1f_appendOption_line530,cli_1f_appendOption__line530,appendOption,m01,,SUCCESS,PASS,False,True,0,0,harness/runs/batch04__Cli_1__appendOption__cli_1f_appendOption_line530/execution/m01.log,PASS,PASS,PASS,PASS,PASS,PASS,PASS,PASS,PASS,PASS,PASS,PASS,PASS,PASS,PASS,PASS,PASS,PASS,PASS,PASS,PASS,PASS,PASS,PASS,PASS,PASS,PASS,PASS,PASS,PASS,PASS,PASS,PASS,PASS,PASS,PASS,PASS,PASS,PASS,PASS,PASS,PASS,PASS,PASS,PASS,PASS,PASS,PASS,PASS,PASS,PASS,PASS,PASS,PASS,PASS,PASS,PASS,PASS,PASS,PASS,PASS,PASS,PASS,PASS,PASS,PASS,PASS,PASS,PASS,PASS,PASS,PASS,PASS,PASS,PASS,PASS,PASS,PASS,PASS,PASS,PASS,PASS,PASS,PASS,PASS,PASS,PASS,PASS,PASS,PASS,PASS,PASS
Cli,Cli_1,batch04__Cli_1__appendOption__cli_1f_appendOption_line530,cli_1f_appendOption__line530,appendOption,m02,,SUCCESS,FAIL,True,True,0,1,harness/runs/batch04__Cli_1__appendOption__cli_1f_appendOption_line530/execution/m02.log,PASS,PASS,PASS,PASS,PASS,PASS,PASS,PASS,PASS,PASS,PASS,PASS,PASS,PASS,PASS,PASS,PASS,PASS,PASS,PASS,PASS,PASS,PASS,PASS,PASS,PASS,PASS,PASS,PASS,PASS,PASS,PASS,PASS,PASS,PASS,PASS,PASS,PASS,PASS,PASS,PASS,PASS,PASS,PASS,PASS,PASS,PASS,PASS,PASS,PASS,PASS,PASS,PASS,PASS,PASS,PASS,PASS,PASS,PASS,PASS,PASS,PASS,PASS,FAIL,PASS,PASS,PASS,PASS,PASS,PASS,PASS,PASS,PASS,PASS,PASS,PASS,PASS,PASS,PASS,PASS,PASS,PASS,PASS,PASS,PASS,PASS,PASS,PASS,PASS,PASS,PASS,PASS
Cli,Cli_1,batch04__Cli_1__appendOption__cli_1f_appendOption_line530,cli_1f_appendOption__line530,appendOption,m03,,SUCCESS,FAIL,True,True,0,1,harness/runs/batch04__Cli_1__appendOption__cli_1f_appendOption_line530/execution/m03.log,PASS,PASS,PASS,PASS,PASS,PASS,PASS,PASS,PASS,PASS,PASS,PASS,PASS,PASS,PASS,PASS,PASS,PASS,PASS,PASS,PASS,PASS,PASS,PASS,PASS,PASS,PASS,PASS,PASS,PASS,PASS,PASS,PASS,PASS,PASS,PASS,PASS,PASS,PASS,PASS,PASS,PASS,PASS,PASS,PASS,PASS,PASS,PASS,PASS,PASS,PASS,PASS,PASS,PASS,PASS,PASS,PASS,PASS,PASS,PASS,PASS,PASS,PASS,FAIL,PASS,PASS,PASS,PASS,PASS,PASS,PASS,PASS,PASS,PASS,PASS,PASS,PASS,PASS,PASS,PASS,PASS,PASS,PASS,PASS,PASS,PASS,PASS,PASS,PASS,PASS,PASS,PASS
Cli,Cli_1,batch04__Cli_1__burstToken__cli_1f_burstToken_line278,cli_1f_burstToken__line278,burstToken,m01,,SUCCESS,FAIL,True,True,0,7,harness/runs/batch04__Cli_1__burstToken__cli_1f_burstToken_line278/execution/m01.log,PASS,PASS,PASS,PASS,PASS,PASS,PASS,FAIL,PASS,PASS,PASS,PASS,PASS,PASS,PASS,PASS,PASS,PASS,PASS,PASS,PASS,PASS,PASS,PASS,PASS,PASS,PASS,PASS,PASS,PASS,PASS,PASS,PASS,PASS,PASS,PASS,PASS,PASS,PASS,PASS,PASS,PASS,PASS,PASS,PASS,PASS,PASS,PASS,PASS,PASS,PASS,PASS,FAIL,PASS,FAIL,FAIL,FAIL,PASS,PASS,PASS,PASS,PASS,PASS,PASS,PASS,PASS,PASS,PASS,PASS,PASS,PASS,PASS,PASS,PASS,PASS,PASS,PASS,PASS,PASS,PASS,PASS,PASS,PASS,FAIL,PASS,FAIL,PASS,PASS,PASS,PASS,PASS,PASS
Cli,Cli_1,batch04__Cli_1__burstToken__cli_1f_burstToken_line278,cli_1f_burstToken__line278,burstToken,m02,,FAIL,NOT_RUN,False,False,0,0,harness/runs/batch04__Cli_1__burstToken__cli_1f_burstToken_line278/execution/m02.log,BUILD_FAIL,BUILD_FAIL,BUILD_FAIL,BUILD_FAIL,BUILD_FAIL,BUILD_FAIL,BUILD_FAIL,BUILD_FAIL,BUILD_FAIL,BUILD_FAIL,BUILD_FAIL,BUILD_FAIL,BUILD_FAIL,BUILD_FAIL,BUILD_FAIL,BUILD_FAIL,BUILD_FAIL,BUILD_FAIL,BUILD_FAIL,BUILD_FAIL,BUILD_FAIL,BUILD_FAIL,BUILD_FAIL,BUILD_FAIL,BUILD_FAIL,BUILD_FAIL,BUILD_FAIL,BUILD_FAIL,BUILD_FAIL,BUILD_FAIL,BUILD_FAIL,BUILD_FAIL,BUILD_FAIL,BUILD_FAIL,BUILD_FAIL,BUILD_FAIL,BUILD_FAIL,BUILD_FAIL,BUILD_FAIL,BUILD_FAIL,BUILD_FAIL,BUILD_FAIL,BUILD_FAIL,BUILD_FAIL,BUILD_FAIL,BUILD_FAIL,BUILD_FAIL,BUILD_FAIL,BUILD_FAIL,BUILD_FAIL,BUILD_FAIL,BUILD_FAIL,BUILD_FAIL,BUILD_FAIL,BUILD_FAIL,BUILD_FAIL,BUILD_FAIL,BUILD_FAIL,BUILD_FAIL,BUILD_FAIL,BUILD_FAIL,BUILD_FAIL,BUILD_FAIL,BUILD_FAIL,BUILD_FAIL,BUILD_FAIL,BUILD_FAIL,BUILD_FAIL,BUILD_FAIL,BUILD_FAIL,BUILD_FAIL,BUILD_FAIL,BUILD_FAIL,BUILD_FAIL,BUILD_FAIL,BUILD_FAIL,BUILD_FAIL,BUILD_FAIL,BUILD_FAIL,BUILD_FAIL,BUILD_FAIL,BUILD_FAIL,BUILD_FAIL,BUILD_FAIL,BUILD_FAIL,BUILD_FAIL,BUILD_FAIL,BUILD_FAIL,BUILD_FAIL,BUILD_FAIL,BUILD_FAIL,BUILD_FAIL
Cli,Cli_1,batch04__Cli_1__burstToken__cli_1f_burstToken_line278,cli_1f_burstToken__line278,burstToken,m05,,FAIL,NOT_RUN,False,False,0,0,harness/runs/batch04__Cli_1__burstToken__cli_1f_burstToken_line278/execution/m05.log,BUILD_FAIL,BUILD_FAIL,BUILD_FAIL,BUILD_FAIL,BUILD_FAIL,BUILD_FAIL,BUILD_FAIL,BUILD_FAIL,BUILD_FAIL,BUILD_FAIL,BUILD_FAIL,BUILD_FAIL,BUILD_FAIL,BUILD_FAIL,BUILD_FAIL,BUILD_FAIL,BUILD_FAIL,BUILD_FAIL,BUILD_FAIL,BUILD_FAIL,BUILD_FAIL,BUILD_FAIL,BUILD_FAIL,BUILD_FAIL,BUILD_FAIL,BUILD_FAIL,BUILD_FAIL,BUILD_FAIL,BUILD_FAIL,BUILD_FAIL,BUILD_FAIL,BUILD_FAIL,BUILD_FAIL,BUILD_FAIL,BUILD_FAIL,BUILD_FAIL,BUILD_FAIL,BUILD_FAIL,BUILD_FAIL,BUILD_FAIL,BUILD_FAIL,BUILD_FAIL,BUILD_FAIL,BUILD_FAIL,BUILD_FAIL,BUILD_FAIL,BUILD_FAIL,BUILD_FAIL,BUILD_FAIL,BUILD_FAIL,BUILD_FAIL,BUILD_FAIL,BUILD_FAIL,BUILD_FAIL,BUILD_FAIL,BUILD_FAIL,BUILD_FAIL,BUILD_FAIL,BUILD_FAIL,BUILD_FAIL,BUILD_FAIL,BUILD_FAIL,BUILD_FAIL,BUILD_FAIL,BUILD_FAIL,BUILD_FAIL,BUILD_FAIL,BUILD_FAIL,BUILD_FAIL,BUILD_FAIL,BUILD_FAIL,BUILD_FAIL,BUILD_FAIL,BUILD_FAIL,BUILD_FAIL,BUILD_FAIL,BUILD_FAIL,BUILD_FAIL,BUILD_FAIL,BUILD_FAIL,BUILD_FAIL,BUILD_FAIL,BUILD_FAIL,BUILD_FAIL,BUILD_FAIL,BUILD_FAIL,BUILD_FAIL,BUILD_FAIL,BUILD_FAIL,BUILD_FAIL,BUILD_FAIL,BUILD_FAIL
Cli,Cli_1,batch04__Cli_1__burstToken__cli_1f_burstToken_line278,cli_1f_burstToken__line278,burstToken,m08,,SUCCESS,FAIL,True,True,0,8,harness/runs/batch04__Cli_1__burstToken__cli_1f_burstToken_line278/execution/m08.log,PASS,PASS,PASS,PASS,PASS,FAIL,PASS,FAIL,PASS,PASS,PASS,PASS,PASS,PASS,PASS,PASS,PASS,PASS,PASS,PASS,PASS,PASS,PASS,PASS,PASS,PASS,PASS,PASS,PASS,PASS,PASS,PASS,PASS,PASS,PASS,PASS,PASS,PASS,PASS,PASS,PASS,PASS,PASS,PASS,PASS,PASS,PASS,PASS,PASS,PASS,PASS,PASS,FAIL,PASS,FAIL,FAIL,FAIL,PASS,PASS,PASS,PASS,PASS,PASS,PASS,PASS,PASS,PASS,PASS,PASS,PASS,PASS,PASS,PASS,PASS,PASS,PASS,PASS,PASS,PASS,PASS,PASS,PASS,PASS,FAIL,PASS,PASS,FAIL,PASS,PASS,PASS,PASS,PASS
Cli,Cli_1,batch04__Cli_1__equals__cli_1f_equals_line600,cli_1f_equals__line600,equals,m01,,FAIL,NOT_RUN,False,False,0,0,harness/runs/batch04__Cli_1__equals__cli_1f_equals_line600/execution/m01.log,BUILD_FAIL,BUILD_FAIL,BUILD_FAIL,BUILD_FAIL,BUILD_FAIL,BUILD_FAIL,BUILD_FAIL,BUILD_FAIL,BUILD_FAIL,BUILD_FAIL,BUILD_FAIL,BUILD_FAIL,BUILD_FAIL,BUILD_FAIL,BUILD_FAIL,BUILD_FAIL,BUILD_FAIL,BUILD_FAIL,BUILD_FAIL,BUILD_FAIL,BUILD_FAIL,BUILD_FAIL,BUILD_FAIL,BUILD_FAIL,BUILD_FAIL,BUILD_FAIL,BUILD_FAIL,BUILD_FAIL,BUILD_FAIL,BUILD_FAIL,BUILD_FAIL,BUILD_FAIL,BUILD_FAIL,BUILD_FAIL,BUILD_FAIL,BUILD_FAIL,BUILD_FAIL,BUILD_FAIL,BUILD_FAIL,BUILD_FAIL,BUILD_FAIL,BUILD_FAIL,BUILD_FAIL,BUILD_FAIL,BUILD_FAIL,BUILD_FAIL,BUILD_FAIL,BUILD_FAIL,BUILD_FAIL,BUILD_FAIL,BUILD_FAIL,BUILD_FAIL,BUILD_FAIL,BUILD_FAIL,BUILD_FAIL,BUILD_FAIL,BUILD_FAIL,BUILD_FAIL,BUILD_FAIL,BUILD_FAIL,BUILD_FAIL,BUILD_FAIL,BUILD_FAIL,BUILD_FAIL,BUILD_FAIL,BUILD_FAIL,BUILD_FAIL,BUILD_FAIL,BUILD_FAIL,BUILD_FAIL,BUILD_FAIL,BUILD_FAIL,BUILD_FAIL,BUILD_FAIL,BUILD_FAIL,BUILD_FAIL,BUILD_FAIL,BUILD_FAIL,BUILD_FAIL,BUILD_FAIL,BUILD_FAIL,BUILD_FAIL,BUILD_FAIL,BUILD_FAIL,BUILD_FAIL,BUILD_FAIL,BUILD_FAIL,BUILD_FAIL,BUILD_FAIL,BUILD_FAIL,BUILD_FAIL,BUILD_FAIL
Cli,Cli_1,batch04__Cli_1__equals__cli_1f_equals_line600,cli_1f_equals__line600,equals,m02,,SUCCESS,PASS,False,True,0,0,harness/runs/batch04__Cli_1__equals__cli_1f_equals_line600/execution/m02.log,PASS,PASS,PASS,PASS,PASS,PASS,PASS,PASS,PASS,PASS,PASS,PASS,PASS,PASS,PASS,PASS,PASS,PASS,PASS,PASS,PASS,PASS,PASS,PASS,PASS,PASS,PASS,PASS,PASS,PASS,PASS,PASS,PASS,PASS,PASS,PASS,PASS,PASS,PASS,PASS,PASS,PASS,PASS,PASS,PASS,PASS,PASS,PASS,PASS,PASS,PASS,PASS,PASS,PASS,PASS,PASS,PASS,PASS,PASS,PASS,PASS,PASS,PASS,PASS,PASS,PASS,PASS,PASS,PASS,PASS,PASS,PASS,PASS,PASS,PASS,PASS,PASS,PASS,PASS,PASS,PASS,PASS,PASS,PASS,PASS,PASS,PASS,PASS,PASS,PASS,PASS,PASS
Cli,Cli_1,batch04__Cli_1__equals__cli_1f_equals_line600,cli_1f_equals__line600,equals,m03,,SUCCESS,PASS,False,True,0,0,harness/runs/batch04__Cli_1__equals__cli_1f_equals_line600/execution/m03.log,PASS,PASS,PASS,PASS,PASS,PASS,PASS,PASS,PASS,PASS,PASS,PASS,PASS,PASS,PASS,PASS,PASS,PASS,PASS,PASS,PASS,PASS,PASS,PASS,PASS,PASS,PASS,PASS,PASS,PASS,PASS,PASS,PASS,PASS,PASS,PASS,PASS,PASS,PASS,PASS,PASS,PASS,PASS,PASS,PASS,PASS,PASS,PASS,PASS,PASS,PASS,PASS,PASS,PASS,PASS,PASS,PASS,PASS,PASS,PASS,PASS,PASS,PASS,PASS,PASS,PASS,PASS,PASS,PASS,PASS,PASS,PASS,PASS,PASS,PASS,PASS,PASS,PASS,PASS,PASS,PASS,PASS,PASS,PASS,PASS,PASS,PASS,PASS,PASS,PASS,PASS,PASS
Cli,Cli_1,batch04__Cli_1__equals__cli_1f_equals_line600,cli_1f_equals__line600,equals,m05,,SUCCESS,PASS,False,True,0,0,harness/runs/batch04__Cli_1__equals__cli_1f_equals_line600/execution/m05.log,PASS,PASS,PASS,PASS,PASS,PASS,PASS,PASS,PASS,PASS,PASS,PASS,PASS,PASS,PASS,PASS,PASS,PASS,PASS,PASS,PASS,PASS,PASS,PASS,PASS,PASS,PASS,PASS,PASS,PASS,PASS,PASS,PASS,PASS,PASS,PASS,PASS,PASS,PASS,PASS,PASS,PASS,PASS,PASS,PASS,PASS,PASS,PASS,PASS,PASS,PASS,PASS,PASS,PASS,PASS,PASS,PASS,PASS,PASS,PASS,PASS,PASS,PASS,PASS,PASS,PASS,PASS,PASS,PASS,PASS,PASS,PASS,PASS,PASS,PASS,PASS,PASS,PASS,PASS,PASS,PASS,PASS,PASS,PASS,PASS,PASS,PASS,PASS,PASS,PASS,PASS,PASS
Cli,Cli_1,batch04__Cli_1__equals__cli_1f_equals_line600,cli_1f_equals__line600,equals,m07,,SUCCESS,PASS,False,True,0,0,harness/runs/batch04__Cli_1__equals__cli_1f_equals_line600/execution/m07.log,PASS,PASS,PASS,PASS,PASS,PASS,PASS,PASS,PASS,PASS,PASS,PASS,PASS,PASS,PASS,PASS,PASS,PASS,PASS,PASS,PASS,PASS,PASS,PASS,PASS,PASS,PASS,PASS,PASS,PASS,PASS,PASS,PASS,PASS,PASS,PASS,PASS,PASS,PASS,PASS,PASS,PASS,PASS,PASS,PASS,PASS,PASS,PASS,PASS,PASS,PASS,PASS,PASS,PASS,PASS,PASS,PASS,PASS,PASS,PASS,PASS,PASS,PASS,PASS,PASS,PASS,PASS,PASS,PASS,PASS,PASS,PASS,PASS,PASS,PASS,PASS,PASS,PASS,PASS,PASS,PASS,PASS,PASS,PASS,PASS,PASS,PASS,PASS,PASS,PASS,PASS,PASS
Cli,Cli_1,batch04__Cli_1__equals__cli_1f_equals_line600,cli_1f_equals__line600,equals,m08,,SUCCESS,PASS,False,True,0,0,harness/runs/batch04__Cli_1__equals__cli_1f_equals_line600/execution/m08.log,PASS,PASS,PASS,PASS,PASS,PASS,PASS,PASS,PASS,PASS,PASS,PASS,PASS,PASS,PASS,PASS,PASS,PASS,PASS,PASS,PASS,PASS,PASS,PASS,PASS,PASS,PASS,PASS,PASS,PASS,PASS,PASS,PASS,PASS,PASS,PASS,PASS,PASS,PASS,PASS,PASS,PASS,PASS,PASS,PASS,PASS,PASS,PASS,PASS,PASS,PASS,PASS,PASS,PASS,PASS,PASS,PASS,PASS,PASS,PASS,PASS,PASS,PASS,PASS,PASS,PASS,PASS,PASS,PASS,PASS,PASS,PASS,PASS,PASS,PASS,PASS,PASS,PASS,PASS,PASS,PASS,PASS,PASS,PASS,PASS,PASS,PASS,PASS,PASS,PASS,PASS,PASS
Cli,Cli_1,batch04__Cli_1__findWrapPos__cli_1f_findWrapPos_line789,cli_1f_findWrapPos__line789,findWrapPos,m01,,SUCCESS,PASS,False,True,0,0,harness/runs/batch04__Cli_1__findWrapPos__cli_1f_findWrapPos_line789/execution/m01.log,PASS,PASS,PASS,PASS,PASS,PASS,PASS,PASS,PASS,PASS,PASS,PASS,PASS,PASS,PASS,PASS,PASS,PASS,PASS,PASS,PASS,PASS,PASS,PASS,PASS,PASS,PASS,PASS,PASS,PASS,PASS,PASS,PASS,PASS,PASS,PASS,PASS,PASS,PASS,PASS,PASS,PASS,PASS,PASS,PASS,PASS,PASS,PASS,PASS,PASS,PASS,PASS,PASS,PASS,PASS,PASS,PASS,PASS,PASS,PASS,PASS,PASS,PASS,PASS,PASS,PASS,PASS,PASS,PASS,PASS,PASS,PASS,PASS,PASS,PASS,PASS,PASS,PASS,PASS,PASS,PASS,PASS,PASS,PASS,PASS,PASS,PASS,PASS,PASS,PASS,PASS,PASS
Cli,Cli_1,batch04__Cli_1__findWrapPos__cli_1f_findWrapPos_line789,cli_1f_findWrapPos__line789,findWrapPos,m03,,SUCCESS,FAIL,True,True,0,7,harness/runs/batch04__Cli_1__findWrapPos__cli_1f_findWrapPos_line789/execution/m03.log,PASS,PASS,PASS,PASS,PASS,PASS,PASS,PASS,PASS,PASS,PASS,FAIL,PASS,PASS,PASS,PASS,FAIL,PASS,PASS,PASS,PASS,PASS,PASS,PASS,PASS,PASS,PASS,PASS,PASS,PASS,PASS,PASS,PASS,PASS,PASS,PASS,PASS,PASS,PASS,PASS,PASS,PASS,PASS,PASS,PASS,PASS,PASS,PASS,PASS,PASS,PASS,PASS,PASS,PASS,PASS,PASS,PASS,PASS,PASS,PASS,PASS,PASS,PASS,FAIL,FAIL,FAIL,FAIL,PASS,PASS,PASS,PASS,PASS,PASS,PASS,PASS,PASS,PASS,PASS,PASS,PASS,PASS,PASS,PASS,PASS,PASS,PASS,PASS,PASS,PASS,PASS,PASS,FAIL
Cli,Cli_1,batch04__Cli_1__findWrapPos__cli_1f_findWrapPos_line789,cli_1f_findWrapPos__line789,findWrapPos,m04,,FAIL,NOT_RUN,False,False,0,0,harness/runs/batch04__Cli_1__findWrapPos__cli_1f_findWrapPos_line789/execution/m04.log,BUILD_FAIL,BUILD_FAIL,BUILD_FAIL,BUILD_FAIL,BUILD_FAIL,BUILD_FAIL,BUILD_FAIL,BUILD_FAIL,BUILD_FAIL,BUILD_FAIL,BUILD_FAIL,BUILD_FAIL,BUILD_FAIL,BUILD_FAIL,BUILD_FAIL,BUILD_FAIL,BUILD_FAIL,BUILD_FAIL,BUILD_FAIL,BUILD_FAIL,BUILD_FAIL,BUILD_FAIL,BUILD_FAIL,BUILD_FAIL,BUILD_FAIL,BUILD_FAIL,BUILD_FAIL,BUILD_FAIL,BUILD_FAIL,BUILD_FAIL,BUILD_FAIL,BUILD_FAIL,BUILD_FAIL,BUILD_FAIL,BUILD_FAIL,BUILD_FAIL,BUILD_FAIL,BUILD_FAIL,BUILD_FAIL,BUILD_FAIL,BUILD_FAIL,BUILD_FAIL,BUILD_FAIL,BUILD_FAIL,BUILD_FAIL,BUILD_FAIL,BUILD_FAIL,BUILD_FAIL,BUILD_FAIL,BUILD_FAIL,BUILD_FAIL,BUILD_FAIL,BUILD_FAIL,BUILD_FAIL,BUILD_FAIL,BUILD_FAIL,BUILD_FAIL,BUILD_FAIL,BUILD_FAIL,BUILD_FAIL,BUILD_FAIL,BUILD_FAIL,BUILD_FAIL,BUILD_FAIL,BUILD_FAIL,BUILD_FAIL,BUILD_FAIL,BUILD_FAIL,BUILD_FAIL,BUILD_FAIL,BUILD_FAIL,BUILD_FAIL,BUILD_FAIL,BUILD_FAIL,BUILD_FAIL,BUILD_FAIL,BUILD_FAIL,BUILD_FAIL,BUILD_FAIL,BUILD_FAIL,BUILD_FAIL,BUILD_FAIL,BUILD_FAIL,BUILD_FAIL,BUILD_FAIL,BUILD_FAIL,BUILD_FAIL,BUILD_FAIL,BUILD_FAIL,BUILD_FAIL,BUILD_FAIL,BUILD_FAIL
Cli,Cli_1,batch04__Cli_1__findWrapPos__cli_1f_findWrapPos_line789,cli_1f_findWrapPos__line789,findWrapPos,m05,,SUCCESS,PASS,False,True,0,0,harness/runs/batch04__Cli_1__findWrapPos__cli_1f_findWrapPos_line789/execution/m05.log,PASS,PASS,PASS,PASS,PASS,PASS,PASS,PASS,PASS,PASS,PASS,PASS,PASS,PASS,PASS,PASS,PASS,PASS,PASS,PASS,PASS,PASS,PASS,PASS,PASS,PASS,PASS,PASS,PASS,PASS,PASS,PASS,PASS,PASS,PASS,PASS,PASS,PASS,PASS,PASS,PASS,PASS,PASS,PASS,PASS,PASS,PASS,PASS,PASS,PASS,PASS,PASS,PASS,PASS,PASS,PASS,PASS,PASS,PASS,PASS,PASS,PASS,PASS,PASS,PASS,PASS,PASS,PASS,PASS,PASS,PASS,PASS,PASS,PASS,PASS,PASS,PASS,PASS,PASS,PASS,PASS,PASS,PASS,PASS,PASS,PASS,PASS,PASS,PASS,PASS,PASS,PASS
Cli,Cli_1,batch04__Cli_1__findWrapPos__cli_1f_findWrapPos_line789,cli_1f_findWrapPos__line789,findWrapPos,m07,,SUCCESS,FAIL,True,True,0,7,harness/runs/batch04__Cli_1__findWrapPos__cli_1f_findWrapPos_line789/execution/m07.log,PASS,PASS,PASS,PASS,PASS,PASS,PASS,PASS,PASS,PASS,PASS,FAIL,PASS,PASS,PASS,PASS,FAIL,PASS,PASS,PASS,PASS,PASS,PASS,PASS,PASS,PASS,PASS,PASS,PASS,PASS,PASS,PASS,PASS,PASS,PASS,PASS,PASS,PASS,PASS,PASS,PASS,PASS,PASS,PASS,PASS,PASS,PASS,PASS,PASS,PASS,PASS,PASS,PASS,PASS,PASS,PASS,PASS,PASS,PASS,PASS,PASS,PASS,PASS,FAIL,FAIL,FAIL,FAIL,PASS,PASS,PASS,PASS,PASS,PASS,PASS,PASS,PASS,PASS,PASS,PASS,PASS,PASS,PASS,PASS,PASS,PASS,PASS,PASS,PASS,PASS,PASS,PASS,FAIL
Cli,Cli_1,batch04__Cli_1__isValueCode__cli_1f_isValueCode_line136,cli_1f_isValueCode__line136,isValueCode,m01,,FAIL,NOT_RUN,False,False,0,0,harness/runs/batch04__Cli_1__isValueCode__cli_1f_isValueCode_line136/execution/m01.log,BUILD_FAIL,BUILD_FAIL,BUILD_FAIL,BUILD_FAIL,BUILD_FAIL,BUILD_FAIL,BUILD_FAIL,BUILD_FAIL,BUILD_FAIL,BUILD_FAIL,BUILD_FAIL,BUILD_FAIL,BUILD_FAIL,BUILD_FAIL,BUILD_FAIL,BUILD_FAIL,BUILD_FAIL,BUILD_FAIL,BUILD_FAIL,BUILD_FAIL,BUILD_FAIL,BUILD_FAIL,BUILD_FAIL,BUILD_FAIL,BUILD_FAIL,BUILD_FAIL,BUILD_FAIL,BUILD_FAIL,BUILD_FAIL,BUILD_FAIL,BUILD_FAIL,BUILD_FAIL,BUILD_FAIL,BUILD_FAIL,BUILD_FAIL,BUILD_FAIL,BUILD_FAIL,BUILD_FAIL,BUILD_FAIL,BUILD_FAIL,BUILD_FAIL,BUILD_FAIL,BUILD_FAIL,BUILD_FAIL,BUILD_FAIL,BUILD_FAIL,BUILD_FAIL,BUILD_FAIL,BUILD_FAIL,BUILD_FAIL,BUILD_FAIL,BUILD_FAIL,BUILD_FAIL,BUILD_FAIL,BUILD_FAIL,BUILD_FAIL,BUILD_FAIL,BUILD_FAIL,BUILD_FAIL,BUILD_FAIL,BUILD_FAIL,BUILD_FAIL,BUILD_FAIL,BUILD_FAIL,BUILD_FAIL,BUILD_FAIL,BUILD_FAIL,BUILD_FAIL,BUILD_FAIL,BUILD_FAIL,BUILD_FAIL,BUILD_FAIL,BUILD_FAIL,BUILD_FAIL,BUILD_FAIL,BUILD_FAIL,BUILD_FAIL,BUILD_FAIL,BUILD_FAIL,BUILD_FAIL,BUILD_FAIL,BUILD_FAIL,BUILD_FAIL,BUILD_FAIL,BUILD_FAIL,BUILD_FAIL,BUILD_FAIL,BUILD_FAIL,BUILD_FAIL,BUILD_FAIL,BUILD_FAIL,BUILD_FAIL
Cli,Cli_1,batch04__Cli_1__isValueCode__cli_1f_isValueCode_line136,cli_1f_isValueCode__line136,isValueCode,m02,,FAIL,NOT_RUN,False,False,0,0,harness/runs/batch04__Cli_1__isValueCode__cli_1f_isValueCode_line136/execution/m02.log,BUILD_FAIL,BUILD_FAIL,BUILD_FAIL,BUILD_FAIL,BUILD_FAIL,BUILD_FAIL,BUILD_FAIL,BUILD_FAIL,BUILD_FAIL,BUILD_FAIL,BUILD_FAIL,BUILD_FAIL,BUILD_FAIL,BUILD_FAIL,BUILD_FAIL,BUILD_FAIL,BUILD_FAIL,BUILD_FAIL,BUILD_FAIL,BUILD_FAIL,BUILD_FAIL,BUILD_FAIL,BUILD_FAIL,BUILD_FAIL,BUILD_FAIL,BUILD_FAIL,BUILD_FAIL,BUILD_FAIL,BUILD_FAIL,BUILD_FAIL,BUILD_FAIL,BUILD_FAIL,BUILD_FAIL,BUILD_FAIL,BUILD_FAIL,BUILD_FAIL,BUILD_FAIL,BUILD_FAIL,BUILD_FAIL,BUILD_FAIL,BUILD_FAIL,BUILD_FAIL,BUILD_FAIL,BUILD_FAIL,BUILD_FAIL,BUILD_FAIL,BUILD_FAIL,BUILD_FAIL,BUILD_FAIL,BUILD_FAIL,BUILD_FAIL,BUILD_FAIL,BUILD_FAIL,BUILD_FAIL,BUILD_FAIL,BUILD_FAIL,BUILD_FAIL,BUILD_FAIL,BUILD_FAIL,BUILD_FAIL,BUILD_FAIL,BUILD_FAIL,BUILD_FAIL,BUILD_FAIL,BUILD_FAIL,BUILD_FAIL,BUILD_FAIL,BUILD_FAIL,BUILD_FAIL,BUILD_FAIL,BUILD_FAIL,BUILD_FAIL,BUILD_FAIL,BUILD_FAIL,BUILD_FAIL,BUILD_FAIL,BUILD_FAIL,BUILD_FAIL,BUILD_FAIL,BUILD_FAIL,BUILD_FAIL,BUILD_FAIL,BUILD_FAIL,BUILD_FAIL,BUILD_FAIL,BUILD_FAIL,BUILD_FAIL,BUILD_FAIL,BUILD_FAIL,BUILD_FAIL,BUILD_FAIL,BUILD_FAIL
Cli,Cli_1,batch04__Cli_1__isValueCode__cli_1f_isValueCode_line136,cli_1f_isValueCode__line136,isValueCode,m03,,SUCCESS,FAIL,True,True,0,1,harness/runs/batch04__Cli_1__isValueCode__cli_1f_isValueCode_line136/execution/m03.log,PASS,PASS,PASS,PASS,PASS,PASS,PASS,PASS,PASS,PASS,PASS,PASS,PASS,PASS,PASS,PASS,PASS,PASS,PASS,PASS,PASS,PASS,PASS,PASS,PASS,PASS,PASS,PASS,PASS,PASS,PASS,PASS,PASS,PASS,PASS,PASS,PASS,PASS,PASS,PASS,PASS,PASS,PASS,PASS,PASS,PASS,PASS,PASS,PASS,PASS,PASS,PASS,PASS,PASS,PASS,PASS,PASS,PASS,PASS,PASS,PASS,PASS,FAIL,PASS,PASS,PASS,PASS,PASS,PASS,PASS,PASS,PASS,PASS,PASS,PASS,PASS,PASS,PASS,PASS,PASS,PASS,PASS,PASS,PASS,PASS,PASS,PASS,PASS,PASS,PASS,PASS,PASS
Cli,Cli_1,batch04__Cli_1__isValueCode__cli_1f_isValueCode_line136,cli_1f_isValueCode__line136,isValueCode,m06,,SUCCESS,FAIL,True,True,0,1,harness/runs/batch04__Cli_1__isValueCode__cli_1f_isValueCode_line136/execution/m06.log,PASS,PASS,PASS,PASS,PASS,PASS,PASS,PASS,PASS,PASS,PASS,PASS,PASS,PASS,PASS,PASS,PASS,PASS,PASS,PASS,PASS,PASS,PASS,PASS,PASS,PASS,PASS,PASS,PASS,PASS,PASS,PASS,PASS,PASS,PASS,PASS,PASS,PASS,PASS,PASS,PASS,PASS,PASS,PASS,PASS,PASS,PASS,PASS,PASS,PASS,PASS,PASS,PASS,PASS,PASS,PASS,PASS,PASS,PASS,PASS,PASS,PASS,FAIL,PASS,PASS,PASS,PASS,PASS,PASS,PASS,PASS,PASS,PASS,PASS,PASS,PASS,PASS,PASS,PASS,PASS,PASS,PASS,PASS,PASS,PASS,PASS,PASS,PASS,PASS,PASS,PASS,PASS
Cli,Cli_1,batch04__Cli_1__option__cli_1f_option_line48,cli_1f_option__line48,option,m01,,SUCCESS,PASS,False,True,0,0,harness/runs/batch04__Cli_1__option__cli_1f_option_line48/execution/m01.log,PASS,PASS,PASS,PASS,PASS,PASS,PASS,PASS,PASS,PASS,PASS,PASS,PASS,PASS,PASS,PASS,PASS,PASS,PASS,PASS,PASS,PASS,PASS,PASS,PASS,PASS,PASS,PASS,PASS,PASS,PASS,PASS,PASS,PASS,PASS,PASS,PASS,PASS,PASS,PASS,PASS,PASS,PASS,PASS,PASS,PASS,PASS,PASS,PASS,PASS,PASS,PASS,PASS,PASS,PASS,PASS,PASS,PASS,PASS,PASS,PASS,PASS,PASS,PASS,PASS,PASS,PASS,PASS,PASS,PASS,PASS,PASS,PASS,PASS,PASS,PASS,PASS,PASS,PASS,PASS,PASS,PASS,PASS,PASS,PASS,PASS,PASS,PASS,PASS,PASS,PASS,PASS
Cli,Cli_1,batch04__Cli_1__option__cli_1f_option_line48,cli_1f_option__line48,option,m02,,SUCCESS,PASS,False,True,0,0,harness/runs/batch04__Cli_1__option__cli_1f_option_line48/execution/m02.log,PASS,PASS,PASS,PASS,PASS,PASS,PASS,PASS,PASS,PASS,PASS,PASS,PASS,PASS,PASS,PASS,PASS,PASS,PASS,PASS,PASS,PASS,PASS,PASS,PASS,PASS,PASS,PASS,PASS,PASS,PASS,PASS,PASS,PASS,PASS,PASS,PASS,PASS,PASS,PASS,PASS,PASS,PASS,PASS,PASS,PASS,PASS,PASS,PASS,PASS,PASS,PASS,PASS,PASS,PASS,PASS,PASS,PASS,PASS,PASS,PASS,PASS,PASS,PASS,PASS,PASS,PASS,PASS,PASS,PASS,PASS,PASS,PASS,PASS,PASS,PASS,PASS,PASS,PASS,PASS,PASS,PASS,PASS,PASS,PASS,PASS,PASS,PASS,PASS,PASS,PASS,PASS
Cli,Cli_1,batch04__Cli_1__option__cli_1f_option_line48,cli_1f_option__line48,option,m03,,SUCCESS,PASS,False,True,0,0,harness/runs/batch04__Cli_1__option__cli_1f_option_line48/execution/m03.log,PASS,PASS,PASS,PASS,PASS,PASS,PASS,PASS,PASS,PASS,PASS,PASS,PASS,PASS,PASS,PASS,PASS,PASS,PASS,PASS,PASS,PASS,PASS,PASS,PASS,PASS,PASS,PASS,PASS,PASS,PASS,PASS,PASS,PASS,PASS,PASS,PASS,PASS,PASS,PASS,PASS,PASS,PASS,PASS,PASS,PASS,PASS,PASS,PASS,PASS,PASS,PASS,PASS,PASS,PASS,PASS,PASS,PASS,PASS,PASS,PASS,PASS,PASS,PASS,PASS,PASS,PASS,PASS,PASS,PASS,PASS,PASS,PASS,PASS,PASS,PASS,PASS,PASS,PASS,PASS,PASS,PASS,PASS,PASS,PASS,PASS,PASS,PASS,PASS,PASS,PASS,PASS
Cli,Cli_1,batch04__Cli_1__option__cli_1f_option_line48,cli_1f_option__line48,option,m05,,SUCCESS,PASS,False,True,0,0,harness/runs/batch04__Cli_1__option__cli_1f_option_line48/execution/m05.log,PASS,PASS,PASS,PASS,PASS,PASS,PASS,PASS,PASS,PASS,PASS,PASS,PASS,PASS,PASS,PASS,PASS,PASS,PASS,PASS,PASS,PASS,PASS,PASS,PASS,PASS,PASS,PASS,PASS,PASS,PASS,PASS,PASS,PASS,PASS,PASS,PASS,PASS,PASS,PASS,PASS,PASS,PASS,PASS,PASS,PASS,PASS,PASS,PASS,PASS,PASS,PASS,PASS,PASS,PASS,PASS,PASS,PASS,PASS,PASS,PASS,PASS,PASS,PASS,PASS,PASS,PASS,PASS,PASS,PASS,PASS,PASS,PASS,PASS,PASS,PASS,PASS,PASS,PASS,PASS,PASS,PASS,PASS,PASS,PASS,PASS,PASS,PASS,PASS,PASS,PASS,PASS
Cli,Cli_1,batch04__Cli_1__option__cli_1f_option_line48,cli_1f_option__line48,option,m06,,SUCCESS,PASS,False,True,0,0,harness/runs/batch04__Cli_1__option__cli_1f_option_line48/execution/m06.log,PASS,PASS,PASS,PASS,PASS,PASS,PASS,PASS,PASS,PASS,PASS,PASS,PASS,PASS,PASS,PASS,PASS,PASS,PASS,PASS,PASS,PASS,PASS,PASS,PASS,PASS,PASS,PASS,PASS,PASS,PASS,PASS,PASS,PASS,PASS,PASS,PASS,PASS,PASS,PASS,PASS,PASS,PASS,PASS,PASS,PASS,PASS,PASS,PASS,PASS,PASS,PASS,PASS,PASS,PASS,PASS,PASS,PASS,PASS,PASS,PASS,PASS,PASS,PASS,PASS,PASS,PASS,PASS,PASS,PASS,PASS,PASS,PASS,PASS,PASS,PASS,PASS,PASS,PASS,PASS,PASS,PASS,PASS,PASS,PASS,PASS,PASS,PASS,PASS,PASS,PASS,PASS
Cli,Cli_1,batch04__Cli_1__option__cli_1f_option_line48,cli_1f_option__line48,option,m07,,SUCCESS,PASS,False,True,0,0,harness/runs/batch04__Cli_1__option__cli_1f_option_line48/execution/m07.log,PASS,PASS,PASS,PASS,PASS,PASS,PASS,PASS,PASS,PASS,PASS,PASS,PASS,PASS,PASS,PASS,PASS,PASS,PASS,PASS,PASS,PASS,PASS,PASS,PASS,PASS,PASS,PASS,PASS,PASS,PASS,PASS,PASS,PASS,PASS,PASS,PASS,PASS,PASS,PASS,PASS,PASS,PASS,PASS,PASS,PASS,PASS,PASS,PASS,PASS,PASS,PASS,PASS,PASS,PASS,PASS,PASS,PASS,PASS,PASS,PASS,PASS,PASS,PASS,PASS,PASS,PASS,PASS,PASS,PASS,PASS,PASS,PASS,PASS,PASS,PASS,PASS,PASS,PASS,PASS,PASS,PASS,PASS,PASS,PASS,PASS,PASS,PASS,PASS,PASS,PASS,PASS
Cli,Cli_1,batch04__Cli_1__option__cli_1f_option_line48,cli_1f_option__line48,option,m08,,SUCCESS,PASS,False,True,0,0,harness/runs/batch04__Cli_1__option__cli_1f_option_line48/execution/m08.log,PASS,PASS,PASS,PASS,PASS,PASS,PASS,PASS,PASS,PASS,PASS,PASS,PASS,PASS,PASS,PASS,PASS,PASS,PASS,PASS,PASS,PASS,PASS,PASS,PASS,PASS,PASS,PASS,PASS,PASS,PASS,PASS,PASS,PASS,PASS,PASS,PASS,PASS,PASS,PASS,PASS,PASS,PASS,PASS,PASS,PASS,PASS,PASS,PASS,PASS,PASS,PASS,PASS,PASS,PASS,PASS,PASS,PASS,PASS,PASS,PASS,PASS,PASS,PASS,PASS,PASS,PASS,PASS,PASS,PASS,PASS,PASS,PASS,PASS,PASS,PASS,PASS,PASS,PASS,PASS,PASS,PASS,PASS,PASS,PASS,PASS,PASS,PASS,PASS,PASS,PASS,PASS
Cli,Cli_1,batch04__Cli_1__processArgs__cli_1f_processArgs_line314,cli_1f_processArgs__line314,processArgs,m01,,SUCCESS,FAIL,True,True,0,48,harness/runs/batch04__Cli_1__processArgs__cli_1f_processArgs_line314/execution/m01.log,FAIL,FAIL,PASS,FAIL,FAIL,FAIL,PASS,FAIL,FAIL,PASS,FAIL,PASS,PASS,PASS,FAIL,FAIL,PASS,PASS,PASS,PASS,PASS,PASS,PASS,PASS,PASS,FAIL,FAIL,FAIL,FAIL,FAIL,PASS,PASS,PASS,PASS,PASS,PASS,PASS,PASS,PASS,PASS,PASS,PASS,PASS,PASS,PASS,PASS,PASS,PASS,PASS,PASS,FAIL,FAIL,FAIL,PASS,PASS,PASS,FAIL,FAIL,FAIL,FAIL,FAIL,PASS,FAIL,PASS,PASS,PASS,PASS,FAIL,FAIL,FAIL,FAIL,FAIL,FAIL,FAIL,FAIL,FAIL,FAIL,FAIL,FAIL,FAIL,FAIL,FAIL,FAIL,FAIL,FAIL,FAIL,FAIL,FAIL,FAIL,FAIL,FAIL,PASS
Cli,Cli_1,batch04__Cli_1__processArgs__cli_1f_processArgs_line314,cli_1f_processArgs__line314,processArgs,m02,,SUCCESS,FAIL,True,True,0,0,harness/runs/batch04__Cli_1__processArgs__cli_1f_processArgs_line314/execution/m02.log,PASS,PASS,PASS,PASS,PASS,PASS,PASS,PASS,PASS,PASS,PASS,PASS,PASS,PASS,PASS,PASS,PASS,PASS,PASS,PASS,PASS,PASS,PASS,PASS,PASS,PASS,PASS,PASS,PASS,PASS,PASS,PASS,PASS,PASS,PASS,PASS,PASS,PASS,PASS,PASS,PASS,PASS,PASS,PASS,PASS,PASS,PASS,PASS,PASS,PASS,PASS,PASS,PASS,PASS,PASS,PASS,PASS,PASS,PASS,PASS,PASS,PASS,PASS,PASS,PASS,PASS,PASS,PASS,PASS,PASS,PASS,PASS,PASS,PASS,PASS,PASS,PASS,PASS,PASS,PASS,PASS,PASS,PASS,PASS,PASS,PASS,PASS,PASS,PASS,PASS,PASS,PASS
Cli,Cli_1,batch04__Cli_1__processArgs__cli_1f_processArgs_line314,cli_1f_processArgs__line314,processArgs,m03,,FAIL,NOT_RUN,False,False,0,0,harness/runs/batch04__Cli_1__processArgs__cli_1f_processArgs_line314/execution/m03.log,BUILD_FAIL,BUILD_FAIL,BUILD_FAIL,BUILD_FAIL,BUILD_FAIL,BUILD_FAIL,BUILD_FAIL,BUILD_FAIL,BUILD_FAIL,BUILD_FAIL,BUILD_FAIL,BUILD_FAIL,BUILD_FAIL,BUILD_FAIL,BUILD_FAIL,BUILD_FAIL,BUILD_FAIL,BUILD_FAIL,BUILD_FAIL,BUILD_FAIL,BUILD_FAIL,BUILD_FAIL,BUILD_FAIL,BUILD_FAIL,BUILD_FAIL,BUILD_FAIL,BUILD_FAIL,BUILD_FAIL,BUILD_FAIL,BUILD_FAIL,BUILD_FAIL,BUILD_FAIL,BUILD_FAIL,BUILD_FAIL,BUILD_FAIL,BUILD_FAIL,BUILD_FAIL,BUILD_FAIL,BUILD_FAIL,BUILD_FAIL,BUILD_FAIL,BUILD_FAIL,BUILD_FAIL,BUILD_FAIL,BUILD_FAIL,BUILD_FAIL,BUILD_FAIL,BUILD_FAIL,BUILD_FAIL,BUILD_FAIL,BUILD_FAIL,BUILD_FAIL,BUILD_FAIL,BUILD_FAIL,BUILD_FAIL,BUILD_FAIL,BUILD_FAIL,BUILD_FAIL,BUILD_FAIL,BUILD_FAIL,BUILD_FAIL,BUILD_FAIL,BUILD_FAIL,BUILD_FAIL,BUILD_FAIL,BUILD_FAIL,BUILD_FAIL,BUILD_FAIL,BUILD_FAIL,BUILD_FAIL,BUILD_FAIL,BUILD_FAIL,BUILD_FAIL,BUILD_FAIL,BUILD_FAIL,BUILD_FAIL,BUILD_FAIL,BUILD_FAIL,BUILD_FAIL,BUILD_FAIL,BUILD_FAIL,BUILD_FAIL,BUILD_FAIL,BUILD_FAIL,BUILD_FAIL,BUILD_FAIL,BUILD_FAIL,BUILD_FAIL,BUILD_FAIL,BUILD_FAIL,BUILD_FAIL,BUILD_FAIL
Cli,Cli_1,batch04__Cli_1__processArgs__cli_1f_processArgs_line314,cli_1f_processArgs__line314,processArgs,m04,,SUCCESS,FAIL,True,True,0,1,harness/runs/batch04__Cli_1__processArgs__cli_1f_processArgs_line314/execution/m04.log,PASS,PASS,PASS,PASS,PASS,PASS,PASS,PASS,PASS,PASS,PASS,PASS,PASS,PASS,PASS,FAIL,PASS,PASS,PASS,PASS,PASS,PASS,PASS,PASS,PASS,PASS,PASS,PASS,PASS,PASS,PASS,PASS,PASS,PASS,PASS,PASS,PASS,PASS,PASS,PASS,PASS,PASS,PASS,PASS,PASS,PASS,PASS,PASS,PASS,PASS,PASS,PASS,PASS,PASS,PASS,PASS,PASS,PASS,PASS,PASS,PASS,PASS,PASS,PASS,PASS,PASS,PASS,PASS,PASS,PASS,PASS,PASS,PASS,PASS,PASS,PASS,PASS,PASS,PASS,PASS,PASS,PASS,PASS,PASS,PASS,PASS,PASS,PASS,PASS,PASS,PASS,PASS
Cli,Cli_1,batch04__Cli_1__processArgs__cli_1f_processArgs_line314,cli_1f_processArgs__line314,processArgs,m05,,SUCCESS,FAIL,True,True,0,14,harness/runs/batch04__Cli_1__processArgs__cli_1f_processArgs_line314/execution/m05.log,FAIL,PASS,PASS,PASS,PASS,FAIL,PASS,FAIL,PASS,PASS,PASS,PASS,PASS,PASS,PASS,PASS,PASS,PASS,PASS,PASS,PASS,PASS,PASS,PASS,PASS,PASS,PASS,PASS,PASS,FAIL,PASS,PASS,PASS,PASS,PASS,PASS,PASS,PASS,PASS,PASS,PASS,PASS,PASS,PASS,PASS,PASS,PASS,PASS,PASS,PASS,PASS,PASS,PASS,PASS,PASS,PASS,PASS,PASS,PASS,PASS,FAIL,PASS,FAIL,PASS,PASS,PASS,PASS,FAIL,PASS,PASS,PASS,PASS,FAIL,PASS,PASS,PASS,FAIL,PASS,PASS,PASS,PASS,PASS,PASS,FAIL,FAIL,FAIL,PASS,FAIL,FAIL,PASS,PASS,PASS
Cli,Cli_1,batch04__Cli_1__processArgs__cli_1f_processArgs_line314,cli_1f_processArgs__line314,processArgs,m06,,SUCCESS,FAIL,True,True,0,49,harness/runs/batch04__Cli_1__processArgs__cli_1f_processArgs_line314/execution/m06.log,FAIL,FAIL,PASS,FAIL,FAIL,FAIL,PASS,FAIL,FAIL,PASS,PASS,PASS,PASS,PASS,FAIL,FAIL,PASS,PASS,PASS,PASS,PASS,PASS,PASS,PASS,FAIL,FAIL,FAIL,FAIL,FAIL,FAIL,PASS,PASS,PASS,PASS,PASS,PASS,PASS,PASS,PASS,PASS,PASS,PASS,PASS,PASS,PASS,PASS,PASS,PASS,PASS,PASS,FAIL,FAIL,FAIL,PASS,PASS,FAIL,FAIL,FAIL,FAIL,FAIL,FAIL,PASS,FAIL,PASS,PASS,PASS,PASS,FAIL,FAIL,FAIL,FAIL,FAIL,FAIL,FAIL,FAIL,FAIL,FAIL,FAIL,FAIL,FAIL,FAIL,FAIL,FAIL,FAIL,FAIL,FAIL,FAIL,FAIL,FAIL,FAIL,FAIL,PASS
Cli,Cli_1,batch04__Cli_1__processProperties__cli_1f_processProperties_line228,cli_1f_processProperties__line228,processProperties,m01,,FAIL,NOT_RUN,False,False,0,0,harness/runs/batch04__Cli_1__processProperties__cli_1f_processProperties_line228/execution/m01.log,BUILD_FAIL,BUILD_FAIL,BUILD_FAIL,BUILD_FAIL,BUILD_FAIL,BUILD_FAIL,BUILD_FAIL,BUILD_FAIL,BUILD_FAIL,BUILD_FAIL,BUILD_FAIL,BUILD_FAIL,BUILD_FAIL,BUILD_FAIL,BUILD_FAIL,BUILD_FAIL,BUILD_FAIL,BUILD_FAIL,BUILD_FAIL,BUILD_FAIL,BUILD_FAIL,BUILD_FAIL,BUILD_FAIL,BUILD_FAIL,BUILD_FAIL,BUILD_FAIL,BUILD_FAIL,BUILD_FAIL,BUILD_FAIL,BUILD_FAIL,BUILD_FAIL,BUILD_FAIL,BUILD_FAIL,BUILD_FAIL,BUILD_FAIL,BUILD_FAIL,BUILD_FAIL,BUILD_FAIL,BUILD_FAIL,BUILD_FAIL,BUILD_FAIL,BUILD_FAIL,BUILD_FAIL,BUILD_FAIL,BUILD_FAIL,BUILD_FAIL,BUILD_FAIL,BUILD_FAIL,BUILD_FAIL,BUILD_FAIL,BUILD_FAIL,BUILD_FAIL,BUILD_FAIL,BUILD_FAIL,BUILD_FAIL,BUILD_FAIL,BUILD_FAIL,BUILD_FAIL,BUILD_FAIL,BUILD_FAIL,BUILD_FAIL,BUILD_FAIL,BUILD_FAIL,BUILD_FAIL,BUILD_FAIL,BUILD_FAIL,BUILD_FAIL,BUILD_FAIL,BUILD_FAIL,BUILD_FAIL,BUILD_FAIL,BUILD_FAIL,BUILD_FAIL,BUILD_FAIL,BUILD_FAIL,BUILD_FAIL,BUILD_FAIL,BUILD_FAIL,BUILD_FAIL,BUILD_FAIL,BUILD_FAIL,BUILD_FAIL,BUILD_FAIL,BUILD_FAIL,BUILD_FAIL,BUILD_FAIL,BUILD_FAIL,BUILD_FAIL,BUILD_FAIL,BUILD_FAIL,BUILD_FAIL,BUILD_FAIL
Cli,Cli_1,batch05__Cli_1__createValue__cli_1f_createValue_line61,cli_1f_createValue__line61,createValue,m01,,FAIL,NOT_RUN,False,False,0,0,harness/runs/batch05__Cli_1__createValue__cli_1f_createValue_line61/execution/m01.log,BUILD_FAIL,BUILD_FAIL,BUILD_FAIL,BUILD_FAIL,BUILD_FAIL,BUILD_FAIL,BUILD_FAIL,BUILD_FAIL,BUILD_FAIL,BUILD_FAIL,BUILD_FAIL,BUILD_FAIL,BUILD_FAIL,BUILD_FAIL,BUILD_FAIL,BUILD_FAIL,BUILD_FAIL,BUILD_FAIL,BUILD_FAIL,BUILD_FAIL,BUILD_FAIL,BUILD_FAIL,BUILD_FAIL,BUILD_FAIL,BUILD_FAIL,BUILD_FAIL,BUILD_FAIL,BUILD_FAIL,BUILD_FAIL,BUILD_FAIL,BUILD_FAIL,BUILD_FAIL,BUILD_FAIL,BUILD_FAIL,BUILD_FAIL,BUILD_FAIL,BUILD_FAIL,BUILD_FAIL,BUILD_FAIL,BUILD_FAIL,BUILD_FAIL,BUILD_FAIL,BUILD_FAIL,BUILD_FAIL,BUILD_FAIL,BUILD_FAIL,BUILD_FAIL,BUILD_FAIL,BUILD_FAIL,BUILD_FAIL,BUILD_FAIL,BUILD_FAIL,BUILD_FAIL,BUILD_FAIL,BUILD_FAIL,BUILD_FAIL,BUILD_FAIL,BUILD_FAIL,BUILD_FAIL,BUILD_FAIL,BUILD_FAIL,BUILD_FAIL,BUILD_FAIL,BUILD_FAIL,BUILD_FAIL,BUILD_FAIL,BUILD_FAIL,BUILD_FAIL,BUILD_FAIL,BUILD_FAIL,BUILD_FAIL,BUILD_FAIL,BUILD_FAIL,BUILD_FAIL,BUILD_FAIL,BUILD_FAIL,BUILD_FAIL,BUILD_FAIL,BUILD_FAIL,BUILD_FAIL,BUILD_FAIL,BUILD_FAIL,BUILD_FAIL,BUILD_FAIL,BUILD_FAIL,BUILD_FAIL,BUILD_FAIL,BUILD_FAIL,BUILD_FAIL,BUILD_FAIL,BUILD_FAIL,BUILD_FAIL
Cli,Cli_1,batch05__Cli_1__createValue__cli_1f_createValue_line61,cli_1f_createValue__line61,createValue,m02,,FAIL,NOT_RUN,False,False,0,0,harness/runs/batch05__Cli_1__createValue__cli_1f_createValue_line61/execution/m02.log,BUILD_FAIL,BUILD_FAIL,BUILD_FAIL,BUILD_FAIL,BUILD_FAIL,BUILD_FAIL,BUILD_FAIL,BUILD_FAIL,BUILD_FAIL,BUILD_FAIL,BUILD_FAIL,BUILD_FAIL,BUILD_FAIL,BUILD_FAIL,BUILD_FAIL,BUILD_FAIL,BUILD_FAIL,BUILD_FAIL,BUILD_FAIL,BUILD_FAIL,BUILD_FAIL,BUILD_FAIL,BUILD_FAIL,BUILD_FAIL,BUILD_FAIL,BUILD_FAIL,BUILD_FAIL,BUILD_FAIL,BUILD_FAIL,BUILD_FAIL,BUILD_FAIL,BUILD_FAIL,BUILD_FAIL,BUILD_FAIL,BUILD_FAIL,BUILD_FAIL,BUILD_FAIL,BUILD_FAIL,BUILD_FAIL,BUILD_FAIL,BUILD_FAIL,BUILD_FAIL,BUILD_FAIL,BUILD_FAIL,BUILD_FAIL,BUILD_FAIL,BUILD_FAIL,BUILD_FAIL,BUILD_FAIL,BUILD_FAIL,BUILD_FAIL,BUILD_FAIL,BUILD_FAIL,BUILD_FAIL,BUILD_FAIL,BUILD_FAIL,BUILD_FAIL,BUILD_FAIL,BUILD_FAIL,BUILD_FAIL,BUILD_FAIL,BUILD_FAIL,BUILD_FAIL,BUILD_FAIL,BUILD_FAIL,BUILD_FAIL,BUILD_FAIL,BUILD_FAIL,BUILD_FAIL,BUILD_FAIL,BUILD_FAIL,BUILD_FAIL,BUILD_FAIL,BUILD_FAIL,BUILD_FAIL,BUILD_FAIL,BUILD_FAIL,BUILD_FAIL,BUILD_FAIL,BUILD_FAIL,BUILD_FAIL,BUILD_FAIL,BUILD_FAIL,BUILD_FAIL,BUILD_FAIL,BUILD_FAIL,BUILD_FAIL,BUILD_FAIL,BUILD_FAIL,BUILD_FAIL,BUILD_FAIL,BUILD_FAIL
Cli,Cli_1,batch05__Cli_1__createValue__cli_1f_createValue_line61,cli_1f_createValue__line61,createValue,m03,,FAIL,NOT_RUN,False,False,0,0,harness/runs/batch05__Cli_1__createValue__cli_1f_createValue_line61/execution/m03.log,BUILD_FAIL,BUILD_FAIL,BUILD_FAIL,BUILD_FAIL,BUILD_FAIL,BUILD_FAIL,BUILD_FAIL,BUILD_FAIL,BUILD_FAIL,BUILD_FAIL,BUILD_FAIL,BUILD_FAIL,BUILD_FAIL,BUILD_FAIL,BUILD_FAIL,BUILD_FAIL,BUILD_FAIL,BUILD_FAIL,BUILD_FAIL,BUILD_FAIL,BUILD_FAIL,BUILD_FAIL,BUILD_FAIL,BUILD_FAIL,BUILD_FAIL,BUILD_FAIL,BUILD_FAIL,BUILD_FAIL,BUILD_FAIL,BUILD_FAIL,BUILD_FAIL,BUILD_FAIL,BUILD_FAIL,BUILD_FAIL,BUILD_FAIL,BUILD_FAIL,BUILD_FAIL,BUILD_FAIL,BUILD_FAIL,BUILD_FAIL,BUILD_FAIL,BUILD_FAIL,BUILD_FAIL,BUILD_FAIL,BUILD_FAIL,BUILD_FAIL,BUILD_FAIL,BUILD_FAIL,BUILD_FAIL,BUILD_FAIL,BUILD_FAIL,BUILD_FAIL,BUILD_FAIL,BUILD_FAIL,BUILD_FAIL,BUILD_FAIL,BUILD_FAIL,BUILD_FAIL,BUILD_FAIL,BUILD_FAIL,BUILD_FAIL,BUILD_FAIL,BUILD_FAIL,BUILD_FAIL,BUILD_FAIL,BUILD_FAIL,BUILD_FAIL,BUILD_FAIL,BUILD_FAIL,BUILD_FAIL,BUILD_FAIL,BUILD_FAIL,BUILD_FAIL,BUILD_FAIL,BUILD_FAIL,BUILD_FAIL,BUILD_FAIL,BUILD_FAIL,BUILD_FAIL,BUILD_FAIL,BUILD_FAIL,BUILD_FAIL,BUILD_FAIL,BUILD_FAIL,BUILD_FAIL,BUILD_FAIL,BUILD_FAIL,BUILD_FAIL,BUILD_FAIL,BUILD_FAIL,BUILD_FAIL,BUILD_FAIL
Cli,Cli_1,batch05__Cli_1__createValue__cli_1f_createValue_line61,cli_1f_createValue__line61,createValue,m04,,FAIL,NOT_RUN,False,False,0,0,harness/runs/batch05__Cli_1__createValue__cli_1f_createValue_line61/execution/m04.log,BUILD_FAIL,BUILD_FAIL,BUILD_FAIL,BUILD_FAIL,BUILD_FAIL,BUILD_FAIL,BUILD_FAIL,BUILD_FAIL,BUILD_FAIL,BUILD_FAIL,BUILD_FAIL,BUILD_FAIL,BUILD_FAIL,BUILD_FAIL,BUILD_FAIL,BUILD_FAIL,BUILD_FAIL,BUILD_FAIL,BUILD_FAIL,BUILD_FAIL,BUILD_FAIL,BUILD_FAIL,BUILD_FAIL,BUILD_FAIL,BUILD_FAIL,BUILD_FAIL,BUILD_FAIL,BUILD_FAIL,BUILD_FAIL,BUILD_FAIL,BUILD_FAIL,BUILD_FAIL,BUILD_FAIL,BUILD_FAIL,BUILD_FAIL,BUILD_FAIL,BUILD_FAIL,BUILD_FAIL,BUILD_FAIL,BUILD_FAIL,BUILD_FAIL,BUILD_FAIL,BUILD_FAIL,BUILD_FAIL,BUILD_FAIL,BUILD_FAIL,BUILD_FAIL,BUILD_FAIL,BUILD_FAIL,BUILD_FAIL,BUILD_FAIL,BUILD_FAIL,BUILD_FAIL,BUILD_FAIL,BUILD_FAIL,BUILD_FAIL,BUILD_FAIL,BUILD_FAIL,BUILD_FAIL,BUILD_FAIL,BUILD_FAIL,BUILD_FAIL,BUILD_FAIL,BUILD_FAIL,BUILD_FAIL,BUILD_FAIL,BUILD_FAIL,BUILD_FAIL,BUILD_FAIL,BUILD_FAIL,BUILD_FAIL,BUILD_FAIL,BUILD_FAIL,BUILD_FAIL,BUILD_FAIL,BUILD_FAIL,BUILD_FAIL,BUILD_FAIL,BUILD_FAIL,BUILD_FAIL,BUILD_FAIL,BUILD_FAIL,BUILD_FAIL,BUILD_FAIL,BUILD_FAIL,BUILD_FAIL,BUILD_FAIL,BUILD_FAIL,BUILD_FAIL,BUILD_FAIL,BUILD_FAIL,BUILD_FAIL
Cli,Cli_1,batch05__Cli_1__createValue__cli_1f_createValue_line61,cli_1f_createValue__line61,createValue,m05,,FAIL,NOT_RUN,False,False,0,0,harness/runs/batch05__Cli_1__createValue__cli_1f_createValue_line61/execution/m05.log,BUILD_FAIL,BUILD_FAIL,BUILD_FAIL,BUILD_FAIL,BUILD_FAIL,BUILD_FAIL,BUILD_FAIL,BUILD_FAIL,BUILD_FAIL,BUILD_FAIL,BUILD_FAIL,BUILD_FAIL,BUILD_FAIL,BUILD_FAIL,BUILD_FAIL,BUILD_FAIL,BUILD_FAIL,BUILD_FAIL,BUILD_FAIL,BUILD_FAIL,BUILD_FAIL,BUILD_FAIL,BUILD_FAIL,BUILD_FAIL,BUILD_FAIL,BUILD_FAIL,BUILD_FAIL,BUILD_FAIL,BUILD_FAIL,BUILD_FAIL,BUILD_FAIL,BUILD_FAIL,BUILD_FAIL,BUILD_FAIL,BUILD_FAIL,BUILD_FAIL,BUILD_FAIL,BUILD_FAIL,BUILD_FAIL,BUILD_FAIL,BUILD_FAIL,BUILD_FAIL,BUILD_FAIL,BUILD_FAIL,BUILD_FAIL,BUILD_FAIL,BUILD_FAIL,BUILD_FAIL,BUILD_FAIL,BUILD_FAIL,BUILD_FAIL,BUILD_FAIL,BUILD_FAIL,BUILD_FAIL,BUILD_FAIL,BUILD_FAIL,BUILD_FAIL,BUILD_FAIL,BUILD_FAIL,BUILD_FAIL,BUILD_FAIL,BUILD_FAIL,BUILD_FAIL,BUILD_FAIL,BUILD_FAIL,BUILD_FAIL,BUILD_FAIL,BUILD_FAIL,BUILD_FAIL,BUILD_FAIL,BUILD_FAIL,BUILD_FAIL,BUILD_FAIL,BUILD_FAIL,BUILD_FAIL,BUILD_FAIL,BUILD_FAIL,BUILD_FAIL,BUILD_FAIL,BUILD_FAIL,BUILD_FAIL,BUILD_FAIL,BUILD_FAIL,BUILD_FAIL,BUILD_FAIL,BUILD_FAIL,BUILD_FAIL,BUILD_FAIL,BUILD_FAIL,BUILD_FAIL,BUILD_FAIL,BUILD_FAIL
Cli,Cli_1,batch05__Cli_1__createValue__cli_1f_createValue_line61,cli_1f_createValue__line61,createValue,m06,,FAIL,NOT_RUN,False,False,0,0,harness/runs/batch05__Cli_1__createValue__cli_1f_createValue_line61/execution/m06.log,BUILD_FAIL,BUILD_FAIL,BUILD_FAIL,BUILD_FAIL,BUILD_FAIL,BUILD_FAIL,BUILD_FAIL,BUILD_FAIL,BUILD_FAIL,BUILD_FAIL,BUILD_FAIL,BUILD_FAIL,BUILD_FAIL,BUILD_FAIL,BUILD_FAIL,BUILD_FAIL,BUILD_FAIL,BUILD_FAIL,BUILD_FAIL,BUILD_FAIL,BUILD_FAIL,BUILD_FAIL,BUILD_FAIL,BUILD_FAIL,BUILD_FAIL,BUILD_FAIL,BUILD_FAIL,BUILD_FAIL,BUILD_FAIL,BUILD_FAIL,BUILD_FAIL,BUILD_FAIL,BUILD_FAIL,BUILD_FAIL,BUILD_FAIL,BUILD_FAIL,BUILD_FAIL,BUILD_FAIL,BUILD_FAIL,BUILD_FAIL,BUILD_FAIL,BUILD_FAIL,BUILD_FAIL,BUILD_FAIL,BUILD_FAIL,BUILD_FAIL,BUILD_FAIL,BUILD_FAIL,BUILD_FAIL,BUILD_FAIL,BUILD_FAIL,BUILD_FAIL,BUILD_FAIL,BUILD_FAIL,BUILD_FAIL,BUILD_FAIL,BUILD_FAIL,BUILD_FAIL,BUILD_FAIL,BUILD_FAIL,BUILD_FAIL,BUILD_FAIL,BUILD_FAIL,BUILD_FAIL,BUILD_FAIL,BUILD_FAIL,BUILD_FAIL,BUILD_FAIL,BUILD_FAIL,BUILD_FAIL,BUILD_FAIL,BUILD_FAIL,BUILD_FAIL,BUILD_FAIL,BUILD_FAIL,BUILD_FAIL,BUILD_FAIL,BUILD_FAIL,BUILD_FAIL,BUILD_FAIL,BUILD_FAIL,BUILD_FAIL,BUILD_FAIL,BUILD_FAIL,BUILD_FAIL,BUILD_FAIL,BUILD_FAIL,BUILD_FAIL,BUILD_FAIL,BUILD_FAIL,BUILD_FAIL,BUILD_FAIL
Cli,Cli_1,batch05__Cli_1__createValue__cli_1f_createValue_line61,cli_1f_createValue__line61,createValue,m07,,FAIL,NOT_RUN,False,False,0,0,harness/runs/batch05__Cli_1__createValue__cli_1f_createValue_line61/execution/m07.log,BUILD_FAIL,BUILD_FAIL,BUILD_FAIL,BUILD_FAIL,BUILD_FAIL,BUILD_FAIL,BUILD_FAIL,BUILD_FAIL,BUILD_FAIL,BUILD_FAIL,BUILD_FAIL,BUILD_FAIL,BUILD_FAIL,BUILD_FAIL,BUILD_FAIL,BUILD_FAIL,BUILD_FAIL,BUILD_FAIL,BUILD_FAIL,BUILD_FAIL,BUILD_FAIL,BUILD_FAIL,BUILD_FAIL,BUILD_FAIL,BUILD_FAIL,BUILD_FAIL,BUILD_FAIL,BUILD_FAIL,BUILD_FAIL,BUILD_FAIL,BUILD_FAIL,BUILD_FAIL,BUILD_FAIL,BUILD_FAIL,BUILD_FAIL,BUILD_FAIL,BUILD_FAIL,BUILD_FAIL,BUILD_FAIL,BUILD_FAIL,BUILD_FAIL,BUILD_FAIL,BUILD_FAIL,BUILD_FAIL,BUILD_FAIL,BUILD_FAIL,BUILD_FAIL,BUILD_FAIL,BUILD_FAIL,BUILD_FAIL,BUILD_FAIL,BUILD_FAIL,BUILD_FAIL,BUILD_FAIL,BUILD_FAIL,BUILD_FAIL,BUILD_FAIL,BUILD_FAIL,BUILD_FAIL,BUILD_FAIL,BUILD_FAIL,BUILD_FAIL,BUILD_FAIL,BUILD_FAIL,BUILD_FAIL,BUILD_FAIL,BUILD_FAIL,BUILD_FAIL,BUILD_FAIL,BUILD_FAIL,BUILD_FAIL,BUILD_FAIL,BUILD_FAIL,BUILD_FAIL,BUILD_FAIL,BUILD_FAIL,BUILD_FAIL,BUILD_FAIL,BUILD_FAIL,BUILD_FAIL,BUILD_FAIL,BUILD_FAIL,BUILD_FAIL,BUILD_FAIL,BUILD_FAIL,BUILD_FAIL,BUILD_FAIL,BUILD_FAIL,BUILD_FAIL,BUILD_FAIL,BUILD_FAIL,BUILD_FAIL
Cli,Cli_1,batch05__Cli_1__createValue__cli_1f_createValue_line61,cli_1f_createValue__line61,createValue,m08,,FAIL,NOT_RUN,False,False,0,0,harness/runs/batch05__Cli_1__createValue__cli_1f_createValue_line61/execution/m08.log,BUILD_FAIL,BUILD_FAIL,BUILD_FAIL,BUILD_FAIL,BUILD_FAIL,BUILD_FAIL,BUILD_FAIL,BUILD_FAIL,BUILD_FAIL,BUILD_FAIL,BUILD_FAIL,BUILD_FAIL,BUILD_FAIL,BUILD_FAIL,BUILD_FAIL,BUILD_FAIL,BUILD_FAIL,BUILD_FAIL,BUILD_FAIL,BUILD_FAIL,BUILD_FAIL,BUILD_FAIL,BUILD_FAIL,BUILD_FAIL,BUILD_FAIL,BUILD_FAIL,BUILD_FAIL,BUILD_FAIL,BUILD_FAIL,BUILD_FAIL,BUILD_FAIL,BUILD_FAIL,BUILD_FAIL,BUILD_FAIL,BUILD_FAIL,BUILD_FAIL,BUILD_FAIL,BUILD_FAIL,BUILD_FAIL,BUILD_FAIL,BUILD_FAIL,BUILD_FAIL,BUILD_FAIL,BUILD_FAIL,BUILD_FAIL,BUILD_FAIL,BUILD_FAIL,BUILD_FAIL,BUILD_FAIL,BUILD_FAIL,BUILD_FAIL,BUILD_FAIL,BUILD_FAIL,BUILD_FAIL,BUILD_FAIL,BUILD_FAIL,BUILD_FAIL,BUILD_FAIL,BUILD_FAIL,BUILD_FAIL,BUILD_FAIL,BUILD_FAIL,BUILD_FAIL,BUILD_FAIL,BUILD_FAIL,BUILD_FAIL,BUILD_FAIL,BUILD_FAIL,BUILD_FAIL,BUILD_FAIL,BUILD_FAIL,BUILD_FAIL,BUILD_FAIL,BUILD_FAIL,BUILD_FAIL,BUILD_FAIL,BUILD_FAIL,BUILD_FAIL,BUILD_FAIL,BUILD_FAIL,BUILD_FAIL,BUILD_FAIL,BUILD_FAIL,BUILD_FAIL,BUILD_FAIL,BUILD_FAIL,BUILD_FAIL,BUILD_FAIL,BUILD_FAIL,BUILD_FAIL,BUILD_FAIL,BUILD_FAIL
Cli,Cli_1,batch05__Cli_1__findWrapPos__cli_1f_findWrapPos_line789,cli_1f_findWrapPos__line789,findWrapPos,m01,,FAIL,NOT_RUN,False,False,0,0,harness/runs/batch05__Cli_1__findWrapPos__cli_1f_findWrapPos_line789/execution/m01.log,BUILD_FAIL,BUILD_FAIL,BUILD_FAIL,BUILD_FAIL,BUILD_FAIL,BUILD_FAIL,BUILD_FAIL,BUILD_FAIL,BUILD_FAIL,BUILD_FAIL,BUILD_FAIL,BUILD_FAIL,BUILD_FAIL,BUILD_FAIL,BUILD_FAIL,BUILD_FAIL,BUILD_FAIL,BUILD_FAIL,BUILD_FAIL,BUILD_FAIL,BUILD_FAIL,BUILD_FAIL,BUILD_FAIL,BUILD_FAIL,BUILD_FAIL,BUILD_FAIL,BUILD_FAIL,BUILD_FAIL,BUILD_FAIL,BUILD_FAIL,BUILD_FAIL,BUILD_FAIL,BUILD_FAIL,BUILD_FAIL,BUILD_FAIL,BUILD_FAIL,BUILD_FAIL,BUILD_FAIL,BUILD_FAIL,BUILD_FAIL,BUILD_FAIL,BUILD_FAIL,BUILD_FAIL,BUILD_FAIL,BUILD_FAIL,BUILD_FAIL,BUILD_FAIL,BUILD_FAIL,BUILD_FAIL,BUILD_FAIL,BUILD_FAIL,BUILD_FAIL,BUILD_FAIL,BUILD_FAIL,BUILD_FAIL,BUILD_FAIL,BUILD_FAIL,BUILD_FAIL,BUILD_FAIL,BUILD_FAIL,BUILD_FAIL,BUILD_FAIL,BUILD_FAIL,BUILD_FAIL,BUILD_FAIL,BUILD_FAIL,BUILD_FAIL,BUILD_FAIL,BUILD_FAIL,BUILD_FAIL,BUILD_FAIL,BUILD_FAIL,BUILD_FAIL,BUILD_FAIL,BUILD_FAIL,BUILD_FAIL,BUILD_FAIL,BUILD_FAIL,BUILD_FAIL,BUILD_FAIL,BUILD_FAIL,BUILD_FAIL,BUILD_FAIL,BUILD_FAIL,BUILD_FAIL,BUILD_FAIL,BUILD_FAIL,BUILD_FAIL,BUILD_FAIL,BUILD_FAIL,BUILD_FAIL,BUILD_FAIL
Cli,Cli_1,batch05__Cli_1__findWrapPos__cli_1f_findWrapPos_line789,cli_1f_findWrapPos__line789,findWrapPos,m03,,SUCCESS,PASS,False,True,0,0,harness/runs/batch05__Cli_1__findWrapPos__cli_1f_findWrapPos_line789/execution/m03.log,PASS,PASS,PASS,PASS,PASS,PASS,PASS,PASS,PASS,PASS,PASS,PASS,PASS,PASS,PASS,PASS,PASS,PASS,PASS,PASS,PASS,PASS,PASS,PASS,PASS,PASS,PASS,PASS,PASS,PASS,PASS,PASS,PASS,PASS,PASS,PASS,PASS,PASS,PASS,PASS,PASS,PASS,PASS,PASS,PASS,PASS,PASS,PASS,PASS,PASS,PASS,PASS,PASS,PASS,PASS,PASS,PASS,PASS,PASS,PASS,PASS,PASS,PASS,PASS,PASS,PASS,PASS,PASS,PASS,PASS,PASS,PASS,PASS,PASS,PASS,PASS,PASS,PASS,PASS,PASS,PASS,PASS,PASS,PASS,PASS,PASS,PASS,PASS,PASS,PASS,PASS,PASS
Cli,Cli_1,batch05__Cli_1__findWrapPos__cli_1f_findWrapPos_line789,cli_1f_findWrapPos__line789,findWrapPos,m04,,SUCCESS,PASS,False,True,0,0,harness/runs/batch05__Cli_1__findWrapPos__cli_1f_findWrapPos_line789/execution/m04.log,PASS,PASS,PASS,PASS,PASS,PASS,PASS,PASS,PASS,PASS,PASS,PASS,PASS,PASS,PASS,PASS,PASS,PASS,PASS,PASS,PASS,PASS,PASS,PASS,PASS,PASS,PASS,PASS,PASS,PASS,PASS,PASS,PASS,PASS,PASS,PASS,PASS,PASS,PASS,PASS,PASS,PASS,PASS,PASS,PASS,PASS,PASS,PASS,PASS,PASS,PASS,PASS,PASS,PASS,PASS,PASS,PASS,PASS,PASS,PASS,PASS,PASS,PASS,PASS,PASS,PASS,PASS,PASS,PASS,PASS,PASS,PASS,PASS,PASS,PASS,PASS,PASS,PASS,PASS,PASS,PASS,PASS,PASS,PASS,PASS,PASS,PASS,PASS,PASS,PASS,PASS,PASS
Cli,Cli_1,batch05__Cli_1__findWrapPos__cli_1f_findWrapPos_line789,cli_1f_findWrapPos__line789,findWrapPos,m06,,SUCCESS,PASS,False,True,0,0,harness/runs/batch05__Cli_1__findWrapPos__cli_1f_findWrapPos_line789/execution/m06.log,PASS,PASS,PASS,PASS,PASS,PASS,PASS,PASS,PASS,PASS,PASS,PASS,PASS,PASS,PASS,PASS,PASS,PASS,PASS,PASS,PASS,PASS,PASS,PASS,PASS,PASS,PASS,PASS,PASS,PASS,PASS,PASS,PASS,PASS,PASS,PASS,PASS,PASS,PASS,PASS,PASS,PASS,PASS,PASS,PASS,PASS,PASS,PASS,PASS,PASS,PASS,PASS,PASS,PASS,PASS,PASS,PASS,PASS,PASS,PASS,PASS,PASS,PASS,PASS,PASS,PASS,PASS,PASS,PASS,PASS,PASS,PASS,PASS,PASS,PASS,PASS,PASS,PASS,PASS,PASS,PASS,PASS,PASS,PASS,PASS,PASS,PASS,PASS,PASS,PASS,PASS,PASS
Cli,Cli_1,batch05__Cli_1__findWrapPos__cli_1f_findWrapPos_line789,cli_1f_findWrapPos__line789,findWrapPos,m07,,FAIL,NOT_RUN,False,False,0,0,harness/runs/batch05__Cli_1__findWrapPos__cli_1f_findWrapPos_line789/execution/m07.log,BUILD_FAIL,BUILD_FAIL,BUILD_FAIL,BUILD_FAIL,BUILD_FAIL,BUILD_FAIL,BUILD_FAIL,BUILD_FAIL,BUILD_FAIL,BUILD_FAIL,BUILD_FAIL,BUILD_FAIL,BUILD_FAIL,BUILD_FAIL,BUILD_FAIL,BUILD_FAIL,BUILD_FAIL,BUILD_FAIL,BUILD_FAIL,BUILD_FAIL,BUILD_FAIL,BUILD_FAIL,BUILD_FAIL,BUILD_FAIL,BUILD_FAIL,BUILD_FAIL,BUILD_FAIL,BUILD_FAIL,BUILD_FAIL,BUILD_FAIL,BUILD_FAIL,BUILD_FAIL,BUILD_FAIL,BUILD_FAIL,BUILD_FAIL,BUILD_FAIL,BUILD_FAIL,BUILD_FAIL,BUILD_FAIL,BUILD_FAIL,BUILD_FAIL,BUILD_FAIL,BUILD_FAIL,BUILD_FAIL,BUILD_FAIL,BUILD_FAIL,BUILD_FAIL,BUILD_FAIL,BUILD_FAIL,BUILD_FAIL,BUILD_FAIL,BUILD_FAIL,BUILD_FAIL,BUILD_FAIL,BUILD_FAIL,BUILD_FAIL,BUILD_FAIL,BUILD_FAIL,BUILD_FAIL,BUILD_FAIL,BUILD_FAIL,BUILD_FAIL,BUILD_FAIL,BUILD_FAIL,BUILD_FAIL,BUILD_FAIL,BUILD_FAIL,BUILD_FAIL,BUILD_FAIL,BUILD_FAIL,BUILD_FAIL,BUILD_FAIL,BUILD_FAIL,BUILD_FAIL,BUILD_FAIL,BUILD_FAIL,BUILD_FAIL,BUILD_FAIL,BUILD_FAIL,BUILD_FAIL,BUILD_FAIL,BUILD_FAIL,BUILD_FAIL,BUILD_FAIL,BUILD_FAIL,BUILD_FAIL,BUILD_FAIL,BUILD_FAIL,BUILD_FAIL,BUILD_FAIL,BUILD_FAIL,BUILD_FAIL
Cli,Cli_1,batch05__Cli_1__isValueCode__cli_1f_isValueCode_line136,cli_1f_isValueCode__line136,isValueCode,m06,,SUCCESS,FAIL,True,True,0,1,harness/runs/batch05__Cli_1__isValueCode__cli_1f_isValueCode_line136/execution/m06.log,PASS,PASS,PASS,PASS,PASS,PASS,PASS,PASS,PASS,PASS,PASS,PASS,PASS,PASS,PASS,PASS,PASS,PASS,PASS,PASS,PASS,PASS,PASS,PASS,PASS,PASS,PASS,PASS,PASS,PASS,PASS,PASS,PASS,PASS,PASS,PASS,PASS,PASS,PASS,PASS,PASS,PASS,PASS,PASS,PASS,PASS,PASS,PASS,PASS,PASS,PASS,PASS,PASS,PASS,PASS,PASS,PASS,PASS,PASS,PASS,PASS,PASS,FAIL,PASS,PASS,PASS,PASS,PASS,PASS,PASS,PASS,PASS,PASS,PASS,PASS,PASS,PASS,PASS,PASS,PASS,PASS,PASS,PASS,PASS,PASS,PASS,PASS,PASS,PASS,PASS,PASS,PASS
Cli,Cli_1,batch05__Cli_1__isValueCode__cli_1f_isValueCode_line136,cli_1f_isValueCode__line136,isValueCode,m08,,FAIL,NOT_RUN,False,False,0,0,harness/runs/batch05__Cli_1__isValueCode__cli_1f_isValueCode_line136/execution/m08.log,BUILD_FAIL,BUILD_FAIL,BUILD_FAIL,BUILD_FAIL,BUILD_FAIL,BUILD_FAIL,BUILD_FAIL,BUILD_FAIL,BUILD_FAIL,BUILD_FAIL,BUILD_FAIL,BUILD_FAIL,BUILD_FAIL,BUILD_FAIL,BUILD_FAIL,BUILD_FAIL,BUILD_FAIL,BUILD_FAIL,BUILD_FAIL,BUILD_FAIL,BUILD_FAIL,BUILD_FAIL,BUILD_FAIL,BUILD_FAIL,BUILD_FAIL,BUILD_FAIL,BUILD_FAIL,BUILD_FAIL,BUILD_FAIL,BUILD_FAIL,BUILD_FAIL,BUILD_FAIL,BUILD_FAIL,BUILD_FAIL,BUILD_FAIL,BUILD_FAIL,BUILD_FAIL,BUILD_FAIL,BUILD_FAIL,BUILD_FAIL,BUILD_FAIL,BUILD_FAIL,BUILD_FAIL,BUILD_FAIL,BUILD_FAIL,BUILD_FAIL,BUILD_FAIL,BUILD_FAIL,BUILD_FAIL,BUILD_FAIL,BUILD_FAIL,BUILD_FAIL,BUILD_FAIL,BUILD_FAIL,BUILD_FAIL,BUILD_FAIL,BUILD_FAIL,BUILD_FAIL,BUILD_FAIL,BUILD_FAIL,BUILD_FAIL,BUILD_FAIL,BUILD_FAIL,BUILD_FAIL,BUILD_FAIL,BUILD_FAIL,BUILD_FAIL,BUILD_FAIL,BUILD_FAIL,BUILD_FAIL,BUILD_FAIL,BUILD_FAIL,BUILD_FAIL,BUILD_FAIL,BUILD_FAIL,BUILD_FAIL,BUILD_FAIL,BUILD_FAIL,BUILD_FAIL,BUILD_FAIL,BUILD_FAIL,BUILD_FAIL,BUILD_FAIL,BUILD_FAIL,BUILD_FAIL,BUILD_FAIL,BUILD_FAIL,BUILD_FAIL,BUILD_FAIL,BUILD_FAIL,BUILD_FAIL,BUILD_FAIL
Cli,Cli_1,batch05__Cli_1__option__cli_1f_option_line48,cli_1f_option__line48,option,m01,,SUCCESS,PASS,False,True,0,0,harness/runs/batch05__Cli_1__option__cli_1f_option_line48/execution/m01.log,PASS,PASS,PASS,PASS,PASS,PASS,PASS,PASS,PASS,PASS,PASS,PASS,PASS,PASS,PASS,PASS,PASS,PASS,PASS,PASS,PASS,PASS,PASS,PASS,PASS,PASS,PASS,PASS,PASS,PASS,PASS,PASS,PASS,PASS,PASS,PASS,PASS,PASS,PASS,PASS,PASS,PASS,PASS,PASS,PASS,PASS,PASS,PASS,PASS,PASS,PASS,PASS,PASS,PASS,PASS,PASS,PASS,PASS,PASS,PASS,PASS,PASS,PASS,PASS,PASS,PASS,PASS,PASS,PASS,PASS,PASS,PASS,PASS,PASS,PASS,PASS,PASS,PASS,PASS,PASS,PASS,PASS,PASS,PASS,PASS,PASS,PASS,PASS,PASS,PASS,PASS,PASS
Cli,Cli_1,batch05__Cli_1__option__cli_1f_option_line48,cli_1f_option__line48,option,m02,,SUCCESS,PASS,False,True,0,0,harness/runs/batch05__Cli_1__option__cli_1f_option_line48/execution/m02.log,PASS,PASS,PASS,PASS,PASS,PASS,PASS,PASS,PASS,PASS,PASS,PASS,PASS,PASS,PASS,PASS,PASS,PASS,PASS,PASS,PASS,PASS,PASS,PASS,PASS,PASS,PASS,PASS,PASS,PASS,PASS,PASS,PASS,PASS,PASS,PASS,PASS,PASS,PASS,PASS,PASS,PASS,PASS,PASS,PASS,PASS,PASS,PASS,PASS,PASS,PASS,PASS,PASS,PASS,PASS,PASS,PASS,PASS,PASS,PASS,PASS,PASS,PASS,PASS,PASS,PASS,PASS,PASS,PASS,PASS,PASS,PASS,PASS,PASS,PASS,PASS,PASS,PASS,PASS,PASS,PASS,PASS,PASS,PASS,PASS,PASS,PASS,PASS,PASS,PASS,PASS,PASS
Cli,Cli_1,batch05__Cli_1__option__cli_1f_option_line48,cli_1f_option__line48,option,m04,,SUCCESS,PASS,False,True,0,0,harness/runs/batch05__Cli_1__option__cli_1f_option_line48/execution/m04.log,PASS,PASS,PASS,PASS,PASS,PASS,PASS,PASS,PASS,PASS,PASS,PASS,PASS,PASS,PASS,PASS,PASS,PASS,PASS,PASS,PASS,PASS,PASS,PASS,PASS,PASS,PASS,PASS,PASS,PASS,PASS,PASS,PASS,PASS,PASS,PASS,PASS,PASS,PASS,PASS,PASS,PASS,PASS,PASS,PASS,PASS,PASS,PASS,PASS,PASS,PASS,PASS,PASS,PASS,PASS,PASS,PASS,PASS,PASS,PASS,PASS,PASS,PASS,PASS,PASS,PASS,PASS,PASS,PASS,PASS,PASS,PASS,PASS,PASS,PASS,PASS,PASS,PASS,PASS,PASS,PASS,PASS,PASS,PASS,PASS,PASS,PASS,PASS,PASS,PASS,PASS,PASS
Cli,Cli_1,batch05__Cli_1__option__cli_1f_option_line48,cli_1f_option__line48,option,m05,,SUCCESS,PASS,False,True,0,0,harness/runs/batch05__Cli_1__option__cli_1f_option_line48/execution/m05.log,PASS,PASS,PASS,PASS,PASS,PASS,PASS,PASS,PASS,PASS,PASS,PASS,PASS,PASS,PASS,PASS,PASS,PASS,PASS,PASS,PASS,PASS,PASS,PASS,PASS,PASS,PASS,PASS,PASS,PASS,PASS,PASS,PASS,PASS,PASS,PASS,PASS,PASS,PASS,PASS,PASS,PASS,PASS,PASS,PASS,PASS,PASS,PASS,PASS,PASS,PASS,PASS,PASS,PASS,PASS,PASS,PASS,PASS,PASS,PASS,PASS,PASS,PASS,PASS,PASS,PASS,PASS,PASS,PASS,PASS,PASS,PASS,PASS,PASS,PASS,PASS,PASS,PASS,PASS,PASS,PASS,PASS,PASS,PASS,PASS,PASS,PASS,PASS,PASS,PASS,PASS,PASS
Cli,Cli_1,batch05__Cli_1__option__cli_1f_option_line48,cli_1f_option__line48,option,m08,,SUCCESS,PASS,False,True,0,0,harness/runs/batch05__Cli_1__option__cli_1f_option_line48/execution/m08.log,PASS,PASS,PASS,PASS,PASS,PASS,PASS,PASS,PASS,PASS,PASS,PASS,PASS,PASS,PASS,PASS,PASS,PASS,PASS,PASS,PASS,PASS,PASS,PASS,PASS,PASS,PASS,PASS,PASS,PASS,PASS,PASS,PASS,PASS,PASS,PASS,PASS,PASS,PASS,PASS,PASS,PASS,PASS,PASS,PASS,PASS,PASS,PASS,PASS,PASS,PASS,PASS,PASS,PASS,PASS,PASS,PASS,PASS,PASS,PASS,PASS,PASS,PASS,PASS,PASS,PASS,PASS,PASS,PASS,PASS,PASS,PASS,PASS,PASS,PASS,PASS,PASS,PASS,PASS,PASS,PASS,PASS,PASS,PASS,PASS,PASS,PASS,PASS,PASS,PASS,PASS,PASS
Cli,Cli_1,batch05__Cli_1__processArgs__cli_1f_processArgs_line314,cli_1f_processArgs__line314,processArgs,m01,,FAIL,NOT_RUN,False,False,0,0,harness/runs/batch05__Cli_1__processArgs__cli_1f_processArgs_line314/execution/m01.log,BUILD_FAIL,BUILD_FAIL,BUILD_FAIL,BUILD_FAIL,BUILD_FAIL,BUILD_FAIL,BUILD_FAIL,BUILD_FAIL,BUILD_FAIL,BUILD_FAIL,BUILD_FAIL,BUILD_FAIL,BUILD_FAIL,BUILD_FAIL,BUILD_FAIL,BUILD_FAIL,BUILD_FAIL,BUILD_FAIL,BUILD_FAIL,BUILD_FAIL,BUILD_FAIL,BUILD_FAIL,BUILD_FAIL,BUILD_FAIL,BUILD_FAIL,BUILD_FAIL,BUILD_FAIL,BUILD_FAIL,BUILD_FAIL,BUILD_FAIL,BUILD_FAIL,BUILD_FAIL,BUILD_FAIL,BUILD_FAIL,BUILD_FAIL,BUILD_FAIL,BUILD_FAIL,BUILD_FAIL,BUILD_FAIL,BUILD_FAIL,BUILD_FAIL,BUILD_FAIL,BUILD_FAIL,BUILD_FAIL,BUILD_FAIL,BUILD_FAIL,BUILD_FAIL,BUILD_FAIL,BUILD_FAIL,BUILD_FAIL,BUILD_FAIL,BUILD_FAIL,BUILD_FAIL,BUILD_FAIL,BUILD_FAIL,BUILD_FAIL,BUILD_FAIL,BUILD_FAIL,BUILD_FAIL,BUILD_FAIL,BUILD_FAIL,BUILD_FAIL,BUILD_FAIL,BUILD_FAIL,BUILD_FAIL,BUILD_FAIL,BUILD_FAIL,BUILD_FAIL,BUILD_FAIL,BUILD_FAIL,BUILD_FAIL,BUILD_FAIL,BUILD_FAIL,BUILD_FAIL,BUILD_FAIL,BUILD_FAIL,BUILD_FAIL,BUILD_FAIL,BUILD_FAIL,BUILD_FAIL,BUILD_FAIL,BUILD_FAIL,BUILD_FAIL,BUILD_FAIL,BUILD_FAIL,BUILD_FAIL,BUILD_FAIL,BUILD_FAIL,BUILD_FAIL,BUILD_FAIL,BUILD_FAIL,BUILD_FAIL
Cli,Cli_1,batch05__Cli_1__processArgs__cli_1f_processArgs_line314,cli_1f_processArgs__line314,processArgs,m02,,FAIL,NOT_RUN,False,False,0,0,harness/runs/batch05__Cli_1__processArgs__cli_1f_processArgs_line314/execution/m02.log,BUILD_FAIL,BUILD_FAIL,BUILD_FAIL,BUILD_FAIL,BUILD_FAIL,BUILD_FAIL,BUILD_FAIL,BUILD_FAIL,BUILD_FAIL,BUILD_FAIL,BUILD_FAIL,BUILD_FAIL,BUILD_FAIL,BUILD_FAIL,BUILD_FAIL,BUILD_FAIL,BUILD_FAIL,BUILD_FAIL,BUILD_FAIL,BUILD_FAIL,BUILD_FAIL,BUILD_FAIL,BUILD_FAIL,BUILD_FAIL,BUILD_FAIL,BUILD_FAIL,BUILD_FAIL,BUILD_FAIL,BUILD_FAIL,BUILD_FAIL,BUILD_FAIL,BUILD_FAIL,BUILD_FAIL,BUILD_FAIL,BUILD_FAIL,BUILD_FAIL,BUILD_FAIL,BUILD_FAIL,BUILD_FAIL,BUILD_FAIL,BUILD_FAIL,BUILD_FAIL,BUILD_FAIL,BUILD_FAIL,BUILD_FAIL,BUILD_FAIL,BUILD_FAIL,BUILD_FAIL,BUILD_FAIL,BUILD_FAIL,BUILD_FAIL,BUILD_FAIL,BUILD_FAIL,BUILD_FAIL,BUILD_FAIL,BUILD_FAIL,BUILD_FAIL,BUILD_FAIL,BUILD_FAIL,BUILD_FAIL,BUILD_FAIL,BUILD_FAIL,BUILD_FAIL,BUILD_FAIL,BUILD_FAIL,BUILD_FAIL,BUILD_FAIL,BUILD_FAIL,BUILD_FAIL,BUILD_FAIL,BUILD_FAIL,BUILD_FAIL,BUILD_FAIL,BUILD_FAIL,BUILD_FAIL,BUILD_FAIL,BUILD_FAIL,BUILD_FAIL,BUILD_FAIL,BUILD_FAIL,BUILD_FAIL,BUILD_FAIL,BUILD_FAIL,BUILD_FAIL,BUILD_FAIL,BUILD_FAIL,BUILD_FAIL,BUILD_FAIL,BUILD_FAIL,BUILD_FAIL,BUILD_FAIL,BUILD_FAIL
Cli,Cli_1,batch05__Cli_1__processArgs__cli_1f_processArgs_line314,cli_1f_processArgs__line314,processArgs,m04,,SUCCESS,FAIL,True,True,0,47,harness/runs/batch05__Cli_1__processArgs__cli_1f_processArgs_line314/execution/m04.log,FAIL,FAIL,PASS,FAIL,FAIL,FAIL,PASS,FAIL,FAIL,PASS,PASS,PASS,PASS,PASS,FAIL,FAIL,PASS,PASS,PASS,PASS,PASS,PASS,PASS,PASS,PASS,FAIL,FAIL,FAIL,FAIL,FAIL,PASS,PASS,PASS,PASS,PASS,PASS,PASS,PASS,PASS,PASS,PASS,PASS,PASS,PASS,PASS,PASS,PASS,PASS,PASS,PASS,FAIL,FAIL,FAIL,PASS,PASS,PASS,FAIL,FAIL,FAIL,FAIL,FAIL,PASS,FAIL,PASS,PASS,PASS,PASS,FAIL,FAIL,FAIL,FAIL,FAIL,FAIL,FAIL,FAIL,FAIL,FAIL,FAIL,FAIL,FAIL,FAIL,FAIL,FAIL,FAIL,FAIL,FAIL,FAIL,FAIL,FAIL,FAIL,FAIL,PASS
Cli,Cli_1,batch05__Cli_1__processArgs__cli_1f_processArgs_line314,cli_1f_processArgs__line314,processArgs,m05,,SUCCESS,FAIL,True,True,0,47,harness/runs/batch05__Cli_1__processArgs__cli_1f_processArgs_line314/execution/m05.log,FAIL,FAIL,PASS,FAIL,FAIL,FAIL,PASS,FAIL,FAIL,PASS,PASS,PASS,PASS,PASS,FAIL,FAIL,PASS,PASS,PASS,PASS,PASS,PASS,PASS,PASS,PASS,FAIL,FAIL,FAIL,FAIL,FAIL,PASS,PASS,PASS,PASS,PASS,PASS,PASS,PASS,PASS,PASS,PASS,PASS,PASS,PASS,PASS,PASS,PASS,PASS,PASS,PASS,FAIL,FAIL,FAIL,PASS,PASS,PASS,FAIL,FAIL,FAIL,FAIL,FAIL,PASS,FAIL,PASS,PASS,PASS,PASS,FAIL,FAIL,FAIL,FAIL,FAIL,FAIL,FAIL,FAIL,FAIL,FAIL,FAIL,FAIL,FAIL,FAIL,FAIL,FAIL,FAIL,FAIL,FAIL,FAIL,FAIL,FAIL,FAIL,FAIL,PASS
Cli,Cli_1,batch05__Cli_1__processArgs__cli_1f_processArgs_line314,cli_1f_processArgs__line314,processArgs,m07,,SUCCESS,FAIL,True,True,0,37,harness/runs/batch05__Cli_1__processArgs__cli_1f_processArgs_line314/execution/m07.log,FAIL,FAIL,PASS,FAIL,FAIL,FAIL,PASS,FAIL,PASS,PASS,PASS,PASS,PASS,PASS,FAIL,FAIL,PASS,PASS,PASS,PASS,PASS,PASS,PASS,PASS,PASS,FAIL,FAIL,FAIL,FAIL,FAIL,PASS,PASS,PASS,PASS,PASS,PASS,PASS,PASS,PASS,PASS,PASS,PASS,PASS,PASS,PASS,PASS,PASS,PASS,PASS,PASS,FAIL,FAIL,FAIL,PASS,PASS,PASS,FAIL,FAIL,FAIL,FAIL,FAIL,PASS,FAIL,PASS,PASS,PASS,PASS,PASS,FAIL,FAIL,FAIL,PASS,FAIL,PASS,PASS,PASS,FAIL,PASS,PASS,FAIL,FAIL,FAIL,FAIL,FAIL,FAIL,PASS,FAIL,PASS,FAIL,FAIL,FAIL,PASS
Cli,Cli_1,batch05__Cli_1__processArgs__cli_1f_processArgs_line314,cli_1f_processArgs__line314,processArgs,m08,,SUCCESS,FAIL,True,True,0,29,harness/runs/batch05__Cli_1__processArgs__cli_1f_processArgs_line314/execution/m08.log,FAIL,PASS,PASS,PASS,PASS,FAIL,PASS,FAIL,PASS,PASS,PASS,PASS,PASS,PASS,PASS,PASS,PASS,PASS,PASS,PASS,PASS,PASS,PASS,PASS,PASS,PASS,PASS,PASS,PASS,FAIL,PASS,PASS,PASS,PASS,PASS,PASS,PASS,PASS,PASS,PASS,PASS,PASS,PASS,PASS,PASS,PASS,PASS,PASS,PASS,PASS,PASS,PASS,PASS,PASS,PASS,PASS,PASS,PASS,PASS,PASS,FAIL,PASS,FAIL,PASS,PASS,PASS,PASS,FAIL,FAIL,FAIL,FAIL,FAIL,FAIL,FAIL,FAIL,FAIL,FAIL,FAIL,FAIL,FAIL,FAIL,FAIL,FAIL,FAIL,FAIL,FAIL,FAIL,FAIL,FAIL,FAIL,PASS,PASS
Cli,Cli_1,batch06__Cli_1__burstToken__cli_1f_burstToken_line278,cli_1f_burstToken__line278,burstToken,m01,,SUCCESS,FAIL,True,True,0,7,harness/runs/batch06__Cli_1__burstToken__cli_1f_burstToken_line278/execution/m01.log,PASS,PASS,PASS,PASS,PASS,PASS,PASS,FAIL,PASS,PASS,PASS,PASS,PASS,PASS,PASS,PASS,PASS,PASS,PASS,PASS,PASS,PASS,PASS,PASS,PASS,PASS,PASS,PASS,PASS,PASS,PASS,PASS,PASS,PASS,PASS,PASS,PASS,PASS,PASS,PASS,PASS,PASS,PASS,PASS,PASS,PASS,PASS,PASS,PASS,PASS,PASS,PASS,FAIL,PASS,FAIL,FAIL,FAIL,PASS,PASS,PASS,PASS,PASS,PASS,PASS,PASS,PASS,PASS,PASS,PASS,PASS,PASS,PASS,PASS,PASS,PASS,PASS,PASS,PASS,PASS,PASS,PASS,PASS,PASS,FAIL,PASS,FAIL,PASS,PASS,PASS,PASS,PASS,PASS
Cli,Cli_1,batch06__Cli_1__burstToken__cli_1f_burstToken_line278,cli_1f_burstToken__line278,burstToken,m02,,SUCCESS,FAIL,True,True,0,12,harness/runs/batch06__Cli_1__burstToken__cli_1f_burstToken_line278/execution/m02.log,PASS,PASS,PASS,PASS,PASS,FAIL,PASS,FAIL,PASS,PASS,PASS,PASS,PASS,PASS,PASS,PASS,PASS,PASS,PASS,PASS,PASS,PASS,PASS,PASS,PASS,PASS,PASS,PASS,PASS,PASS,PASS,PASS,PASS,PASS,PASS,PASS,PASS,PASS,PASS,PASS,PASS,PASS,PASS,PASS,PASS,PASS,PASS,PASS,PASS,PASS,PASS,PASS,FAIL,PASS,FAIL,PASS,FAIL,PASS,PASS,PASS,PASS,PASS,PASS,PASS,PASS,PASS,PASS,PASS,PASS,PASS,PASS,PASS,PASS,PASS,PASS,PASS,PASS,PASS,PASS,PASS,PASS,PASS,PASS,FAIL,FAIL,FAIL,FAIL,FAIL,FAIL,FAIL,PASS,PASS
Cli,Cli_1,batch06__Cli_1__burstToken__cli_1f_burstToken_line278,cli_1f_burstToken__line278,burstToken,m03,,SUCCESS,FAIL,True,True,0,7,harness/runs/batch06__Cli_1__burstToken__cli_1f_burstToken_line278/execution/m03.log,PASS,PASS,PASS,PASS,PASS,FAIL,PASS,FAIL,PASS,PASS,PASS,PASS,PASS,PASS,PASS,PASS,PASS,PASS,PASS,PASS,PASS,PASS,PASS,PASS,PASS,PASS,PASS,PASS,PASS,PASS,PASS,PASS,PASS,PASS,PASS,PASS,PASS,PASS,PASS,PASS,PASS,PASS,PASS,PASS,PASS,PASS,PASS,PASS,PASS,PASS,PASS,PASS,FAIL,PASS,PASS,FAIL,FAIL,PASS,PASS,PASS,PASS,PASS,PASS,PASS,PASS,PASS,PASS,PASS,PASS,PASS,PASS,PASS,PASS,PASS,PASS,PASS,PASS,PASS,PASS,PASS,PASS,PASS,PASS,FAIL,PASS,FAIL,PASS,PASS,PASS,PASS,PASS,PASS
Cli,Cli_1,batch06__Cli_1__burstToken__cli_1f_burstToken_line278,cli_1f_burstToken__line278,burstToken,m04,,SUCCESS,FAIL,True,True,0,12,harness/runs/batch06__Cli_1__burstToken__cli_1f_burstToken_line278/execution/m04.log,PASS,PASS,PASS,PASS,PASS,FAIL,PASS,FAIL,PASS,PASS,PASS,PASS,PASS,PASS,PASS,PASS,PASS,PASS,PASS,PASS,PASS,PASS,PASS,PASS,PASS,PASS,PASS,PASS,PASS,PASS,PASS,PASS,PASS,PASS,PASS,PASS,PASS,PASS,PASS,PASS,PASS,PASS,PASS,PASS,PASS,PASS,PASS,PASS,PASS,PASS,PASS,PASS,FAIL,PASS,PASS,FAIL,FAIL,PASS,PASS,PASS,PASS,PASS,PASS,PASS,PASS,PASS,PASS,PASS,PASS,PASS,PASS,PASS,PASS,PASS,PASS,PASS,PASS,PASS,PASS,PASS,PASS,PASS,PASS,FAIL,FAIL,FAIL,FAIL,FAIL,FAIL,FAIL,PASS,PASS
Cli,Cli_1,batch06__Cli_1__burstToken__cli_1f_burstToken_line278,cli_1f_burstToken__line278,burstToken,m05,,SUCCESS,FAIL,True,True,0,3,harness/runs/batch06__Cli_1__burstToken__cli_1f_burstToken_line278/execution/m05.log,PASS,PASS,PASS,PASS,PASS,PASS,PASS,PASS,PASS,PASS,PASS,PASS,PASS,PASS,PASS,PASS,PASS,PASS,PASS,PASS,PASS,PASS,PASS,PASS,PASS,PASS,PASS,PASS,PASS,PASS,PASS,PASS,PASS,PASS,PASS,PASS,PASS,PASS,PASS,PASS,PASS,PASS,PASS,PASS,PASS,PASS,PASS,PASS,PASS,PASS,PASS,PASS,FAIL,PASS,FAIL,FAIL,PASS,PASS,PASS,PASS,PASS,PASS,PASS,PASS,PASS,PASS,PASS,PASS,PASS,PASS,PASS,PASS,PASS,PASS,PASS,PASS,PASS,PASS,PASS,PASS,PASS,PASS,PASS,PASS,PASS,PASS,PASS,PASS,PASS,PASS,PASS,PASS
Cli,Cli_1,batch06__Cli_1__burstToken__cli_1f_burstToken_line278,cli_1f_burstToken__line278,burstToken,m06,,SUCCESS,FAIL,True,True,0,5,harness/runs/batch06__Cli_1__burstToken__cli_1f_burstToken_line278/execution/m06.log,PASS,PASS,PASS,PASS,PASS,FAIL,PASS,FAIL,PASS,PASS,PASS,PASS,PASS,PASS,PASS,PASS,PASS,PASS,PASS,PASS,PASS,PASS,PASS,PASS,PASS,PASS,PASS,PASS,PASS,PASS,PASS,PASS,PASS,PASS,PASS,PASS,PASS,PASS,PASS,PASS,PASS,PASS,PASS,PASS,PASS,PASS,PASS,PASS,PASS,PASS,PASS,PASS,FAIL,PASS,PASS,PASS,FAIL,PASS,PASS,PASS,PASS,PASS,PASS,PASS,PASS,PASS,PASS,PASS,PASS,PASS,PASS,PASS,PASS,PASS,PASS,PASS,PASS,PASS,PASS,PASS,PASS,PASS,PASS,FAIL,PASS,PASS,PASS,PASS,PASS,PASS,PASS,PASS
Cli,Cli_1,batch06__Cli_1__burstToken__cli_1f_burstToken_line278,cli_1f_burstToken__line278,burstToken,m07,,SUCCESS,FAIL,True,True,0,11,harness/runs/batch06__Cli_1__burstToken__cli_1f_burstToken_line278/execution/m07.log,PASS,PASS,PASS,PASS,PASS,FAIL,PASS,FAIL,PASS,PASS,PASS,PASS,PASS,PASS,PASS,PASS,PASS,PASS,PASS,PASS,PASS,PASS,PASS,PASS,PASS,PASS,PASS,PASS,PASS,PASS,PASS,PASS,PASS,PASS,PASS,PASS,PASS,PASS,PASS,PASS,PASS,PASS,PASS,PASS,PASS,PASS,PASS,PASS,PASS,PASS,PASS,PASS,FAIL,PASS,PASS,PASS,FAIL,PASS,PASS,PASS,PASS,PASS,PASS,PASS,PASS,PASS,PASS,PASS,PASS,PASS,PASS,PASS,PASS,PASS,PASS,PASS,PASS,PASS,PASS,PASS,PASS,PASS,PASS,FAIL,FAIL,FAIL,FAIL,FAIL,FAIL,FAIL,PASS,PASS
Cli,Cli_1,batch06__Cli_1__burstToken__cli_1f_burstToken_line278,cli_1f_burstToken__line278,burstToken,m08,,SUCCESS,FAIL,True,True,0,1,harness/runs/batch06__Cli_1__burstToken__cli_1f_burstToken_line278/execution/m08.log,PASS,PASS,PASS,PASS,PASS,PASS,PASS,PASS,PASS,PASS,PASS,PASS,PASS,PASS,PASS,PASS,PASS,PASS,PASS,PASS,PASS,PASS,PASS,PASS,PASS,PASS,PASS,PASS,PASS,PASS,PASS,PASS,PASS,PASS,PASS,PASS,PASS,PASS,PASS,PASS,PASS,PASS,PASS,PASS,PASS,PASS,PASS,PASS,PASS,PASS,PASS,PASS,PASS,PASS,FAIL,PASS,PASS,PASS,PASS,PASS,PASS,PASS,PASS,PASS,PASS,PASS,PASS,PASS,PASS,PASS,PASS,PASS,PASS,PASS,PASS,PASS,PASS,PASS,PASS,PASS,PASS,PASS,PASS,PASS,PASS,PASS,PASS,PASS,PASS,PASS,PASS,PASS
Cli,Cli_1,batch06__Cli_1__createValue__cli_1f_createValue_line61,cli_1f_createValue__line61,createValue,m01,,SUCCESS,FAIL,True,True,0,1,harness/runs/batch06__Cli_1__createValue__cli_1f_createValue_line61/execution/m01.log,PASS,PASS,PASS,PASS,PASS,PASS,PASS,PASS,PASS,PASS,PASS,PASS,PASS,PASS,PASS,PASS,PASS,PASS,PASS,PASS,PASS,PASS,PASS,PASS,PASS,PASS,PASS,PASS,PASS,PASS,PASS,PASS,PASS,PASS,PASS,PASS,PASS,PASS,PASS,PASS,PASS,PASS,PASS,PASS,PASS,PASS,PASS,PASS,PASS,PASS,PASS,PASS,PASS,PASS,PASS,PASS,PASS,PASS,PASS,PASS,PASS,PASS,FAIL,PASS,PASS,PASS,PASS,PASS,PASS,PASS,PASS,PASS,PASS,PASS,PASS,PASS,PASS,PASS,PASS,PASS,PASS,PASS,PASS,PASS,PASS,PASS,PASS,PASS,PASS,PASS,PASS,PASS
Cli,Cli_1,batch06__Cli_1__createValue__cli_1f_createValue_line61,cli_1f_createValue__line61,createValue,m02,,SUCCESS,FAIL,True,True,0,1,harness/runs/batch06__Cli_1__createValue__cli_1f_createValue_line61/execution/m02.log,PASS,PASS,PASS,PASS,PASS,PASS,PASS,PASS,PASS,PASS,PASS,PASS,PASS,PASS,PASS,PASS,PASS,PASS,PASS,PASS,PASS,PASS,PASS,PASS,PASS,PASS,PASS,PASS,PASS,PASS,PASS,PASS,PASS,PASS,PASS,PASS,PASS,PASS,PASS,PASS,PASS,PASS,PASS,PASS,PASS,PASS,PASS,PASS,PASS,PASS,PASS,PASS,PASS,PASS,PASS,PASS,PASS,PASS,PASS,PASS,PASS,PASS,FAIL,PASS,PASS,PASS,PASS,PASS,PASS,PASS,PASS,PASS,PASS,PASS,PASS,PASS,PASS,PASS,PASS,PASS,PASS,PASS,PASS,PASS,PASS,PASS,PASS,PASS,PASS,PASS,PASS,PASS
Cli,Cli_1,batch06__Cli_1__createValue__cli_1f_createValue_line61,cli_1f_createValue__line61,createValue,m03,,SUCCESS,FAIL,True,True,0,1,harness/runs/batch06__Cli_1__createValue__cli_1f_createValue_line61/execution/m03.log,PASS,PASS,PASS,PASS,PASS,PASS,PASS,PASS,PASS,PASS,PASS,PASS,PASS,PASS,PASS,PASS,PASS,PASS,PASS,PASS,PASS,PASS,PASS,PASS,PASS,PASS,PASS,PASS,PASS,PASS,PASS,PASS,PASS,PASS,PASS,PASS,PASS,PASS,PASS,PASS,PASS,PASS,PASS,PASS,PASS,PASS,PASS,PASS,PASS,PASS,PASS,PASS,PASS,PASS,PASS,PASS,PASS,PASS,PASS,PASS,PASS,PASS,FAIL,PASS,PASS,PASS,PASS,PASS,PASS,PASS,PASS,PASS,PASS,PASS,PASS,PASS,PASS,PASS,PASS,PASS,PASS,PASS,PASS,PASS,PASS,PASS,PASS,PASS,PASS,PASS,PASS,PASS
Cli,Cli_1,batch06__Cli_1__createValue__cli_1f_createValue_line61,cli_1f_createValue__line61,createValue,m04,,SUCCESS,FAIL,True,True,0,1,harness/runs/batch06__Cli_1__createValue__cli_1f_createValue_line61/execution/m04.log,PASS,PASS,PASS,PASS,PASS,PASS,PASS,PASS,PASS,PASS,PASS,PASS,PASS,PASS,PASS,PASS,PASS,PASS,PASS,PASS,PASS,PASS,PASS,PASS,PASS,PASS,PASS,PASS,PASS,PASS,PASS,PASS,PASS,PASS,PASS,PASS,PASS,PASS,PASS,PASS,PASS,PASS,PASS,PASS,PASS,PASS,PASS,PASS,PASS,PASS,PASS,PASS,PASS,PASS,PASS,PASS,PASS,PASS,PASS,PASS,PASS,PASS,FAIL,PASS,PASS,PASS,PASS,PASS,PASS,PASS,PASS,PASS,PASS,PASS,PASS,PASS,PASS,PASS,PASS,PASS,PASS,PASS,PASS,PASS,PASS,PASS,PASS,PASS,PASS,PASS,PASS,PASS
Cli,Cli_1,batch06__Cli_1__createValue__cli_1f_createValue_line61,cli_1f_createValue__line61,createValue,m05,,SUCCESS,PASS,False,True,0,0,harness/runs/batch06__Cli_1__createValue__cli_1f_createValue_line61/execution/m05.log,PASS,PASS,PASS,PASS,PASS,PASS,PASS,PASS,PASS,PASS,PASS,PASS,PASS,PASS,PASS,PASS,PASS,PASS,PASS,PASS,PASS,PASS,PASS,PASS,PASS,PASS,PASS,PASS,PASS,PASS,PASS,PASS,PASS,PASS,PASS,PASS,PASS,PASS,PASS,PASS,PASS,PASS,PASS,PASS,PASS,PASS,PASS,PASS,PASS,PASS,PASS,PASS,PASS,PASS,PASS,PASS,PASS,PASS,PASS,PASS,PASS,PASS,PASS,PASS,PASS,PASS,PASS,PASS,PASS,PASS,PASS,PASS,PASS,PASS,PASS,PASS,PASS,PASS,PASS,PASS,PASS,PASS,PASS,PASS,PASS,PASS,PASS,PASS,PASS,PASS,PASS,PASS
Cli,Cli_1,batch06__Cli_1__createValue__cli_1f_createValue_line61,cli_1f_createValue__line61,createValue,m06,,SUCCESS,PASS,False,True,0,0,harness/runs/batch06__Cli_1__createValue__cli_1f_createValue_line61/execution/m06.log,PASS,PASS,PASS,PASS,PASS,PASS,PASS,PASS,PASS,PASS,PASS,PASS,PASS,PASS,PASS,PASS,PASS,PASS,PASS,PASS,PASS,PASS,PASS,PASS,PASS,PASS,PASS,PASS,PASS,PASS,PASS,PASS,PASS,PASS,PASS,PASS,PASS,PASS,PASS,PASS,PASS,PASS,PASS,PASS,PASS,PASS,PASS,PASS,PASS,PASS,PASS,PASS,PASS,PASS,PASS,PASS,PASS,PASS,PASS,PASS,PASS,PASS,PASS,PASS,PASS,PASS,PASS,PASS,PASS,PASS,PASS,PASS,PASS,PASS,PASS,PASS,PASS,PASS,PASS,PASS,PASS,PASS,PASS,PASS,PASS,PASS,PASS,PASS,PASS,PASS,PASS,PASS
Cli,Cli_1,batch06__Cli_1__createValue__cli_1f_createValue_line61,cli_1f_createValue__line61,createValue,m07,,SUCCESS,PASS,False,True,0,0,harness/runs/batch06__Cli_1__createValue__cli_1f_createValue_line61/execution/m07.log,PASS,PASS,PASS,PASS,PASS,PASS,PASS,PASS,PASS,PASS,PASS,PASS,PASS,PASS,PASS,PASS,PASS,PASS,PASS,PASS,PASS,PASS,PASS,PASS,PASS,PASS,PASS,PASS,PASS,PASS,PASS,PASS,PASS,PASS,PASS,PASS,PASS,PASS,PASS,PASS,PASS,PASS,PASS,PASS,PASS,PASS,PASS,PASS,PASS,PASS,PASS,PASS,PASS,PASS,PASS,PASS,PASS,PASS,PASS,PASS,PASS,PASS,PASS,PASS,PASS,PASS,PASS,PASS,PASS,PASS,PASS,PASS,PASS,PASS,PASS,PASS,PASS,PASS,PASS,PASS,PASS,PASS,PASS,PASS,PASS,PASS,PASS,PASS,PASS,PASS,PASS,PASS
Cli,Cli_1,batch06__Cli_1__createValue__cli_1f_createValue_line61,cli_1f_createValue__line61,createValue,m08,,SUCCESS,PASS,False,True,0,0,harness/runs/batch06__Cli_1__createValue__cli_1f_createValue_line61/execution/m08.log,PASS,PASS,PASS,PASS,PASS,PASS,PASS,PASS,PASS,PASS,PASS,PASS,PASS,PASS,PASS,PASS,PASS,PASS,PASS,PASS,PASS,PASS,PASS,PASS,PASS,PASS,PASS,PASS,PASS,PASS,PASS,PASS,PASS,PASS,PASS,PASS,PASS,PASS,PASS,PASS,PASS,PASS,PASS,PASS,PASS,PASS,PASS,PASS,PASS,PASS,PASS,PASS,PASS,PASS,PASS,PASS,PASS,PASS,PASS,PASS,PASS,PASS,PASS,PASS,PASS,PASS,PASS,PASS,PASS,PASS,PASS,PASS,PASS,PASS,PASS,PASS,PASS,PASS,PASS,PASS,PASS,PASS,PASS,PASS,PASS,PASS,PASS,PASS,PASS,PASS,PASS,PASS
Cli,Cli_1,batch06__Cli_1__equals__cli_1f_equals_line600,cli_1f_equals__line600,equals,m01,,SUCCESS,FAIL,True,True,0,2,harness/runs/batch06__Cli_1__equals__cli_1f_equals_line600/execution/m01.log,PASS,PASS,PASS,PASS,PASS,PASS,PASS,PASS,PASS,PASS,PASS,PASS,PASS,PASS,PASS,PASS,PASS,PASS,PASS,PASS,PASS,PASS,PASS,PASS,PASS,PASS,PASS,PASS,PASS,PASS,PASS,PASS,PASS,PASS,PASS,PASS,PASS,PASS,PASS,PASS,PASS,PASS,PASS,PASS,PASS,PASS,PASS,PASS,FAIL,PASS,PASS,PASS,PASS,PASS,PASS,PASS,PASS,PASS,PASS,PASS,PASS,PASS,PASS,PASS,PASS,FAIL,PASS,PASS,PASS,PASS,PASS,PASS,PASS,PASS,PASS,PASS,PASS,PASS,PASS,PASS,PASS,PASS,PASS,PASS,PASS,PASS,PASS,PASS,PASS,PASS,PASS,PASS
Cli,Cli_1,batch06__Cli_1__equals__cli_1f_equals_line600,cli_1f_equals__line600,equals,m02,,SUCCESS,PASS,False,True,0,0,harness/runs/batch06__Cli_1__equals__cli_1f_equals_line600/execution/m02.log,PASS,PASS,PASS,PASS,PASS,PASS,PASS,PASS,PASS,PASS,PASS,PASS,PASS,PASS,PASS,PASS,PASS,PASS,PASS,PASS,PASS,PASS,PASS,PASS,PASS,PASS,PASS,PASS,PASS,PASS,PASS,PASS,PASS,PASS,PASS,PASS,PASS,PASS,PASS,PASS,PASS,PASS,PASS,PASS,PASS,PASS,PASS,PASS,PASS,PASS,PASS,PASS,PASS,PASS,PASS,PASS,PASS,PASS,PASS,PASS,PASS,PASS,PASS,PASS,PASS,PASS,PASS,PASS,PASS,PASS,PASS,PASS,PASS,PASS,PASS,PASS,PASS,PASS,PASS,PASS,PASS,PASS,PASS,PASS,PASS,PASS,PASS,PASS,PASS,PASS,PASS,PASS
Cli,Cli_1,batch06__Cli_1__equals__cli_1f_equals_line600,cli_1f_equals__line600,equals,m03,,SUCCESS,PASS,False,True,0,0,harness/runs/batch06__Cli_1__equals__cli_1f_equals_line600/execution/m03.log,PASS,PASS,PASS,PASS,PASS,PASS,PASS,PASS,PASS,PASS,PASS,PASS,PASS,PASS,PASS,PASS,PASS,PASS,PASS,PASS,PASS,PASS,PASS,PASS,PASS,PASS,PASS,PASS,PASS,PASS,PASS,PASS,PASS,PASS,PASS,PASS,PASS,PASS,PASS,PASS,PASS,PASS,PASS,PASS,PASS,PASS,PASS,PASS,PASS,PASS,PASS,PASS,PASS,PASS,PASS,PASS,PASS,PASS,PASS,PASS,PASS,PASS,PASS,PASS,PASS,PASS,PASS,PASS,PASS,PASS,PASS,PASS,PASS,PASS,PASS,PASS,PASS,PASS,PASS,PASS,PASS,PASS,PASS,PASS,PASS,PASS,PASS,PASS,PASS,PASS,PASS,PASS
Cli,Cli_1,batch06__Cli_1__equals__cli_1f_equals_line600,cli_1f_equals__line600,equals,m04,,SUCCESS,PASS,False,True,0,0,harness/runs/batch06__Cli_1__equals__cli_1f_equals_line600/execution/m04.log,PASS,PASS,PASS,PASS,PASS,PASS,PASS,PASS,PASS,PASS,PASS,PASS,PASS,PASS,PASS,PASS,PASS,PASS,PASS,PASS,PASS,PASS,PASS,PASS,PASS,PASS,PASS,PASS,PASS,PASS,PASS,PASS,PASS,PASS,PASS,PASS,PASS,PASS,PASS,PASS,PASS,PASS,PASS,PASS,PASS,PASS,PASS,PASS,PASS,PASS,PASS,PASS,PASS,PASS,PASS,PASS,PASS,PASS,PASS,PASS,PASS,PASS,PASS,PASS,PASS,PASS,PASS,PASS,PASS,PASS,PASS,PASS,PASS,PASS,PASS,PASS,PASS,PASS,PASS,PASS,PASS,PASS,PASS,PASS,PASS,PASS,PASS,PASS,PASS,PASS,PASS,PASS
Cli,Cli_1,batch06__Cli_1__equals__cli_1f_equals_line600,cli_1f_equals__line600,equals,m05,,SUCCESS,PASS,False,True,0,0,harness/runs/batch06__Cli_1__equals__cli_1f_equals_line600/execution/m05.log,PASS,PASS,PASS,PASS,PASS,PASS,PASS,PASS,PASS,PASS,PASS,PASS,PASS,PASS,PASS,PASS,PASS,PASS,PASS,PASS,PASS,PASS,PASS,PASS,PASS,PASS,PASS,PASS,PASS,PASS,PASS,PASS,PASS,PASS,PASS,PASS,PASS,PASS,PASS,PASS,PASS,PASS,PASS,PASS,PASS,PASS,PASS,PASS,PASS,PASS,PASS,PASS,PASS,PASS,PASS,PASS,PASS,PASS,PASS,PASS,PASS,PASS,PASS,PASS,PASS,PASS,PASS,PASS,PASS,PASS,PASS,PASS,PASS,PASS,PASS,PASS,PASS,PASS,PASS,PASS,PASS,PASS,PASS,PASS,PASS,PASS,PASS,PASS,PASS,PASS,PASS,PASS
Cli,Cli_1,batch06__Cli_1__equals__cli_1f_equals_line600,cli_1f_equals__line600,equals,m06,,SUCCESS,PASS,False,True,0,0,harness/runs/batch06__Cli_1__equals__cli_1f_equals_line600/execution/m06.log,PASS,PASS,PASS,PASS,PASS,PASS,PASS,PASS,PASS,PASS,PASS,PASS,PASS,PASS,PASS,PASS,PASS,PASS,PASS,PASS,PASS,PASS,PASS,PASS,PASS,PASS,PASS,PASS,PASS,PASS,PASS,PASS,PASS,PASS,PASS,PASS,PASS,PASS,PASS,PASS,PASS,PASS,PASS,PASS,PASS,PASS,PASS,PASS,PASS,PASS,PASS,PASS,PASS,PASS,PASS,PASS,PASS,PASS,PASS,PASS,PASS,PASS,PASS,PASS,PASS,PASS,PASS,PASS,PASS,PASS,PASS,PASS,PASS,PASS,PASS,PASS,PASS,PASS,PASS,PASS,PASS,PASS,PASS,PASS,PASS,PASS,PASS,PASS,PASS,PASS,PASS,PASS
Cli,Cli_1,batch06__Cli_1__equals__cli_1f_equals_line600,cli_1f_equals__line600,equals,m07,,SUCCESS,PASS,False,True,0,0,harness/runs/batch06__Cli_1__equals__cli_1f_equals_line600/execution/m07.log,PASS,PASS,PASS,PASS,PASS,PASS,PASS,PASS,PASS,PASS,PASS,PASS,PASS,PASS,PASS,PASS,PASS,PASS,PASS,PASS,PASS,PASS,PASS,PASS,PASS,PASS,PASS,PASS,PASS,PASS,PASS,PASS,PASS,PASS,PASS,PASS,PASS,PASS,PASS,PASS,PASS,PASS,PASS,PASS,PASS,PASS,PASS,PASS,PASS,PASS,PASS,PASS,PASS,PASS,PASS,PASS,PASS,PASS,PASS,PASS,PASS,PASS,PASS,PASS,PASS,PASS,PASS,PASS,PASS,PASS,PASS,PASS,PASS,PASS,PASS,PASS,PASS,PASS,PASS,PASS,PASS,PASS,PASS,PASS,PASS,PASS,PASS,PASS,PASS,PASS,PASS,PASS
Cli,Cli_1,batch06__Cli_1__equals__cli_1f_equals_line600,cli_1f_equals__line600,equals,m08,,SUCCESS,PASS,False,True,0,0,harness/runs/batch06__Cli_1__equals__cli_1f_equals_line600/execution/m08.log,PASS,PASS,PASS,PASS,PASS,PASS,PASS,PASS,PASS,PASS,PASS,PASS,PASS,PASS,PASS,PASS,PASS,PASS,PASS,PASS,PASS,PASS,PASS,PASS,PASS,PASS,PASS,PASS,PASS,PASS,PASS,PASS,PASS,PASS,PASS,PASS,PASS,PASS,PASS,PASS,PASS,PASS,PASS,PASS,PASS,PASS,PASS,PASS,PASS,PASS,PASS,PASS,PASS,PASS,PASS,PASS,PASS,PASS,PASS,PASS,PASS,PASS,PASS,PASS,PASS,PASS,PASS,PASS,PASS,PASS,PASS,PASS,PASS,PASS,PASS,PASS,PASS,PASS,PASS,PASS,PASS,PASS,PASS,PASS,PASS,PASS,PASS,PASS,PASS,PASS,PASS,PASS
Cli,Cli_1,batch06__Cli_1__findWrapPos__cli_1f_findWrapPos_line789,cli_1f_findWrapPos__line789,findWrapPos,m01,,SUCCESS,PASS,False,True,0,0,harness/runs/batch06__Cli_1__findWrapPos__cli_1f_findWrapPos_line789/execution/m01.log,PASS,PASS,PASS,PASS,PASS,PASS,PASS,PASS,PASS,PASS,PASS,PASS,PASS,PASS,PASS,PASS,PASS,PASS,PASS,PASS,PASS,PASS,PASS,PASS,PASS,PASS,PASS,PASS,PASS,PASS,PASS,PASS,PASS,PASS,PASS,PASS,PASS,PASS,PASS,PASS,PASS,PASS,PASS,PASS,PASS,PASS,PASS,PASS,PASS,PASS,PASS,PASS,PASS,PASS,PASS,PASS,PASS,PASS,PASS,PASS,PASS,PASS,PASS,PASS,PASS,PASS,PASS,PASS,PASS,PASS,PASS,PASS,PASS,PASS,PASS,PASS,PASS,PASS,PASS,PASS,PASS,PASS,PASS,PASS,PASS,PASS,PASS,PASS,PASS,PASS,PASS,PASS
Cli,Cli_1,batch06__Cli_1__findWrapPos__cli_1f_findWrapPos_line789,cli_1f_findWrapPos__line789,findWrapPos,m02,,SUCCESS,PASS,False,True,0,0,harness/runs/batch06__Cli_1__findWrapPos__cli_1f_findWrapPos_line789/execution/m02.log,PASS,PASS,PASS,PASS,PASS,PASS,PASS,PASS,PASS,PASS,PASS,PASS,PASS,PASS,PASS,PASS,PASS,PASS,PASS,PASS,PASS,PASS,PASS,PASS,PASS,PASS,PASS,PASS,PASS,PASS,PASS,PASS,PASS,PASS,PASS,PASS,PASS,PASS,PASS,PASS,PASS,PASS,PASS,PASS,PASS,PASS,PASS,PASS,PASS,PASS,PASS,PASS,PASS,PASS,PASS,PASS,PASS,PASS,PASS,PASS,PASS,PASS,PASS,PASS,PASS,PASS,PASS,PASS,PASS,PASS,PASS,PASS,PASS,PASS,PASS,PASS,PASS,PASS,PASS,PASS,PASS,PASS,PASS,PASS,PASS,PASS,PASS,PASS,PASS,PASS,PASS,PASS
Cli,Cli_1,batch06__Cli_1__findWrapPos__cli_1f_findWrapPos_line789,cli_1f_findWrapPos__line789,findWrapPos,m03,,SUCCESS,PASS,False,True,0,0,harness/runs/batch06__Cli_1__findWrapPos__cli_1f_findWrapPos_line789/execution/m03.log,PASS,PASS,PASS,PASS,PASS,PASS,PASS,PASS,PASS,PASS,PASS,PASS,PASS,PASS,PASS,PASS,PASS,PASS,PASS,PASS,PASS,PASS,PASS,PASS,PASS,PASS,PASS,PASS,PASS,PASS,PASS,PASS,PASS,PASS,PASS,PASS,PASS,PASS,PASS,PASS,PASS,PASS,PASS,PASS,PASS,PASS,PASS,PASS,PASS,PASS,PASS,PASS,PASS,PASS,PASS,PASS,PASS,PASS,PASS,PASS,PASS,PASS,PASS,PASS,PASS,PASS,PASS,PASS,PASS,PASS,PASS,PASS,PASS,PASS,PASS,PASS,PASS,PASS,PASS,PASS,PASS,PASS,PASS,PASS,PASS,PASS,PASS,PASS,PASS,PASS,PASS,PASS
Cli,Cli_1,batch06__Cli_1__findWrapPos__cli_1f_findWrapPos_line789,cli_1f_findWrapPos__line789,findWrapPos,m04,,SUCCESS,PASS,False,True,0,0,harness/runs/batch06__Cli_1__findWrapPos__cli_1f_findWrapPos_line789/execution/m04.log,PASS,PASS,PASS,PASS,PASS,PASS,PASS,PASS,PASS,PASS,PASS,PASS,PASS,PASS,PASS,PASS,PASS,PASS,PASS,PASS,PASS,PASS,PASS,PASS,PASS,PASS,PASS,PASS,PASS,PASS,PASS,PASS,PASS,PASS,PASS,PASS,PASS,PASS,PASS,PASS,PASS,PASS,PASS,PASS,PASS,PASS,PASS,PASS,PASS,PASS,PASS,PASS,PASS,PASS,PASS,PASS,PASS,PASS,PASS,PASS,PASS,PASS,PASS,PASS,PASS,PASS,PASS,PASS,PASS,PASS,PASS,PASS,PASS,PASS,PASS,PASS,PASS,PASS,PASS,PASS,PASS,PASS,PASS,PASS,PASS,PASS,PASS,PASS,PASS,PASS,PASS,PASS
Cli,Cli_1,batch06__Cli_1__findWrapPos__cli_1f_findWrapPos_line789,cli_1f_findWrapPos__line789,findWrapPos,m05,,SUCCESS,FAIL,True,True,0,3,harness/runs/batch06__Cli_1__findWrapPos__cli_1f_findWrapPos_line789/execution/m05.log,PASS,PASS,PASS,PASS,PASS,PASS,PASS,PASS,PASS,PASS,PASS,PASS,PASS,PASS,PASS,PASS,PASS,PASS,PASS,PASS,PASS,PASS,PASS,PASS,PASS,PASS,PASS,PASS,PASS,PASS,PASS,PASS,PASS,PASS,PASS,PASS,PASS,PASS,PASS,PASS,PASS,PASS,PASS,PASS,PASS,PASS,PASS,PASS,PASS,PASS,PASS,PASS,PASS,PASS,PASS,PASS,PASS,PASS,PASS,PASS,PASS,PASS,PASS,PASS,FAIL,FAIL,FAIL,PASS,PASS,PASS,PASS,PASS,PASS,PASS,PASS,PASS,PASS,PASS,PASS,PASS,PASS,PASS,PASS,PASS,PASS,PASS,PASS,PASS,PASS,PASS,PASS,PASS
Cli,Cli_1,batch06__Cli_1__findWrapPos__cli_1f_findWrapPos_line789,cli_1f_findWrapPos__line789,findWrapPos,m06,,SUCCESS,FAIL,True,True,0,3,harness/runs/batch06__Cli_1__findWrapPos__cli_1f_findWrapPos_line789/execution/m06.log,PASS,PASS,PASS,PASS,PASS,PASS,PASS,PASS,PASS,PASS,PASS,PASS,PASS,PASS,PASS,PASS,PASS,PASS,PASS,PASS,PASS,PASS,PASS,PASS,PASS,PASS,PASS,PASS,PASS,PASS,PASS,PASS,PASS,PASS,PASS,PASS,PASS,PASS,PASS,PASS,PASS,PASS,PASS,PASS,PASS,PASS,PASS,PASS,PASS,PASS,PASS,PASS,PASS,PASS,PASS,PASS,PASS,PASS,PASS,PASS,PASS,PASS,PASS,PASS,FAIL,FAIL,FAIL,PASS,PASS,PASS,PASS,PASS,PASS,PASS,PASS,PASS,PASS,PASS,PASS,PASS,PASS,PASS,PASS,PASS,PASS,PASS,PASS,PASS,PASS,PASS,PASS,PASS
Cli,Cli_1,batch06__Cli_1__findWrapPos__cli_1f_findWrapPos_line789,cli_1f_findWrapPos__line789,findWrapPos,m07,,SUCCESS,PASS,False,True,0,0,harness/runs/batch06__Cli_1__findWrapPos__cli_1f_findWrapPos_line789/execution/m07.log,PASS,PASS,PASS,PASS,PASS,PASS,PASS,PASS,PASS,PASS,PASS,PASS,PASS,PASS,PASS,PASS,PASS,PASS,PASS,PASS,PASS,PASS,PASS,PASS,PASS,PASS,PASS,PASS,PASS,PASS,PASS,PASS,PASS,PASS,PASS,PASS,PASS,PASS,PASS,PASS,PASS,PASS,PASS,PASS,PASS,PASS,PASS,PASS,PASS,PASS,PASS,PASS,PASS,PASS,PASS,PASS,PASS,PASS,PASS,PASS,PASS,PASS,PASS,PASS,PASS,PASS,PASS,PASS,PASS,PASS,PASS,PASS,PASS,PASS,PASS,PASS,PASS,PASS,PASS,PASS,PASS,PASS,PASS,PASS,PASS,PASS,PASS,PASS,PASS,PASS,PASS,PASS
Cli,Cli_1,batch06__Cli_1__findWrapPos__cli_1f_findWrapPos_line789,cli_1f_findWrapPos__line789,findWrapPos,m08,,SUCCESS,PASS,False,True,0,0,harness/runs/batch06__Cli_1__findWrapPos__cli_1f_findWrapPos_line789/execution/m08.log,PASS,PASS,PASS,PASS,PASS,PASS,PASS,PASS,PASS,PASS,PASS,PASS,PASS,PASS,PASS,PASS,PASS,PASS,PASS,PASS,PASS,PASS,PASS,PASS,PASS,PASS,PASS,PASS,PASS,PASS,PASS,PASS,PASS,PASS,PASS,PASS,PASS,PASS,PASS,PASS,PASS,PASS,PASS,PASS,PASS,PASS,PASS,PASS,PASS,PASS,PASS,PASS,PASS,PASS,PASS,PASS,PASS,PASS,PASS,PASS,PASS,PASS,PASS,PASS,PASS,PASS,PASS,PASS,PASS,PASS,PASS,PASS,PASS,PASS,PASS,PASS,PASS,PASS,PASS,PASS,PASS,PASS,PASS,PASS,PASS,PASS,PASS,PASS,PASS,PASS,PASS,PASS
Cli,Cli_1,batch06__Cli_1__isValueCode__cli_1f_isValueCode_line136,cli_1f_isValueCode__line136,isValueCode,m01,,SUCCESS,FAIL,True,True,0,1,harness/runs/batch06__Cli_1__isValueCode__cli_1f_isValueCode_line136/execution/m01.log,PASS,PASS,PASS,PASS,PASS,PASS,PASS,PASS,PASS,PASS,PASS,PASS,PASS,PASS,PASS,PASS,PASS,PASS,PASS,PASS,PASS,PASS,PASS,PASS,PASS,PASS,PASS,PASS,PASS,PASS,PASS,PASS,PASS,PASS,PASS,PASS,PASS,PASS,PASS,PASS,PASS,PASS,PASS,PASS,PASS,PASS,PASS,PASS,PASS,PASS,PASS,PASS,PASS,PASS,PASS,PASS,PASS,PASS,PASS,PASS,PASS,PASS,FAIL,PASS,PASS,PASS,PASS,PASS,PASS,PASS,PASS,PASS,PASS,PASS,PASS,PASS,PASS,PASS,PASS,PASS,PASS,PASS,PASS,PASS,PASS,PASS,PASS,PASS,PASS,PASS,PASS,PASS
Cli,Cli_1,batch06__Cli_1__isValueCode__cli_1f_isValueCode_line136,cli_1f_isValueCode__line136,isValueCode,m02,,SUCCESS,FAIL,True,True,0,1,harness/runs/batch06__Cli_1__isValueCode__cli_1f_isValueCode_line136/execution/m02.log,PASS,PASS,PASS,PASS,PASS,PASS,PASS,PASS,PASS,PASS,PASS,PASS,PASS,PASS,PASS,PASS,PASS,PASS,PASS,PASS,PASS,PASS,PASS,PASS,PASS,PASS,PASS,PASS,PASS,PASS,PASS,PASS,PASS,PASS,PASS,PASS,PASS,PASS,PASS,PASS,PASS,PASS,PASS,PASS,PASS,PASS,PASS,PASS,PASS,PASS,PASS,PASS,PASS,PASS,PASS,PASS,PASS,PASS,PASS,PASS,PASS,PASS,FAIL,PASS,PASS,PASS,PASS,PASS,PASS,PASS,PASS,PASS,PASS,PASS,PASS,PASS,PASS,PASS,PASS,PASS,PASS,PASS,PASS,PASS,PASS,PASS,PASS,PASS,PASS,PASS,PASS,PASS
Cli,Cli_1,batch06__Cli_1__isValueCode__cli_1f_isValueCode_line136,cli_1f_isValueCode__line136,isValueCode,m03,,SUCCESS,FAIL,True,True,0,1,harness/runs/batch06__Cli_1__isValueCode__cli_1f_isValueCode_line136/execution/m03.log,PASS,PASS,PASS,PASS,PASS,PASS,PASS,PASS,PASS,PASS,PASS,PASS,PASS,PASS,PASS,PASS,PASS,PASS,PASS,PASS,PASS,PASS,PASS,PASS,PASS,PASS,PASS,PASS,PASS,PASS,PASS,PASS,PASS,PASS,PASS,PASS,PASS,PASS,PASS,PASS,PASS,PASS,PASS,PASS,PASS,PASS,PASS,PASS,PASS,PASS,PASS,PASS,PASS,PASS,PASS,PASS,PASS,PASS,PASS,PASS,PASS,PASS,FAIL,PASS,PASS,PASS,PASS,PASS,PASS,PASS,PASS,PASS,PASS,PASS,PASS,PASS,PASS,PASS,PASS,PASS,PASS,PASS,PASS,PASS,PASS,PASS,PASS,PASS,PASS,PASS,PASS,PASS
Cli,Cli_1,batch06__Cli_1__isValueCode__cli_1f_isValueCode_line136,cli_1f_isValueCode__line136,isValueCode,m04,,SUCCESS,FAIL,True,True,0,1,harness/runs/batch06__Cli_1__isValueCode__cli_1f_isValueCode_line136/execution/m04.log,PASS,PASS,PASS,PASS,PASS,PASS,PASS,PASS,PASS,PASS,PASS,PASS,PASS,PASS,PASS,PASS,PASS,PASS,PASS,PASS,PASS,PASS,PASS,PASS,PASS,PASS,PASS,PASS,PASS,PASS,PASS,PASS,PASS,PASS,PASS,PASS,PASS,PASS,PASS,PASS,PASS,PASS,PASS,PASS,PASS,PASS,PASS,PASS,PASS,PASS,PASS,PASS,PASS,PASS,PASS,PASS,PASS,PASS,PASS,PASS,PASS,PASS,FAIL,PASS,PASS,PASS,PASS,PASS,PASS,PASS,PASS,PASS,PASS,PASS,PASS,PASS,PASS,PASS,PASS,PASS,PASS,PASS,PASS,PASS,PASS,PASS,PASS,PASS,PASS,PASS,PASS,PASS
Cli,Cli_1,batch06__Cli_1__isValueCode__cli_1f_isValueCode_line136,cli_1f_isValueCode__line136,isValueCode,m05,,SUCCESS,FAIL,True,True,0,1,harness/runs/batch06__Cli_1__isValueCode__cli_1f_isValueCode_line136/execution/m05.log,PASS,PASS,PASS,PASS,PASS,PASS,PASS,PASS,PASS,PASS,PASS,PASS,PASS,PASS,PASS,PASS,PASS,PASS,PASS,PASS,PASS,PASS,PASS,PASS,PASS,PASS,PASS,PASS,PASS,PASS,PASS,PASS,PASS,PASS,PASS,PASS,PASS,PASS,PASS,PASS,PASS,PASS,PASS,PASS,PASS,PASS,PASS,PASS,PASS,PASS,PASS,PASS,PASS,PASS,PASS,PASS,PASS,PASS,PASS,PASS,PASS,PASS,FAIL,PASS,PASS,PASS,PASS,PASS,PASS,PASS,PASS,PASS,PASS,PASS,PASS,PASS,PASS,PASS,PASS,PASS,PASS,PASS,PASS,PASS,PASS,PASS,PASS,PASS,PASS,PASS,PASS,PASS
Cli,Cli_1,batch06__Cli_1__isValueCode__cli_1f_isValueCode_line136,cli_1f_isValueCode__line136,isValueCode,m06,,SUCCESS,FAIL,True,True,0,1,harness/runs/batch06__Cli_1__isValueCode__cli_1f_isValueCode_line136/execution/m06.log,PASS,PASS,PASS,PASS,PASS,PASS,PASS,PASS,PASS,PASS,PASS,PASS,PASS,PASS,PASS,PASS,PASS,PASS,PASS,PASS,PASS,PASS,PASS,PASS,PASS,PASS,PASS,PASS,PASS,PASS,PASS,PASS,PASS,PASS,PASS,PASS,PASS,PASS,PASS,PASS,PASS,PASS,PASS,PASS,PASS,PASS,PASS,PASS,PASS,PASS,PASS,PASS,PASS,PASS,PASS,PASS,PASS,PASS,PASS,PASS,PASS,PASS,FAIL,PASS,PASS,PASS,PASS,PASS,PASS,PASS,PASS,PASS,PASS,PASS,PASS,PASS,PASS,PASS,PASS,PASS,PASS,PASS,PASS,PASS,PASS,PASS,PASS,PASS,PASS,PASS,PASS,PASS
Cli,Cli_1,batch06__Cli_1__isValueCode__cli_1f_isValueCode_line136,cli_1f_isValueCode__line136,isValueCode,m07,,SUCCESS,FAIL,True,True,0,1,harness/runs/batch06__Cli_1__isValueCode__cli_1f_isValueCode_line136/execution/m07.log,PASS,PASS,PASS,PASS,PASS,PASS,PASS,PASS,PASS,PASS,PASS,PASS,PASS,PASS,PASS,PASS,PASS,PASS,PASS,PASS,PASS,PASS,PASS,PASS,PASS,PASS,PASS,PASS,PASS,PASS,PASS,PASS,PASS,PASS,PASS,PASS,PASS,PASS,PASS,PASS,PASS,PASS,PASS,PASS,PASS,PASS,PASS,PASS,PASS,PASS,PASS,PASS,PASS,PASS,PASS,PASS,PASS,PASS,PASS,PASS,PASS,PASS,FAIL,PASS,PASS,PASS,PASS,PASS,PASS,PASS,PASS,PASS,PASS,PASS,PASS,PASS,PASS,PASS,PASS,PASS,PASS,PASS,PASS,PASS,PASS,PASS,PASS,PASS,PASS,PASS,PASS,PASS
Cli,Cli_1,batch06__Cli_1__isValueCode__cli_1f_isValueCode_line136,cli_1f_isValueCode__line136,isValueCode,m08,,SUCCESS,FAIL,True,True,0,1,harness/runs/batch06__Cli_1__isValueCode__cli_1f_isValueCode_line136/execution/m08.log,PASS,PASS,PASS,PASS,PASS,PASS,PASS,PASS,PASS,PASS,PASS,PASS,PASS,PASS,PASS,PASS,PASS,PASS,PASS,PASS,PASS,PASS,PASS,PASS,PASS,PASS,PASS,PASS,PASS,PASS,PASS,PASS,PASS,PASS,PASS,PASS,PASS,PASS,PASS,PASS,PASS,PASS,PASS,PASS,PASS,PASS,PASS,PASS,PASS,PASS,PASS,PASS,PASS,PASS,PASS,PASS,PASS,PASS,PASS,PASS,PASS,PASS,FAIL,PASS,PASS,PASS,PASS,PASS,PASS,PASS,PASS,PASS,PASS,PASS,PASS,PASS,PASS,PASS,PASS,PASS,PASS,PASS,PASS,PASS,PASS,PASS,PASS,PASS,PASS,PASS,PASS,PASS
Cli,Cli_1,batch06__Cli_1__processArgs__cli_1f_processArgs_line314,cli_1f_processArgs__line314,processArgs,m01,,SUCCESS,FAIL,True,True,0,49,harness/runs/batch06__Cli_1__processArgs__cli_1f_processArgs_line314/execution/m01.log,FAIL,FAIL,PASS,FAIL,FAIL,FAIL,PASS,FAIL,FAIL,PASS,PASS,PASS,PASS,PASS,FAIL,FAIL,PASS,PASS,PASS,PASS,PASS,PASS,PASS,PASS,FAIL,FAIL,FAIL,FAIL,FAIL,FAIL,PASS,PASS,PASS,PASS,PASS,PASS,PASS,PASS,PASS,PASS,PASS,PASS,PASS,PASS,PASS,PASS,PASS,PASS,PASS,PASS,FAIL,FAIL,FAIL,PASS,PASS,FAIL,FAIL,FAIL,FAIL,FAIL,FAIL,PASS,FAIL,PASS,PASS,PASS,PASS,FAIL,FAIL,FAIL,FAIL,FAIL,FAIL,FAIL,FAIL,FAIL,FAIL,FAIL,FAIL,FAIL,FAIL,FAIL,FAIL,FAIL,FAIL,FAIL,FAIL,FAIL,FAIL,FAIL,FAIL,PASS
Cli,Cli_1,batch06__Cli_1__processArgs__cli_1f_processArgs_line314,cli_1f_processArgs__line314,processArgs,m02,,SUCCESS,FAIL,True,True,0,4,harness/runs/batch06__Cli_1__processArgs__cli_1f_processArgs_line314/execution/m02.log,PASS,PASS,PASS,FAIL,FAIL,PASS,PASS,PASS,PASS,PASS,PASS,PASS,PASS,PASS,PASS,PASS,PASS,PASS,PASS,PASS,PASS,PASS,PASS,PASS,PASS,PASS,PASS,PASS,PASS,FAIL,PASS,PASS,PASS,PASS,PASS,PASS,PASS,PASS,PASS,PASS,PASS,PASS,PASS,PASS,PASS,PASS,PASS,PASS,PASS,PASS,PASS,PASS,PASS,PASS,PASS,PASS,PASS,PASS,PASS,PASS,FAIL,PASS,PASS,PASS,PASS,PASS,PASS,PASS,PASS,PASS,PASS,PASS,PASS,PASS,PASS,PASS,PASS,PASS,PASS,PASS,PASS,PASS,PASS,PASS,PASS,PASS,PASS,PASS,PASS,PASS,PASS,PASS
Cli,Cli_1,batch06__Cli_1__processArgs__cli_1f_processArgs_line314,cli_1f_processArgs__line314,processArgs,m03,,SUCCESS,FAIL,True,True,0,14,harness/runs/batch06__Cli_1__processArgs__cli_1f_processArgs_line314/execution/m03.log,FAIL,PASS,PASS,PASS,PASS,FAIL,PASS,FAIL,PASS,PASS,PASS,PASS,PASS,PASS,PASS,PASS,PASS,PASS,PASS,PASS,PASS,PASS,PASS,PASS,PASS,PASS,PASS,PASS,PASS,FAIL,PASS,PASS,PASS,PASS,PASS,PASS,PASS,PASS,PASS,PASS,PASS,PASS,PASS,PASS,PASS,PASS,PASS,PASS,PASS,PASS,PASS,PASS,PASS,PASS,PASS,PASS,PASS,PASS,PASS,PASS,FAIL,PASS,FAIL,PASS,PASS,PASS,PASS,FAIL,PASS,PASS,PASS,PASS,FAIL,PASS,PASS,PASS,FAIL,PASS,PASS,PASS,PASS,PASS,PASS,FAIL,FAIL,FAIL,PASS,FAIL,FAIL,PASS,PASS,PASS
Cli,Cli_1,batch06__Cli_1__processArgs__cli_1f_processArgs_line314,cli_1f_processArgs__line314,processArgs,m04,,SUCCESS,FAIL,True,True,0,0,harness/runs/batch06__Cli_1__processArgs__cli_1f_processArgs_line314/execution/m04.log,PASS,PASS,PASS,PASS,PASS,PASS,PASS,PASS,PASS,PASS,PASS,PASS,PASS,PASS,PASS,PASS,PASS,PASS,PASS,PASS,PASS,PASS,PASS,PASS,PASS,PASS,PASS,PASS,PASS,PASS,PASS,PASS,PASS,PASS,PASS,PASS,PASS,PASS,PASS,PASS,PASS,PASS,PASS,PASS,PASS,PASS,PASS,PASS,PASS,PASS,PASS,PASS,PASS,PASS,PASS,PASS,PASS,PASS,PASS,PASS,PASS,PASS,PASS,PASS,PASS,PASS,PASS,PASS,PASS,PASS,PASS,PASS,PASS,PASS,PASS,PASS,PASS,PASS,PASS,PASS,PASS,PASS,PASS,PASS,PASS,PASS,PASS,PASS,PASS,PASS,PASS,PASS
Cli,Cli_1,batch06__Cli_1__processArgs__cli_1f_processArgs_line314,cli_1f_processArgs__line314,processArgs,m05,,SUCCESS,FAIL,True,True,0,1,harness/runs/batch06__Cli_1__processArgs__cli_1f_processArgs_line314/execution/m05.log,PASS,PASS,PASS,PASS,PASS,PASS,PASS,PASS,PASS,PASS,PASS,PASS,PASS,PASS,PASS,FAIL,PASS,PASS,PASS,PASS,PASS,PASS,PASS,PASS,PASS,PASS,PASS,PASS,PASS,PASS,PASS,PASS,PASS,PASS,PASS,PASS,PASS,PASS,PASS,PASS,PASS,PASS,PASS,PASS,PASS,PASS,PASS,PASS,PASS,PASS,PASS,PASS,PASS,PASS,PASS,PASS,PASS,PASS,PASS,PASS,PASS,PASS,PASS,PASS,PASS,PASS,PASS,PASS,PASS,PASS,PASS,PASS,PASS,PASS,PASS,PASS,PASS,PASS,PASS,PASS,PASS,PASS,PASS,PASS,PASS,PASS,PASS,PASS,PASS,PASS,PASS,PASS
Cli,Cli_1,batch06__Cli_1__processArgs__cli_1f_processArgs_line314,cli_1f_processArgs__line314,processArgs,m06,,SUCCESS,PASS,False,True,0,0,harness/runs/batch06__Cli_1__processArgs__cli_1f_processArgs_line314/execution/m06.log,PASS,PASS,PASS,PASS,PASS,PASS,PASS,PASS,PASS,PASS,PASS,PASS,PASS,PASS,PASS,PASS,PASS,PASS,PASS,PASS,PASS,PASS,PASS,PASS,PASS,PASS,PASS,PASS,PASS,PASS,PASS,PASS,PASS,PASS,PASS,PASS,PASS,PASS,PASS,PASS,PASS,PASS,PASS,PASS,PASS,PASS,PASS,PASS,PASS,PASS,PASS,PASS,PASS,PASS,PASS,PASS,PASS,PASS,PASS,PASS,PASS,PASS,PASS,PASS,PASS,PASS,PASS,PASS,PASS,PASS,PASS,PASS,PASS,PASS,PASS,PASS,PASS,PASS,PASS,PASS,PASS,PASS,PASS,PASS,PASS,PASS,PASS,PASS,PASS,PASS,PASS,PASS
Cli,Cli_1,batch06__Cli_1__processArgs__cli_1f_processArgs_line314,cli_1f_processArgs__line314,processArgs,m07,,SUCCESS,FAIL,True,True,0,47,harness/runs/batch06__Cli_1__processArgs__cli_1f_processArgs_line314/execution/m07.log,FAIL,FAIL,PASS,FAIL,FAIL,FAIL,PASS,FAIL,FAIL,PASS,PASS,PASS,PASS,PASS,FAIL,FAIL,PASS,PASS,PASS,PASS,PASS,PASS,PASS,PASS,PASS,FAIL,FAIL,FAIL,FAIL,FAIL,PASS,PASS,PASS,PASS,PASS,PASS,PASS,PASS,PASS,PASS,PASS,PASS,PASS,PASS,PASS,PASS,PASS,PASS,PASS,PASS,FAIL,FAIL,FAIL,PASS,PASS,PASS,FAIL,FAIL,FAIL,FAIL,FAIL,PASS,FAIL,PASS,PASS,PASS,PASS,FAIL,FAIL,FAIL,FAIL,FAIL,FAIL,FAIL,FAIL,FAIL,FAIL,FAIL,FAIL,FAIL,FAIL,FAIL,FAIL,FAIL,FAIL,FAIL,FAIL,FAIL,FAIL,FAIL,FAIL,PASS
Cli,Cli_1,batch06__Cli_1__processArgs__cli_1f_processArgs_line314,cli_1f_processArgs__line314,processArgs,m08,,SUCCESS,FAIL,True,True,0,2,harness/runs/batch06__Cli_1__processArgs__cli_1f_processArgs_line314/execution/m08.log,PASS,PASS,PASS,PASS,PASS,PASS,PASS,PASS,PASS,PASS,PASS,PASS,PASS,PASS,PASS,PASS,PASS,PASS,PASS,PASS,PASS,PASS,PASS,PASS,FAIL,PASS,PASS,PASS,PASS,PASS,PASS,PASS,PASS,PASS,PASS,PASS,PASS,PASS,PASS,PASS,PASS,PASS,PASS,PASS,PASS,PASS,PASS,PASS,PASS,PASS,PASS,PASS,PASS,PASS,PASS,FAIL,PASS,PASS,PASS,PASS,PASS,PASS,PASS,PASS,PASS,PASS,PASS,PASS,PASS,PASS,PASS,PASS,PASS,PASS,PASS,PASS,PASS,PASS,PASS,PASS,PASS,PASS,PASS,PASS,PASS,PASS,PASS,PASS,PASS,PASS,PASS,PASS
Cli,Cli_1,batch06__Cli_1__processProperties__cli_1f_processProperties_line228,cli_1f_processProperties__line228,processProperties,m01,,SUCCESS,FAIL,True,True,0,4,harness/runs/batch06__Cli_1__processProperties__cli_1f_processProperties_line228/execution/m01.log,PASS,PASS,PASS,PASS,PASS,PASS,PASS,PASS,PASS,PASS,PASS,PASS,PASS,PASS,PASS,PASS,PASS,FAIL,PASS,PASS,PASS,PASS,PASS,PASS,PASS,PASS,PASS,PASS,PASS,PASS,PASS,PASS,PASS,PASS,PASS,PASS,PASS,PASS,PASS,PASS,PASS,PASS,PASS,PASS,PASS,PASS,PASS,PASS,PASS,PASS,PASS,PASS,PASS,PASS,PASS,PASS,PASS,PASS,PASS,PASS,PASS,PASS,PASS,PASS,PASS,PASS,PASS,PASS,PASS,PASS,PASS,PASS,PASS,FAIL,FAIL,FAIL,PASS,PASS,PASS,PASS,PASS,PASS,PASS,PASS,PASS,PASS,PASS,PASS,PASS,PASS,PASS,PASS
Cli,Cli_1,batch06__Cli_1__processProperties__cli_1f_processProperties_line228,cli_1f_processProperties__line228,processProperties,m02,,FAIL,NOT_RUN,False,False,0,0,harness/runs/batch06__Cli_1__processProperties__cli_1f_processProperties_line228/execution/m02.log,BUILD_FAIL,BUILD_FAIL,BUILD_FAIL,BUILD_FAIL,BUILD_FAIL,BUILD_FAIL,BUILD_FAIL,BUILD_FAIL,BUILD_FAIL,BUILD_FAIL,BUILD_FAIL,BUILD_FAIL,BUILD_FAIL,BUILD_FAIL,BUILD_FAIL,BUILD_FAIL,BUILD_FAIL,BUILD_FAIL,BUILD_FAIL,BUILD_FAIL,BUILD_FAIL,BUILD_FAIL,BUILD_FAIL,BUILD_FAIL,BUILD_FAIL,BUILD_FAIL,BUILD_FAIL,BUILD_FAIL,BUILD_FAIL,BUILD_FAIL,BUILD_FAIL,BUILD_FAIL,BUILD_FAIL,BUILD_FAIL,BUILD_FAIL,BUILD_FAIL,BUILD_FAIL,BUILD_FAIL,BUILD_FAIL,BUILD_FAIL,BUILD_FAIL,BUILD_FAIL,BUILD_FAIL,BUILD_FAIL,BUILD_FAIL,BUILD_FAIL,BUILD_FAIL,BUILD_FAIL,BUILD_FAIL,BUILD_FAIL,BUILD_FAIL,BUILD_FAIL,BUILD_FAIL,BUILD_FAIL,BUILD_FAIL,BUILD_FAIL,BUILD_FAIL,BUILD_FAIL,BUILD_FAIL,BUILD_FAIL,BUILD_FAIL,BUILD_FAIL,BUILD_FAIL,BUILD_FAIL,BUILD_FAIL,BUILD_FAIL,BUILD_FAIL,BUILD_FAIL,BUILD_FAIL,BUILD_FAIL,BUILD_FAIL,BUILD_FAIL,BUILD_FAIL,BUILD_FAIL,BUILD_FAIL,BUILD_FAIL,BUILD_FAIL,BUILD_FAIL,BUILD_FAIL,BUILD_FAIL,BUILD_FAIL,BUILD_FAIL,BUILD_FAIL,BUILD_FAIL,BUILD_FAIL,BUILD_FAIL,BUILD_FAIL,BUILD_FAIL,BUILD_FAIL,BUILD_FAIL,BUILD_FAIL,BUILD_FAIL
Cli,Cli_1,batch06__Cli_1__processProperties__cli_1f_processProperties_line228,cli_1f_processProperties__line228,processProperties,m03,,SUCCESS,FAIL,True,True,0,4,harness/runs/batch06__Cli_1__processProperties__cli_1f_processProperties_line228/execution/m03.log,PASS,PASS,PASS,PASS,PASS,PASS,PASS,PASS,PASS,PASS,PASS,PASS,PASS,PASS,PASS,PASS,PASS,FAIL,PASS,PASS,PASS,PASS,PASS,PASS,PASS,PASS,PASS,PASS,PASS,PASS,PASS,PASS,PASS,PASS,PASS,PASS,PASS,PASS,PASS,PASS,PASS,PASS,PASS,PASS,PASS,PASS,PASS,PASS,PASS,PASS,PASS,PASS,PASS,PASS,PASS,PASS,PASS,PASS,PASS,PASS,PASS,PASS,PASS,PASS,PASS,PASS,PASS,PASS,PASS,PASS,PASS,PASS,PASS,FAIL,FAIL,FAIL,PASS,PASS,PASS,PASS,PASS,PASS,PASS,PASS,PASS,PASS,PASS,PASS,PASS,PASS,PASS,PASS
Cli,Cli_1,batch06__Cli_1__processProperties__cli_1f_processProperties_line228,cli_1f_processProperties__line228,processProperties,m04,,SUCCESS,FAIL,True,True,0,4,harness/runs/batch06__Cli_1__processProperties__cli_1f_processProperties_line228/execution/m04.log,PASS,PASS,PASS,PASS,PASS,PASS,PASS,PASS,PASS,PASS,PASS,PASS,PASS,PASS,PASS,PASS,PASS,FAIL,PASS,PASS,PASS,PASS,PASS,PASS,PASS,PASS,PASS,PASS,PASS,PASS,PASS,PASS,PASS,PASS,PASS,PASS,PASS,PASS,PASS,PASS,PASS,PASS,PASS,PASS,PASS,PASS,PASS,PASS,PASS,PASS,PASS,PASS,PASS,PASS,PASS,PASS,PASS,PASS,PASS,PASS,PASS,PASS,PASS,PASS,PASS,PASS,PASS,PASS,PASS,PASS,PASS,PASS,PASS,FAIL,FAIL,FAIL,PASS,PASS,PASS,PASS,PASS,PASS,PASS,PASS,PASS,PASS,PASS,PASS,PASS,PASS,PASS,PASS
Cli,Cli_1,batch06__Cli_1__processProperties__cli_1f_processProperties_line228,cli_1f_processProperties__line228,processProperties,m05,,SUCCESS,FAIL,True,True,0,4,harness/runs/batch06__Cli_1__processProperties__cli_1f_processProperties_line228/execution/m05.log,PASS,PASS,PASS,PASS,PASS,PASS,PASS,PASS,PASS,PASS,PASS,PASS,PASS,PASS,PASS,PASS,PASS,FAIL,PASS,PASS,PASS,PASS,PASS,PASS,PASS,PASS,PASS,PASS,PASS,PASS,PASS,PASS,PASS,PASS,PASS,PASS,PASS,PASS,PASS,PASS,PASS,PASS,PASS,PASS,PASS,PASS,PASS,PASS,PASS,PASS,PASS,PASS,PASS,PASS,PASS,PASS,PASS,PASS,PASS,PASS,PASS,PASS,PASS,PASS,PASS,PASS,PASS,PASS,PASS,PASS,PASS,PASS,PASS,FAIL,FAIL,FAIL,PASS,PASS,PASS,PASS,PASS,PASS,PASS,PASS,PASS,PASS,PASS,PASS,PASS,PASS,PASS,PASS
Cli,Cli_1,batch06__Cli_1__processProperties__cli_1f_processProperties_line228,cli_1f_processProperties__line228,processProperties,m06,,SUCCESS,FAIL,True,True,0,1,harness/runs/batch06__Cli_1__processProperties__cli_1f_processProperties_line228/execution/m06.log,PASS,PASS,PASS,PASS,PASS,PASS,PASS,PASS,PASS,PASS,PASS,PASS,PASS,PASS,PASS,PASS,PASS,PASS,PASS,PASS,PASS,PASS,PASS,PASS,PASS,PASS,PASS,PASS,PASS,PASS,PASS,PASS,PASS,PASS,PASS,PASS,PASS,PASS,PASS,PASS,PASS,PASS,PASS,PASS,PASS,PASS,PASS,PASS,PASS,PASS,PASS,PASS,PASS,PASS,PASS,PASS,PASS,PASS,PASS,PASS,PASS,PASS,PASS,PASS,PASS,PASS,PASS,PASS,PASS,PASS,PASS,PASS,PASS,FAIL,PASS,PASS,PASS,PASS,PASS,PASS,PASS,PASS,PASS,PASS,PASS,PASS,PASS,PASS,PASS,PASS,PASS,PASS
Cli,Cli_1,batch06__Cli_1__processProperties__cli_1f_processProperties_line228,cli_1f_processProperties__line228,processProperties,m07,,SUCCESS,FAIL,True,True,0,1,harness/runs/batch06__Cli_1__processProperties__cli_1f_processProperties_line228/execution/m07.log,PASS,PASS,PASS,PASS,PASS,PASS,PASS,PASS,PASS,PASS,PASS,PASS,PASS,PASS,PASS,PASS,PASS,PASS,PASS,PASS,PASS,PASS,PASS,PASS,PASS,PASS,PASS,PASS,PASS,PASS,PASS,PASS,PASS,PASS,PASS,PASS,PASS,PASS,PASS,PASS,PASS,PASS,PASS,PASS,PASS,PASS,PASS,PASS,PASS,PASS,PASS,PASS,PASS,PASS,PASS,PASS,PASS,PASS,PASS,PASS,PASS,PASS,PASS,PASS,PASS,PASS,PASS,PASS,PASS,PASS,PASS,PASS,PASS,FAIL,PASS,PASS,PASS,PASS,PASS,PASS,PASS,PASS,PASS,PASS,PASS,PASS,PASS,PASS,PASS,PASS,PASS,PASS
Cli,Cli_1,batch06__Cli_1__processProperties__cli_1f_processProperties_line228,cli_1f_processProperties__line228,processProperties,m08,,SUCCESS,FAIL,True,True,0,4,harness/runs/batch06__Cli_1__processProperties__cli_1f_processProperties_line228/execution/m08.log,PASS,PASS,PASS,PASS,PASS,PASS,PASS,PASS,PASS,PASS,PASS,PASS,PASS,PASS,PASS,PASS,PASS,FAIL,PASS,PASS,PASS,PASS,PASS,PASS,PASS,PASS,PASS,PASS,PASS,PASS,PASS,PASS,PASS,PASS,PASS,PASS,PASS,PASS,PASS,PASS,PASS,PASS,PASS,PASS,PASS,PASS,PASS,PASS,PASS,PASS,PASS,PASS,PASS,PASS,PASS,PASS,PASS,PASS,PASS,PASS,PASS,PASS,PASS,PASS,PASS,PASS,PASS,PASS,PASS,PASS,PASS,PASS,PASS,FAIL,FAIL,FAIL,PASS,PASS,PASS,PASS,PASS,PASS,PASS,PASS,PASS,PASS,PASS,PASS,PASS,PASS,PASS,PASS
Cli,Cli_1,batch06__Cli_1__validateOption__cli_1f_validateOption_line40,cli_1f_validateOption__line40,validateOption,m01,,SUCCESS,FAIL,True,True,0,31,harness/runs/batch06__Cli_1__validateOption__cli_1f_validateOption_line40/execution/m01.log,PASS,FAIL,PASS,PASS,PASS,PASS,FAIL,PASS,PASS,PASS,PASS,PASS,PASS,PASS,PASS,PASS,PASS,PASS,PASS,PASS,PASS,PASS,PASS,PASS,PASS,PASS,PASS,PASS,PASS,PASS,PASS,PASS,PASS,PASS,FAIL,PASS,PASS,PASS,FAIL,FAIL,FAIL,FAIL,FAIL,FAIL,FAIL,FAIL,FAIL,FAIL,FAIL,PASS,PASS,PASS,PASS,PASS,PASS,PASS,PASS,PASS,PASS,PASS,PASS,PASS,PASS,PASS,PASS,PASS,PASS,FAIL,FAIL,FAIL,FAIL,FAIL,FAIL,FAIL,FAIL,FAIL,FAIL,FAIL,FAIL,FAIL,FAIL,FAIL,FAIL,PASS,PASS,PASS,PASS,PASS,PASS,PASS,PASS,FAIL
Cli,Cli_1,batch06__Cli_1__validateOption__cli_1f_validateOption_line40,cli_1f_validateOption__line40,validateOption,m02,,SUCCESS,FAIL,True,True,0,30,harness/runs/batch06__Cli_1__validateOption__cli_1f_validateOption_line40/execution/m02.log,PASS,FAIL,PASS,PASS,PASS,PASS,FAIL,PASS,PASS,PASS,PASS,PASS,PASS,PASS,PASS,PASS,PASS,PASS,PASS,PASS,PASS,PASS,PASS,PASS,PASS,PASS,PASS,PASS,PASS,PASS,PASS,PASS,PASS,PASS,PASS,PASS,PASS,PASS,FAIL,FAIL,FAIL,FAIL,FAIL,FAIL,FAIL,FAIL,FAIL,FAIL,FAIL,PASS,PASS,PASS,PASS,PASS,PASS,PASS,PASS,PASS,PASS,PASS,PASS,PASS,PASS,PASS,PASS,PASS,PASS,FAIL,FAIL,FAIL,FAIL,FAIL,FAIL,FAIL,FAIL,FAIL,FAIL,FAIL,FAIL,FAIL,FAIL,FAIL,FAIL,PASS,PASS,PASS,PASS,PASS,PASS,PASS,PASS,FAIL
Cli,Cli_1,batch06__Cli_1__validateOption__cli_1f_validateOption_line40,cli_1f_validateOption__line40,validateOption,m03,,SUCCESS,FAIL,True,True,0,2,harness/runs/batch06__Cli_1__validateOption__cli_1f_validateOption_line40/execution/m03.log,PASS,PASS,PASS,PASS,PASS,PASS,PASS,PASS,PASS,PASS,PASS,PASS,PASS,PASS,PASS,PASS,PASS,PASS,PASS,PASS,PASS,PASS,PASS,PASS,PASS,PASS,PASS,PASS,PASS,PASS,PASS,PASS,PASS,PASS,FAIL,PASS,FAIL,PASS,PASS,PASS,PASS,PASS,PASS,PASS,PASS,PASS,PASS,PASS,PASS,PASS,PASS,PASS,PASS,PASS,PASS,PASS,PASS,PASS,PASS,PASS,PASS,PASS,PASS,PASS,PASS,PASS,PASS,PASS,PASS,PASS,PASS,PASS,PASS,PASS,PASS,PASS,PASS,PASS,PASS,PASS,PASS,PASS,PASS,PASS,PASS,PASS,PASS,PASS,PASS,PASS,PASS,PASS
Cli,Cli_1,batch06__Cli_1__validateOption__cli_1f_validateOption_line40,cli_1f_validateOption__line40,validateOption,m04,,SUCCESS,FAIL,True,True,0,87,harness/runs/batch06__Cli_1__validateOption__cli_1f_validateOption_line40/execution/m04.log,FAIL,FAIL,FAIL,FAIL,FAIL,FAIL,PASS,FAIL,FAIL,PASS,FAIL,FAIL,FAIL,FAIL,FAIL,FAIL,PASS,FAIL,FAIL,FAIL,FAIL,FAIL,FAIL,FAIL,FAIL,FAIL,FAIL,FAIL,FAIL,FAIL,FAIL,FAIL,FAIL,FAIL,FAIL,FAIL,FAIL,FAIL,FAIL,FAIL,FAIL,FAIL,FAIL,FAIL,FAIL,FAIL,FAIL,FAIL,FAIL,FAIL,FAIL,FAIL,FAIL,FAIL,FAIL,FAIL,FAIL,FAIL,FAIL,FAIL,FAIL,FAIL,FAIL,FAIL,PASS,FAIL,PASS,FAIL,FAIL,FAIL,FAIL,FAIL,FAIL,FAIL,FAIL,FAIL,FAIL,FAIL,FAIL,FAIL,FAIL,FAIL,FAIL,FAIL,FAIL,FAIL,FAIL,FAIL,FAIL,FAIL,FAIL,FAIL
Cli,Cli_1,batch06__Cli_1__validateOption__cli_1f_validateOption_line40,cli_1f_validateOption__line40,validateOption,m05,,SUCCESS,FAIL,True,True,0,87,harness/runs/batch06__Cli_1__validateOption__cli_1f_validateOption_line40/execution/m05.log,FAIL,FAIL,FAIL,FAIL,FAIL,FAIL,PASS,FAIL,FAIL,PASS,FAIL,FAIL,FAIL,FAIL,FAIL,FAIL,PASS,FAIL,FAIL,FAIL,FAIL,FAIL,FAIL,FAIL,FAIL,FAIL,FAIL,FAIL,FAIL,FAIL,FAIL,FAIL,FAIL,FAIL,FAIL,FAIL,FAIL,FAIL,FAIL,FAIL,FAIL,FAIL,FAIL,FAIL,FAIL,FAIL,FAIL,FAIL,FAIL,FAIL,FAIL,FAIL,FAIL,FAIL,FAIL,FAIL,FAIL,FAIL,FAIL,FAIL,FAIL,FAIL,FAIL,FAIL,PASS,FAIL,PASS,FAIL,FAIL,FAIL,FAIL,FAIL,FAIL,FAIL,FAIL,FAIL,FAIL,FAIL,FAIL,FAIL,FAIL,FAIL,FAIL,FAIL,FAIL,FAIL,FAIL,FAIL,FAIL,FAIL,FAIL,FAIL
Cli,Cli_1,batch06__Cli_1__validateOption__cli_1f_validateOption_line40,cli_1f_validateOption__line40,validateOption,m06,,SUCCESS,PASS,False,True,0,0,harness/runs/batch06__Cli_1__validateOption__cli_1f_validateOption_line40/execution/m06.log,PASS,PASS,PASS,PASS,PASS,PASS,PASS,PASS,PASS,PASS,PASS,PASS,PASS,PASS,PASS,PASS,PASS,PASS,PASS,PASS,PASS,PASS,PASS,PASS,PASS,PASS,PASS,PASS,PASS,PASS,PASS,PASS,PASS,PASS,PASS,PASS,PASS,PASS,PASS,PASS,PASS,PASS,PASS,PASS,PASS,PASS,PASS,PASS,PASS,PASS,PASS,PASS,PASS,PASS,PASS,PASS,PASS,PASS,PASS,PASS,PASS,PASS,PASS,PASS,PASS,PASS,PASS,PASS,PASS,PASS,PASS,PASS,PASS,PASS,PASS,PASS,PASS,PASS,PASS,PASS,PASS,PASS,PASS,PASS,PASS,PASS,PASS,PASS,PASS,PASS,PASS,PASS
Cli,Cli_1,batch06__Cli_1__validateOption__cli_1f_validateOption_line40,cli_1f_validateOption__line40,validateOption,m07,,SUCCESS,FAIL,True,True,0,7,harness/runs/batch06__Cli_1__validateOption__cli_1f_validateOption_line40/execution/m07.log,FAIL,PASS,FAIL,FAIL,FAIL,PASS,PASS,PASS,PASS,FAIL,PASS,PASS,PASS,FAIL,PASS,PASS,PASS,PASS,PASS,PASS,PASS,PASS,PASS,PASS,PASS,PASS,PASS,PASS,PASS,PASS,PASS,PASS,PASS,PASS,FAIL,PASS,PASS,PASS,PASS,PASS,PASS,PASS,PASS,PASS,PASS,PASS,PASS,PASS,PASS,PASS,PASS,PASS,PASS,PASS,PASS,PASS,PASS,PASS,PASS,PASS,PASS,PASS,PASS,PASS,PASS,PASS,PASS,PASS,PASS,PASS,PASS,PASS,PASS,PASS,PASS,PASS,PASS,PASS,PASS,PASS,PASS,PASS,PASS,PASS,PASS,PASS,PASS,PASS,PASS,PASS,PASS,PASS
Cli,Cli_1,batch06__Cli_1__validateOption__cli_1f_validateOption_line40,cli_1f_validateOption__line40,validateOption,m08,,SUCCESS,FAIL,True,True,0,7,harness/runs/batch06__Cli_1__validateOption__cli_1f_validateOption_line40/execution/m08.log,FAIL,PASS,FAIL,FAIL,FAIL,PASS,PASS,PASS,PASS,FAIL,PASS,PASS,PASS,FAIL,PASS,PASS,PASS,PASS,PASS,PASS,PASS,PASS,PASS,PASS,PASS,PASS,PASS,PASS,PASS,PASS,PASS,PASS,PASS,PASS,FAIL,PASS,PASS,PASS,PASS,PASS,PASS,PASS,PASS,PASS,PASS,PASS,PASS,PASS,PASS,PASS,PASS,PASS,PASS,PASS,PASS,PASS,PASS,PASS,PASS,PASS,PASS,PASS,PASS,PASS,PASS,PASS,PASS,PASS,PASS,PASS,PASS,PASS,PASS,PASS,PASS,PASS,PASS,PASS,PASS,PASS,PASS,PASS,PASS,PASS,PASS,PASS,PASS,PASS,PASS,PASS,PASS,PASS
Cli,Cli_1,batch07__Cli_1__appendOption__cli_1f_appendOption_line530,cli_1f_appendOption__line530,appendOption,m01,,SUCCESS,FAIL,True,True,0,1,harness/runs/batch07__Cli_1__appendOption__cli_1f_appendOption_line530/execution/m01.log,PASS,PASS,PASS,PASS,PASS,PASS,PASS,PASS,PASS,PASS,PASS,PASS,PASS,PASS,PASS,PASS,PASS,PASS,PASS,PASS,PASS,PASS,PASS,PASS,PASS,PASS,PASS,PASS,PASS,PASS,PASS,PASS,PASS,PASS,PASS,PASS,PASS,PASS,PASS,PASS,PASS,PASS,PASS,PASS,PASS,PASS,PASS,PASS,PASS,PASS,PASS,PASS,PASS,PASS,PASS,PASS,PASS,PASS,PASS,PASS,PASS,PASS,PASS,FAIL,PASS,PASS,PASS,PASS,PASS,PASS,PASS,PASS,PASS,PASS,PASS,PASS,PASS,PASS,PASS,PASS,PASS,PASS,PASS,PASS,PASS,PASS,PASS,PASS,PASS,PASS,PASS,PASS
Cli,Cli_1,batch07__Cli_1__appendOption__cli_1f_appendOption_line530,cli_1f_appendOption__line530,appendOption,m02,,SUCCESS,FAIL,True,True,0,1,harness/runs/batch07__Cli_1__appendOption__cli_1f_appendOption_line530/execution/m02.log,PASS,PASS,PASS,PASS,PASS,PASS,PASS,PASS,PASS,PASS,PASS,PASS,PASS,PASS,PASS,PASS,PASS,PASS,PASS,PASS,PASS,PASS,PASS,PASS,PASS,PASS,PASS,PASS,PASS,PASS,PASS,PASS,PASS,PASS,PASS,PASS,PASS,PASS,PASS,PASS,PASS,PASS,PASS,PASS,PASS,PASS,PASS,PASS,PASS,PASS,PASS,PASS,PASS,PASS,PASS,PASS,PASS,PASS,PASS,PASS,PASS,PASS,PASS,FAIL,PASS,PASS,PASS,PASS,PASS,PASS,PASS,PASS,PASS,PASS,PASS,PASS,PASS,PASS,PASS,PASS,PASS,PASS,PASS,PASS,PASS,PASS,PASS,PASS,PASS,PASS,PASS,PASS
Cli,Cli_1,batch07__Cli_1__appendOption__cli_1f_appendOption_line530,cli_1f_appendOption__line530,appendOption,m03,,SUCCESS,PASS,False,True,0,0,harness/runs/batch07__Cli_1__appendOption__cli_1f_appendOption_line530/execution/m03.log,PASS,PASS,PASS,PASS,PASS,PASS,PASS,PASS,PASS,PASS,PASS,PASS,PASS,PASS,PASS,PASS,PASS,PASS,PASS,PASS,PASS,PASS,PASS,PASS,PASS,PASS,PASS,PASS,PASS,PASS,PASS,PASS,PASS,PASS,PASS,PASS,PASS,PASS,PASS,PASS,PASS,PASS,PASS,PASS,PASS,PASS,PASS,PASS,PASS,PASS,PASS,PASS,PASS,PASS,PASS,PASS,PASS,PASS,PASS,PASS,PASS,PASS,PASS,PASS,PASS,PASS,PASS,PASS,PASS,PASS,PASS,PASS,PASS,PASS,PASS,PASS,PASS,PASS,PASS,PASS,PASS,PASS,PASS,PASS,PASS,PASS,PASS,PASS,PASS,PASS,PASS,PASS
Cli,Cli_1,batch07__Cli_1__appendOption__cli_1f_appendOption_line530,cli_1f_appendOption__line530,appendOption,m04,,SUCCESS,FAIL,True,True,0,1,harness/runs/batch07__Cli_1__appendOption__cli_1f_appendOption_line530/execution/m04.log,PASS,PASS,PASS,PASS,PASS,PASS,PASS,PASS,PASS,PASS,PASS,PASS,PASS,PASS,PASS,PASS,PASS,PASS,PASS,PASS,PASS,PASS,PASS,PASS,PASS,PASS,PASS,PASS,PASS,PASS,PASS,PASS,PASS,PASS,PASS,PASS,PASS,PASS,PASS,PASS,PASS,PASS,PASS,PASS,PASS,PASS,PASS,PASS,PASS,PASS,PASS,PASS,PASS,PASS,PASS,PASS,PASS,PASS,PASS,PASS,PASS,PASS,PASS,FAIL,PASS,PASS,PASS,PASS,PASS,PASS,PASS,PASS,PASS,PASS,PASS,PASS,PASS,PASS,PASS,PASS,PASS,PASS,PASS,PASS,PASS,PASS,PASS,PASS,PASS,PASS,PASS,PASS
Cli,Cli_1,batch07__Cli_1__appendOption__cli_1f_appendOption_line530,cli_1f_appendOption__line530,appendOption,m05,,SUCCESS,PASS,False,True,0,0,harness/runs/batch07__Cli_1__appendOption__cli_1f_appendOption_line530/execution/m05.log,PASS,PASS,PASS,PASS,PASS,PASS,PASS,PASS,PASS,PASS,PASS,PASS,PASS,PASS,PASS,PASS,PASS,PASS,PASS,PASS,PASS,PASS,PASS,PASS,PASS,PASS,PASS,PASS,PASS,PASS,PASS,PASS,PASS,PASS,PASS,PASS,PASS,PASS,PASS,PASS,PASS,PASS,PASS,PASS,PASS,PASS,PASS,PASS,PASS,PASS,PASS,PASS,PASS,PASS,PASS,PASS,PASS,PASS,PASS,PASS,PASS,PASS,PASS,PASS,PASS,PASS,PASS,PASS,PASS,PASS,PASS,PASS,PASS,PASS,PASS,PASS,PASS,PASS,PASS,PASS,PASS,PASS,PASS,PASS,PASS,PASS,PASS,PASS,PASS,PASS,PASS,PASS
Cli,Cli_1,batch07__Cli_1__appendOption__cli_1f_appendOption_line530,cli_1f_appendOption__line530,appendOption,m06,,SUCCESS,FAIL,True,True,0,1,harness/runs/batch07__Cli_1__appendOption__cli_1f_appendOption_line530/execution/m06.log,PASS,PASS,PASS,PASS,PASS,PASS,PASS,PASS,PASS,PASS,PASS,PASS,PASS,PASS,PASS,PASS,PASS,PASS,PASS,PASS,PASS,PASS,PASS,PASS,PASS,PASS,PASS,PASS,PASS,PASS,PASS,PASS,PASS,PASS,PASS,PASS,PASS,PASS,PASS,PASS,PASS,PASS,PASS,PASS,PASS,PASS,PASS,PASS,PASS,PASS,PASS,PASS,PASS,PASS,PASS,PASS,PASS,PASS,PASS,PASS,PASS,PASS,PASS,FAIL,PASS,PASS,PASS,PASS,PASS,PASS,PASS,PASS,PASS,PASS,PASS,PASS,PASS,PASS,PASS,PASS,PASS,PASS,PASS,PASS,PASS,PASS,PASS,PASS,PASS,PASS,PASS,PASS
Cli,Cli_1,batch07__Cli_1__appendOption__cli_1f_appendOption_line530,cli_1f_appendOption__line530,appendOption,m07,,SUCCESS,FAIL,True,True,0,1,harness/runs/batch07__Cli_1__appendOption__cli_1f_appendOption_line530/execution/m07.log,PASS,PASS,PASS,PASS,PASS,PASS,PASS,PASS,PASS,PASS,PASS,PASS,PASS,PASS,PASS,PASS,PASS,PASS,PASS,PASS,PASS,PASS,PASS,PASS,PASS,PASS,PASS,PASS,PASS,PASS,PASS,PASS,PASS,PASS,PASS,PASS,PASS,PASS,PASS,PASS,PASS,PASS,PASS,PASS,PASS,PASS,PASS,PASS,PASS,PASS,PASS,PASS,PASS,PASS,PASS,PASS,PASS,PASS,PASS,PASS,PASS,PASS,PASS,FAIL,PASS,PASS,PASS,PASS,PASS,PASS,PASS,PASS,PASS,PASS,PASS,PASS,PASS,PASS,PASS,PASS,PASS,PASS,PASS,PASS,PASS,PASS,PASS,PASS,PASS,PASS,PASS,PASS
Cli,Cli_1,batch07__Cli_1__appendOption__cli_1f_appendOption_line530,cli_1f_appendOption__line530,appendOption,m08,,FAIL,NOT_RUN,False,False,0,0,harness/runs/batch07__Cli_1__appendOption__cli_1f_appendOption_line530/execution/m08.log,BUILD_FAIL,BUILD_FAIL,BUILD_FAIL,BUILD_FAIL,BUILD_FAIL,BUILD_FAIL,BUILD_FAIL,BUILD_FAIL,BUILD_FAIL,BUILD_FAIL,BUILD_FAIL,BUILD_FAIL,BUILD_FAIL,BUILD_FAIL,BUILD_FAIL,BUILD_FAIL,BUILD_FAIL,BUILD_FAIL,BUILD_FAIL,BUILD_FAIL,BUILD_FAIL,BUILD_FAIL,BUILD_FAIL,BUILD_FAIL,BUILD_FAIL,BUILD_FAIL,BUILD_FAIL,BUILD_FAIL,BUILD_FAIL,BUILD_FAIL,BUILD_FAIL,BUILD_FAIL,BUILD_FAIL,BUILD_FAIL,BUILD_FAIL,BUILD_FAIL,BUILD_FAIL,BUILD_FAIL,BUILD_FAIL,BUILD_FAIL,BUILD_FAIL,BUILD_FAIL,BUILD_FAIL,BUILD_FAIL,BUILD_FAIL,BUILD_FAIL,BUILD_FAIL,BUILD_FAIL,BUILD_FAIL,BUILD_FAIL,BUILD_FAIL,BUILD_FAIL,BUILD_FAIL,BUILD_FAIL,BUILD_FAIL,BUILD_FAIL,BUILD_FAIL,BUILD_FAIL,BUILD_FAIL,BUILD_FAIL,BUILD_FAIL,BUILD_FAIL,BUILD_FAIL,BUILD_FAIL,BUILD_FAIL,BUILD_FAIL,BUILD_FAIL,BUILD_FAIL,BUILD_FAIL,BUILD_FAIL,BUILD_FAIL,BUILD_FAIL,BUILD_FAIL,BUILD_FAIL,BUILD_FAIL,BUILD_FAIL,BUILD_FAIL,BUILD_FAIL,BUILD_FAIL,BUILD_FAIL,BUILD_FAIL,BUILD_FAIL,BUILD_FAIL,BUILD_FAIL,BUILD_FAIL,BUILD_FAIL,BUILD_FAIL,BUILD_FAIL,BUILD_FAIL,BUILD_FAIL,BUILD_FAIL,BUILD_FAIL
Cli,Cli_1,batch07__Cli_1__burstToken__cli_1f_burstToken_line278,cli_1f_burstToken__line278,burstToken,m01,,SUCCESS,FAIL,True,True,0,13,harness/runs/batch07__Cli_1__burstToken__cli_1f_burstToken_line278/execution/m01.log,PASS,PASS,PASS,PASS,PASS,FAIL,PASS,FAIL,PASS,PASS,PASS,PASS,PASS,PASS,PASS,PASS,PASS,PASS,PASS,PASS,PASS,PASS,PASS,PASS,PASS,PASS,PASS,PASS,PASS,PASS,PASS,PASS,PASS,PASS,PASS,PASS,PASS,PASS,PASS,PASS,PASS,PASS,PASS,PASS,PASS,PASS,PASS,PASS,PASS,PASS,PASS,PASS,FAIL,PASS,FAIL,FAIL,FAIL,PASS,PASS,PASS,PASS,PASS,PASS,PASS,PASS,PASS,PASS,PASS,PASS,PASS,PASS,PASS,PASS,PASS,PASS,PASS,PASS,PASS,PASS,PASS,PASS,PASS,PASS,FAIL,FAIL,FAIL,FAIL,FAIL,FAIL,FAIL,PASS,PASS
Cli,Cli_1,batch07__Cli_1__burstToken__cli_1f_burstToken_line278,cli_1f_burstToken__line278,burstToken,m02,,SUCCESS,PASS,False,True,0,0,harness/runs/batch07__Cli_1__burstToken__cli_1f_burstToken_line278/execution/m02.log,PASS,PASS,PASS,PASS,PASS,PASS,PASS,PASS,PASS,PASS,PASS,PASS,PASS,PASS,PASS,PASS,PASS,PASS,PASS,PASS,PASS,PASS,PASS,PASS,PASS,PASS,PASS,PASS,PASS,PASS,PASS,PASS,PASS,PASS,PASS,PASS,PASS,PASS,PASS,PASS,PASS,PASS,PASS,PASS,PASS,PASS,PASS,PASS,PASS,PASS,PASS,PASS,PASS,PASS,PASS,PASS,PASS,PASS,PASS,PASS,PASS,PASS,PASS,PASS,PASS,PASS,PASS,PASS,PASS,PASS,PASS,PASS,PASS,PASS,PASS,PASS,PASS,PASS,PASS,PASS,PASS,PASS,PASS,PASS,PASS,PASS,PASS,PASS,PASS,PASS,PASS,PASS
Cli,Cli_1,batch07__Cli_1__burstToken__cli_1f_burstToken_line278,cli_1f_burstToken__line278,burstToken,m03,,SUCCESS,FAIL,True,True,0,7,harness/runs/batch07__Cli_1__burstToken__cli_1f_burstToken_line278/execution/m03.log,PASS,PASS,PASS,PASS,PASS,PASS,PASS,FAIL,PASS,PASS,PASS,PASS,PASS,PASS,PASS,PASS,PASS,PASS,PASS,PASS,PASS,PASS,PASS,PASS,PASS,PASS,PASS,PASS,PASS,PASS,PASS,PASS,PASS,PASS,PASS,PASS,PASS,PASS,PASS,PASS,PASS,PASS,PASS,PASS,PASS,PASS,PASS,PASS,PASS,PASS,PASS,PASS,FAIL,PASS,FAIL,FAIL,FAIL,PASS,PASS,PASS,PASS,PASS,PASS,PASS,PASS,PASS,PASS,PASS,PASS,PASS,PASS,PASS,PASS,PASS,PASS,PASS,PASS,PASS,PASS,PASS,PASS,PASS,PASS,FAIL,PASS,FAIL,PASS,PASS,PASS,PASS,PASS,PASS
Cli,Cli_1,batch07__Cli_1__burstToken__cli_1f_burstToken_line278,cli_1f_burstToken__line278,burstToken,m04,,SUCCESS,FAIL,True,True,0,1,harness/runs/batch07__Cli_1__burstToken__cli_1f_burstToken_line278/execution/m04.log,PASS,PASS,PASS,PASS,PASS,PASS,PASS,PASS,PASS,PASS,PASS,PASS,PASS,PASS,PASS,PASS,PASS,PASS,PASS,PASS,PASS,PASS,PASS,PASS,PASS,PASS,PASS,PASS,PASS,PASS,PASS,PASS,PASS,PASS,PASS,PASS,PASS,PASS,PASS,PASS,PASS,PASS,PASS,PASS,PASS,PASS,PASS,PASS,PASS,PASS,PASS,PASS,PASS,PASS,FAIL,PASS,PASS,PASS,PASS,PASS,PASS,PASS,PASS,PASS,PASS,PASS,PASS,PASS,PASS,PASS,PASS,PASS,PASS,PASS,PASS,PASS,PASS,PASS,PASS,PASS,PASS,PASS,PASS,PASS,PASS,PASS,PASS,PASS,PASS,PASS,PASS,PASS
Cli,Cli_1,batch07__Cli_1__burstToken__cli_1f_burstToken_line278,cli_1f_burstToken__line278,burstToken,m05,,SUCCESS,FAIL,True,True,0,11,harness/runs/batch07__Cli_1__burstToken__cli_1f_burstToken_line278/execution/m05.log,PASS,PASS,PASS,PASS,PASS,FAIL,PASS,FAIL,PASS,PASS,PASS,PASS,PASS,PASS,PASS,PASS,PASS,PASS,PASS,PASS,PASS,PASS,PASS,PASS,PASS,PASS,PASS,PASS,PASS,PASS,PASS,PASS,PASS,PASS,PASS,PASS,PASS,PASS,PASS,PASS,PASS,PASS,PASS,PASS,PASS,PASS,PASS,PASS,PASS,PASS,PASS,PASS,FAIL,PASS,PASS,PASS,FAIL,PASS,PASS,PASS,PASS,PASS,PASS,PASS,PASS,PASS,PASS,PASS,PASS,PASS,PASS,PASS,PASS,PASS,PASS,PASS,PASS,PASS,PASS,PASS,PASS,PASS,PASS,FAIL,FAIL,FAIL,FAIL,FAIL,FAIL,FAIL,PASS,PASS
Cli,Cli_1,batch07__Cli_1__burstToken__cli_1f_burstToken_line278,cli_1f_burstToken__line278,burstToken,m06,,SUCCESS,FAIL,True,True,0,12,harness/runs/batch07__Cli_1__burstToken__cli_1f_burstToken_line278/execution/m06.log,PASS,PASS,PASS,PASS,PASS,FAIL,PASS,FAIL,PASS,PASS,PASS,PASS,PASS,PASS,PASS,PASS,PASS,PASS,PASS,PASS,PASS,PASS,PASS,PASS,PASS,PASS,PASS,PASS,PASS,PASS,PASS,PASS,PASS,PASS,PASS,PASS,PASS,PASS,PASS,PASS,PASS,PASS,PASS,PASS,PASS,PASS,PASS,PASS,PASS,PASS,PASS,PASS,FAIL,PASS,FAIL,PASS,FAIL,PASS,PASS,PASS,PASS,PASS,PASS,PASS,PASS,PASS,PASS,PASS,PASS,PASS,PASS,PASS,PASS,PASS,PASS,PASS,PASS,PASS,PASS,PASS,PASS,PASS,PASS,FAIL,FAIL,FAIL,FAIL,FAIL,FAIL,FAIL,PASS,PASS
Cli,Cli_1,batch07__Cli_1__burstToken__cli_1f_burstToken_line278,cli_1f_burstToken__line278,burstToken,m07,,SUCCESS,FAIL,True,True,0,11,harness/runs/batch07__Cli_1__burstToken__cli_1f_burstToken_line278/execution/m07.log,PASS,PASS,PASS,PASS,PASS,FAIL,PASS,FAIL,PASS,PASS,PASS,PASS,PASS,PASS,PASS,PASS,PASS,PASS,PASS,PASS,PASS,PASS,PASS,PASS,PASS,PASS,PASS,PASS,PASS,PASS,PASS,PASS,PASS,PASS,PASS,PASS,PASS,PASS,PASS,PASS,PASS,PASS,PASS,PASS,PASS,PASS,PASS,PASS,PASS,PASS,PASS,PASS,FAIL,PASS,PASS,PASS,FAIL,PASS,PASS,PASS,PASS,PASS,PASS,PASS,PASS,PASS,PASS,PASS,PASS,PASS,PASS,PASS,PASS,PASS,PASS,PASS,PASS,PASS,PASS,PASS,PASS,PASS,PASS,FAIL,FAIL,FAIL,FAIL,FAIL,FAIL,FAIL,PASS,PASS
Cli,Cli_1,batch07__Cli_1__createValue__cli_1f_createValue_line61,cli_1f_createValue__line61,createValue,m01,,SUCCESS,FAIL,True,True,0,1,harness/runs/batch07__Cli_1__createValue__cli_1f_createValue_line61/execution/m01.log,PASS,PASS,PASS,PASS,PASS,PASS,PASS,PASS,PASS,PASS,PASS,PASS,PASS,PASS,PASS,PASS,PASS,PASS,PASS,PASS,PASS,PASS,PASS,PASS,PASS,PASS,PASS,PASS,PASS,PASS,PASS,PASS,PASS,PASS,PASS,PASS,PASS,PASS,PASS,PASS,PASS,PASS,PASS,PASS,PASS,PASS,PASS,PASS,PASS,PASS,PASS,PASS,PASS,PASS,PASS,PASS,PASS,PASS,PASS,PASS,PASS,PASS,FAIL,PASS,PASS,PASS,PASS,PASS,PASS,PASS,PASS,PASS,PASS,PASS,PASS,PASS,PASS,PASS,PASS,PASS,PASS,PASS,PASS,PASS,PASS,PASS,PASS,PASS,PASS,PASS,PASS,PASS
Cli,Cli_1,batch07__Cli_1__createValue__cli_1f_createValue_line61,cli_1f_createValue__line61,createValue,m02,,SUCCESS,FAIL,True,True,0,1,harness/runs/batch07__Cli_1__createValue__cli_1f_createValue_line61/execution/m02.log,PASS,PASS,PASS,PASS,PASS,PASS,PASS,PASS,PASS,PASS,PASS,PASS,PASS,PASS,PASS,PASS,PASS,PASS,PASS,PASS,PASS,PASS,PASS,PASS,PASS,PASS,PASS,PASS,PASS,PASS,PASS,PASS,PASS,PASS,PASS,PASS,PASS,PASS,PASS,PASS,PASS,PASS,PASS,PASS,PASS,PASS,PASS,PASS,PASS,PASS,PASS,PASS,PASS,PASS,PASS,PASS,PASS,PASS,PASS,PASS,PASS,PASS,FAIL,PASS,PASS,PASS,PASS,PASS,PASS,PASS,PASS,PASS,PASS,PASS,PASS,PASS,PASS,PASS,PASS,PASS,PASS,PASS,PASS,PASS,PASS,PASS,PASS,PASS,PASS,PASS,PASS,PASS
Cli,Cli_1,batch07__Cli_1__createValue__cli_1f_createValue_line61,cli_1f_createValue__line61,createValue,m03,,SUCCESS,FAIL,True,True,0,1,harness/runs/batch07__Cli_1__createValue__cli_1f_createValue_line61/execution/m03.log,PASS,PASS,PASS,PASS,PASS,PASS,PASS,PASS,PASS,PASS,PASS,PASS,PASS,PASS,PASS,PASS,PASS,PASS,PASS,PASS,PASS,PASS,PASS,PASS,PASS,PASS,PASS,PASS,PASS,PASS,PASS,PASS,PASS,PASS,PASS,PASS,PASS,PASS,PASS,PASS,PASS,PASS,PASS,PASS,PASS,PASS,PASS,PASS,PASS,PASS,PASS,PASS,PASS,PASS,PASS,PASS,PASS,PASS,PASS,PASS,PASS,PASS,FAIL,PASS,PASS,PASS,PASS,PASS,PASS,PASS,PASS,PASS,PASS,PASS,PASS,PASS,PASS,PASS,PASS,PASS,PASS,PASS,PASS,PASS,PASS,PASS,PASS,PASS,PASS,PASS,PASS,PASS
Cli,Cli_1,batch07__Cli_1__createValue__cli_1f_createValue_line61,cli_1f_createValue__line61,createValue,m04,,SUCCESS,FAIL,True,True,0,1,harness/runs/batch07__Cli_1__createValue__cli_1f_createValue_line61/execution/m04.log,PASS,PASS,PASS,PASS,PASS,PASS,PASS,PASS,PASS,PASS,PASS,PASS,PASS,PASS,PASS,PASS,PASS,PASS,PASS,PASS,PASS,PASS,PASS,PASS,PASS,PASS,PASS,PASS,PASS,PASS,PASS,PASS,PASS,PASS,PASS,PASS,PASS,PASS,PASS,PASS,PASS,PASS,PASS,PASS,PASS,PASS,PASS,PASS,PASS,PASS,PASS,PASS,PASS,PASS,PASS,PASS,PASS,PASS,PASS,PASS,PASS,PASS,FAIL,PASS,PASS,PASS,PASS,PASS,PASS,PASS,PASS,PASS,PASS,PASS,PASS,PASS,PASS,PASS,PASS,PASS,PASS,PASS,PASS,PASS,PASS,PASS,PASS,PASS,PASS,PASS,PASS,PASS
Cli,Cli_1,batch07__Cli_1__createValue__cli_1f_createValue_line61,cli_1f_createValue__line61,createValue,m05,,SUCCESS,FAIL,True,True,0,1,harness/runs/batch07__Cli_1__createValue__cli_1f_createValue_line61/execution/m05.log,PASS,PASS,PASS,PASS,PASS,PASS,PASS,PASS,PASS,PASS,PASS,PASS,PASS,PASS,PASS,PASS,PASS,PASS,PASS,PASS,PASS,PASS,PASS,PASS,PASS,PASS,PASS,PASS,PASS,PASS,PASS,PASS,PASS,PASS,PASS,PASS,PASS,PASS,PASS,PASS,PASS,PASS,PASS,PASS,PASS,PASS,PASS,PASS,PASS,PASS,PASS,PASS,PASS,PASS,PASS,PASS,PASS,PASS,PASS,PASS,PASS,PASS,FAIL,PASS,PASS,PASS,PASS,PASS,PASS,PASS,PASS,PASS,PASS,PASS,PASS,PASS,PASS,PASS,PASS,PASS,PASS,PASS,PASS,PASS,PASS,PASS,PASS,PASS,PASS,PASS,PASS,PASS
Cli,Cli_1,batch07__Cli_1__createValue__cli_1f_createValue_line61,cli_1f_createValue__line61,createValue,m06,,SUCCESS,PASS,False,True,0,0,harness/runs/batch07__Cli_1__createValue__cli_1f_createValue_line61/execution/m06.log,PASS,PASS,PASS,PASS,PASS,PASS,PASS,PASS,PASS,PASS,PASS,PASS,PASS,PASS,PASS,PASS,PASS,PASS,PASS,PASS,PASS,PASS,PASS,PASS,PASS,PASS,PASS,PASS,PASS,PASS,PASS,PASS,PASS,PASS,PASS,PASS,PASS,PASS,PASS,PASS,PASS,PASS,PASS,PASS,PASS,PASS,PASS,PASS,PASS,PASS,PASS,PASS,PASS,PASS,PASS,PASS,PASS,PASS,PASS,PASS,PASS,PASS,PASS,PASS,PASS,PASS,PASS,PASS,PASS,PASS,PASS,PASS,PASS,PASS,PASS,PASS,PASS,PASS,PASS,PASS,PASS,PASS,PASS,PASS,PASS,PASS,PASS,PASS,PASS,PASS,PASS,PASS
Cli,Cli_1,batch07__Cli_1__createValue__cli_1f_createValue_line61,cli_1f_createValue__line61,createValue,m08,,FAIL,NOT_RUN,False,False,0,0,harness/runs/batch07__Cli_1__createValue__cli_1f_createValue_line61/execution/m08.log,BUILD_FAIL,BUILD_FAIL,BUILD_FAIL,BUILD_FAIL,BUILD_FAIL,BUILD_FAIL,BUILD_FAIL,BUILD_FAIL,BUILD_FAIL,BUILD_FAIL,BUILD_FAIL,BUILD_FAIL,BUILD_FAIL,BUILD_FAIL,BUILD_FAIL,BUILD_FAIL,BUILD_FAIL,BUILD_FAIL,BUILD_FAIL,BUILD_FAIL,BUILD_FAIL,BUILD_FAIL,BUILD_FAIL,BUILD_FAIL,BUILD_FAIL,BUILD_FAIL,BUILD_FAIL,BUILD_FAIL,BUILD_FAIL,BUILD_FAIL,BUILD_FAIL,BUILD_FAIL,BUILD_FAIL,BUILD_FAIL,BUILD_FAIL,BUILD_FAIL,BUILD_FAIL,BUILD_FAIL,BUILD_FAIL,BUILD_FAIL,BUILD_FAIL,BUILD_FAIL,BUILD_FAIL,BUILD_FAIL,BUILD_FAIL,BUILD_FAIL,BUILD_FAIL,BUILD_FAIL,BUILD_FAIL,BUILD_FAIL,BUILD_FAIL,BUILD_FAIL,BUILD_FAIL,BUILD_FAIL,BUILD_FAIL,BUILD_FAIL,BUILD_FAIL,BUILD_FAIL,BUILD_FAIL,BUILD_FAIL,BUILD_FAIL,BUILD_FAIL,BUILD_FAIL,BUILD_FAIL,BUILD_FAIL,BUILD_FAIL,BUILD_FAIL,BUILD_FAIL,BUILD_FAIL,BUILD_FAIL,BUILD_FAIL,BUILD_FAIL,BUILD_FAIL,BUILD_FAIL,BUILD_FAIL,BUILD_FAIL,BUILD_FAIL,BUILD_FAIL,BUILD_FAIL,BUILD_FAIL,BUILD_FAIL,BUILD_FAIL,BUILD_FAIL,BUILD_FAIL,BUILD_FAIL,BUILD_FAIL,BUILD_FAIL,BUILD_FAIL,BUILD_FAIL,BUILD_FAIL,BUILD_FAIL,BUILD_FAIL
Cli,Cli_1,batch07__Cli_1__equals__cli_1f_equals_line600,cli_1f_equals__line600,equals,m01,,SUCCESS,FAIL,True,True,0,2,harness/runs/batch07__Cli_1__equals__cli_1f_equals_line600/execution/m01.log,PASS,PASS,PASS,PASS,PASS,PASS,PASS,PASS,PASS,PASS,PASS,PASS,PASS,PASS,PASS,PASS,PASS,PASS,PASS,PASS,PASS,PASS,PASS,PASS,PASS,PASS,PASS,PASS,PASS,PASS,PASS,PASS,PASS,PASS,PASS,PASS,PASS,PASS,PASS,PASS,PASS,PASS,PASS,PASS,PASS,PASS,PASS,PASS,FAIL,PASS,PASS,PASS,PASS,PASS,PASS,PASS,PASS,PASS,PASS,PASS,PASS,PASS,PASS,PASS,PASS,FAIL,PASS,PASS,PASS,PASS,PASS,PASS,PASS,PASS,PASS,PASS,PASS,PASS,PASS,PASS,PASS,PASS,PASS,PASS,PASS,PASS,PASS,PASS,PASS,PASS,PASS,PASS
Cli,Cli_1,batch07__Cli_1__equals__cli_1f_equals_line600,cli_1f_equals__line600,equals,m02,,SUCCESS,PASS,False,True,0,0,harness/runs/batch07__Cli_1__equals__cli_1f_equals_line600/execution/m02.log,PASS,PASS,PASS,PASS,PASS,PASS,PASS,PASS,PASS,PASS,PASS,PASS,PASS,PASS,PASS,PASS,PASS,PASS,PASS,PASS,PASS,PASS,PASS,PASS,PASS,PASS,PASS,PASS,PASS,PASS,PASS,PASS,PASS,PASS,PASS,PASS,PASS,PASS,PASS,PASS,PASS,PASS,PASS,PASS,PASS,PASS,PASS,PASS,PASS,PASS,PASS,PASS,PASS,PASS,PASS,PASS,PASS,PASS,PASS,PASS,PASS,PASS,PASS,PASS,PASS,PASS,PASS,PASS,PASS,PASS,PASS,PASS,PASS,PASS,PASS,PASS,PASS,PASS,PASS,PASS,PASS,PASS,PASS,PASS,PASS,PASS,PASS,PASS,PASS,PASS,PASS,PASS
Cli,Cli_1,batch07__Cli_1__equals__cli_1f_equals_line600,cli_1f_equals__line600,equals,m03,,SUCCESS,PASS,False,True,0,0,harness/runs/batch07__Cli_1__equals__cli_1f_equals_line600/execution/m03.log,PASS,PASS,PASS,PASS,PASS,PASS,PASS,PASS,PASS,PASS,PASS,PASS,PASS,PASS,PASS,PASS,PASS,PASS,PASS,PASS,PASS,PASS,PASS,PASS,PASS,PASS,PASS,PASS,PASS,PASS,PASS,PASS,PASS,PASS,PASS,PASS,PASS,PASS,PASS,PASS,PASS,PASS,PASS,PASS,PASS,PASS,PASS,PASS,PASS,PASS,PASS,PASS,PASS,PASS,PASS,PASS,PASS,PASS,PASS,PASS,PASS,PASS,PASS,PASS,PASS,PASS,PASS,PASS,PASS,PASS,PASS,PASS,PASS,PASS,PASS,PASS,PASS,PASS,PASS,PASS,PASS,PASS,PASS,PASS,PASS,PASS,PASS,PASS,PASS,PASS,PASS,PASS
Cli,Cli_1,batch07__Cli_1__equals__cli_1f_equals_line600,cli_1f_equals__line600,equals,m04,,SUCCESS,PASS,False,True,0,0,harness/runs/batch07__Cli_1__equals__cli_1f_equals_line600/execution/m04.log,PASS,PASS,PASS,PASS,PASS,PASS,PASS,PASS,PASS,PASS,PASS,PASS,PASS,PASS,PASS,PASS,PASS,PASS,PASS,PASS,PASS,PASS,PASS,PASS,PASS,PASS,PASS,PASS,PASS,PASS,PASS,PASS,PASS,PASS,PASS,PASS,PASS,PASS,PASS,PASS,PASS,PASS,PASS,PASS,PASS,PASS,PASS,PASS,PASS,PASS,PASS,PASS,PASS,PASS,PASS,PASS,PASS,PASS,PASS,PASS,PASS,PASS,PASS,PASS,PASS,PASS,PASS,PASS,PASS,PASS,PASS,PASS,PASS,PASS,PASS,PASS,PASS,PASS,PASS,PASS,PASS,PASS,PASS,PASS,PASS,PASS,PASS,PASS,PASS,PASS,PASS,PASS
Cli,Cli_1,batch07__Cli_1__equals__cli_1f_equals_line600,cli_1f_equals__line600,equals,m05,,SUCCESS,PASS,False,True,0,0,harness/runs/batch07__Cli_1__equals__cli_1f_equals_line600/execution/m05.log,PASS,PASS,PASS,PASS,PASS,PASS,PASS,PASS,PASS,PASS,PASS,PASS,PASS,PASS,PASS,PASS,PASS,PASS,PASS,PASS,PASS,PASS,PASS,PASS,PASS,PASS,PASS,PASS,PASS,PASS,PASS,PASS,PASS,PASS,PASS,PASS,PASS,PASS,PASS,PASS,PASS,PASS,PASS,PASS,PASS,PASS,PASS,PASS,PASS,PASS,PASS,PASS,PASS,PASS,PASS,PASS,PASS,PASS,PASS,PASS,PASS,PASS,PASS,PASS,PASS,PASS,PASS,PASS,PASS,PASS,PASS,PASS,PASS,PASS,PASS,PASS,PASS,PASS,PASS,PASS,PASS,PASS,PASS,PASS,PASS,PASS,PASS,PASS,PASS,PASS,PASS,PASS
Cli,Cli_1,batch07__Cli_1__equals__cli_1f_equals_line600,cli_1f_equals__line600,equals,m06,,SUCCESS,PASS,False,True,0,0,harness/runs/batch07__Cli_1__equals__cli_1f_equals_line600/execution/m06.log,PASS,PASS,PASS,PASS,PASS,PASS,PASS,PASS,PASS,PASS,PASS,PASS,PASS,PASS,PASS,PASS,PASS,PASS,PASS,PASS,PASS,PASS,PASS,PASS,PASS,PASS,PASS,PASS,PASS,PASS,PASS,PASS,PASS,PASS,PASS,PASS,PASS,PASS,PASS,PASS,PASS,PASS,PASS,PASS,PASS,PASS,PASS,PASS,PASS,PASS,PASS,PASS,PASS,PASS,PASS,PASS,PASS,PASS,PASS,PASS,PASS,PASS,PASS,PASS,PASS,PASS,PASS,PASS,PASS,PASS,PASS,PASS,PASS,PASS,PASS,PASS,PASS,PASS,PASS,PASS,PASS,PASS,PASS,PASS,PASS,PASS,PASS,PASS,PASS,PASS,PASS,PASS
Cli,Cli_1,batch07__Cli_1__equals__cli_1f_equals_line600,cli_1f_equals__line600,equals,m07,,SUCCESS,FAIL,True,True,0,1,harness/runs/batch07__Cli_1__equals__cli_1f_equals_line600/execution/m07.log,PASS,PASS,PASS,PASS,PASS,PASS,PASS,PASS,PASS,PASS,PASS,PASS,PASS,PASS,PASS,PASS,PASS,PASS,PASS,PASS,PASS,PASS,PASS,PASS,PASS,PASS,PASS,PASS,PASS,PASS,PASS,PASS,PASS,PASS,PASS,PASS,PASS,PASS,PASS,PASS,PASS,PASS,PASS,PASS,PASS,PASS,PASS,PASS,FAIL,PASS,PASS,PASS,PASS,PASS,PASS,PASS,PASS,PASS,PASS,PASS,PASS,PASS,PASS,PASS,PASS,PASS,PASS,PASS,PASS,PASS,PASS,PASS,PASS,PASS,PASS,PASS,PASS,PASS,PASS,PASS,PASS,PASS,PASS,PASS,PASS,PASS,PASS,PASS,PASS,PASS,PASS,PASS
Cli,Cli_1,batch07__Cli_1__findWrapPos__cli_1f_findWrapPos_line789,cli_1f_findWrapPos__line789,findWrapPos,m01,,SUCCESS,FAIL,True,True,0,1,harness/runs/batch07__Cli_1__findWrapPos__cli_1f_findWrapPos_line789/execution/m01.log,PASS,PASS,PASS,PASS,PASS,PASS,PASS,PASS,PASS,PASS,PASS,PASS,PASS,PASS,PASS,PASS,PASS,PASS,PASS,PASS,PASS,PASS,PASS,PASS,PASS,PASS,PASS,PASS,PASS,PASS,PASS,PASS,PASS,PASS,PASS,PASS,PASS,PASS,PASS,PASS,PASS,PASS,PASS,PASS,PASS,PASS,PASS,PASS,PASS,PASS,PASS,PASS,PASS,PASS,PASS,PASS,PASS,PASS,PASS,PASS,PASS,PASS,PASS,PASS,PASS,PASS,FAIL,PASS,PASS,PASS,PASS,PASS,PASS,PASS,PASS,PASS,PASS,PASS,PASS,PASS,PASS,PASS,PASS,PASS,PASS,PASS,PASS,PASS,PASS,PASS,PASS,PASS
Cli,Cli_1,batch07__Cli_1__findWrapPos__cli_1f_findWrapPos_line789,cli_1f_findWrapPos__line789,findWrapPos,m02,,SUCCESS,FAIL,True,True,0,0,harness/runs/batch07__Cli_1__findWrapPos__cli_1f_findWrapPos_line789/execution/m02.log,PASS,PASS,PASS,PASS,PASS,PASS,PASS,PASS,PASS,PASS,PASS,PASS,PASS,PASS,PASS,PASS,PASS,PASS,PASS,PASS,PASS,PASS,PASS,PASS,PASS,PASS,PASS,PASS,PASS,PASS,PASS,PASS,PASS,PASS,PASS,PASS,PASS,PASS,PASS,PASS,PASS,PASS,PASS,PASS,PASS,PASS,PASS,PASS,PASS,PASS,PASS,PASS,PASS,PASS,PASS,PASS,PASS,PASS,PASS,PASS,PASS,PASS,PASS,PASS,PASS,PASS,PASS,PASS,PASS,PASS,PASS,PASS,PASS,PASS,PASS,PASS,PASS,PASS,PASS,PASS,PASS,PASS,PASS,PASS,PASS,PASS,PASS,PASS,PASS,PASS,PASS,PASS
Cli,Cli_1,batch07__Cli_1__findWrapPos__cli_1f_findWrapPos_line789,cli_1f_findWrapPos__line789,findWrapPos,m03,,SUCCESS,FAIL,True,True,0,2,harness/runs/batch07__Cli_1__findWrapPos__cli_1f_findWrapPos_line789/execution/m03.log,PASS,PASS,PASS,PASS,PASS,PASS,PASS,PASS,PASS,PASS,PASS,PASS,PASS,PASS,PASS,PASS,FAIL,PASS,PASS,PASS,PASS,PASS,PASS,PASS,PASS,PASS,PASS,PASS,PASS,PASS,PASS,PASS,PASS,PASS,PASS,PASS,PASS,PASS,PASS,PASS,PASS,PASS,PASS,PASS,PASS,PASS,PASS,PASS,PASS,PASS,PASS,PASS,PASS,PASS,PASS,PASS,PASS,PASS,PASS,PASS,PASS,PASS,PASS,PASS,PASS,PASS,FAIL,PASS,PASS,PASS,PASS,PASS,PASS,PASS,PASS,PASS,PASS,PASS,PASS,PASS,PASS,PASS,PASS,PASS,PASS,PASS,PASS,PASS,PASS,PASS,PASS,PASS
Cli,Cli_1,batch07__Cli_1__findWrapPos__cli_1f_findWrapPos_line789,cli_1f_findWrapPos__line789,findWrapPos,m04,,SUCCESS,FAIL,True,True,0,1,harness/runs/batch07__Cli_1__findWrapPos__cli_1f_findWrapPos_line789/execution/m04.log,PASS,PASS,PASS,PASS,PASS,PASS,PASS,PASS,PASS,PASS,PASS,PASS,PASS,PASS,PASS,PASS,PASS,PASS,PASS,PASS,PASS,PASS,PASS,PASS,PASS,PASS,PASS,PASS,PASS,PASS,PASS,PASS,PASS,PASS,PASS,PASS,PASS,PASS,PASS,PASS,PASS,PASS,PASS,PASS,PASS,PASS,PASS,PASS,PASS,PASS,PASS,PASS,PASS,PASS,PASS,PASS,PASS,PASS,PASS,PASS,PASS,PASS,PASS,PASS,FAIL,PASS,PASS,PASS,PASS,PASS,PASS,PASS,PASS,PASS,PASS,PASS,PASS,PASS,PASS,PASS,PASS,PASS,PASS,PASS,PASS,PASS,PASS,PASS,PASS,PASS,PASS,PASS
Cli,Cli_1,batch07__Cli_1__findWrapPos__cli_1f_findWrapPos_line789,cli_1f_findWrapPos__line789,findWrapPos,m06,,SUCCESS,FAIL,True,True,0,0,harness/runs/batch07__Cli_1__findWrapPos__cli_1f_findWrapPos_line789/execution/m06.log,PASS,PASS,PASS,PASS,PASS,PASS,PASS,PASS,PASS,PASS,PASS,PASS,PASS,PASS,PASS,PASS,PASS,PASS,PASS,PASS,PASS,PASS,PASS,PASS,PASS,PASS,PASS,PASS,PASS,PASS,PASS,PASS,PASS,PASS,PASS,PASS,PASS,PASS,PASS,PASS,PASS,PASS,PASS,PASS,PASS,PASS,PASS,PASS,PASS,PASS,PASS,PASS,PASS,PASS,PASS,PASS,PASS,PASS,PASS,PASS,PASS,PASS,PASS,PASS,PASS,PASS,PASS,PASS,PASS,PASS,PASS,PASS,PASS,PASS,PASS,PASS,PASS,PASS,PASS,PASS,PASS,PASS,PASS,PASS,PASS,PASS,PASS,PASS,PASS,PASS,PASS,PASS
Cli,Cli_1,batch07__Cli_1__findWrapPos__cli_1f_findWrapPos_line789,cli_1f_findWrapPos__line789,findWrapPos,m07,,SUCCESS,FAIL,True,True,0,3,harness/runs/batch07__Cli_1__findWrapPos__cli_1f_findWrapPos_line789/execution/m07.log,PASS,PASS,PASS,PASS,PASS,PASS,PASS,PASS,PASS,PASS,PASS,PASS,PASS,PASS,PASS,PASS,PASS,PASS,PASS,PASS,PASS,PASS,PASS,PASS,PASS,PASS,PASS,PASS,PASS,PASS,PASS,PASS,PASS,PASS,PASS,PASS,PASS,PASS,PASS,PASS,PASS,PASS,PASS,PASS,PASS,PASS,PASS,PASS,PASS,PASS,PASS,PASS,PASS,PASS,PASS,PASS,PASS,PASS,PASS,PASS,PASS,PASS,PASS,PASS,FAIL,FAIL,FAIL,PASS,PASS,PASS,PASS,PASS,PASS,PASS,PASS,PASS,PASS,PASS,PASS,PASS,PASS,PASS,PASS,PASS,PASS,PASS,PASS,PASS,PASS,PASS,PASS,PASS
Cli,Cli_1,batch07__Cli_1__option__cli_1f_option_line48,cli_1f_option__line48,option,m01,,SUCCESS,PASS,False,True,0,0,harness/runs/batch07__Cli_1__option__cli_1f_option_line48/execution/m01.log,PASS,PASS,PASS,PASS,PASS,PASS,PASS,PASS,PASS,PASS,PASS,PASS,PASS,PASS,PASS,PASS,PASS,PASS,PASS,PASS,PASS,PASS,PASS,PASS,PASS,PASS,PASS,PASS,PASS,PASS,PASS,PASS,PASS,PASS,PASS,PASS,PASS,PASS,PASS,PASS,PASS,PASS,PASS,PASS,PASS,PASS,PASS,PASS,PASS,PASS,PASS,PASS,PASS,PASS,PASS,PASS,PASS,PASS,PASS,PASS,PASS,PASS,PASS,PASS,PASS,PASS,PASS,PASS,PASS,PASS,PASS,PASS,PASS,PASS,PASS,PASS,PASS,PASS,PASS,PASS,PASS,PASS,PASS,PASS,PASS,PASS,PASS,PASS,PASS,PASS,PASS,PASS
Cli,Cli_1,batch07__Cli_1__option__cli_1f_option_line48,cli_1f_option__line48,option,m02,,SUCCESS,PASS,False,True,0,0,harness/runs/batch07__Cli_1__option__cli_1f_option_line48/execution/m02.log,PASS,PASS,PASS,PASS,PASS,PASS,PASS,PASS,PASS,PASS,PASS,PASS,PASS,PASS,PASS,PASS,PASS,PASS,PASS,PASS,PASS,PASS,PASS,PASS,PASS,PASS,PASS,PASS,PASS,PASS,PASS,PASS,PASS,PASS,PASS,PASS,PASS,PASS,PASS,PASS,PASS,PASS,PASS,PASS,PASS,PASS,PASS,PASS,PASS,PASS,PASS,PASS,PASS,PASS,PASS,PASS,PASS,PASS,PASS,PASS,PASS,PASS,PASS,PASS,PASS,PASS,PASS,PASS,PASS,PASS,PASS,PASS,PASS,PASS,PASS,PASS,PASS,PASS,PASS,PASS,PASS,PASS,PASS,PASS,PASS,PASS,PASS,PASS,PASS,PASS,PASS,PASS
Cli,Cli_1,batch07__Cli_1__option__cli_1f_option_line48,cli_1f_option__line48,option,m03,,SUCCESS,PASS,False,True,0,0,harness/runs/batch07__Cli_1__option__cli_1f_option_line48/execution/m03.log,PASS,PASS,PASS,PASS,PASS,PASS,PASS,PASS,PASS,PASS,PASS,PASS,PASS,PASS,PASS,PASS,PASS,PASS,PASS,PASS,PASS,PASS,PASS,PASS,PASS,PASS,PASS,PASS,PASS,PASS,PASS,PASS,PASS,PASS,PASS,PASS,PASS,PASS,PASS,PASS,PASS,PASS,PASS,PASS,PASS,PASS,PASS,PASS,PASS,PASS,PASS,PASS,PASS,PASS,PASS,PASS,PASS,PASS,PASS,PASS,PASS,PASS,PASS,PASS,PASS,PASS,PASS,PASS,PASS,PASS,PASS,PASS,PASS,PASS,PASS,PASS,PASS,PASS,PASS,PASS,PASS,PASS,PASS,PASS,PASS,PASS,PASS,PASS,PASS,PASS,PASS,PASS
Cli,Cli_1,batch07__Cli_1__option__cli_1f_option_line48,cli_1f_option__line48,option,m04,,SUCCESS,PASS,False,True,0,0,harness/runs/batch07__Cli_1__option__cli_1f_option_line48/execution/m04.log,PASS,PASS,PASS,PASS,PASS,PASS,PASS,PASS,PASS,PASS,PASS,PASS,PASS,PASS,PASS,PASS,PASS,PASS,PASS,PASS,PASS,PASS,PASS,PASS,PASS,PASS,PASS,PASS,PASS,PASS,PASS,PASS,PASS,PASS,PASS,PASS,PASS,PASS,PASS,PASS,PASS,PASS,PASS,PASS,PASS,PASS,PASS,PASS,PASS,PASS,PASS,PASS,PASS,PASS,PASS,PASS,PASS,PASS,PASS,PASS,PASS,PASS,PASS,PASS,PASS,PASS,PASS,PASS,PASS,PASS,PASS,PASS,PASS,PASS,PASS,PASS,PASS,PASS,PASS,PASS,PASS,PASS,PASS,PASS,PASS,PASS,PASS,PASS,PASS,PASS,PASS,PASS
Cli,Cli_1,batch07__Cli_1__option__cli_1f_option_line48,cli_1f_option__line48,option,m05,,SUCCESS,PASS,False,True,0,0,harness/runs/batch07__Cli_1__option__cli_1f_option_line48/execution/m05.log,PASS,PASS,PASS,PASS,PASS,PASS,PASS,PASS,PASS,PASS,PASS,PASS,PASS,PASS,PASS,PASS,PASS,PASS,PASS,PASS,PASS,PASS,PASS,PASS,PASS,PASS,PASS,PASS,PASS,PASS,PASS,PASS,PASS,PASS,PASS,PASS,PASS,PASS,PASS,PASS,PASS,PASS,PASS,PASS,PASS,PASS,PASS,PASS,PASS,PASS,PASS,PASS,PASS,PASS,PASS,PASS,PASS,PASS,PASS,PASS,PASS,PASS,PASS,PASS,PASS,PASS,PASS,PASS,PASS,PASS,PASS,PASS,PASS,PASS,PASS,PASS,PASS,PASS,PASS,PASS,PASS,PASS,PASS,PASS,PASS,PASS,PASS,PASS,PASS,PASS,PASS,PASS
Cli,Cli_1,batch07__Cli_1__option__cli_1f_option_line48,cli_1f_option__line48,option,m06,,SUCCESS,PASS,False,True,0,0,harness/runs/batch07__Cli_1__option__cli_1f_option_line48/execution/m06.log,PASS,PASS,PASS,PASS,PASS,PASS,PASS,PASS,PASS,PASS,PASS,PASS,PASS,PASS,PASS,PASS,PASS,PASS,PASS,PASS,PASS,PASS,PASS,PASS,PASS,PASS,PASS,PASS,PASS,PASS,PASS,PASS,PASS,PASS,PASS,PASS,PASS,PASS,PASS,PASS,PASS,PASS,PASS,PASS,PASS,PASS,PASS,PASS,PASS,PASS,PASS,PASS,PASS,PASS,PASS,PASS,PASS,PASS,PASS,PASS,PASS,PASS,PASS,PASS,PASS,PASS,PASS,PASS,PASS,PASS,PASS,PASS,PASS,PASS,PASS,PASS,PASS,PASS,PASS,PASS,PASS,PASS,PASS,PASS,PASS,PASS,PASS,PASS,PASS,PASS,PASS,PASS
Cli,Cli_1,batch07__Cli_1__option__cli_1f_option_line48,cli_1f_option__line48,option,m07,,SUCCESS,PASS,False,True,0,0,harness/runs/batch07__Cli_1__option__cli_1f_option_line48/execution/m07.log,PASS,PASS,PASS,PASS,PASS,PASS,PASS,PASS,PASS,PASS,PASS,PASS,PASS,PASS,PASS,PASS,PASS,PASS,PASS,PASS,PASS,PASS,PASS,PASS,PASS,PASS,PASS,PASS,PASS,PASS,PASS,PASS,PASS,PASS,PASS,PASS,PASS,PASS,PASS,PASS,PASS,PASS,PASS,PASS,PASS,PASS,PASS,PASS,PASS,PASS,PASS,PASS,PASS,PASS,PASS,PASS,PASS,PASS,PASS,PASS,PASS,PASS,PASS,PASS,PASS,PASS,PASS,PASS,PASS,PASS,PASS,PASS,PASS,PASS,PASS,PASS,PASS,PASS,PASS,PASS,PASS,PASS,PASS,PASS,PASS,PASS,PASS,PASS,PASS,PASS,PASS,PASS
Cli,Cli_1,batch07__Cli_1__option__cli_1f_option_line48,cli_1f_option__line48,option,m08,,SUCCESS,PASS,False,True,0,0,harness/runs/batch07__Cli_1__option__cli_1f_option_line48/execution/m08.log,PASS,PASS,PASS,PASS,PASS,PASS,PASS,PASS,PASS,PASS,PASS,PASS,PASS,PASS,PASS,PASS,PASS,PASS,PASS,PASS,PASS,PASS,PASS,PASS,PASS,PASS,PASS,PASS,PASS,PASS,PASS,PASS,PASS,PASS,PASS,PASS,PASS,PASS,PASS,PASS,PASS,PASS,PASS,PASS,PASS,PASS,PASS,PASS,PASS,PASS,PASS,PASS,PASS,PASS,PASS,PASS,PASS,PASS,PASS,PASS,PASS,PASS,PASS,PASS,PASS,PASS,PASS,PASS,PASS,PASS,PASS,PASS,PASS,PASS,PASS,PASS,PASS,PASS,PASS,PASS,PASS,PASS,PASS,PASS,PASS,PASS,PASS,PASS,PASS,PASS,PASS,PASS
Cli,Cli_1,batch07__Cli_1__processArgs__cli_1f_processArgs_line314,cli_1f_processArgs__line314,processArgs,m01,,SUCCESS,FAIL,True,True,0,13,harness/runs/batch07__Cli_1__processArgs__cli_1f_processArgs_line314/execution/m01.log,FAIL,PASS,PASS,PASS,PASS,FAIL,PASS,FAIL,PASS,PASS,PASS,PASS,PASS,PASS,PASS,PASS,PASS,PASS,PASS,PASS,PASS,PASS,PASS,PASS,PASS,PASS,PASS,PASS,PASS,FAIL,PASS,PASS,PASS,PASS,PASS,PASS,PASS,PASS,PASS,PASS,PASS,PASS,PASS,PASS,PASS,PASS,PASS,PASS,PASS,PASS,PASS,PASS,PASS,PASS,PASS,PASS,PASS,PASS,PASS,PASS,FAIL,PASS,FAIL,PASS,PASS,PASS,PASS,FAIL,PASS,PASS,PASS,PASS,PASS,PASS,PASS,PASS,FAIL,PASS,PASS,PASS,PASS,PASS,PASS,FAIL,FAIL,FAIL,FAIL,FAIL,PASS,PASS,PASS,PASS
Cli,Cli_1,batch07__Cli_1__processArgs__cli_1f_processArgs_line314,cli_1f_processArgs__line314,processArgs,m02,,SUCCESS,FAIL,True,True,0,47,harness/runs/batch07__Cli_1__processArgs__cli_1f_processArgs_line314/execution/m02.log,FAIL,FAIL,PASS,FAIL,FAIL,FAIL,PASS,FAIL,FAIL,PASS,PASS,PASS,PASS,PASS,FAIL,FAIL,PASS,PASS,PASS,PASS,PASS,PASS,PASS,PASS,PASS,FAIL,FAIL,FAIL,FAIL,FAIL,PASS,PASS,PASS,PASS,PASS,PASS,PASS,PASS,PASS,PASS,PASS,PASS,PASS,PASS,PASS,PASS,PASS,PASS,PASS,PASS,FAIL,FAIL,FAIL,PASS,PASS,PASS,FAIL,FAIL,FAIL,FAIL,FAIL,PASS,FAIL,PASS,PASS,PASS,PASS,FAIL,FAIL,FAIL,FAIL,FAIL,FAIL,FAIL,FAIL,FAIL,FAIL,FAIL,FAIL,FAIL,FAIL,FAIL,FAIL,FAIL,FAIL,FAIL,FAIL,FAIL,FAIL,FAIL,FAIL,PASS
Cli,Cli_1,batch07__Cli_1__processArgs__cli_1f_processArgs_line314,cli_1f_processArgs__line314,processArgs,m03,,SUCCESS,FAIL,True,True,0,8,harness/runs/batch07__Cli_1__processArgs__cli_1f_processArgs_line314/execution/m03.log,PASS,PASS,PASS,PASS,PASS,PASS,PASS,PASS,PASS,PASS,PASS,PASS,PASS,PASS,PASS,PASS,PASS,PASS,PASS,PASS,PASS,PASS,PASS,PASS,PASS,PASS,PASS,FAIL,FAIL,PASS,PASS,PASS,PASS,PASS,PASS,PASS,PASS,PASS,PASS,PASS,PASS,PASS,PASS,PASS,PASS,PASS,PASS,PASS,PASS,PASS,PASS,PASS,FAIL,PASS,PASS,PASS,PASS,PASS,FAIL,FAIL,PASS,PASS,PASS,PASS,PASS,PASS,PASS,PASS,PASS,PASS,FAIL,PASS,PASS,PASS,PASS,PASS,PASS,PASS,PASS,PASS,PASS,FAIL,PASS,PASS,PASS,FAIL,PASS,PASS,PASS,PASS,PASS,PASS
Cli,Cli_1,batch07__Cli_1__processArgs__cli_1f_processArgs_line314,cli_1f_processArgs__line314,processArgs,m04,,FAIL,NOT_RUN,False,False,0,0,harness/runs/batch07__Cli_1__processArgs__cli_1f_processArgs_line314/execution/m04.log,BUILD_FAIL,BUILD_FAIL,BUILD_FAIL,BUILD_FAIL,BUILD_FAIL,BUILD_FAIL,BUILD_FAIL,BUILD_FAIL,BUILD_FAIL,BUILD_FAIL,BUILD_FAIL,BUILD_FAIL,BUILD_FAIL,BUILD_FAIL,BUILD_FAIL,BUILD_FAIL,BUILD_FAIL,BUILD_FAIL,BUILD_FAIL,BUILD_FAIL,BUILD_FAIL,BUILD_FAIL,BUILD_FAIL,BUILD_FAIL,BUILD_FAIL,BUILD_FAIL,BUILD_FAIL,BUILD_FAIL,BUILD_FAIL,BUILD_FAIL,BUILD_FAIL,BUILD_FAIL,BUILD_FAIL,BUILD_FAIL,BUILD_FAIL,BUILD_FAIL,BUILD_FAIL,BUILD_FAIL,BUILD_FAIL,BUILD_FAIL,BUILD_FAIL,BUILD_FAIL,BUILD_FAIL,BUILD_FAIL,BUILD_FAIL,BUILD_FAIL,BUILD_FAIL,BUILD_FAIL,BUILD_FAIL,BUILD_FAIL,BUILD_FAIL,BUILD_FAIL,BUILD_FAIL,BUILD_FAIL,BUILD_FAIL,BUILD_FAIL,BUILD_FAIL,BUILD_FAIL,BUILD_FAIL,BUILD_FAIL,BUILD_FAIL,BUILD_FAIL,BUILD_FAIL,BUILD_FAIL,BUILD_FAIL,BUILD_FAIL,BUILD_FAIL,BUILD_FAIL,BUILD_FAIL,BUILD_FAIL,BUILD_FAIL,BUILD_FAIL,BUILD_FAIL,BUILD_FAIL,BUILD_FAIL,BUILD_FAIL,BUILD_FAIL,BUILD_FAIL,BUILD_FAIL,BUILD_FAIL,BUILD_FAIL,BUILD_FAIL,BUILD_FAIL,BUILD_FAIL,BUILD_FAIL,BUILD_FAIL,BUILD_FAIL,BUILD_FAIL,BUILD_FAIL,BUILD_FAIL,BUILD_FAIL,BUILD_FAIL
Cli,Cli_1,batch07__Cli_1__processArgs__cli_1f_processArgs_line314,cli_1f_processArgs__line314,processArgs,m06,,FAIL,NOT_RUN,False,False,0,0,harness/runs/batch07__Cli_1__processArgs__cli_1f_processArgs_line314/execution/m06.log,BUILD_FAIL,BUILD_FAIL,BUILD_FAIL,BUILD_FAIL,BUILD_FAIL,BUILD_FAIL,BUILD_FAIL,BUILD_FAIL,BUILD_FAIL,BUILD_FAIL,BUILD_FAIL,BUILD_FAIL,BUILD_FAIL,BUILD_FAIL,BUILD_FAIL,BUILD_FAIL,BUILD_FAIL,BUILD_FAIL,BUILD_FAIL,BUILD_FAIL,BUILD_FAIL,BUILD_FAIL,BUILD_FAIL,BUILD_FAIL,BUILD_FAIL,BUILD_FAIL,BUILD_FAIL,BUILD_FAIL,BUILD_FAIL,BUILD_FAIL,BUILD_FAIL,BUILD_FAIL,BUILD_FAIL,BUILD_FAIL,BUILD_FAIL,BUILD_FAIL,BUILD_FAIL,BUILD_FAIL,BUILD_FAIL,BUILD_FAIL,BUILD_FAIL,BUILD_FAIL,BUILD_FAIL,BUILD_FAIL,BUILD_FAIL,BUILD_FAIL,BUILD_FAIL,BUILD_FAIL,BUILD_FAIL,BUILD_FAIL,BUILD_FAIL,BUILD_FAIL,BUILD_FAIL,BUILD_FAIL,BUILD_FAIL,BUILD_FAIL,BUILD_FAIL,BUILD_FAIL,BUILD_FAIL,BUILD_FAIL,BUILD_FAIL,BUILD_FAIL,BUILD_FAIL,BUILD_FAIL,BUILD_FAIL,BUILD_FAIL,BUILD_FAIL,BUILD_FAIL,BUILD_FAIL,BUILD_FAIL,BUILD_FAIL,BUILD_FAIL,BUILD_FAIL,BUILD_FAIL,BUILD_FAIL,BUILD_FAIL,BUILD_FAIL,BUILD_FAIL,BUILD_FAIL,BUILD_FAIL,BUILD_FAIL,BUILD_FAIL,BUILD_FAIL,BUILD_FAIL,BUILD_FAIL,BUILD_FAIL,BUILD_FAIL,BUILD_FAIL,BUILD_FAIL,BUILD_FAIL,BUILD_FAIL,BUILD_FAIL
Cli,Cli_1,batch07__Cli_1__processArgs__cli_1f_processArgs_line314,cli_1f_processArgs__line314,processArgs,m08,,FAIL,NOT_RUN,False,False,0,0,harness/runs/batch07__Cli_1__processArgs__cli_1f_processArgs_line314/execution/m08.log,BUILD_FAIL,BUILD_FAIL,BUILD_FAIL,BUILD_FAIL,BUILD_FAIL,BUILD_FAIL,BUILD_FAIL,BUILD_FAIL,BUILD_FAIL,BUILD_FAIL,BUILD_FAIL,BUILD_FAIL,BUILD_FAIL,BUILD_FAIL,BUILD_FAIL,BUILD_FAIL,BUILD_FAIL,BUILD_FAIL,BUILD_FAIL,BUILD_FAIL,BUILD_FAIL,BUILD_FAIL,BUILD_FAIL,BUILD_FAIL,BUILD_FAIL,BUILD_FAIL,BUILD_FAIL,BUILD_FAIL,BUILD_FAIL,BUILD_FAIL,BUILD_FAIL,BUILD_FAIL,BUILD_FAIL,BUILD_FAIL,BUILD_FAIL,BUILD_FAIL,BUILD_FAIL,BUILD_FAIL,BUILD_FAIL,BUILD_FAIL,BUILD_FAIL,BUILD_FAIL,BUILD_FAIL,BUILD_FAIL,BUILD_FAIL,BUILD_FAIL,BUILD_FAIL,BUILD_FAIL,BUILD_FAIL,BUILD_FAIL,BUILD_FAIL,BUILD_FAIL,BUILD_FAIL,BUILD_FAIL,BUILD_FAIL,BUILD_FAIL,BUILD_FAIL,BUILD_FAIL,BUILD_FAIL,BUILD_FAIL,BUILD_FAIL,BUILD_FAIL,BUILD_FAIL,BUILD_FAIL,BUILD_FAIL,BUILD_FAIL,BUILD_FAIL,BUILD_FAIL,BUILD_FAIL,BUILD_FAIL,BUILD_FAIL,BUILD_FAIL,BUILD_FAIL,BUILD_FAIL,BUILD_FAIL,BUILD_FAIL,BUILD_FAIL,BUILD_FAIL,BUILD_FAIL,BUILD_FAIL,BUILD_FAIL,BUILD_FAIL,BUILD_FAIL,BUILD_FAIL,BUILD_FAIL,BUILD_FAIL,BUILD_FAIL,BUILD_FAIL,BUILD_FAIL,BUILD_FAIL,BUILD_FAIL,BUILD_FAIL
Cli,Cli_1,batch07__Cli_1__processProperties__cli_1f_processProperties_line228,cli_1f_processProperties__line228,processProperties,m01,,SUCCESS,FAIL,True,True,0,4,harness/runs/batch07__Cli_1__processProperties__cli_1f_processProperties_line228/execution/m01.log,PASS,PASS,PASS,PASS,PASS,PASS,PASS,PASS,PASS,PASS,PASS,PASS,PASS,PASS,PASS,PASS,PASS,FAIL,PASS,PASS,PASS,PASS,PASS,PASS,PASS,PASS,PASS,PASS,PASS,PASS,PASS,PASS,PASS,PASS,PASS,PASS,PASS,PASS,PASS,PASS,PASS,PASS,PASS,PASS,PASS,PASS,PASS,PASS,PASS,PASS,PASS,PASS,PASS,PASS,PASS,PASS,PASS,PASS,PASS,PASS,PASS,PASS,PASS,PASS,PASS,PASS,PASS,PASS,PASS,PASS,PASS,PASS,PASS,FAIL,FAIL,FAIL,PASS,PASS,PASS,PASS,PASS,PASS,PASS,PASS,PASS,PASS,PASS,PASS,PASS,PASS,PASS,PASS
Cli,Cli_1,batch07__Cli_1__processProperties__cli_1f_processProperties_line228,cli_1f_processProperties__line228,processProperties,m02,,SUCCESS,PASS,False,True,0,0,harness/runs/batch07__Cli_1__processProperties__cli_1f_processProperties_line228/execution/m02.log,PASS,PASS,PASS,PASS,PASS,PASS,PASS,PASS,PASS,PASS,PASS,PASS,PASS,PASS,PASS,PASS,PASS,PASS,PASS,PASS,PASS,PASS,PASS,PASS,PASS,PASS,PASS,PASS,PASS,PASS,PASS,PASS,PASS,PASS,PASS,PASS,PASS,PASS,PASS,PASS,PASS,PASS,PASS,PASS,PASS,PASS,PASS,PASS,PASS,PASS,PASS,PASS,PASS,PASS,PASS,PASS,PASS,PASS,PASS,PASS,PASS,PASS,PASS,PASS,PASS,PASS,PASS,PASS,PASS,PASS,PASS,PASS,PASS,PASS,PASS,PASS,PASS,PASS,PASS,PASS,PASS,PASS,PASS,PASS,PASS,PASS,PASS,PASS,PASS,PASS,PASS,PASS
Cli,Cli_1,batch07__Cli_1__processProperties__cli_1f_processProperties_line228,cli_1f_processProperties__line228,processProperties,m04,,SUCCESS,FAIL,True,True,0,3,harness/runs/batch07__Cli_1__processProperties__cli_1f_processProperties_line228/execution/m04.log,PASS,PASS,PASS,PASS,PASS,PASS,PASS,PASS,PASS,PASS,PASS,PASS,PASS,PASS,PASS,PASS,PASS,FAIL,PASS,PASS,PASS,PASS,PASS,PASS,PASS,PASS,PASS,PASS,PASS,PASS,PASS,PASS,PASS,PASS,PASS,PASS,PASS,PASS,PASS,PASS,PASS,PASS,PASS,PASS,PASS,PASS,PASS,PASS,PASS,PASS,PASS,PASS,PASS,PASS,PASS,PASS,PASS,PASS,PASS,PASS,PASS,PASS,PASS,PASS,PASS,PASS,PASS,PASS,PASS,PASS,PASS,PASS,PASS,PASS,FAIL,FAIL,PASS,PASS,PASS,PASS,PASS,PASS,PASS,PASS,PASS,PASS,PASS,PASS,PASS,PASS,PASS,PASS
Cli,Cli_1,batch07__Cli_1__processProperties__cli_1f_processProperties_line228,cli_1f_processProperties__line228,processProperties,m05,,SUCCESS,PASS,False,True,0,0,harness/runs/batch07__Cli_1__processProperties__cli_1f_processProperties_line228/execution/m05.log,PASS,PASS,PASS,PASS,PASS,PASS,PASS,PASS,PASS,PASS,PASS,PASS,PASS,PASS,PASS,PASS,PASS,PASS,PASS,PASS,PASS,PASS,PASS,PASS,PASS,PASS,PASS,PASS,PASS,PASS,PASS,PASS,PASS,PASS,PASS,PASS,PASS,PASS,PASS,PASS,PASS,PASS,PASS,PASS,PASS,PASS,PASS,PASS,PASS,PASS,PASS,PASS,PASS,PASS,PASS,PASS,PASS,PASS,PASS,PASS,PASS,PASS,PASS,PASS,PASS,PASS,PASS,PASS,PASS,PASS,PASS,PASS,PASS,PASS,PASS,PASS,PASS,PASS,PASS,PASS,PASS,PASS,PASS,PASS,PASS,PASS,PASS,PASS,PASS,PASS,PASS,PASS
Cli,Cli_1,batch07__Cli_1__processProperties__cli_1f_processProperties_line228,cli_1f_processProperties__line228,processProperties,m06,,FAIL,NOT_RUN,False,False,0,0,harness/runs/batch07__Cli_1__processProperties__cli_1f_processProperties_line228/execution/m06.log,BUILD_FAIL,BUILD_FAIL,BUILD_FAIL,BUILD_FAIL,BUILD_FAIL,BUILD_FAIL,BUILD_FAIL,BUILD_FAIL,BUILD_FAIL,BUILD_FAIL,BUILD_FAIL,BUILD_FAIL,BUILD_FAIL,BUILD_FAIL,BUILD_FAIL,BUILD_FAIL,BUILD_FAIL,BUILD_FAIL,BUILD_FAIL,BUILD_FAIL,BUILD_FAIL,BUILD_FAIL,BUILD_FAIL,BUILD_FAIL,BUILD_FAIL,BUILD_FAIL,BUILD_FAIL,BUILD_FAIL,BUILD_FAIL,BUILD_FAIL,BUILD_FAIL,BUILD_FAIL,BUILD_FAIL,BUILD_FAIL,BUILD_FAIL,BUILD_FAIL,BUILD_FAIL,BUILD_FAIL,BUILD_FAIL,BUILD_FAIL,BUILD_FAIL,BUILD_FAIL,BUILD_FAIL,BUILD_FAIL,BUILD_FAIL,BUILD_FAIL,BUILD_FAIL,BUILD_FAIL,BUILD_FAIL,BUILD_FAIL,BUILD_FAIL,BUILD_FAIL,BUILD_FAIL,BUILD_FAIL,BUILD_FAIL,BUILD_FAIL,BUILD_FAIL,BUILD_FAIL,BUILD_FAIL,BUILD_FAIL,BUILD_FAIL,BUILD_FAIL,BUILD_FAIL,BUILD_FAIL,BUILD_FAIL,BUILD_FAIL,BUILD_FAIL,BUILD_FAIL,BUILD_FAIL,BUILD_FAIL,BUILD_FAIL,BUILD_FAIL,BUILD_FAIL,BUILD_FAIL,BUILD_FAIL,BUILD_FAIL,BUILD_FAIL,BUILD_FAIL,BUILD_FAIL,BUILD_FAIL,BUILD_FAIL,BUILD_FAIL,BUILD_FAIL,BUILD_FAIL,BUILD_FAIL,BUILD_FAIL,BUILD_FAIL,BUILD_FAIL,BUILD_FAIL,BUILD_FAIL,BUILD_FAIL,BUILD_FAIL
Cli,Cli_1,batch07__Cli_1__processProperties__cli_1f_processProperties_line228,cli_1f_processProperties__line228,processProperties,m07,,SUCCESS,FAIL,True,True,0,1,harness/runs/batch07__Cli_1__processProperties__cli_1f_processProperties_line228/execution/m07.log,PASS,PASS,PASS,PASS,PASS,PASS,PASS,PASS,PASS,PASS,PASS,PASS,PASS,PASS,PASS,PASS,PASS,PASS,PASS,PASS,PASS,PASS,PASS,PASS,PASS,PASS,PASS,PASS,PASS,PASS,PASS,PASS,PASS,PASS,PASS,PASS,PASS,PASS,PASS,PASS,PASS,PASS,PASS,PASS,PASS,PASS,PASS,PASS,PASS,PASS,PASS,PASS,PASS,PASS,PASS,PASS,PASS,PASS,PASS,PASS,PASS,PASS,PASS,PASS,PASS,PASS,PASS,PASS,PASS,PASS,PASS,PASS,PASS,FAIL,PASS,PASS,PASS,PASS,PASS,PASS,PASS,PASS,PASS,PASS,PASS,PASS,PASS,PASS,PASS,PASS,PASS,PASS
Cli,Cli_1,batch07__Cli_1__processProperties__cli_1f_processProperties_line228,cli_1f_processProperties__line228,processProperties,m08,,SUCCESS,FAIL,True,True,0,4,harness/runs/batch07__Cli_1__processProperties__cli_1f_processProperties_line228/execution/m08.log,PASS,PASS,PASS,PASS,PASS,PASS,PASS,PASS,PASS,PASS,PASS,PASS,PASS,PASS,PASS,PASS,PASS,FAIL,PASS,PASS,PASS,PASS,PASS,PASS,PASS,PASS,PASS,PASS,PASS,PASS,PASS,PASS,PASS,PASS,PASS,PASS,PASS,PASS,PASS,PASS,PASS,PASS,PASS,PASS,PASS,PASS,PASS,PASS,PASS,PASS,PASS,PASS,PASS,PASS,PASS,PASS,PASS,PASS,PASS,PASS,PASS,PASS,PASS,PASS,PASS,PASS,PASS,PASS,PASS,PASS,PASS,PASS,PASS,FAIL,FAIL,FAIL,PASS,PASS,PASS,PASS,PASS,PASS,PASS,PASS,PASS,PASS,PASS,PASS,PASS,PASS,PASS,PASS
Cli,Cli_1,batch07__Cli_1__validateOption__cli_1f_validateOption_line40,cli_1f_validateOption__line40,validateOption,m01,,SUCCESS,FAIL,True,True,0,1,harness/runs/batch07__Cli_1__validateOption__cli_1f_validateOption_line40/execution/m01.log,PASS,PASS,PASS,PASS,PASS,PASS,PASS,PASS,PASS,PASS,PASS,PASS,PASS,PASS,PASS,PASS,PASS,PASS,PASS,PASS,PASS,PASS,PASS,PASS,PASS,PASS,PASS,PASS,PASS,PASS,PASS,PASS,PASS,PASS,FAIL,PASS,PASS,PASS,PASS,PASS,PASS,PASS,PASS,PASS,PASS,PASS,PASS,PASS,PASS,PASS,PASS,PASS,PASS,PASS,PASS,PASS,PASS,PASS,PASS,PASS,PASS,PASS,PASS,PASS,PASS,PASS,PASS,PASS,PASS,PASS,PASS,PASS,PASS,PASS,PASS,PASS,PASS,PASS,PASS,PASS,PASS,PASS,PASS,PASS,PASS,PASS,PASS,PASS,PASS,PASS,PASS,PASS
Cli,Cli_1,batch07__Cli_1__validateOption__cli_1f_validateOption_line40,cli_1f_validateOption__line40,validateOption,m02,,SUCCESS,FAIL,True,True,0,86,harness/runs/batch07__Cli_1__validateOption__cli_1f_validateOption_line40/execution/m02.log,FAIL,FAIL,FAIL,FAIL,FAIL,FAIL,PASS,FAIL,FAIL,PASS,FAIL,FAIL,FAIL,FAIL,FAIL,FAIL,PASS,FAIL,FAIL,FAIL,FAIL,FAIL,FAIL,FAIL,FAIL,FAIL,FAIL,FAIL,FAIL,FAIL,FAIL,FAIL,FAIL,FAIL,PASS,FAIL,FAIL,FAIL,FAIL,FAIL,FAIL,FAIL,FAIL,FAIL,FAIL,FAIL,FAIL,FAIL,FAIL,FAIL,FAIL,FAIL,FAIL,FAIL,FAIL,FAIL,FAIL,FAIL,FAIL,FAIL,FAIL,FAIL,FAIL,FAIL,PASS,FAIL,PASS,FAIL,FAIL,FAIL,FAIL,FAIL,FAIL,FAIL,FAIL,FAIL,FAIL,FAIL,FAIL,FAIL,FAIL,FAIL,FAIL,FAIL,FAIL,FAIL,FAIL,FAIL,FAIL,FAIL,FAIL,FAIL
Cli,Cli_1,batch07__Cli_1__validateOption__cli_1f_validateOption_line40,cli_1f_validateOption__line40,validateOption,m03,,SUCCESS,FAIL,True,True,0,7,harness/runs/batch07__Cli_1__validateOption__cli_1f_validateOption_line40/execution/m03.log,FAIL,PASS,FAIL,FAIL,FAIL,PASS,PASS,PASS,PASS,FAIL,PASS,PASS,PASS,FAIL,PASS,PASS,PASS,PASS,PASS,PASS,PASS,PASS,PASS,PASS,PASS,PASS,PASS,PASS,PASS,PASS,PASS,PASS,PASS,PASS,FAIL,PASS,PASS,PASS,PASS,PASS,PASS,PASS,PASS,PASS,PASS,PASS,PASS,PASS,PASS,PASS,PASS,PASS,PASS,PASS,PASS,PASS,PASS,PASS,PASS,PASS,PASS,PASS,PASS,PASS,PASS,PASS,PASS,PASS,PASS,PASS,PASS,PASS,PASS,PASS,PASS,PASS,PASS,PASS,PASS,PASS,PASS,PASS,PASS,PASS,PASS,PASS,PASS,PASS,PASS,PASS,PASS,PASS
Cli,Cli_1,batch07__Cli_1__validateOption__cli_1f_validateOption_line40,cli_1f_validateOption__line40,validateOption,m04,,SUCCESS,FAIL,True,True,0,1,harness/runs/batch07__Cli_1__validateOption__cli_1f_validateOption_line40/execution/m04.log,PASS,PASS,PASS,PASS,PASS,PASS,PASS,PASS,PASS,PASS,PASS,PASS,PASS,PASS,PASS,PASS,PASS,PASS,PASS,PASS,PASS,PASS,PASS,PASS,PASS,PASS,PASS,PASS,PASS,PASS,PASS,PASS,PASS,PASS,FAIL,PASS,PASS,PASS,PASS,PASS,PASS,PASS,PASS,PASS,PASS,PASS,PASS,PASS,PASS,PASS,PASS,PASS,PASS,PASS,PASS,PASS,PASS,PASS,PASS,PASS,PASS,PASS,PASS,PASS,PASS,PASS,PASS,PASS,PASS,PASS,PASS,PASS,PASS,PASS,PASS,PASS,PASS,PASS,PASS,PASS,PASS,PASS,PASS,PASS,PASS,PASS,PASS,PASS,PASS,PASS,PASS,PASS
Cli,Cli_1,batch07__Cli_1__validateOption__cli_1f_validateOption_line40,cli_1f_validateOption__line40,validateOption,m05,,SUCCESS,FAIL,True,True,0,1,harness/runs/batch07__Cli_1__validateOption__cli_1f_validateOption_line40/execution/m05.log,PASS,PASS,PASS,PASS,PASS,PASS,PASS,PASS,PASS,PASS,PASS,PASS,PASS,PASS,PASS,PASS,PASS,PASS,PASS,PASS,PASS,PASS,PASS,PASS,PASS,PASS,PASS,PASS,PASS,PASS,PASS,PASS,PASS,PASS,FAIL,PASS,PASS,PASS,PASS,PASS,PASS,PASS,PASS,PASS,PASS,PASS,PASS,PASS,PASS,PASS,PASS,PASS,PASS,PASS,PASS,PASS,PASS,PASS,PASS,PASS,PASS,PASS,PASS,PASS,PASS,PASS,PASS,PASS,PASS,PASS,PASS,PASS,PASS,PASS,PASS,PASS,PASS,PASS,PASS,PASS,PASS,PASS,PASS,PASS,PASS,PASS,PASS,PASS,PASS,PASS,PASS,PASS
Cli,Cli_1,batch07__Cli_1__validateOption__cli_1f_validateOption_line40,cli_1f_validateOption__line40,validateOption,m06,,SUCCESS,FAIL,True,True,0,31,harness/runs/batch07__Cli_1__validateOption__cli_1f_validateOption_line40/execution/m06.log,PASS,FAIL,PASS,PASS,PASS,PASS,FAIL,PASS,PASS,PASS,PASS,PASS,PASS,PASS,PASS,PASS,PASS,PASS,PASS,PASS,PASS,PASS,PASS,PASS,PASS,PASS,PASS,PASS,PASS,PASS,PASS,PASS,PASS,PASS,FAIL,PASS,PASS,PASS,FAIL,FAIL,FAIL,FAIL,FAIL,FAIL,FAIL,FAIL,FAIL,FAIL,FAIL,PASS,PASS,PASS,PASS,PASS,PASS,PASS,PASS,PASS,PASS,PASS,PASS,PASS,PASS,PASS,PASS,PASS,PASS,FAIL,FAIL,FAIL,FAIL,FAIL,FAIL,FAIL,FAIL,FAIL,FAIL,FAIL,FAIL,FAIL,FAIL,FAIL,FAIL,PASS,PASS,PASS,PASS,PASS,PASS,PASS,PASS,FAIL
Cli,Cli_1,batch07__Cli_1__validateOption__cli_1f_validateOption_line40,cli_1f_validateOption__line40,validateOption,m07,,SUCCESS,FAIL,True,True,0,1,harness/runs/batch07__Cli_1__validateOption__cli_1f_validateOption_line40/execution/m07.log,PASS,PASS,PASS,PASS,PASS,PASS,PASS,PASS,PASS,PASS,PASS,PASS,PASS,PASS,PASS,PASS,PASS,PASS,PASS,PASS,PASS,PASS,PASS,PASS,PASS,PASS,PASS,PASS,PASS,PASS,PASS,PASS,PASS,PASS,FAIL,PASS,PASS,PASS,PASS,PASS,PASS,PASS,PASS,PASS,PASS,PASS,PASS,PASS,PASS,PASS,PASS,PASS,PASS,PASS,PASS,PASS,PASS,PASS,PASS,PASS,PASS,PASS,PASS,PASS,PASS,PASS,PASS,PASS,PASS,PASS,PASS,PASS,PASS,PASS,PASS,PASS,PASS,PASS,PASS,PASS,PASS,PASS,PASS,PASS,PASS,PASS,PASS,PASS,PASS,PASS,PASS,PASS
Cli,Cli_1,batch07__Cli_1__validateOption__cli_1f_validateOption_line40,cli_1f_validateOption__line40,validateOption,m08,,SUCCESS,FAIL,True,True,0,2,harness/runs/batch07__Cli_1__validateOption__cli_1f_validateOption_line40/execution/m08.log,PASS,PASS,PASS,PASS,PASS,PASS,PASS,PASS,PASS,PASS,PASS,PASS,PASS,PASS,PASS,PASS,PASS,PASS,PASS,PASS,PASS,PASS,PASS,PASS,PASS,PASS,PASS,PASS,PASS,PASS,PASS,PASS,PASS,PASS,FAIL,PASS,FAIL,PASS,PASS,PASS,PASS,PASS,PASS,PASS,PASS,PASS,PASS,PASS,PASS,PASS,PASS,PASS,PASS,PASS,PASS,PASS,PASS,PASS,PASS,PASS,PASS,PASS,PASS,PASS,PASS,PASS,PASS,PASS,PASS,PASS,PASS,PASS,PASS,PASS,PASS,PASS,PASS,PASS,PASS,PASS,PASS,PASS,PASS,PASS,PASS,PASS,PASS,PASS,PASS,PASS,PASS,PASS
Cli,Cli_1,batch08__Cli_1__createValue__cli_1f_createValue_line61,cli_1f_createValue__line61,createValue,m01,,SUCCESS,PASS,False,True,0,0,harness/runs/batch08__Cli_1__createValue__cli_1f_createValue_line61/execution/m01.log,PASS,PASS,PASS,PASS,PASS,PASS,PASS,PASS,PASS,PASS,PASS,PASS,PASS,PASS,PASS,PASS,PASS,PASS,PASS,PASS,PASS,PASS,PASS,PASS,PASS,PASS,PASS,PASS,PASS,PASS,PASS,PASS,PASS,PASS,PASS,PASS,PASS,PASS,PASS,PASS,PASS,PASS,PASS,PASS,PASS,PASS,PASS,PASS,PASS,PASS,PASS,PASS,PASS,PASS,PASS,PASS,PASS,PASS,PASS,PASS,PASS,PASS,PASS,PASS,PASS,PASS,PASS,PASS,PASS,PASS,PASS,PASS,PASS,PASS,PASS,PASS,PASS,PASS,PASS,PASS,PASS,PASS,PASS,PASS,PASS,PASS,PASS,PASS,PASS,PASS,PASS,PASS
Cli,Cli_1,batch09__Cli_1__appendOption__cli_1f_appendOption_line530,cli_1f_appendOption__line530,appendOption,m01,,SUCCESS,PASS,False,True,0,0,harness/runs/batch09__Cli_1__appendOption__cli_1f_appendOption_line530/execution/m01.log,PASS,PASS,PASS,PASS,PASS,PASS,PASS,PASS,PASS,PASS,PASS,PASS,PASS,PASS,PASS,PASS,PASS,PASS,PASS,PASS,PASS,PASS,PASS,PASS,PASS,PASS,PASS,PASS,PASS,PASS,PASS,PASS,PASS,PASS,PASS,PASS,PASS,PASS,PASS,PASS,PASS,PASS,PASS,PASS,PASS,PASS,PASS,PASS,PASS,PASS,PASS,PASS,PASS,PASS,PASS,PASS,PASS,PASS,PASS,PASS,PASS,PASS,PASS,PASS,PASS,PASS,PASS,PASS,PASS,PASS,PASS,PASS,PASS,PASS,PASS,PASS,PASS,PASS,PASS,PASS,PASS,PASS,PASS,PASS,PASS,PASS,PASS,PASS,PASS,PASS,PASS,PASS
Cli,Cli_1,batch09__Cli_1__appendOption__cli_1f_appendOption_line530,cli_1f_appendOption__line530,appendOption,m02,,SUCCESS,FAIL,True,True,0,1,harness/runs/batch09__Cli_1__appendOption__cli_1f_appendOption_line530/execution/m02.log,PASS,PASS,PASS,PASS,PASS,PASS,PASS,PASS,PASS,PASS,PASS,PASS,PASS,PASS,PASS,PASS,PASS,PASS,PASS,PASS,PASS,PASS,PASS,PASS,PASS,PASS,PASS,PASS,PASS,PASS,PASS,PASS,PASS,PASS,PASS,PASS,PASS,PASS,PASS,PASS,PASS,PASS,PASS,PASS,PASS,PASS,PASS,PASS,PASS,PASS,PASS,PASS,PASS,PASS,PASS,PASS,PASS,PASS,PASS,PASS,PASS,PASS,PASS,FAIL,PASS,PASS,PASS,PASS,PASS,PASS,PASS,PASS,PASS,PASS,PASS,PASS,PASS,PASS,PASS,PASS,PASS,PASS,PASS,PASS,PASS,PASS,PASS,PASS,PASS,PASS,PASS,PASS
Cli,Cli_1,batch09__Cli_1__appendOption__cli_1f_appendOption_line530,cli_1f_appendOption__line530,appendOption,m03,,SUCCESS,PASS,False,True,0,0,harness/runs/batch09__Cli_1__appendOption__cli_1f_appendOption_line530/execution/m03.log,PASS,PASS,PASS,PASS,PASS,PASS,PASS,PASS,PASS,PASS,PASS,PASS,PASS,PASS,PASS,PASS,PASS,PASS,PASS,PASS,PASS,PASS,PASS,PASS,PASS,PASS,PASS,PASS,PASS,PASS,PASS,PASS,PASS,PASS,PASS,PASS,PASS,PASS,PASS,PASS,PASS,PASS,PASS,PASS,PASS,PASS,PASS,PASS,PASS,PASS,PASS,PASS,PASS,PASS,PASS,PASS,PASS,PASS,PASS,PASS,PASS,PASS,PASS,PASS,PASS,PASS,PASS,PASS,PASS,PASS,PASS,PASS,PASS,PASS,PASS,PASS,PASS,PASS,PASS,PASS,PASS,PASS,PASS,PASS,PASS,PASS,PASS,PASS,PASS,PASS,PASS,PASS
Cli,Cli_1,batch09__Cli_1__appendOption__cli_1f_appendOption_line530,cli_1f_appendOption__line530,appendOption,m04,,SUCCESS,PASS,False,True,0,0,harness/runs/batch09__Cli_1__appendOption__cli_1f_appendOption_line530/execution/m04.log,PASS,PASS,PASS,PASS,PASS,PASS,PASS,PASS,PASS,PASS,PASS,PASS,PASS,PASS,PASS,PASS,PASS,PASS,PASS,PASS,PASS,PASS,PASS,PASS,PASS,PASS,PASS,PASS,PASS,PASS,PASS,PASS,PASS,PASS,PASS,PASS,PASS,PASS,PASS,PASS,PASS,PASS,PASS,PASS,PASS,PASS,PASS,PASS,PASS,PASS,PASS,PASS,PASS,PASS,PASS,PASS,PASS,PASS,PASS,PASS,PASS,PASS,PASS,PASS,PASS,PASS,PASS,PASS,PASS,PASS,PASS,PASS,PASS,PASS,PASS,PASS,PASS,PASS,PASS,PASS,PASS,PASS,PASS,PASS,PASS,PASS,PASS,PASS,PASS,PASS,PASS,PASS
Cli,Cli_1,batch09__Cli_1__appendOption__cli_1f_appendOption_line530,cli_1f_appendOption__line530,appendOption,m05,,SUCCESS,FAIL,True,True,0,1,harness/runs/batch09__Cli_1__appendOption__cli_1f_appendOption_line530/execution/m05.log,PASS,PASS,PASS,PASS,PASS,PASS,PASS,PASS,PASS,PASS,PASS,PASS,PASS,PASS,PASS,PASS,PASS,PASS,PASS,PASS,PASS,PASS,PASS,PASS,PASS,PASS,PASS,PASS,PASS,PASS,PASS,PASS,PASS,PASS,PASS,PASS,PASS,PASS,PASS,PASS,PASS,PASS,PASS,PASS,PASS,PASS,PASS,PASS,PASS,PASS,PASS,PASS,PASS,PASS,PASS,PASS,PASS,PASS,PASS,PASS,PASS,PASS,PASS,FAIL,PASS,PASS,PASS,PASS,PASS,PASS,PASS,PASS,PASS,PASS,PASS,PASS,PASS,PASS,PASS,PASS,PASS,PASS,PASS,PASS,PASS,PASS,PASS,PASS,PASS,PASS,PASS,PASS
Cli,Cli_1,batch09__Cli_1__appendOption__cli_1f_appendOption_line530,cli_1f_appendOption__line530,appendOption,m06,,FAIL,NOT_RUN,False,False,0,0,harness/runs/batch09__Cli_1__appendOption__cli_1f_appendOption_line530/execution/m06.log,BUILD_FAIL,BUILD_FAIL,BUILD_FAIL,BUILD_FAIL,BUILD_FAIL,BUILD_FAIL,BUILD_FAIL,BUILD_FAIL,BUILD_FAIL,BUILD_FAIL,BUILD_FAIL,BUILD_FAIL,BUILD_FAIL,BUILD_FAIL,BUILD_FAIL,BUILD_FAIL,BUILD_FAIL,BUILD_FAIL,BUILD_FAIL,BUILD_FAIL,BUILD_FAIL,BUILD_FAIL,BUILD_FAIL,BUILD_FAIL,BUILD_FAIL,BUILD_FAIL,BUILD_FAIL,BUILD_FAIL,BUILD_FAIL,BUILD_FAIL,BUILD_FAIL,BUILD_FAIL,BUILD_FAIL,BUILD_FAIL,BUILD_FAIL,BUILD_FAIL,BUILD_FAIL,BUILD_FAIL,BUILD_FAIL,BUILD_FAIL,BUILD_FAIL,BUILD_FAIL,BUILD_FAIL,BUILD_FAIL,BUILD_FAIL,BUILD_FAIL,BUILD_FAIL,BUILD_FAIL,BUILD_FAIL,BUILD_FAIL,BUILD_FAIL,BUILD_FAIL,BUILD_FAIL,BUILD_FAIL,BUILD_FAIL,BUILD_FAIL,BUILD_FAIL,BUILD_FAIL,BUILD_FAIL,BUILD_FAIL,BUILD_FAIL,BUILD_FAIL,BUILD_FAIL,BUILD_FAIL,BUILD_FAIL,BUILD_FAIL,BUILD_FAIL,BUILD_FAIL,BUILD_FAIL,BUILD_FAIL,BUILD_FAIL,BUILD_FAIL,BUILD_FAIL,BUILD_FAIL,BUILD_FAIL,BUILD_FAIL,BUILD_FAIL,BUILD_FAIL,BUILD_FAIL,BUILD_FAIL,BUILD_FAIL,BUILD_FAIL,BUILD_FAIL,BUILD_FAIL,BUILD_FAIL,BUILD_FAIL,BUILD_FAIL,BUILD_FAIL,BUILD_FAIL,BUILD_FAIL,BUILD_FAIL,BUILD_FAIL
Cli,Cli_1,batch09__Cli_1__appendOption__cli_1f_appendOption_line530,cli_1f_appendOption__line530,appendOption,m07,,SUCCESS,FAIL,True,True,0,1,harness/runs/batch09__Cli_1__appendOption__cli_1f_appendOption_line530/execution/m07.log,PASS,PASS,PASS,PASS,PASS,PASS,PASS,PASS,PASS,PASS,PASS,PASS,PASS,PASS,PASS,PASS,PASS,PASS,PASS,PASS,PASS,PASS,PASS,PASS,PASS,PASS,PASS,PASS,PASS,PASS,PASS,PASS,PASS,PASS,PASS,PASS,PASS,PASS,PASS,PASS,PASS,PASS,PASS,PASS,PASS,PASS,PASS,PASS,PASS,PASS,PASS,PASS,PASS,PASS,PASS,PASS,PASS,PASS,PASS,PASS,PASS,PASS,PASS,FAIL,PASS,PASS,PASS,PASS,PASS,PASS,PASS,PASS,PASS,PASS,PASS,PASS,PASS,PASS,PASS,PASS,PASS,PASS,PASS,PASS,PASS,PASS,PASS,PASS,PASS,PASS,PASS,PASS
Cli,Cli_1,batch09__Cli_1__appendOption__cli_1f_appendOption_line530,cli_1f_appendOption__line530,appendOption,m08,,SUCCESS,FAIL,True,True,0,1,harness/runs/batch09__Cli_1__appendOption__cli_1f_appendOption_line530/execution/m08.log,PASS,PASS,PASS,PASS,PASS,PASS,PASS,PASS,PASS,PASS,PASS,PASS,PASS,PASS,PASS,PASS,PASS,PASS,PASS,PASS,PASS,PASS,PASS,PASS,PASS,PASS,PASS,PASS,PASS,PASS,PASS,PASS,PASS,PASS,PASS,PASS,PASS,PASS,PASS,PASS,PASS,PASS,PASS,PASS,PASS,PASS,PASS,PASS,PASS,PASS,PASS,PASS,PASS,PASS,PASS,PASS,PASS,PASS,PASS,PASS,PASS,PASS,PASS,FAIL,PASS,PASS,PASS,PASS,PASS,PASS,PASS,PASS,PASS,PASS,PASS,PASS,PASS,PASS,PASS,PASS,PASS,PASS,PASS,PASS,PASS,PASS,PASS,PASS,PASS,PASS,PASS,PASS
Cli,Cli_1,batch09__Cli_1__burstToken__cli_1f_burstToken_line278,cli_1f_burstToken__line278,burstToken,m01,,SUCCESS,FAIL,True,True,0,7,harness/runs/batch09__Cli_1__burstToken__cli_1f_burstToken_line278/execution/m01.log,PASS,PASS,PASS,PASS,PASS,PASS,PASS,FAIL,PASS,PASS,PASS,PASS,PASS,PASS,PASS,PASS,PASS,PASS,PASS,PASS,PASS,PASS,PASS,PASS,PASS,PASS,PASS,PASS,PASS,PASS,PASS,PASS,PASS,PASS,PASS,PASS,PASS,PASS,PASS,PASS,PASS,PASS,PASS,PASS,PASS,PASS,PASS,PASS,PASS,PASS,PASS,PASS,FAIL,PASS,FAIL,FAIL,FAIL,PASS,PASS,PASS,PASS,PASS,PASS,PASS,PASS,PASS,PASS,PASS,PASS,PASS,PASS,PASS,PASS,PASS,PASS,PASS,PASS,PASS,PASS,PASS,PASS,PASS,PASS,FAIL,PASS,FAIL,PASS,PASS,PASS,PASS,PASS,PASS
Cli,Cli_1,batch09__Cli_1__burstToken__cli_1f_burstToken_line278,cli_1f_burstToken__line278,burstToken,m02,,SUCCESS,FAIL,True,True,0,1,harness/runs/batch09__Cli_1__burstToken__cli_1f_burstToken_line278/execution/m02.log,PASS,PASS,PASS,PASS,PASS,PASS,PASS,PASS,PASS,PASS,PASS,PASS,PASS,PASS,PASS,PASS,PASS,PASS,PASS,PASS,PASS,PASS,PASS,PASS,PASS,PASS,PASS,PASS,PASS,PASS,PASS,PASS,PASS,PASS,PASS,PASS,PASS,PASS,PASS,PASS,PASS,PASS,PASS,PASS,PASS,PASS,PASS,PASS,PASS,PASS,PASS,PASS,PASS,PASS,FAIL,PASS,PASS,PASS,PASS,PASS,PASS,PASS,PASS,PASS,PASS,PASS,PASS,PASS,PASS,PASS,PASS,PASS,PASS,PASS,PASS,PASS,PASS,PASS,PASS,PASS,PASS,PASS,PASS,PASS,PASS,PASS,PASS,PASS,PASS,PASS,PASS,PASS
Cli,Cli_1,batch09__Cli_1__burstToken__cli_1f_burstToken_line278,cli_1f_burstToken__line278,burstToken,m03,,SUCCESS,PASS,False,True,0,0,harness/runs/batch09__Cli_1__burstToken__cli_1f_burstToken_line278/execution/m03.log,PASS,PASS,PASS,PASS,PASS,PASS,PASS,PASS,PASS,PASS,PASS,PASS,PASS,PASS,PASS,PASS,PASS,PASS,PASS,PASS,PASS,PASS,PASS,PASS,PASS,PASS,PASS,PASS,PASS,PASS,PASS,PASS,PASS,PASS,PASS,PASS,PASS,PASS,PASS,PASS,PASS,PASS,PASS,PASS,PASS,PASS,PASS,PASS,PASS,PASS,PASS,PASS,PASS,PASS,PASS,PASS,PASS,PASS,PASS,PASS,PASS,PASS,PASS,PASS,PASS,PASS,PASS,PASS,PASS,PASS,PASS,PASS,PASS,PASS,PASS,PASS,PASS,PASS,PASS,PASS,PASS,PASS,PASS,PASS,PASS,PASS,PASS,PASS,PASS,PASS,PASS,PASS
Cli,Cli_1,batch09__Cli_1__burstToken__cli_1f_burstToken_line278,cli_1f_burstToken__line278,burstToken,m04,,SUCCESS,PASS,False,True,0,0,harness/runs/batch09__Cli_1__burstToken__cli_1f_burstToken_line278/execution/m04.log,PASS,PASS,PASS,PASS,PASS,PASS,PASS,PASS,PASS,PASS,PASS,PASS,PASS,PASS,PASS,PASS,PASS,PASS,PASS,PASS,PASS,PASS,PASS,PASS,PASS,PASS,PASS,PASS,PASS,PASS,PASS,PASS,PASS,PASS,PASS,PASS,PASS,PASS,PASS,PASS,PASS,PASS,PASS,PASS,PASS,PASS,PASS,PASS,PASS,PASS,PASS,PASS,PASS,PASS,PASS,PASS,PASS,PASS,PASS,PASS,PASS,PASS,PASS,PASS,PASS,PASS,PASS,PASS,PASS,PASS,PASS,PASS,PASS,PASS,PASS,PASS,PASS,PASS,PASS,PASS,PASS,PASS,PASS,PASS,PASS,PASS,PASS,PASS,PASS,PASS,PASS,PASS
Cli,Cli_1,batch09__Cli_1__burstToken__cli_1f_burstToken_line278,cli_1f_burstToken__line278,burstToken,m05,,SUCCESS,FAIL,True,True,0,1,harness/runs/batch09__Cli_1__burstToken__cli_1f_burstToken_line278/execution/m05.log,PASS,PASS,PASS,PASS,PASS,PASS,PASS,PASS,PASS,PASS,PASS,PASS,PASS,PASS,PASS,PASS,PASS,PASS,PASS,PASS,PASS,PASS,PASS,PASS,PASS,PASS,PASS,PASS,PASS,PASS,PASS,PASS,PASS,PASS,PASS,PASS,PASS,PASS,PASS,PASS,PASS,PASS,PASS,PASS,PASS,PASS,PASS,PASS,PASS,PASS,PASS,PASS,PASS,PASS,FAIL,PASS,PASS,PASS,PASS,PASS,PASS,PASS,PASS,PASS,PASS,PASS,PASS,PASS,PASS,PASS,PASS,PASS,PASS,PASS,PASS,PASS,PASS,PASS,PASS,PASS,PASS,PASS,PASS,PASS,PASS,PASS,PASS,PASS,PASS,PASS,PASS,PASS
Cli,Cli_1,batch09__Cli_1__burstToken__cli_1f_burstToken_line278,cli_1f_burstToken__line278,burstToken,m06,,SUCCESS,FAIL,True,True,0,3,harness/runs/batch09__Cli_1__burstToken__cli_1f_burstToken_line278/execution/m06.log,PASS,PASS,PASS,PASS,PASS,PASS,PASS,PASS,PASS,PASS,PASS,PASS,PASS,PASS,PASS,PASS,PASS,PASS,PASS,PASS,PASS,PASS,PASS,PASS,PASS,PASS,PASS,PASS,PASS,PASS,PASS,PASS,PASS,PASS,PASS,PASS,PASS,PASS,PASS,PASS,PASS,PASS,PASS,PASS,PASS,PASS,PASS,PASS,PASS,PASS,PASS,PASS,FAIL,PASS,FAIL,FAIL,PASS,PASS,PASS,PASS,PASS,PASS,PASS,PASS,PASS,PASS,PASS,PASS,PASS,PASS,PASS,PASS,PASS,PASS,PASS,PASS,PASS,PASS,PASS,PASS,PASS,PASS,PASS,PASS,PASS,PASS,PASS,PASS,PASS,PASS,PASS,PASS
Cli,Cli_1,batch09__Cli_1__burstToken__cli_1f_burstToken_line278,cli_1f_burstToken__line278,burstToken,m08,,SUCCESS,FAIL,True,True,0,5,harness/runs/batch09__Cli_1__burstToken__cli_1f_burstToken_line278/execution/m08.log,PASS,PASS,PASS,PASS,PASS,PASS,PASS,FAIL,PASS,PASS,PASS,PASS,PASS,PASS,PASS,PASS,PASS,PASS,PASS,PASS,PASS,PASS,PASS,PASS,PASS,PASS,PASS,PASS,PASS,PASS,PASS,PASS,PASS,PASS,PASS,PASS,PASS,PASS,PASS,PASS,PASS,PASS,PASS,PASS,PASS,PASS,PASS,PASS,PASS,PASS,PASS,PASS,FAIL,PASS,FAIL,FAIL,FAIL,PASS,PASS,PASS,PASS,PASS,PASS,PASS,PASS,PASS,PASS,PASS,PASS,PASS,PASS,PASS,PASS,PASS,PASS,PASS,PASS,PASS,PASS,PASS,PASS,PASS,PASS,PASS,PASS,PASS,PASS,PASS,PASS,PASS,PASS,PASS
Cli,Cli_1,batch09__Cli_1__createValue__cli_1f_createValue_line61,cli_1f_createValue__line61,createValue,m01,,SUCCESS,FAIL,True,True,0,1,harness/runs/batch09__Cli_1__createValue__cli_1f_createValue_line61/execution/m01.log,PASS,PASS,PASS,PASS,PASS,PASS,PASS,PASS,PASS,PASS,PASS,PASS,PASS,PASS,PASS,PASS,PASS,PASS,PASS,PASS,PASS,PASS,PASS,PASS,PASS,PASS,PASS,PASS,PASS,PASS,PASS,PASS,PASS,PASS,PASS,PASS,PASS,PASS,PASS,PASS,PASS,PASS,PASS,PASS,PASS,PASS,PASS,PASS,PASS,PASS,PASS,PASS,PASS,PASS,PASS,PASS,PASS,PASS,PASS,PASS,PASS,PASS,FAIL,PASS,PASS,PASS,PASS,PASS,PASS,PASS,PASS,PASS,PASS,PASS,PASS,PASS,PASS,PASS,PASS,PASS,PASS,PASS,PASS,PASS,PASS,PASS,PASS,PASS,PASS,PASS,PASS,PASS
Cli,Cli_1,batch09__Cli_1__createValue__cli_1f_createValue_line61,cli_1f_createValue__line61,createValue,m02,,SUCCESS,FAIL,True,True,0,1,harness/runs/batch09__Cli_1__createValue__cli_1f_createValue_line61/execution/m02.log,PASS,PASS,PASS,PASS,PASS,PASS,PASS,PASS,PASS,PASS,PASS,PASS,PASS,PASS,PASS,PASS,PASS,PASS,PASS,PASS,PASS,PASS,PASS,PASS,PASS,PASS,PASS,PASS,PASS,PASS,PASS,PASS,PASS,PASS,PASS,PASS,PASS,PASS,PASS,PASS,PASS,PASS,PASS,PASS,PASS,PASS,PASS,PASS,PASS,PASS,PASS,PASS,PASS,PASS,PASS,PASS,PASS,PASS,PASS,PASS,PASS,PASS,FAIL,PASS,PASS,PASS,PASS,PASS,PASS,PASS,PASS,PASS,PASS,PASS,PASS,PASS,PASS,PASS,PASS,PASS,PASS,PASS,PASS,PASS,PASS,PASS,PASS,PASS,PASS,PASS,PASS,PASS
Cli,Cli_1,batch09__Cli_1__createValue__cli_1f_createValue_line61,cli_1f_createValue__line61,createValue,m03,,SUCCESS,FAIL,True,True,0,1,harness/runs/batch09__Cli_1__createValue__cli_1f_createValue_line61/execution/m03.log,PASS,PASS,PASS,PASS,PASS,PASS,PASS,PASS,PASS,PASS,PASS,PASS,PASS,PASS,PASS,PASS,PASS,PASS,PASS,PASS,PASS,PASS,PASS,PASS,PASS,PASS,PASS,PASS,PASS,PASS,PASS,PASS,PASS,PASS,PASS,PASS,PASS,PASS,PASS,PASS,PASS,PASS,PASS,PASS,PASS,PASS,PASS,PASS,PASS,PASS,PASS,PASS,PASS,PASS,PASS,PASS,PASS,PASS,PASS,PASS,PASS,PASS,FAIL,PASS,PASS,PASS,PASS,PASS,PASS,PASS,PASS,PASS,PASS,PASS,PASS,PASS,PASS,PASS,PASS,PASS,PASS,PASS,PASS,PASS,PASS,PASS,PASS,PASS,PASS,PASS,PASS,PASS
Cli,Cli_1,batch09__Cli_1__createValue__cli_1f_createValue_line61,cli_1f_createValue__line61,createValue,m04,,SUCCESS,FAIL,True,True,0,1,harness/runs/batch09__Cli_1__createValue__cli_1f_createValue_line61/execution/m04.log,PASS,PASS,PASS,PASS,PASS,PASS,PASS,PASS,PASS,PASS,PASS,PASS,PASS,PASS,PASS,PASS,PASS,PASS,PASS,PASS,PASS,PASS,PASS,PASS,PASS,PASS,PASS,PASS,PASS,PASS,PASS,PASS,PASS,PASS,PASS,PASS,PASS,PASS,PASS,PASS,PASS,PASS,PASS,PASS,PASS,PASS,PASS,PASS,PASS,PASS,PASS,PASS,PASS,PASS,PASS,PASS,PASS,PASS,PASS,PASS,PASS,PASS,FAIL,PASS,PASS,PASS,PASS,PASS,PASS,PASS,PASS,PASS,PASS,PASS,PASS,PASS,PASS,PASS,PASS,PASS,PASS,PASS,PASS,PASS,PASS,PASS,PASS,PASS,PASS,PASS,PASS,PASS
Cli,Cli_1,batch09__Cli_1__createValue__cli_1f_createValue_line61,cli_1f_createValue__line61,createValue,m05,,SUCCESS,FAIL,True,True,0,1,harness/runs/batch09__Cli_1__createValue__cli_1f_createValue_line61/execution/m05.log,PASS,PASS,PASS,PASS,PASS,PASS,PASS,PASS,PASS,PASS,PASS,PASS,PASS,PASS,PASS,PASS,PASS,PASS,PASS,PASS,PASS,PASS,PASS,PASS,PASS,PASS,PASS,PASS,PASS,PASS,PASS,PASS,PASS,PASS,PASS,PASS,PASS,PASS,PASS,PASS,PASS,PASS,PASS,PASS,PASS,PASS,PASS,PASS,PASS,PASS,PASS,PASS,PASS,PASS,PASS,PASS,PASS,PASS,PASS,PASS,PASS,PASS,FAIL,PASS,PASS,PASS,PASS,PASS,PASS,PASS,PASS,PASS,PASS,PASS,PASS,PASS,PASS,PASS,PASS,PASS,PASS,PASS,PASS,PASS,PASS,PASS,PASS,PASS,PASS,PASS,PASS,PASS
Cli,Cli_1,batch09__Cli_1__createValue__cli_1f_createValue_line61,cli_1f_createValue__line61,createValue,m06,,SUCCESS,FAIL,True,True,0,1,harness/runs/batch09__Cli_1__createValue__cli_1f_createValue_line61/execution/m06.log,PASS,PASS,PASS,PASS,PASS,PASS,PASS,PASS,PASS,PASS,PASS,PASS,PASS,PASS,PASS,PASS,PASS,PASS,PASS,PASS,PASS,PASS,PASS,PASS,PASS,PASS,PASS,PASS,PASS,PASS,PASS,PASS,PASS,PASS,PASS,PASS,PASS,PASS,PASS,PASS,PASS,PASS,PASS,PASS,PASS,PASS,PASS,PASS,PASS,PASS,PASS,PASS,PASS,PASS,PASS,PASS,PASS,PASS,PASS,PASS,PASS,PASS,FAIL,PASS,PASS,PASS,PASS,PASS,PASS,PASS,PASS,PASS,PASS,PASS,PASS,PASS,PASS,PASS,PASS,PASS,PASS,PASS,PASS,PASS,PASS,PASS,PASS,PASS,PASS,PASS,PASS,PASS
Cli,Cli_1,batch09__Cli_1__createValue__cli_1f_createValue_line61,cli_1f_createValue__line61,createValue,m07,,SUCCESS,FAIL,True,True,0,1,harness/runs/batch09__Cli_1__createValue__cli_1f_createValue_line61/execution/m07.log,PASS,PASS,PASS,PASS,PASS,PASS,PASS,PASS,PASS,PASS,PASS,PASS,PASS,PASS,PASS,PASS,PASS,PASS,PASS,PASS,PASS,PASS,PASS,PASS,PASS,PASS,PASS,PASS,PASS,PASS,PASS,PASS,PASS,PASS,PASS,PASS,PASS,PASS,PASS,PASS,PASS,PASS,PASS,PASS,PASS,PASS,PASS,PASS,PASS,PASS,PASS,PASS,PASS,PASS,PASS,PASS,PASS,PASS,PASS,PASS,PASS,PASS,FAIL,PASS,PASS,PASS,PASS,PASS,PASS,PASS,PASS,PASS,PASS,PASS,PASS,PASS,PASS,PASS,PASS,PASS,PASS,PASS,PASS,PASS,PASS,PASS,PASS,PASS,PASS,PASS,PASS,PASS
Cli,Cli_1,batch09__Cli_1__createValue__cli_1f_createValue_line61,cli_1f_createValue__line61,createValue,m08,,SUCCESS,FAIL,True,True,0,1,harness/runs/batch09__Cli_1__createValue__cli_1f_createValue_line61/execution/m08.log,PASS,PASS,PASS,PASS,PASS,PASS,PASS,PASS,PASS,PASS,PASS,PASS,PASS,PASS,PASS,PASS,PASS,PASS,PASS,PASS,PASS,PASS,PASS,PASS,PASS,PASS,PASS,PASS,PASS,PASS,PASS,PASS,PASS,PASS,PASS,PASS,PASS,PASS,PASS,PASS,PASS,PASS,PASS,PASS,PASS,PASS,PASS,PASS,PASS,PASS,PASS,PASS,PASS,PASS,PASS,PASS,PASS,PASS,PASS,PASS,PASS,PASS,FAIL,PASS,PASS,PASS,PASS,PASS,PASS,PASS,PASS,PASS,PASS,PASS,PASS,PASS,PASS,PASS,PASS,PASS,PASS,PASS,PASS,PASS,PASS,PASS,PASS,PASS,PASS,PASS,PASS,PASS
Cli,Cli_1,batch09__Cli_1__equals__cli_1f_equals_line600,cli_1f_equals__line600,equals,m01,,SUCCESS,PASS,False,True,0,0,harness/runs/batch09__Cli_1__equals__cli_1f_equals_line600/execution/m01.log,PASS,PASS,PASS,PASS,PASS,PASS,PASS,PASS,PASS,PASS,PASS,PASS,PASS,PASS,PASS,PASS,PASS,PASS,PASS,PASS,PASS,PASS,PASS,PASS,PASS,PASS,PASS,PASS,PASS,PASS,PASS,PASS,PASS,PASS,PASS,PASS,PASS,PASS,PASS,PASS,PASS,PASS,PASS,PASS,PASS,PASS,PASS,PASS,PASS,PASS,PASS,PASS,PASS,PASS,PASS,PASS,PASS,PASS,PASS,PASS,PASS,PASS,PASS,PASS,PASS,PASS,PASS,PASS,PASS,PASS,PASS,PASS,PASS,PASS,PASS,PASS,PASS,PASS,PASS,PASS,PASS,PASS,PASS,PASS,PASS,PASS,PASS,PASS,PASS,PASS,PASS,PASS
Cli,Cli_1,batch09__Cli_1__equals__cli_1f_equals_line600,cli_1f_equals__line600,equals,m02,,SUCCESS,PASS,False,True,0,0,harness/runs/batch09__Cli_1__equals__cli_1f_equals_line600/execution/m02.log,PASS,PASS,PASS,PASS,PASS,PASS,PASS,PASS,PASS,PASS,PASS,PASS,PASS,PASS,PASS,PASS,PASS,PASS,PASS,PASS,PASS,PASS,PASS,PASS,PASS,PASS,PASS,PASS,PASS,PASS,PASS,PASS,PASS,PASS,PASS,PASS,PASS,PASS,PASS,PASS,PASS,PASS,PASS,PASS,PASS,PASS,PASS,PASS,PASS,PASS,PASS,PASS,PASS,PASS,PASS,PASS,PASS,PASS,PASS,PASS,PASS,PASS,PASS,PASS,PASS,PASS,PASS,PASS,PASS,PASS,PASS,PASS,PASS,PASS,PASS,PASS,PASS,PASS,PASS,PASS,PASS,PASS,PASS,PASS,PASS,PASS,PASS,PASS,PASS,PASS,PASS,PASS
Cli,Cli_1,batch09__Cli_1__equals__cli_1f_equals_line600,cli_1f_equals__line600,equals,m03,,SUCCESS,PASS,False,True,0,0,harness/runs/batch09__Cli_1__equals__cli_1f_equals_line600/execution/m03.log,PASS,PASS,PASS,PASS,PASS,PASS,PASS,PASS,PASS,PASS,PASS,PASS,PASS,PASS,PASS,PASS,PASS,PASS,PASS,PASS,PASS,PASS,PASS,PASS,PASS,PASS,PASS,PASS,PASS,PASS,PASS,PASS,PASS,PASS,PASS,PASS,PASS,PASS,PASS,PASS,PASS,PASS,PASS,PASS,PASS,PASS,PASS,PASS,PASS,PASS,PASS,PASS,PASS,PASS,PASS,PASS,PASS,PASS,PASS,PASS,PASS,PASS,PASS,PASS,PASS,PASS,PASS,PASS,PASS,PASS,PASS,PASS,PASS,PASS,PASS,PASS,PASS,PASS,PASS,PASS,PASS,PASS,PASS,PASS,PASS,PASS,PASS,PASS,PASS,PASS,PASS,PASS
Cli,Cli_1,batch09__Cli_1__equals__cli_1f_equals_line600,cli_1f_equals__line600,equals,m04,,SUCCESS,PASS,False,True,0,0,harness/runs/batch09__Cli_1__equals__cli_1f_equals_line600/execution/m04.log,PASS,PASS,PASS,PASS,PASS,PASS,PASS,PASS,PASS,PASS,PASS,PASS,PASS,PASS,PASS,PASS,PASS,PASS,PASS,PASS,PASS,PASS,PASS,PASS,PASS,PASS,PASS,PASS,PASS,PASS,PASS,PASS,PASS,PASS,PASS,PASS,PASS,PASS,PASS,PASS,PASS,PASS,PASS,PASS,PASS,PASS,PASS,PASS,PASS,PASS,PASS,PASS,PASS,PASS,PASS,PASS,PASS,PASS,PASS,PASS,PASS,PASS,PASS,PASS,PASS,PASS,PASS,PASS,PASS,PASS,PASS,PASS,PASS,PASS,PASS,PASS,PASS,PASS,PASS,PASS,PASS,PASS,PASS,PASS,PASS,PASS,PASS,PASS,PASS,PASS,PASS,PASS
Cli,Cli_1,batch09__Cli_1__equals__cli_1f_equals_line600,cli_1f_equals__line600,equals,m05,,SUCCESS,PASS,False,True,0,0,harness/runs/batch09__Cli_1__equals__cli_1f_equals_line600/execution/m05.log,PASS,PASS,PASS,PASS,PASS,PASS,PASS,PASS,PASS,PASS,PASS,PASS,PASS,PASS,PASS,PASS,PASS,PASS,PASS,PASS,PASS,PASS,PASS,PASS,PASS,PASS,PASS,PASS,PASS,PASS,PASS,PASS,PASS,PASS,PASS,PASS,PASS,PASS,PASS,PASS,PASS,PASS,PASS,PASS,PASS,PASS,PASS,PASS,PASS,PASS,PASS,PASS,PASS,PASS,PASS,PASS,PASS,PASS,PASS,PASS,PASS,PASS,PASS,PASS,PASS,PASS,PASS,PASS,PASS,PASS,PASS,PASS,PASS,PASS,PASS,PASS,PASS,PASS,PASS,PASS,PASS,PASS,PASS,PASS,PASS,PASS,PASS,PASS,PASS,PASS,PASS,PASS
Cli,Cli_1,batch09__Cli_1__equals__cli_1f_equals_line600,cli_1f_equals__line600,equals,m06,,SUCCESS,PASS,False,True,0,0,harness/runs/batch09__Cli_1__equals__cli_1f_equals_line600/execution/m06.log,PASS,PASS,PASS,PASS,PASS,PASS,PASS,PASS,PASS,PASS,PASS,PASS,PASS,PASS,PASS,PASS,PASS,PASS,PASS,PASS,PASS,PASS,PASS,PASS,PASS,PASS,PASS,PASS,PASS,PASS,PASS,PASS,PASS,PASS,PASS,PASS,PASS,PASS,PASS,PASS,PASS,PASS,PASS,PASS,PASS,PASS,PASS,PASS,PASS,PASS,PASS,PASS,PASS,PASS,PASS,PASS,PASS,PASS,PASS,PASS,PASS,PASS,PASS,PASS,PASS,PASS,PASS,PASS,PASS,PASS,PASS,PASS,PASS,PASS,PASS,PASS,PASS,PASS,PASS,PASS,PASS,PASS,PASS,PASS,PASS,PASS,PASS,PASS,PASS,PASS,PASS,PASS
Cli,Cli_1,batch09__Cli_1__equals__cli_1f_equals_line600,cli_1f_equals__line600,equals,m07,,SUCCESS,PASS,False,True,0,0,harness/runs/batch09__Cli_1__equals__cli_1f_equals_line600/execution/m07.log,PASS,PASS,PASS,PASS,PASS,PASS,PASS,PASS,PASS,PASS,PASS,PASS,PASS,PASS,PASS,PASS,PASS,PASS,PASS,PASS,PASS,PASS,PASS,PASS,PASS,PASS,PASS,PASS,PASS,PASS,PASS,PASS,PASS,PASS,PASS,PASS,PASS,PASS,PASS,PASS,PASS,PASS,PASS,PASS,PASS,PASS,PASS,PASS,PASS,PASS,PASS,PASS,PASS,PASS,PASS,PASS,PASS,PASS,PASS,PASS,PASS,PASS,PASS,PASS,PASS,PASS,PASS,PASS,PASS,PASS,PASS,PASS,PASS,PASS,PASS,PASS,PASS,PASS,PASS,PASS,PASS,PASS,PASS,PASS,PASS,PASS,PASS,PASS,PASS,PASS,PASS,PASS
Cli,Cli_1,batch09__Cli_1__equals__cli_1f_equals_line600,cli_1f_equals__line600,equals,m08,,SUCCESS,PASS,False,True,0,0,harness/runs/batch09__Cli_1__equals__cli_1f_equals_line600/execution/m08.log,PASS,PASS,PASS,PASS,PASS,PASS,PASS,PASS,PASS,PASS,PASS,PASS,PASS,PASS,PASS,PASS,PASS,PASS,PASS,PASS,PASS,PASS,PASS,PASS,PASS,PASS,PASS,PASS,PASS,PASS,PASS,PASS,PASS,PASS,PASS,PASS,PASS,PASS,PASS,PASS,PASS,PASS,PASS,PASS,PASS,PASS,PASS,PASS,PASS,PASS,PASS,PASS,PASS,PASS,PASS,PASS,PASS,PASS,PASS,PASS,PASS,PASS,PASS,PASS,PASS,PASS,PASS,PASS,PASS,PASS,PASS,PASS,PASS,PASS,PASS,PASS,PASS,PASS,PASS,PASS,PASS,PASS,PASS,PASS,PASS,PASS,PASS,PASS,PASS,PASS,PASS,PASS
Cli,Cli_1,batch09__Cli_1__findWrapPos__cli_1f_findWrapPos_line789,cli_1f_findWrapPos__line789,findWrapPos,m01,,SUCCESS,PASS,False,True,0,0,harness/runs/batch09__Cli_1__findWrapPos__cli_1f_findWrapPos_line789/execution/m01.log,PASS,PASS,PASS,PASS,PASS,PASS,PASS,PASS,PASS,PASS,PASS,PASS,PASS,PASS,PASS,PASS,PASS,PASS,PASS,PASS,PASS,PASS,PASS,PASS,PASS,PASS,PASS,PASS,PASS,PASS,PASS,PASS,PASS,PASS,PASS,PASS,PASS,PASS,PASS,PASS,PASS,PASS,PASS,PASS,PASS,PASS,PASS,PASS,PASS,PASS,PASS,PASS,PASS,PASS,PASS,PASS,PASS,PASS,PASS,PASS,PASS,PASS,PASS,PASS,PASS,PASS,PASS,PASS,PASS,PASS,PASS,PASS,PASS,PASS,PASS,PASS,PASS,PASS,PASS,PASS,PASS,PASS,PASS,PASS,PASS,PASS,PASS,PASS,PASS,PASS,PASS,PASS
Cli,Cli_1,batch09__Cli_1__findWrapPos__cli_1f_findWrapPos_line789,cli_1f_findWrapPos__line789,findWrapPos,m02,,SUCCESS,PASS,False,True,0,0,harness/runs/batch09__Cli_1__findWrapPos__cli_1f_findWrapPos_line789/execution/m02.log,PASS,PASS,PASS,PASS,PASS,PASS,PASS,PASS,PASS,PASS,PASS,PASS,PASS,PASS,PASS,PASS,PASS,PASS,PASS,PASS,PASS,PASS,PASS,PASS,PASS,PASS,PASS,PASS,PASS,PASS,PASS,PASS,PASS,PASS,PASS,PASS,PASS,PASS,PASS,PASS,PASS,PASS,PASS,PASS,PASS,PASS,PASS,PASS,PASS,PASS,PASS,PASS,PASS,PASS,PASS,PASS,PASS,PASS,PASS,PASS,PASS,PASS,PASS,PASS,PASS,PASS,PASS,PASS,PASS,PASS,PASS,PASS,PASS,PASS,PASS,PASS,PASS,PASS,PASS,PASS,PASS,PASS,PASS,PASS,PASS,PASS,PASS,PASS,PASS,PASS,PASS,PASS
Cli,Cli_1,batch09__Cli_1__findWrapPos__cli_1f_findWrapPos_line789,cli_1f_findWrapPos__line789,findWrapPos,m03,,SUCCESS,PASS,False,True,0,0,harness/runs/batch09__Cli_1__findWrapPos__cli_1f_findWrapPos_line789/execution/m03.log,PASS,PASS,PASS,PASS,PASS,PASS,PASS,PASS,PASS,PASS,PASS,PASS,PASS,PASS,PASS,PASS,PASS,PASS,PASS,PASS,PASS,PASS,PASS,PASS,PASS,PASS,PASS,PASS,PASS,PASS,PASS,PASS,PASS,PASS,PASS,PASS,PASS,PASS,PASS,PASS,PASS,PASS,PASS,PASS,PASS,PASS,PASS,PASS,PASS,PASS,PASS,PASS,PASS,PASS,PASS,PASS,PASS,PASS,PASS,PASS,PASS,PASS,PASS,PASS,PASS,PASS,PASS,PASS,PASS,PASS,PASS,PASS,PASS,PASS,PASS,PASS,PASS,PASS,PASS,PASS,PASS,PASS,PASS,PASS,PASS,PASS,PASS,PASS,PASS,PASS,PASS,PASS
Cli,Cli_1,batch09__Cli_1__findWrapPos__cli_1f_findWrapPos_line789,cli_1f_findWrapPos__line789,findWrapPos,m04,,SUCCESS,FAIL,True,True,0,3,harness/runs/batch09__Cli_1__findWrapPos__cli_1f_findWrapPos_line789/execution/m04.log,PASS,PASS,PASS,PASS,PASS,PASS,PASS,PASS,PASS,PASS,PASS,PASS,PASS,PASS,PASS,PASS,PASS,PASS,PASS,PASS,PASS,PASS,PASS,PASS,PASS,PASS,PASS,PASS,PASS,PASS,PASS,PASS,PASS,PASS,PASS,PASS,PASS,PASS,PASS,PASS,PASS,PASS,PASS,PASS,PASS,PASS,PASS,PASS,PASS,PASS,PASS,PASS,PASS,PASS,PASS,PASS,PASS,PASS,PASS,PASS,PASS,PASS,PASS,PASS,FAIL,FAIL,FAIL,PASS,PASS,PASS,PASS,PASS,PASS,PASS,PASS,PASS,PASS,PASS,PASS,PASS,PASS,PASS,PASS,PASS,PASS,PASS,PASS,PASS,PASS,PASS,PASS,PASS
Cli,Cli_1,batch09__Cli_1__findWrapPos__cli_1f_findWrapPos_line789,cli_1f_findWrapPos__line789,findWrapPos,m05,,SUCCESS,PASS,False,True,0,0,harness/runs/batch09__Cli_1__findWrapPos__cli_1f_findWrapPos_line789/execution/m05.log,PASS,PASS,PASS,PASS,PASS,PASS,PASS,PASS,PASS,PASS,PASS,PASS,PASS,PASS,PASS,PASS,PASS,PASS,PASS,PASS,PASS,PASS,PASS,PASS,PASS,PASS,PASS,PASS,PASS,PASS,PASS,PASS,PASS,PASS,PASS,PASS,PASS,PASS,PASS,PASS,PASS,PASS,PASS,PASS,PASS,PASS,PASS,PASS,PASS,PASS,PASS,PASS,PASS,PASS,PASS,PASS,PASS,PASS,PASS,PASS,PASS,PASS,PASS,PASS,PASS,PASS,PASS,PASS,PASS,PASS,PASS,PASS,PASS,PASS,PASS,PASS,PASS,PASS,PASS,PASS,PASS,PASS,PASS,PASS,PASS,PASS,PASS,PASS,PASS,PASS,PASS,PASS
Cli,Cli_1,batch09__Cli_1__findWrapPos__cli_1f_findWrapPos_line789,cli_1f_findWrapPos__line789,findWrapPos,m06,,SUCCESS,FAIL,True,True,0,1,harness/runs/batch09__Cli_1__findWrapPos__cli_1f_findWrapPos_line789/execution/m06.log,PASS,PASS,PASS,PASS,PASS,PASS,PASS,PASS,PASS,PASS,PASS,PASS,PASS,PASS,PASS,PASS,PASS,PASS,PASS,PASS,PASS,PASS,PASS,PASS,PASS,PASS,PASS,PASS,PASS,PASS,PASS,PASS,PASS,PASS,PASS,PASS,PASS,PASS,PASS,PASS,PASS,PASS,PASS,PASS,PASS,PASS,PASS,PASS,PASS,PASS,PASS,PASS,PASS,PASS,PASS,PASS,PASS,PASS,PASS,PASS,PASS,PASS,PASS,PASS,FAIL,PASS,PASS,PASS,PASS,PASS,PASS,PASS,PASS,PASS,PASS,PASS,PASS,PASS,PASS,PASS,PASS,PASS,PASS,PASS,PASS,PASS,PASS,PASS,PASS,PASS,PASS,PASS
Cli,Cli_1,batch09__Cli_1__findWrapPos__cli_1f_findWrapPos_line789,cli_1f_findWrapPos__line789,findWrapPos,m07,,SUCCESS,PASS,False,True,0,0,harness/runs/batch09__Cli_1__findWrapPos__cli_1f_findWrapPos_line789/execution/m07.log,PASS,PASS,PASS,PASS,PASS,PASS,PASS,PASS,PASS,PASS,PASS,PASS,PASS,PASS,PASS,PASS,PASS,PASS,PASS,PASS,PASS,PASS,PASS,PASS,PASS,PASS,PASS,PASS,PASS,PASS,PASS,PASS,PASS,PASS,PASS,PASS,PASS,PASS,PASS,PASS,PASS,PASS,PASS,PASS,PASS,PASS,PASS,PASS,PASS,PASS,PASS,PASS,PASS,PASS,PASS,PASS,PASS,PASS,PASS,PASS,PASS,PASS,PASS,PASS,PASS,PASS,PASS,PASS,PASS,PASS,PASS,PASS,PASS,PASS,PASS,PASS,PASS,PASS,PASS,PASS,PASS,PASS,PASS,PASS,PASS,PASS,PASS,PASS,PASS,PASS,PASS,PASS
Cli,Cli_1,batch09__Cli_1__findWrapPos__cli_1f_findWrapPos_line789,cli_1f_findWrapPos__line789,findWrapPos,m08,,SUCCESS,PASS,False,True,0,0,harness/runs/batch09__Cli_1__findWrapPos__cli_1f_findWrapPos_line789/execution/m08.log,PASS,PASS,PASS,PASS,PASS,PASS,PASS,PASS,PASS,PASS,PASS,PASS,PASS,PASS,PASS,PASS,PASS,PASS,PASS,PASS,PASS,PASS,PASS,PASS,PASS,PASS,PASS,PASS,PASS,PASS,PASS,PASS,PASS,PASS,PASS,PASS,PASS,PASS,PASS,PASS,PASS,PASS,PASS,PASS,PASS,PASS,PASS,PASS,PASS,PASS,PASS,PASS,PASS,PASS,PASS,PASS,PASS,PASS,PASS,PASS,PASS,PASS,PASS,PASS,PASS,PASS,PASS,PASS,PASS,PASS,PASS,PASS,PASS,PASS,PASS,PASS,PASS,PASS,PASS,PASS,PASS,PASS,PASS,PASS,PASS,PASS,PASS,PASS,PASS,PASS,PASS,PASS
Cli,Cli_1,batch09__Cli_1__option__cli_1f_option_line48,cli_1f_option__line48,option,m01,,SUCCESS,PASS,False,True,0,0,harness/runs/batch09__Cli_1__option__cli_1f_option_line48/execution/m01.log,PASS,PASS,PASS,PASS,PASS,PASS,PASS,PASS,PASS,PASS,PASS,PASS,PASS,PASS,PASS,PASS,PASS,PASS,PASS,PASS,PASS,PASS,PASS,PASS,PASS,PASS,PASS,PASS,PASS,PASS,PASS,PASS,PASS,PASS,PASS,PASS,PASS,PASS,PASS,PASS,PASS,PASS,PASS,PASS,PASS,PASS,PASS,PASS,PASS,PASS,PASS,PASS,PASS,PASS,PASS,PASS,PASS,PASS,PASS,PASS,PASS,PASS,PASS,PASS,PASS,PASS,PASS,PASS,PASS,PASS,PASS,PASS,PASS,PASS,PASS,PASS,PASS,PASS,PASS,PASS,PASS,PASS,PASS,PASS,PASS,PASS,PASS,PASS,PASS,PASS,PASS,PASS
Cli,Cli_1,batch09__Cli_1__option__cli_1f_option_line48,cli_1f_option__line48,option,m02,,SUCCESS,PASS,False,True,0,0,harness/runs/batch09__Cli_1__option__cli_1f_option_line48/execution/m02.log,PASS,PASS,PASS,PASS,PASS,PASS,PASS,PASS,PASS,PASS,PASS,PASS,PASS,PASS,PASS,PASS,PASS,PASS,PASS,PASS,PASS,PASS,PASS,PASS,PASS,PASS,PASS,PASS,PASS,PASS,PASS,PASS,PASS,PASS,PASS,PASS,PASS,PASS,PASS,PASS,PASS,PASS,PASS,PASS,PASS,PASS,PASS,PASS,PASS,PASS,PASS,PASS,PASS,PASS,PASS,PASS,PASS,PASS,PASS,PASS,PASS,PASS,PASS,PASS,PASS,PASS,PASS,PASS,PASS,PASS,PASS,PASS,PASS,PASS,PASS,PASS,PASS,PASS,PASS,PASS,PASS,PASS,PASS,PASS,PASS,PASS,PASS,PASS,PASS,PASS,PASS,PASS
Cli,Cli_1,batch09__Cli_1__option__cli_1f_option_line48,cli_1f_option__line48,option,m03,,SUCCESS,PASS,False,True,0,0,harness/runs/batch09__Cli_1__option__cli_1f_option_line48/execution/m03.log,PASS,PASS,PASS,PASS,PASS,PASS,PASS,PASS,PASS,PASS,PASS,PASS,PASS,PASS,PASS,PASS,PASS,PASS,PASS,PASS,PASS,PASS,PASS,PASS,PASS,PASS,PASS,PASS,PASS,PASS,PASS,PASS,PASS,PASS,PASS,PASS,PASS,PASS,PASS,PASS,PASS,PASS,PASS,PASS,PASS,PASS,PASS,PASS,PASS,PASS,PASS,PASS,PASS,PASS,PASS,PASS,PASS,PASS,PASS,PASS,PASS,PASS,PASS,PASS,PASS,PASS,PASS,PASS,PASS,PASS,PASS,PASS,PASS,PASS,PASS,PASS,PASS,PASS,PASS,PASS,PASS,PASS,PASS,PASS,PASS,PASS,PASS,PASS,PASS,PASS,PASS,PASS
Cli,Cli_1,batch09__Cli_1__option__cli_1f_option_line48,cli_1f_option__line48,option,m04,,SUCCESS,PASS,False,True,0,0,harness/runs/batch09__Cli_1__option__cli_1f_option_line48/execution/m04.log,PASS,PASS,PASS,PASS,PASS,PASS,PASS,PASS,PASS,PASS,PASS,PASS,PASS,PASS,PASS,PASS,PASS,PASS,PASS,PASS,PASS,PASS,PASS,PASS,PASS,PASS,PASS,PASS,PASS,PASS,PASS,PASS,PASS,PASS,PASS,PASS,PASS,PASS,PASS,PASS,PASS,PASS,PASS,PASS,PASS,PASS,PASS,PASS,PASS,PASS,PASS,PASS,PASS,PASS,PASS,PASS,PASS,PASS,PASS,PASS,PASS,PASS,PASS,PASS,PASS,PASS,PASS,PASS,PASS,PASS,PASS,PASS,PASS,PASS,PASS,PASS,PASS,PASS,PASS,PASS,PASS,PASS,PASS,PASS,PASS,PASS,PASS,PASS,PASS,PASS,PASS,PASS
Cli,Cli_1,batch09__Cli_1__option__cli_1f_option_line48,cli_1f_option__line48,option,m05,,SUCCESS,PASS,False,True,0,0,harness/runs/batch09__Cli_1__option__cli_1f_option_line48/execution/m05.log,PASS,PASS,PASS,PASS,PASS,PASS,PASS,PASS,PASS,PASS,PASS,PASS,PASS,PASS,PASS,PASS,PASS,PASS,PASS,PASS,PASS,PASS,PASS,PASS,PASS,PASS,PASS,PASS,PASS,PASS,PASS,PASS,PASS,PASS,PASS,PASS,PASS,PASS,PASS,PASS,PASS,PASS,PASS,PASS,PASS,PASS,PASS,PASS,PASS,PASS,PASS,PASS,PASS,PASS,PASS,PASS,PASS,PASS,PASS,PASS,PASS,PASS,PASS,PASS,PASS,PASS,PASS,PASS,PASS,PASS,PASS,PASS,PASS,PASS,PASS,PASS,PASS,PASS,PASS,PASS,PASS,PASS,PASS,PASS,PASS,PASS,PASS,PASS,PASS,PASS,PASS,PASS
Cli,Cli_1,batch09__Cli_1__option__cli_1f_option_line48,cli_1f_option__line48,option,m06,,SUCCESS,PASS,False,True,0,0,harness/runs/batch09__Cli_1__option__cli_1f_option_line48/execution/m06.log,PASS,PASS,PASS,PASS,PASS,PASS,PASS,PASS,PASS,PASS,PASS,PASS,PASS,PASS,PASS,PASS,PASS,PASS,PASS,PASS,PASS,PASS,PASS,PASS,PASS,PASS,PASS,PASS,PASS,PASS,PASS,PASS,PASS,PASS,PASS,PASS,PASS,PASS,PASS,PASS,PASS,PASS,PASS,PASS,PASS,PASS,PASS,PASS,PASS,PASS,PASS,PASS,PASS,PASS,PASS,PASS,PASS,PASS,PASS,PASS,PASS,PASS,PASS,PASS,PASS,PASS,PASS,PASS,PASS,PASS,PASS,PASS,PASS,PASS,PASS,PASS,PASS,PASS,PASS,PASS,PASS,PASS,PASS,PASS,PASS,PASS,PASS,PASS,PASS,PASS,PASS,PASS
Cli,Cli_1,batch09__Cli_1__option__cli_1f_option_line48,cli_1f_option__line48,option,m07,,SUCCESS,PASS,False,True,0,0,harness/runs/batch09__Cli_1__option__cli_1f_option_line48/execution/m07.log,PASS,PASS,PASS,PASS,PASS,PASS,PASS,PASS,PASS,PASS,PASS,PASS,PASS,PASS,PASS,PASS,PASS,PASS,PASS,PASS,PASS,PASS,PASS,PASS,PASS,PASS,PASS,PASS,PASS,PASS,PASS,PASS,PASS,PASS,PASS,PASS,PASS,PASS,PASS,PASS,PASS,PASS,PASS,PASS,PASS,PASS,PASS,PASS,PASS,PASS,PASS,PASS,PASS,PASS,PASS,PASS,PASS,PASS,PASS,PASS,PASS,PASS,PASS,PASS,PASS,PASS,PASS,PASS,PASS,PASS,PASS,PASS,PASS,PASS,PASS,PASS,PASS,PASS,PASS,PASS,PASS,PASS,PASS,PASS,PASS,PASS,PASS,PASS,PASS,PASS,PASS,PASS
Cli,Cli_1,batch09__Cli_1__option__cli_1f_option_line48,cli_1f_option__line48,option,m08,,SUCCESS,PASS,False,True,0,0,harness/runs/batch09__Cli_1__option__cli_1f_option_line48/execution/m08.log,PASS,PASS,PASS,PASS,PASS,PASS,PASS,PASS,PASS,PASS,PASS,PASS,PASS,PASS,PASS,PASS,PASS,PASS,PASS,PASS,PASS,PASS,PASS,PASS,PASS,PASS,PASS,PASS,PASS,PASS,PASS,PASS,PASS,PASS,PASS,PASS,PASS,PASS,PASS,PASS,PASS,PASS,PASS,PASS,PASS,PASS,PASS,PASS,PASS,PASS,PASS,PASS,PASS,PASS,PASS,PASS,PASS,PASS,PASS,PASS,PASS,PASS,PASS,PASS,PASS,PASS,PASS,PASS,PASS,PASS,PASS,PASS,PASS,PASS,PASS,PASS,PASS,PASS,PASS,PASS,PASS,PASS,PASS,PASS,PASS,PASS,PASS,PASS,PASS,PASS,PASS,PASS
Cli,Cli_1,batch09__Cli_1__processArgs__cli_1f_processArgs_line314,cli_1f_processArgs__line314,processArgs,m01,,SUCCESS,FAIL,True,True,0,2,harness/runs/batch09__Cli_1__processArgs__cli_1f_processArgs_line314/execution/m01.log,PASS,PASS,PASS,FAIL,FAIL,PASS,PASS,PASS,PASS,PASS,PASS,PASS,PASS,PASS,PASS,PASS,PASS,PASS,PASS,PASS,PASS,PASS,PASS,PASS,PASS,PASS,PASS,PASS,PASS,PASS,PASS,PASS,PASS,PASS,PASS,PASS,PASS,PASS,PASS,PASS,PASS,PASS,PASS,PASS,PASS,PASS,PASS,PASS,PASS,PASS,PASS,PASS,PASS,PASS,PASS,PASS,PASS,PASS,PASS,PASS,PASS,PASS,PASS,PASS,PASS,PASS,PASS,PASS,PASS,PASS,PASS,PASS,PASS,PASS,PASS,PASS,PASS,PASS,PASS,PASS,PASS,PASS,PASS,PASS,PASS,PASS,PASS,PASS,PASS,PASS,PASS,PASS
Cli,Cli_1,batch09__Cli_1__processArgs__cli_1f_processArgs_line314,cli_1f_processArgs__line314,processArgs,m02,,SUCCESS,FAIL,True,True,0,4,harness/runs/batch09__Cli_1__processArgs__cli_1f_processArgs_line314/execution/m02.log,PASS,PASS,PASS,FAIL,FAIL,PASS,PASS,PASS,PASS,PASS,PASS,PASS,PASS,PASS,PASS,PASS,PASS,PASS,PASS,PASS,PASS,PASS,PASS,PASS,PASS,PASS,PASS,PASS,PASS,FAIL,PASS,PASS,PASS,PASS,PASS,PASS,PASS,PASS,PASS,PASS,PASS,PASS,PASS,PASS,PASS,PASS,PASS,PASS,PASS,PASS,PASS,PASS,PASS,PASS,PASS,PASS,PASS,PASS,PASS,PASS,FAIL,PASS,PASS,PASS,PASS,PASS,PASS,PASS,PASS,PASS,PASS,PASS,PASS,PASS,PASS,PASS,PASS,PASS,PASS,PASS,PASS,PASS,PASS,PASS,PASS,PASS,PASS,PASS,PASS,PASS,PASS,PASS
Cli,Cli_1,batch09__Cli_1__processArgs__cli_1f_processArgs_line314,cli_1f_processArgs__line314,processArgs,m03,,SUCCESS,FAIL,True,True,0,10,harness/runs/batch09__Cli_1__processArgs__cli_1f_processArgs_line314/execution/m03.log,PASS,PASS,PASS,PASS,PASS,PASS,PASS,PASS,PASS,PASS,PASS,PASS,PASS,PASS,FAIL,PASS,PASS,PASS,PASS,PASS,PASS,PASS,PASS,PASS,PASS,PASS,PASS,FAIL,FAIL,PASS,PASS,PASS,PASS,PASS,PASS,PASS,PASS,PASS,PASS,PASS,PASS,PASS,PASS,PASS,PASS,PASS,PASS,PASS,PASS,PASS,PASS,PASS,FAIL,PASS,PASS,PASS,PASS,PASS,FAIL,FAIL,PASS,PASS,PASS,PASS,PASS,PASS,PASS,PASS,PASS,PASS,FAIL,PASS,PASS,PASS,PASS,PASS,PASS,PASS,PASS,PASS,PASS,FAIL,PASS,PASS,FAIL,FAIL,PASS,PASS,PASS,PASS,PASS,PASS
Cli,Cli_1,batch09__Cli_1__processArgs__cli_1f_processArgs_line314,cli_1f_processArgs__line314,processArgs,m04,,SUCCESS,FAIL,True,True,0,47,harness/runs/batch09__Cli_1__processArgs__cli_1f_processArgs_line314/execution/m04.log,FAIL,FAIL,PASS,FAIL,FAIL,FAIL,PASS,FAIL,FAIL,PASS,PASS,PASS,PASS,PASS,FAIL,FAIL,PASS,PASS,PASS,PASS,PASS,PASS,PASS,PASS,PASS,FAIL,FAIL,FAIL,FAIL,FAIL,PASS,PASS,PASS,PASS,PASS,PASS,PASS,PASS,PASS,PASS,PASS,PASS,PASS,PASS,PASS,PASS,PASS,PASS,PASS,PASS,FAIL,FAIL,FAIL,PASS,PASS,PASS,FAIL,FAIL,FAIL,FAIL,FAIL,PASS,FAIL,PASS,PASS,PASS,PASS,FAIL,FAIL,FAIL,FAIL,FAIL,FAIL,FAIL,FAIL,FAIL,FAIL,FAIL,FAIL,FAIL,FAIL,FAIL,FAIL,FAIL,FAIL,FAIL,FAIL,FAIL,FAIL,FAIL,FAIL,PASS
Cli,Cli_1,batch09__Cli_1__processArgs__cli_1f_processArgs_line314,cli_1f_processArgs__line314,processArgs,m05,,SUCCESS,FAIL,True,True,0,14,harness/runs/batch09__Cli_1__processArgs__cli_1f_processArgs_line314/execution/m05.log,FAIL,PASS,PASS,PASS,PASS,FAIL,PASS,FAIL,PASS,PASS,PASS,PASS,PASS,PASS,PASS,PASS,PASS,PASS,PASS,PASS,PASS,PASS,PASS,PASS,PASS,PASS,PASS,PASS,PASS,FAIL,PASS,PASS,PASS,PASS,PASS,PASS,PASS,PASS,PASS,PASS,PASS,PASS,PASS,PASS,PASS,PASS,PASS,PASS,PASS,PASS,PASS,PASS,PASS,PASS,PASS,PASS,PASS,PASS,PASS,PASS,FAIL,PASS,FAIL,PASS,PASS,PASS,PASS,FAIL,PASS,PASS,PASS,PASS,FAIL,PASS,PASS,PASS,FAIL,PASS,PASS,PASS,PASS,PASS,PASS,FAIL,FAIL,FAIL,PASS,FAIL,FAIL,PASS,PASS,PASS
Cli,Cli_1,batch09__Cli_1__processArgs__cli_1f_processArgs_line314,cli_1f_processArgs__line314,processArgs,m06,,SUCCESS,FAIL,True,True,0,0,harness/runs/batch09__Cli_1__processArgs__cli_1f_processArgs_line314/execution/m06.log,PASS,PASS,PASS,PASS,PASS,PASS,PASS,PASS,PASS,PASS,PASS,PASS,PASS,PASS,PASS,PASS,PASS,PASS,PASS,PASS,PASS,PASS,PASS,PASS,PASS,PASS,PASS,PASS,PASS,PASS,PASS,PASS,PASS,PASS,PASS,PASS,PASS,PASS,PASS,PASS,PASS,PASS,PASS,PASS,PASS,PASS,PASS,PASS,PASS,PASS,PASS,PASS,PASS,PASS,PASS,PASS,PASS,PASS,PASS,PASS,PASS,PASS,PASS,PASS,PASS,PASS,PASS,PASS,PASS,PASS,PASS,PASS,PASS,PASS,PASS,PASS,PASS,PASS,PASS,PASS,PASS,PASS,PASS,PASS,PASS,PASS,PASS,PASS,PASS,PASS,PASS,PASS
Cli,Cli_1,batch09__Cli_1__processArgs__cli_1f_processArgs_line314,cli_1f_processArgs__line314,processArgs,m08,,SUCCESS,FAIL,True,True,0,12,harness/runs/batch09__Cli_1__processArgs__cli_1f_processArgs_line314/execution/m08.log,FAIL,PASS,PASS,PASS,PASS,FAIL,PASS,FAIL,PASS,PASS,FAIL,PASS,PASS,PASS,PASS,PASS,PASS,PASS,PASS,PASS,PASS,PASS,PASS,PASS,PASS,PASS,PASS,PASS,PASS,FAIL,PASS,PASS,PASS,PASS,PASS,PASS,PASS,PASS,PASS,PASS,PASS,PASS,PASS,PASS,PASS,PASS,PASS,PASS,PASS,PASS,PASS,PASS,PASS,PASS,PASS,PASS,PASS,PASS,PASS,PASS,FAIL,PASS,PASS,PASS,PASS,PASS,PASS,PASS,PASS,PASS,PASS,PASS,PASS,PASS,PASS,PASS,FAIL,PASS,PASS,PASS,PASS,PASS,PASS,FAIL,FAIL,FAIL,FAIL,PASS,PASS,FAIL,PASS,PASS
Cli,Cli_1,batch09__Cli_1__processProperties__cli_1f_processProperties_line228,cli_1f_processProperties__line228,processProperties,m01,,SUCCESS,FAIL,True,True,0,66,harness/runs/batch09__Cli_1__processProperties__cli_1f_processProperties_line228/execution/m01.log,FAIL,FAIL,FAIL,FAIL,FAIL,FAIL,FAIL,FAIL,FAIL,FAIL,PASS,PASS,FAIL,FAIL,FAIL,FAIL,PASS,FAIL,PASS,PASS,PASS,PASS,FAIL,PASS,PASS,FAIL,FAIL,FAIL,FAIL,FAIL,FAIL,PASS,PASS,PASS,PASS,PASS,PASS,PASS,FAIL,FAIL,FAIL,FAIL,PASS,FAIL,PASS,FAIL,FAIL,FAIL,PASS,FAIL,FAIL,FAIL,FAIL,FAIL,PASS,PASS,FAIL,FAIL,FAIL,FAIL,FAIL,FAIL,FAIL,PASS,PASS,PASS,PASS,FAIL,FAIL,FAIL,FAIL,FAIL,FAIL,FAIL,FAIL,FAIL,FAIL,FAIL,FAIL,FAIL,FAIL,FAIL,FAIL,FAIL,FAIL,FAIL,FAIL,FAIL,FAIL,FAIL,FAIL,PASS
Cli,Cli_1,batch09__Cli_1__processProperties__cli_1f_processProperties_line228,cli_1f_processProperties__line228,processProperties,m02,,SUCCESS,FAIL,True,True,0,4,harness/runs/batch09__Cli_1__processProperties__cli_1f_processProperties_line228/execution/m02.log,PASS,PASS,PASS,PASS,PASS,PASS,PASS,PASS,PASS,PASS,PASS,PASS,PASS,PASS,PASS,PASS,PASS,FAIL,PASS,PASS,PASS,PASS,PASS,PASS,PASS,PASS,PASS,PASS,PASS,PASS,PASS,PASS,PASS,PASS,PASS,PASS,PASS,PASS,PASS,PASS,PASS,PASS,PASS,PASS,PASS,PASS,PASS,PASS,PASS,PASS,PASS,PASS,PASS,PASS,PASS,PASS,PASS,PASS,PASS,PASS,PASS,PASS,PASS,PASS,PASS,PASS,PASS,PASS,PASS,PASS,PASS,PASS,PASS,FAIL,FAIL,FAIL,PASS,PASS,PASS,PASS,PASS,PASS,PASS,PASS,PASS,PASS,PASS,PASS,PASS,PASS,PASS,PASS
Cli,Cli_1,batch09__Cli_1__processProperties__cli_1f_processProperties_line228,cli_1f_processProperties__line228,processProperties,m03,,SUCCESS,FAIL,True,True,0,4,harness/runs/batch09__Cli_1__processProperties__cli_1f_processProperties_line228/execution/m03.log,PASS,PASS,PASS,PASS,PASS,PASS,PASS,PASS,PASS,PASS,PASS,PASS,PASS,PASS,PASS,PASS,PASS,FAIL,PASS,PASS,PASS,PASS,PASS,PASS,PASS,PASS,PASS,PASS,PASS,PASS,PASS,PASS,PASS,PASS,PASS,PASS,PASS,PASS,PASS,PASS,PASS,PASS,PASS,PASS,PASS,PASS,PASS,PASS,PASS,PASS,PASS,PASS,PASS,PASS,PASS,PASS,PASS,PASS,PASS,PASS,PASS,PASS,PASS,PASS,PASS,PASS,PASS,PASS,PASS,PASS,PASS,PASS,PASS,FAIL,FAIL,FAIL,PASS,PASS,PASS,PASS,PASS,PASS,PASS,PASS,PASS,PASS,PASS,PASS,PASS,PASS,PASS,PASS
Cli,Cli_1,batch09__Cli_1__processProperties__cli_1f_processProperties_line228,cli_1f_processProperties__line228,processProperties,m06,,SUCCESS,FAIL,True,True,0,1,harness/runs/batch09__Cli_1__processProperties__cli_1f_processProperties_line228/execution/m06.log,PASS,PASS,PASS,PASS,PASS,PASS,PASS,PASS,PASS,PASS,PASS,PASS,PASS,PASS,PASS,PASS,PASS,PASS,PASS,PASS,PASS,PASS,PASS,PASS,PASS,PASS,PASS,PASS,PASS,PASS,PASS,PASS,PASS,PASS,PASS,PASS,PASS,PASS,PASS,PASS,PASS,PASS,PASS,PASS,PASS,PASS,PASS,PASS,PASS,PASS,PASS,PASS,PASS,PASS,PASS,PASS,PASS,PASS,PASS,PASS,PASS,PASS,PASS,PASS,PASS,PASS,PASS,PASS,PASS,PASS,PASS,PASS,PASS,FAIL,PASS,PASS,PASS,PASS,PASS,PASS,PASS,PASS,PASS,PASS,PASS,PASS,PASS,PASS,PASS,PASS,PASS,PASS
Cli,Cli_1,batch09__Cli_1__processProperties__cli_1f_processProperties_line228,cli_1f_processProperties__line228,processProperties,m08,,SUCCESS,FAIL,True,True,0,4,harness/runs/batch09__Cli_1__processProperties__cli_1f_processProperties_line228/execution/m08.log,PASS,PASS,PASS,PASS,PASS,PASS,PASS,PASS,PASS,PASS,PASS,PASS,PASS,PASS,PASS,PASS,PASS,FAIL,PASS,PASS,PASS,PASS,PASS,PASS,PASS,PASS,PASS,PASS,PASS,PASS,PASS,PASS,PASS,PASS,PASS,PASS,PASS,PASS,PASS,PASS,PASS,PASS,PASS,PASS,PASS,PASS,PASS,PASS,PASS,PASS,PASS,PASS,PASS,PASS,PASS,PASS,PASS,PASS,PASS,PASS,PASS,PASS,PASS,PASS,PASS,PASS,PASS,PASS,PASS,PASS,PASS,PASS,PASS,FAIL,FAIL,FAIL,PASS,PASS,PASS,PASS,PASS,PASS,PASS,PASS,PASS,PASS,PASS,PASS,PASS,PASS,PASS,PASS
Cli,Cli_1,batch09__Cli_1__validateOption__cli_1f_validateOption_line40,cli_1f_validateOption__line40,validateOption,m01,,SUCCESS,FAIL,True,True,0,30,harness/runs/batch09__Cli_1__validateOption__cli_1f_validateOption_line40/execution/m01.log,PASS,FAIL,PASS,PASS,PASS,PASS,FAIL,PASS,PASS,PASS,PASS,PASS,PASS,PASS,PASS,PASS,PASS,PASS,PASS,PASS,PASS,PASS,PASS,PASS,PASS,PASS,PASS,PASS,PASS,PASS,PASS,PASS,PASS,PASS,PASS,PASS,PASS,PASS,FAIL,FAIL,FAIL,FAIL,FAIL,FAIL,FAIL,FAIL,FAIL,FAIL,FAIL,PASS,PASS,PASS,PASS,PASS,PASS,PASS,PASS,PASS,PASS,PASS,PASS,PASS,PASS,PASS,PASS,PASS,PASS,FAIL,FAIL,FAIL,FAIL,FAIL,FAIL,FAIL,FAIL,FAIL,FAIL,FAIL,FAIL,FAIL,FAIL,FAIL,FAIL,PASS,PASS,PASS,PASS,PASS,PASS,PASS,PASS,FAIL
Cli,Cli_1,batch09__Cli_1__validateOption__cli_1f_validateOption_line40,cli_1f_validateOption__line40,validateOption,m02,,SUCCESS,FAIL,True,True,0,87,harness/runs/batch09__Cli_1__validateOption__cli_1f_validateOption_line40/execution/m02.log,FAIL,FAIL,FAIL,FAIL,FAIL,FAIL,PASS,FAIL,FAIL,PASS,FAIL,FAIL,FAIL,FAIL,FAIL,FAIL,PASS,FAIL,FAIL,FAIL,FAIL,FAIL,FAIL,FAIL,FAIL,FAIL,FAIL,FAIL,FAIL,FAIL,FAIL,FAIL,FAIL,FAIL,FAIL,FAIL,FAIL,FAIL,FAIL,FAIL,FAIL,FAIL,FAIL,FAIL,FAIL,FAIL,FAIL,FAIL,FAIL,FAIL,FAIL,FAIL,FAIL,FAIL,FAIL,FAIL,FAIL,FAIL,FAIL,FAIL,FAIL,FAIL,FAIL,FAIL,PASS,FAIL,PASS,FAIL,FAIL,FAIL,FAIL,FAIL,FAIL,FAIL,FAIL,FAIL,FAIL,FAIL,FAIL,FAIL,FAIL,FAIL,FAIL,FAIL,FAIL,FAIL,FAIL,FAIL,FAIL,FAIL,FAIL,FAIL
Cli,Cli_1,batch09__Cli_1__validateOption__cli_1f_validateOption_line40,cli_1f_validateOption__line40,validateOption,m03,,SUCCESS,FAIL,True,True,0,7,harness/runs/batch09__Cli_1__validateOption__cli_1f_validateOption_line40/execution/m03.log,FAIL,PASS,FAIL,FAIL,FAIL,PASS,PASS,PASS,PASS,FAIL,PASS,PASS,PASS,FAIL,PASS,PASS,PASS,PASS,PASS,PASS,PASS,PASS,PASS,PASS,PASS,PASS,PASS,PASS,PASS,PASS,PASS,PASS,PASS,PASS,FAIL,PASS,PASS,PASS,PASS,PASS,PASS,PASS,PASS,PASS,PASS,PASS,PASS,PASS,PASS,PASS,PASS,PASS,PASS,PASS,PASS,PASS,PASS,PASS,PASS,PASS,PASS,PASS,PASS,PASS,PASS,PASS,PASS,PASS,PASS,PASS,PASS,PASS,PASS,PASS,PASS,PASS,PASS,PASS,PASS,PASS,PASS,PASS,PASS,PASS,PASS,PASS,PASS,PASS,PASS,PASS,PASS,PASS
Cli,Cli_1,batch09__Cli_1__validateOption__cli_1f_validateOption_line40,cli_1f_validateOption__line40,validateOption,m04,,SUCCESS,FAIL,True,True,0,2,harness/runs/batch09__Cli_1__validateOption__cli_1f_validateOption_line40/execution/m04.log,PASS,PASS,PASS,PASS,PASS,PASS,PASS,PASS,PASS,PASS,PASS,PASS,PASS,PASS,PASS,PASS,PASS,PASS,PASS,PASS,PASS,PASS,PASS,PASS,PASS,PASS,PASS,PASS,PASS,PASS,PASS,PASS,PASS,PASS,FAIL,PASS,FAIL,PASS,PASS,PASS,PASS,PASS,PASS,PASS,PASS,PASS,PASS,PASS,PASS,PASS,PASS,PASS,PASS,PASS,PASS,PASS,PASS,PASS,PASS,PASS,PASS,PASS,PASS,PASS,PASS,PASS,PASS,PASS,PASS,PASS,PASS,PASS,PASS,PASS,PASS,PASS,PASS,PASS,PASS,PASS,PASS,PASS,PASS,PASS,PASS,PASS,PASS,PASS,PASS,PASS,PASS,PASS
Cli,Cli_1,batch09__Cli_1__validateOption__cli_1f_validateOption_line40,cli_1f_validateOption__line40,validateOption,m05,,SUCCESS,FAIL,True,True,0,87,harness/runs/batch09__Cli_1__validateOption__cli_1f_validateOption_line40/execution/m05.log,FAIL,FAIL,FAIL,FAIL,FAIL,FAIL,PASS,FAIL,FAIL,PASS,FAIL,FAIL,FAIL,FAIL,FAIL,FAIL,PASS,FAIL,FAIL,FAIL,FAIL,FAIL,FAIL,FAIL,FAIL,FAIL,FAIL,FAIL,FAIL,FAIL,FAIL,FAIL,FAIL,FAIL,FAIL,FAIL,FAIL,FAIL,FAIL,FAIL,FAIL,FAIL,FAIL,FAIL,FAIL,FAIL,FAIL,FAIL,FAIL,FAIL,FAIL,FAIL,FAIL,FAIL,FAIL,FAIL,FAIL,FAIL,FAIL,FAIL,FAIL,FAIL,FAIL,FAIL,PASS,FAIL,PASS,FAIL,FAIL,FAIL,FAIL,FAIL,FAIL,FAIL,FAIL,FAIL,FAIL,FAIL,FAIL,FAIL,FAIL,FAIL,FAIL,FAIL,FAIL,FAIL,FAIL,FAIL,FAIL,FAIL,FAIL,FAIL
Cli,Cli_1,batch09__Cli_1__validateOption__cli_1f_validateOption_line40,cli_1f_validateOption__line40,validateOption,m07,,FAIL,NOT_RUN,False,False,0,0,harness/runs/batch09__Cli_1__validateOption__cli_1f_validateOption_line40/execution/m07.log,BUILD_FAIL,BUILD_FAIL,BUILD_FAIL,BUILD_FAIL,BUILD_FAIL,BUILD_FAIL,BUILD_FAIL,BUILD_FAIL,BUILD_FAIL,BUILD_FAIL,BUILD_FAIL,BUILD_FAIL,BUILD_FAIL,BUILD_FAIL,BUILD_FAIL,BUILD_FAIL,BUILD_FAIL,BUILD_FAIL,BUILD_FAIL,BUILD_FAIL,BUILD_FAIL,BUILD_FAIL,BUILD_FAIL,BUILD_FAIL,BUILD_FAIL,BUILD_FAIL,BUILD_FAIL,BUILD_FAIL,BUILD_FAIL,BUILD_FAIL,BUILD_FAIL,BUILD_FAIL,BUILD_FAIL,BUILD_FAIL,BUILD_FAIL,BUILD_FAIL,BUILD_FAIL,BUILD_FAIL,BUILD_FAIL,BUILD_FAIL,BUILD_FAIL,BUILD_FAIL,BUILD_FAIL,BUILD_FAIL,BUILD_FAIL,BUILD_FAIL,BUILD_FAIL,BUILD_FAIL,BUILD_FAIL,BUILD_FAIL,BUILD_FAIL,BUILD_FAIL,BUILD_FAIL,BUILD_FAIL,BUILD_FAIL,BUILD_FAIL,BUILD_FAIL,BUILD_FAIL,BUILD_FAIL,BUILD_FAIL,BUILD_FAIL,BUILD_FAIL,BUILD_FAIL,BUILD_FAIL,BUILD_FAIL,BUILD_FAIL,BUILD_FAIL,BUILD_FAIL,BUILD_FAIL,BUILD_FAIL,BUILD_FAIL,BUILD_FAIL,BUILD_FAIL,BUILD_FAIL,BUILD_FAIL,BUILD_FAIL,BUILD_FAIL,BUILD_FAIL,BUILD_FAIL,BUILD_FAIL,BUILD_FAIL,BUILD_FAIL,BUILD_FAIL,BUILD_FAIL,BUILD_FAIL,BUILD_FAIL,BUILD_FAIL,BUILD_FAIL,BUILD_FAIL,BUILD_FAIL,BUILD_FAIL,BUILD_FAIL
Cli,Cli_1,batch09__Cli_1__validateOption__cli_1f_validateOption_line40,cli_1f_validateOption__line40,validateOption,m08,,SUCCESS,FAIL,True,True,0,1,harness/runs/batch09__Cli_1__validateOption__cli_1f_validateOption_line40/execution/m08.log,PASS,PASS,PASS,PASS,PASS,PASS,PASS,PASS,PASS,PASS,PASS,PASS,PASS,PASS,PASS,PASS,PASS,PASS,PASS,PASS,PASS,PASS,PASS,PASS,PASS,PASS,PASS,PASS,PASS,PASS,PASS,PASS,PASS,PASS,FAIL,PASS,PASS,PASS,PASS,PASS,PASS,PASS,PASS,PASS,PASS,PASS,PASS,PASS,PASS,PASS,PASS,PASS,PASS,PASS,PASS,PASS,PASS,PASS,PASS,PASS,PASS,PASS,PASS,PASS,PASS,PASS,PASS,PASS,PASS,PASS,PASS,PASS,PASS,PASS,PASS,PASS,PASS,PASS,PASS,PASS,PASS,PASS,PASS,PASS,PASS,PASS,PASS,PASS,PASS,PASS,PASS,PASS
Cli,Cli_1,batch10__Cli_1__appendOption__cli_1f_appendOption_line530,cli_1f_appendOption__line530,appendOption,m01,,SUCCESS,PASS,False,True,0,0,harness/runs/batch10__Cli_1__appendOption__cli_1f_appendOption_line530/execution/m01.log,PASS,PASS,PASS,PASS,PASS,PASS,PASS,PASS,PASS,PASS,PASS,PASS,PASS,PASS,PASS,PASS,PASS,PASS,PASS,PASS,PASS,PASS,PASS,PASS,PASS,PASS,PASS,PASS,PASS,PASS,PASS,PASS,PASS,PASS,PASS,PASS,PASS,PASS,PASS,PASS,PASS,PASS,PASS,PASS,PASS,PASS,PASS,PASS,PASS,PASS,PASS,PASS,PASS,PASS,PASS,PASS,PASS,PASS,PASS,PASS,PASS,PASS,PASS,PASS,PASS,PASS,PASS,PASS,PASS,PASS,PASS,PASS,PASS,PASS,PASS,PASS,PASS,PASS,PASS,PASS,PASS,PASS,PASS,PASS,PASS,PASS,PASS,PASS,PASS,PASS,PASS,PASS
Cli,Cli_1,batch10__Cli_1__appendOption__cli_1f_appendOption_line530,cli_1f_appendOption__line530,appendOption,m02,,SUCCESS,FAIL,True,True,0,1,harness/runs/batch10__Cli_1__appendOption__cli_1f_appendOption_line530/execution/m02.log,PASS,PASS,PASS,PASS,PASS,PASS,PASS,PASS,PASS,PASS,PASS,PASS,PASS,PASS,PASS,PASS,PASS,PASS,PASS,PASS,PASS,PASS,PASS,PASS,PASS,PASS,PASS,PASS,PASS,PASS,PASS,PASS,PASS,PASS,PASS,PASS,PASS,PASS,PASS,PASS,PASS,PASS,PASS,PASS,PASS,PASS,PASS,PASS,PASS,PASS,PASS,PASS,PASS,PASS,PASS,PASS,PASS,PASS,PASS,PASS,PASS,PASS,PASS,FAIL,PASS,PASS,PASS,PASS,PASS,PASS,PASS,PASS,PASS,PASS,PASS,PASS,PASS,PASS,PASS,PASS,PASS,PASS,PASS,PASS,PASS,PASS,PASS,PASS,PASS,PASS,PASS,PASS
Cli,Cli_1,batch10__Cli_1__appendOption__cli_1f_appendOption_line530,cli_1f_appendOption__line530,appendOption,m03,,SUCCESS,PASS,False,True,0,0,harness/runs/batch10__Cli_1__appendOption__cli_1f_appendOption_line530/execution/m03.log,PASS,PASS,PASS,PASS,PASS,PASS,PASS,PASS,PASS,PASS,PASS,PASS,PASS,PASS,PASS,PASS,PASS,PASS,PASS,PASS,PASS,PASS,PASS,PASS,PASS,PASS,PASS,PASS,PASS,PASS,PASS,PASS,PASS,PASS,PASS,PASS,PASS,PASS,PASS,PASS,PASS,PASS,PASS,PASS,PASS,PASS,PASS,PASS,PASS,PASS,PASS,PASS,PASS,PASS,PASS,PASS,PASS,PASS,PASS,PASS,PASS,PASS,PASS,PASS,PASS,PASS,PASS,PASS,PASS,PASS,PASS,PASS,PASS,PASS,PASS,PASS,PASS,PASS,PASS,PASS,PASS,PASS,PASS,PASS,PASS,PASS,PASS,PASS,PASS,PASS,PASS,PASS
Cli,Cli_1,batch10__Cli_1__appendOption__cli_1f_appendOption_line530,cli_1f_appendOption__line530,appendOption,m04,,SUCCESS,FAIL,True,True,0,1,harness/runs/batch10__Cli_1__appendOption__cli_1f_appendOption_line530/execution/m04.log,PASS,PASS,PASS,PASS,PASS,PASS,PASS,PASS,PASS,PASS,PASS,PASS,PASS,PASS,PASS,PASS,PASS,PASS,PASS,PASS,PASS,PASS,PASS,PASS,PASS,PASS,PASS,PASS,PASS,PASS,PASS,PASS,PASS,PASS,PASS,PASS,PASS,PASS,PASS,PASS,PASS,PASS,PASS,PASS,PASS,PASS,PASS,PASS,PASS,PASS,PASS,PASS,PASS,PASS,PASS,PASS,PASS,PASS,PASS,PASS,PASS,PASS,PASS,FAIL,PASS,PASS,PASS,PASS,PASS,PASS,PASS,PASS,PASS,PASS,PASS,PASS,PASS,PASS,PASS,PASS,PASS,PASS,PASS,PASS,PASS,PASS,PASS,PASS,PASS,PASS,PASS,PASS
Cli,Cli_1,batch10__Cli_1__appendOption__cli_1f_appendOption_line530,cli_1f_appendOption__line530,appendOption,m05,,SUCCESS,PASS,False,True,0,0,harness/runs/batch10__Cli_1__appendOption__cli_1f_appendOption_line530/execution/m05.log,PASS,PASS,PASS,PASS,PASS,PASS,PASS,PASS,PASS,PASS,PASS,PASS,PASS,PASS,PASS,PASS,PASS,PASS,PASS,PASS,PASS,PASS,PASS,PASS,PASS,PASS,PASS,PASS,PASS,PASS,PASS,PASS,PASS,PASS,PASS,PASS,PASS,PASS,PASS,PASS,PASS,PASS,PASS,PASS,PASS,PASS,PASS,PASS,PASS,PASS,PASS,PASS,PASS,PASS,PASS,PASS,PASS,PASS,PASS,PASS,PASS,PASS,PASS,PASS,PASS,PASS,PASS,PASS,PASS,PASS,PASS,PASS,PASS,PASS,PASS,PASS,PASS,PASS,PASS,PASS,PASS,PASS,PASS,PASS,PASS,PASS,PASS,PASS,PASS,PASS,PASS,PASS
Cli,Cli_1,batch10__Cli_1__appendOption__cli_1f_appendOption_line530,cli_1f_appendOption__line530,appendOption,m08,,SUCCESS,PASS,False,True,0,0,harness/runs/batch10__Cli_1__appendOption__cli_1f_appendOption_line530/execution/m08.log,PASS,PASS,PASS,PASS,PASS,PASS,PASS,PASS,PASS,PASS,PASS,PASS,PASS,PASS,PASS,PASS,PASS,PASS,PASS,PASS,PASS,PASS,PASS,PASS,PASS,PASS,PASS,PASS,PASS,PASS,PASS,PASS,PASS,PASS,PASS,PASS,PASS,PASS,PASS,PASS,PASS,PASS,PASS,PASS,PASS,PASS,PASS,PASS,PASS,PASS,PASS,PASS,PASS,PASS,PASS,PASS,PASS,PASS,PASS,PASS,PASS,PASS,PASS,PASS,PASS,PASS,PASS,PASS,PASS,PASS,PASS,PASS,PASS,PASS,PASS,PASS,PASS,PASS,PASS,PASS,PASS,PASS,PASS,PASS,PASS,PASS,PASS,PASS,PASS,PASS,PASS,PASS
Cli,Cli_1,batch10__Cli_1__burstToken__cli_1f_burstToken_line278,cli_1f_burstToken__line278,burstToken,m01,,SUCCESS,FAIL,True,True,0,11,harness/runs/batch10__Cli_1__burstToken__cli_1f_burstToken_line278/execution/m01.log,PASS,PASS,PASS,PASS,PASS,FAIL,PASS,FAIL,PASS,PASS,PASS,PASS,PASS,PASS,PASS,PASS,PASS,PASS,PASS,PASS,PASS,PASS,PASS,PASS,PASS,PASS,PASS,PASS,PASS,PASS,PASS,PASS,PASS,PASS,PASS,PASS,PASS,PASS,PASS,PASS,PASS,PASS,PASS,PASS,PASS,PASS,PASS,PASS,PASS,PASS,PASS,PASS,FAIL,PASS,PASS,PASS,FAIL,PASS,PASS,PASS,PASS,PASS,PASS,PASS,PASS,PASS,PASS,PASS,PASS,PASS,PASS,PASS,PASS,PASS,PASS,PASS,PASS,PASS,PASS,PASS,PASS,PASS,PASS,FAIL,FAIL,FAIL,FAIL,FAIL,FAIL,FAIL,PASS,PASS
Cli,Cli_1,batch10__Cli_1__burstToken__cli_1f_burstToken_line278,cli_1f_burstToken__line278,burstToken,m02,,SUCCESS,FAIL,True,True,0,1,harness/runs/batch10__Cli_1__burstToken__cli_1f_burstToken_line278/execution/m02.log,PASS,PASS,PASS,PASS,PASS,PASS,PASS,PASS,PASS,PASS,PASS,PASS,PASS,PASS,PASS,PASS,PASS,PASS,PASS,PASS,PASS,PASS,PASS,PASS,PASS,PASS,PASS,PASS,PASS,PASS,PASS,PASS,PASS,PASS,PASS,PASS,PASS,PASS,PASS,PASS,PASS,PASS,PASS,PASS,PASS,PASS,PASS,PASS,PASS,PASS,PASS,PASS,PASS,PASS,FAIL,PASS,PASS,PASS,PASS,PASS,PASS,PASS,PASS,PASS,PASS,PASS,PASS,PASS,PASS,PASS,PASS,PASS,PASS,PASS,PASS,PASS,PASS,PASS,PASS,PASS,PASS,PASS,PASS,PASS,PASS,PASS,PASS,PASS,PASS,PASS,PASS,PASS
Cli,Cli_1,batch10__Cli_1__burstToken__cli_1f_burstToken_line278,cli_1f_burstToken__line278,burstToken,m04,,SUCCESS,FAIL,True,True,0,3,harness/runs/batch10__Cli_1__burstToken__cli_1f_burstToken_line278/execution/m04.log,PASS,PASS,PASS,PASS,PASS,PASS,PASS,PASS,PASS,PASS,PASS,PASS,PASS,PASS,PASS,PASS,PASS,PASS,PASS,PASS,PASS,PASS,PASS,PASS,PASS,PASS,PASS,PASS,PASS,PASS,PASS,PASS,PASS,PASS,PASS,PASS,PASS,PASS,PASS,PASS,PASS,PASS,PASS,PASS,PASS,PASS,PASS,PASS,PASS,PASS,PASS,PASS,FAIL,PASS,FAIL,FAIL,PASS,PASS,PASS,PASS,PASS,PASS,PASS,PASS,PASS,PASS,PASS,PASS,PASS,PASS,PASS,PASS,PASS,PASS,PASS,PASS,PASS,PASS,PASS,PASS,PASS,PASS,PASS,PASS,PASS,PASS,PASS,PASS,PASS,PASS,PASS,PASS
Cli,Cli_1,batch10__Cli_1__burstToken__cli_1f_burstToken_line278,cli_1f_burstToken__line278,burstToken,m05,,SUCCESS,FAIL,True,True,0,11,harness/runs/batch10__Cli_1__burstToken__cli_1f_burstToken_line278/execution/m05.log,PASS,PASS,PASS,PASS,PASS,FAIL,PASS,FAIL,PASS,PASS,PASS,PASS,PASS,PASS,PASS,PASS,PASS,PASS,PASS,PASS,PASS,PASS,PASS,PASS,PASS,PASS,PASS,PASS,PASS,PASS,PASS,PASS,PASS,PASS,PASS,PASS,PASS,PASS,PASS,PASS,PASS,PASS,PASS,PASS,PASS,PASS,PASS,PASS,PASS,PASS,PASS,PASS,FAIL,PASS,PASS,PASS,FAIL,PASS,PASS,PASS,PASS,PASS,PASS,PASS,PASS,PASS,PASS,PASS,PASS,PASS,PASS,PASS,PASS,PASS,PASS,PASS,PASS,PASS,PASS,PASS,PASS,PASS,PASS,FAIL,FAIL,FAIL,FAIL,FAIL,FAIL,FAIL,PASS,PASS
Cli,Cli_1,batch10__Cli_1__burstToken__cli_1f_burstToken_line278,cli_1f_burstToken__line278,burstToken,m06,,FAIL,NOT_RUN,False,False,0,0,harness/runs/batch10__Cli_1__burstToken__cli_1f_burstToken_line278/execution/m06.log,BUILD_FAIL,BUILD_FAIL,BUILD_FAIL,BUILD_FAIL,BUILD_FAIL,BUILD_FAIL,BUILD_FAIL,BUILD_FAIL,BUILD_FAIL,BUILD_FAIL,BUILD_FAIL,BUILD_FAIL,BUILD_FAIL,BUILD_FAIL,BUILD_FAIL,BUILD_FAIL,BUILD_FAIL,BUILD_FAIL,BUILD_FAIL,BUILD_FAIL,BUILD_FAIL,BUILD_FAIL,BUILD_FAIL,BUILD_FAIL,BUILD_FAIL,BUILD_FAIL,BUILD_FAIL,BUILD_FAIL,BUILD_FAIL,BUILD_FAIL,BUILD_FAIL,BUILD_FAIL,BUILD_FAIL,BUILD_FAIL,BUILD_FAIL,BUILD_FAIL,BUILD_FAIL,BUILD_FAIL,BUILD_FAIL,BUILD_FAIL,BUILD_FAIL,BUILD_FAIL,BUILD_FAIL,BUILD_FAIL,BUILD_FAIL,BUILD_FAIL,BUILD_FAIL,BUILD_FAIL,BUILD_FAIL,BUILD_FAIL,BUILD_FAIL,BUILD_FAIL,BUILD_FAIL,BUILD_FAIL,BUILD_FAIL,BUILD_FAIL,BUILD_FAIL,BUILD_FAIL,BUILD_FAIL,BUILD_FAIL,BUILD_FAIL,BUILD_FAIL,BUILD_FAIL,BUILD_FAIL,BUILD_FAIL,BUILD_FAIL,BUILD_FAIL,BUILD_FAIL,BUILD_FAIL,BUILD_FAIL,BUILD_FAIL,BUILD_FAIL,BUILD_FAIL,BUILD_FAIL,BUILD_FAIL,BUILD_FAIL,BUILD_FAIL,BUILD_FAIL,BUILD_FAIL,BUILD_FAIL,BUILD_FAIL,BUILD_FAIL,BUILD_FAIL,BUILD_FAIL,BUILD_FAIL,BUILD_FAIL,BUILD_FAIL,BUILD_FAIL,BUILD_FAIL,BUILD_FAIL,BUILD_FAIL,BUILD_FAIL
Cli,Cli_1,batch10__Cli_1__burstToken__cli_1f_burstToken_line278,cli_1f_burstToken__line278,burstToken,m07,,SUCCESS,PASS,False,True,0,0,harness/runs/batch10__Cli_1__burstToken__cli_1f_burstToken_line278/execution/m07.log,PASS,PASS,PASS,PASS,PASS,PASS,PASS,PASS,PASS,PASS,PASS,PASS,PASS,PASS,PASS,PASS,PASS,PASS,PASS,PASS,PASS,PASS,PASS,PASS,PASS,PASS,PASS,PASS,PASS,PASS,PASS,PASS,PASS,PASS,PASS,PASS,PASS,PASS,PASS,PASS,PASS,PASS,PASS,PASS,PASS,PASS,PASS,PASS,PASS,PASS,PASS,PASS,PASS,PASS,PASS,PASS,PASS,PASS,PASS,PASS,PASS,PASS,PASS,PASS,PASS,PASS,PASS,PASS,PASS,PASS,PASS,PASS,PASS,PASS,PASS,PASS,PASS,PASS,PASS,PASS,PASS,PASS,PASS,PASS,PASS,PASS,PASS,PASS,PASS,PASS,PASS,PASS
Cli,Cli_1,batch10__Cli_1__burstToken__cli_1f_burstToken_line278,cli_1f_burstToken__line278,burstToken,m08,,FAIL,NOT_RUN,False,False,0,0,harness/runs/batch10__Cli_1__burstToken__cli_1f_burstToken_line278/execution/m08.log,BUILD_FAIL,BUILD_FAIL,BUILD_FAIL,BUILD_FAIL,BUILD_FAIL,BUILD_FAIL,BUILD_FAIL,BUILD_FAIL,BUILD_FAIL,BUILD_FAIL,BUILD_FAIL,BUILD_FAIL,BUILD_FAIL,BUILD_FAIL,BUILD_FAIL,BUILD_FAIL,BUILD_FAIL,BUILD_FAIL,BUILD_FAIL,BUILD_FAIL,BUILD_FAIL,BUILD_FAIL,BUILD_FAIL,BUILD_FAIL,BUILD_FAIL,BUILD_FAIL,BUILD_FAIL,BUILD_FAIL,BUILD_FAIL,BUILD_FAIL,BUILD_FAIL,BUILD_FAIL,BUILD_FAIL,BUILD_FAIL,BUILD_FAIL,BUILD_FAIL,BUILD_FAIL,BUILD_FAIL,BUILD_FAIL,BUILD_FAIL,BUILD_FAIL,BUILD_FAIL,BUILD_FAIL,BUILD_FAIL,BUILD_FAIL,BUILD_FAIL,BUILD_FAIL,BUILD_FAIL,BUILD_FAIL,BUILD_FAIL,BUILD_FAIL,BUILD_FAIL,BUILD_FAIL,BUILD_FAIL,BUILD_FAIL,BUILD_FAIL,BUILD_FAIL,BUILD_FAIL,BUILD_FAIL,BUILD_FAIL,BUILD_FAIL,BUILD_FAIL,BUILD_FAIL,BUILD_FAIL,BUILD_FAIL,BUILD_FAIL,BUILD_FAIL,BUILD_FAIL,BUILD_FAIL,BUILD_FAIL,BUILD_FAIL,BUILD_FAIL,BUILD_FAIL,BUILD_FAIL,BUILD_FAIL,BUILD_FAIL,BUILD_FAIL,BUILD_FAIL,BUILD_FAIL,BUILD_FAIL,BUILD_FAIL,BUILD_FAIL,BUILD_FAIL,BUILD_FAIL,BUILD_FAIL,BUILD_FAIL,BUILD_FAIL,BUILD_FAIL,BUILD_FAIL,BUILD_FAIL,BUILD_FAIL,BUILD_FAIL
Cli,Cli_1,batch10__Cli_1__createValue__cli_1f_createValue_line61,cli_1f_createValue__line61,createValue,m01,,SUCCESS,PASS,False,True,0,0,harness/runs/batch10__Cli_1__createValue__cli_1f_createValue_line61/execution/m01.log,PASS,PASS,PASS,PASS,PASS,PASS,PASS,PASS,PASS,PASS,PASS,PASS,PASS,PASS,PASS,PASS,PASS,PASS,PASS,PASS,PASS,PASS,PASS,PASS,PASS,PASS,PASS,PASS,PASS,PASS,PASS,PASS,PASS,PASS,PASS,PASS,PASS,PASS,PASS,PASS,PASS,PASS,PASS,PASS,PASS,PASS,PASS,PASS,PASS,PASS,PASS,PASS,PASS,PASS,PASS,PASS,PASS,PASS,PASS,PASS,PASS,PASS,PASS,PASS,PASS,PASS,PASS,PASS,PASS,PASS,PASS,PASS,PASS,PASS,PASS,PASS,PASS,PASS,PASS,PASS,PASS,PASS,PASS,PASS,PASS,PASS,PASS,PASS,PASS,PASS,PASS,PASS
Cli,Cli_1,batch10__Cli_1__createValue__cli_1f_createValue_line61,cli_1f_createValue__line61,createValue,m02,,SUCCESS,PASS,False,True,0,0,harness/runs/batch10__Cli_1__createValue__cli_1f_createValue_line61/execution/m02.log,PASS,PASS,PASS,PASS,PASS,PASS,PASS,PASS,PASS,PASS,PASS,PASS,PASS,PASS,PASS,PASS,PASS,PASS,PASS,PASS,PASS,PASS,PASS,PASS,PASS,PASS,PASS,PASS,PASS,PASS,PASS,PASS,PASS,PASS,PASS,PASS,PASS,PASS,PASS,PASS,PASS,PASS,PASS,PASS,PASS,PASS,PASS,PASS,PASS,PASS,PASS,PASS,PASS,PASS,PASS,PASS,PASS,PASS,PASS,PASS,PASS,PASS,PASS,PASS,PASS,PASS,PASS,PASS,PASS,PASS,PASS,PASS,PASS,PASS,PASS,PASS,PASS,PASS,PASS,PASS,PASS,PASS,PASS,PASS,PASS,PASS,PASS,PASS,PASS,PASS,PASS,PASS
Cli,Cli_1,batch10__Cli_1__equals__cli_1f_equals_line600,cli_1f_equals__line600,equals,m01,,SUCCESS,PASS,False,True,0,0,harness/runs/batch10__Cli_1__equals__cli_1f_equals_line600/execution/m01.log,PASS,PASS,PASS,PASS,PASS,PASS,PASS,PASS,PASS,PASS,PASS,PASS,PASS,PASS,PASS,PASS,PASS,PASS,PASS,PASS,PASS,PASS,PASS,PASS,PASS,PASS,PASS,PASS,PASS,PASS,PASS,PASS,PASS,PASS,PASS,PASS,PASS,PASS,PASS,PASS,PASS,PASS,PASS,PASS,PASS,PASS,PASS,PASS,PASS,PASS,PASS,PASS,PASS,PASS,PASS,PASS,PASS,PASS,PASS,PASS,PASS,PASS,PASS,PASS,PASS,PASS,PASS,PASS,PASS,PASS,PASS,PASS,PASS,PASS,PASS,PASS,PASS,PASS,PASS,PASS,PASS,PASS,PASS,PASS,PASS,PASS,PASS,PASS,PASS,PASS,PASS,PASS
Cli,Cli_1,batch10__Cli_1__equals__cli_1f_equals_line600,cli_1f_equals__line600,equals,m02,,SUCCESS,PASS,False,True,0,0,harness/runs/batch10__Cli_1__equals__cli_1f_equals_line600/execution/m02.log,PASS,PASS,PASS,PASS,PASS,PASS,PASS,PASS,PASS,PASS,PASS,PASS,PASS,PASS,PASS,PASS,PASS,PASS,PASS,PASS,PASS,PASS,PASS,PASS,PASS,PASS,PASS,PASS,PASS,PASS,PASS,PASS,PASS,PASS,PASS,PASS,PASS,PASS,PASS,PASS,PASS,PASS,PASS,PASS,PASS,PASS,PASS,PASS,PASS,PASS,PASS,PASS,PASS,PASS,PASS,PASS,PASS,PASS,PASS,PASS,PASS,PASS,PASS,PASS,PASS,PASS,PASS,PASS,PASS,PASS,PASS,PASS,PASS,PASS,PASS,PASS,PASS,PASS,PASS,PASS,PASS,PASS,PASS,PASS,PASS,PASS,PASS,PASS,PASS,PASS,PASS,PASS
Cli,Cli_1,batch10__Cli_1__equals__cli_1f_equals_line600,cli_1f_equals__line600,equals,m03,,SUCCESS,PASS,False,True,0,0,harness/runs/batch10__Cli_1__equals__cli_1f_equals_line600/execution/m03.log,PASS,PASS,PASS,PASS,PASS,PASS,PASS,PASS,PASS,PASS,PASS,PASS,PASS,PASS,PASS,PASS,PASS,PASS,PASS,PASS,PASS,PASS,PASS,PASS,PASS,PASS,PASS,PASS,PASS,PASS,PASS,PASS,PASS,PASS,PASS,PASS,PASS,PASS,PASS,PASS,PASS,PASS,PASS,PASS,PASS,PASS,PASS,PASS,PASS,PASS,PASS,PASS,PASS,PASS,PASS,PASS,PASS,PASS,PASS,PASS,PASS,PASS,PASS,PASS,PASS,PASS,PASS,PASS,PASS,PASS,PASS,PASS,PASS,PASS,PASS,PASS,PASS,PASS,PASS,PASS,PASS,PASS,PASS,PASS,PASS,PASS,PASS,PASS,PASS,PASS,PASS,PASS
Cli,Cli_1,batch10__Cli_1__equals__cli_1f_equals_line600,cli_1f_equals__line600,equals,m04,,SUCCESS,PASS,False,True,0,0,harness/runs/batch10__Cli_1__equals__cli_1f_equals_line600/execution/m04.log,PASS,PASS,PASS,PASS,PASS,PASS,PASS,PASS,PASS,PASS,PASS,PASS,PASS,PASS,PASS,PASS,PASS,PASS,PASS,PASS,PASS,PASS,PASS,PASS,PASS,PASS,PASS,PASS,PASS,PASS,PASS,PASS,PASS,PASS,PASS,PASS,PASS,PASS,PASS,PASS,PASS,PASS,PASS,PASS,PASS,PASS,PASS,PASS,PASS,PASS,PASS,PASS,PASS,PASS,PASS,PASS,PASS,PASS,PASS,PASS,PASS,PASS,PASS,PASS,PASS,PASS,PASS,PASS,PASS,PASS,PASS,PASS,PASS,PASS,PASS,PASS,PASS,PASS,PASS,PASS,PASS,PASS,PASS,PASS,PASS,PASS,PASS,PASS,PASS,PASS,PASS,PASS
Cli,Cli_1,batch10__Cli_1__equals__cli_1f_equals_line600,cli_1f_equals__line600,equals,m05,,FAIL,NOT_RUN,False,False,0,0,harness/runs/batch10__Cli_1__equals__cli_1f_equals_line600/execution/m05.log,BUILD_FAIL,BUILD_FAIL,BUILD_FAIL,BUILD_FAIL,BUILD_FAIL,BUILD_FAIL,BUILD_FAIL,BUILD_FAIL,BUILD_FAIL,BUILD_FAIL,BUILD_FAIL,BUILD_FAIL,BUILD_FAIL,BUILD_FAIL,BUILD_FAIL,BUILD_FAIL,BUILD_FAIL,BUILD_FAIL,BUILD_FAIL,BUILD_FAIL,BUILD_FAIL,BUILD_FAIL,BUILD_FAIL,BUILD_FAIL,BUILD_FAIL,BUILD_FAIL,BUILD_FAIL,BUILD_FAIL,BUILD_FAIL,BUILD_FAIL,BUILD_FAIL,BUILD_FAIL,BUILD_FAIL,BUILD_FAIL,BUILD_FAIL,BUILD_FAIL,BUILD_FAIL,BUILD_FAIL,BUILD_FAIL,BUILD_FAIL,BUILD_FAIL,BUILD_FAIL,BUILD_FAIL,BUILD_FAIL,BUILD_FAIL,BUILD_FAIL,BUILD_FAIL,BUILD_FAIL,BUILD_FAIL,BUILD_FAIL,BUILD_FAIL,BUILD_FAIL,BUILD_FAIL,BUILD_FAIL,BUILD_FAIL,BUILD_FAIL,BUILD_FAIL,BUILD_FAIL,BUILD_FAIL,BUILD_FAIL,BUILD_FAIL,BUILD_FAIL,BUILD_FAIL,BUILD_FAIL,BUILD_FAIL,BUILD_FAIL,BUILD_FAIL,BUILD_FAIL,BUILD_FAIL,BUILD_FAIL,BUILD_FAIL,BUILD_FAIL,BUILD_FAIL,BUILD_FAIL,BUILD_FAIL,BUILD_FAIL,BUILD_FAIL,BUILD_FAIL,BUILD_FAIL,BUILD_FAIL,BUILD_FAIL,BUILD_FAIL,BUILD_FAIL,BUILD_FAIL,BUILD_FAIL,BUILD_FAIL,BUILD_FAIL,BUILD_FAIL,BUILD_FAIL,BUILD_FAIL,BUILD_FAIL,BUILD_FAIL
Cli,Cli_1,batch10__Cli_1__equals__cli_1f_equals_line600,cli_1f_equals__line600,equals,m06,,FAIL,NOT_RUN,False,False,0,0,harness/runs/batch10__Cli_1__equals__cli_1f_equals_line600/execution/m06.log,BUILD_FAIL,BUILD_FAIL,BUILD_FAIL,BUILD_FAIL,BUILD_FAIL,BUILD_FAIL,BUILD_FAIL,BUILD_FAIL,BUILD_FAIL,BUILD_FAIL,BUILD_FAIL,BUILD_FAIL,BUILD_FAIL,BUILD_FAIL,BUILD_FAIL,BUILD_FAIL,BUILD_FAIL,BUILD_FAIL,BUILD_FAIL,BUILD_FAIL,BUILD_FAIL,BUILD_FAIL,BUILD_FAIL,BUILD_FAIL,BUILD_FAIL,BUILD_FAIL,BUILD_FAIL,BUILD_FAIL,BUILD_FAIL,BUILD_FAIL,BUILD_FAIL,BUILD_FAIL,BUILD_FAIL,BUILD_FAIL,BUILD_FAIL,BUILD_FAIL,BUILD_FAIL,BUILD_FAIL,BUILD_FAIL,BUILD_FAIL,BUILD_FAIL,BUILD_FAIL,BUILD_FAIL,BUILD_FAIL,BUILD_FAIL,BUILD_FAIL,BUILD_FAIL,BUILD_FAIL,BUILD_FAIL,BUILD_FAIL,BUILD_FAIL,BUILD_FAIL,BUILD_FAIL,BUILD_FAIL,BUILD_FAIL,BUILD_FAIL,BUILD_FAIL,BUILD_FAIL,BUILD_FAIL,BUILD_FAIL,BUILD_FAIL,BUILD_FAIL,BUILD_FAIL,BUILD_FAIL,BUILD_FAIL,BUILD_FAIL,BUILD_FAIL,BUILD_FAIL,BUILD_FAIL,BUILD_FAIL,BUILD_FAIL,BUILD_FAIL,BUILD_FAIL,BUILD_FAIL,BUILD_FAIL,BUILD_FAIL,BUILD_FAIL,BUILD_FAIL,BUILD_FAIL,BUILD_FAIL,BUILD_FAIL,BUILD_FAIL,BUILD_FAIL,BUILD_FAIL,BUILD_FAIL,BUILD_FAIL,BUILD_FAIL,BUILD_FAIL,BUILD_FAIL,BUILD_FAIL,BUILD_FAIL,BUILD_FAIL
Cli,Cli_1,batch10__Cli_1__equals__cli_1f_equals_line600,cli_1f_equals__line600,equals,m07,,FAIL,NOT_RUN,False,False,0,0,harness/runs/batch10__Cli_1__equals__cli_1f_equals_line600/execution/m07.log,BUILD_FAIL,BUILD_FAIL,BUILD_FAIL,BUILD_FAIL,BUILD_FAIL,BUILD_FAIL,BUILD_FAIL,BUILD_FAIL,BUILD_FAIL,BUILD_FAIL,BUILD_FAIL,BUILD_FAIL,BUILD_FAIL,BUILD_FAIL,BUILD_FAIL,BUILD_FAIL,BUILD_FAIL,BUILD_FAIL,BUILD_FAIL,BUILD_FAIL,BUILD_FAIL,BUILD_FAIL,BUILD_FAIL,BUILD_FAIL,BUILD_FAIL,BUILD_FAIL,BUILD_FAIL,BUILD_FAIL,BUILD_FAIL,BUILD_FAIL,BUILD_FAIL,BUILD_FAIL,BUILD_FAIL,BUILD_FAIL,BUILD_FAIL,BUILD_FAIL,BUILD_FAIL,BUILD_FAIL,BUILD_FAIL,BUILD_FAIL,BUILD_FAIL,BUILD_FAIL,BUILD_FAIL,BUILD_FAIL,BUILD_FAIL,BUILD_FAIL,BUILD_FAIL,BUILD_FAIL,BUILD_FAIL,BUILD_FAIL,BUILD_FAIL,BUILD_FAIL,BUILD_FAIL,BUILD_FAIL,BUILD_FAIL,BUILD_FAIL,BUILD_FAIL,BUILD_FAIL,BUILD_FAIL,BUILD_FAIL,BUILD_FAIL,BUILD_FAIL,BUILD_FAIL,BUILD_FAIL,BUILD_FAIL,BUILD_FAIL,BUILD_FAIL,BUILD_FAIL,BUILD_FAIL,BUILD_FAIL,BUILD_FAIL,BUILD_FAIL,BUILD_FAIL,BUILD_FAIL,BUILD_FAIL,BUILD_FAIL,BUILD_FAIL,BUILD_FAIL,BUILD_FAIL,BUILD_FAIL,BUILD_FAIL,BUILD_FAIL,BUILD_FAIL,BUILD_FAIL,BUILD_FAIL,BUILD_FAIL,BUILD_FAIL,BUILD_FAIL,BUILD_FAIL,BUILD_FAIL,BUILD_FAIL,BUILD_FAIL
Cli,Cli_1,batch10__Cli_1__equals__cli_1f_equals_line600,cli_1f_equals__line600,equals,m08,,SUCCESS,PASS,False,True,0,0,harness/runs/batch10__Cli_1__equals__cli_1f_equals_line600/execution/m08.log,PASS,PASS,PASS,PASS,PASS,PASS,PASS,PASS,PASS,PASS,PASS,PASS,PASS,PASS,PASS,PASS,PASS,PASS,PASS,PASS,PASS,PASS,PASS,PASS,PASS,PASS,PASS,PASS,PASS,PASS,PASS,PASS,PASS,PASS,PASS,PASS,PASS,PASS,PASS,PASS,PASS,PASS,PASS,PASS,PASS,PASS,PASS,PASS,PASS,PASS,PASS,PASS,PASS,PASS,PASS,PASS,PASS,PASS,PASS,PASS,PASS,PASS,PASS,PASS,PASS,PASS,PASS,PASS,PASS,PASS,PASS,PASS,PASS,PASS,PASS,PASS,PASS,PASS,PASS,PASS,PASS,PASS,PASS,PASS,PASS,PASS,PASS,PASS,PASS,PASS,PASS,PASS
Cli,Cli_1,batch10__Cli_1__findWrapPos__cli_1f_findWrapPos_line789,cli_1f_findWrapPos__line789,findWrapPos,m03,,SUCCESS,FAIL,True,True,0,7,harness/runs/batch10__Cli_1__findWrapPos__cli_1f_findWrapPos_line789/execution/m03.log,PASS,PASS,PASS,PASS,PASS,PASS,PASS,PASS,PASS,PASS,PASS,FAIL,PASS,PASS,PASS,PASS,FAIL,PASS,PASS,PASS,PASS,PASS,PASS,PASS,PASS,PASS,PASS,PASS,PASS,PASS,PASS,PASS,PASS,PASS,PASS,PASS,PASS,PASS,PASS,PASS,PASS,PASS,PASS,PASS,PASS,PASS,PASS,PASS,PASS,PASS,PASS,PASS,PASS,PASS,PASS,PASS,PASS,PASS,PASS,PASS,PASS,PASS,PASS,FAIL,FAIL,FAIL,FAIL,PASS,PASS,PASS,PASS,PASS,PASS,PASS,PASS,PASS,PASS,PASS,PASS,PASS,PASS,PASS,PASS,PASS,PASS,PASS,PASS,PASS,PASS,PASS,PASS,FAIL
Cli,Cli_1,batch10__Cli_1__findWrapPos__cli_1f_findWrapPos_line789,cli_1f_findWrapPos__line789,findWrapPos,m04,,FAIL,NOT_RUN,False,False,0,0,harness/runs/batch10__Cli_1__findWrapPos__cli_1f_findWrapPos_line789/execution/m04.log,BUILD_FAIL,BUILD_FAIL,BUILD_FAIL,BUILD_FAIL,BUILD_FAIL,BUILD_FAIL,BUILD_FAIL,BUILD_FAIL,BUILD_FAIL,BUILD_FAIL,BUILD_FAIL,BUILD_FAIL,BUILD_FAIL,BUILD_FAIL,BUILD_FAIL,BUILD_FAIL,BUILD_FAIL,BUILD_FAIL,BUILD_FAIL,BUILD_FAIL,BUILD_FAIL,BUILD_FAIL,BUILD_FAIL,BUILD_FAIL,BUILD_FAIL,BUILD_FAIL,BUILD_FAIL,BUILD_FAIL,BUILD_FAIL,BUILD_FAIL,BUILD_FAIL,BUILD_FAIL,BUILD_FAIL,BUILD_FAIL,BUILD_FAIL,BUILD_FAIL,BUILD_FAIL,BUILD_FAIL,BUILD_FAIL,BUILD_FAIL,BUILD_FAIL,BUILD_FAIL,BUILD_FAIL,BUILD_FAIL,BUILD_FAIL,BUILD_FAIL,BUILD_FAIL,BUILD_FAIL,BUILD_FAIL,BUILD_FAIL,BUILD_FAIL,BUILD_FAIL,BUILD_FAIL,BUILD_FAIL,BUILD_FAIL,BUILD_FAIL,BUILD_FAIL,BUILD_FAIL,BUILD_FAIL,BUILD_FAIL,BUILD_FAIL,BUILD_FAIL,BUILD_FAIL,BUILD_FAIL,BUILD_FAIL,BUILD_FAIL,BUILD_FAIL,BUILD_FAIL,BUILD_FAIL,BUILD_FAIL,BUILD_FAIL,BUILD_FAIL,BUILD_FAIL,BUILD_FAIL,BUILD_FAIL,BUILD_FAIL,BUILD_FAIL,BUILD_FAIL,BUILD_FAIL,BUILD_FAIL,BUILD_FAIL,BUILD_FAIL,BUILD_FAIL,BUILD_FAIL,BUILD_FAIL,BUILD_FAIL,BUILD_FAIL,BUILD_FAIL,BUILD_FAIL,BUILD_FAIL,BUILD_FAIL,BUILD_FAIL
Cli,Cli_1,batch10__Cli_1__findWrapPos__cli_1f_findWrapPos_line789,cli_1f_findWrapPos__line789,findWrapPos,m05,,FAIL,NOT_RUN,False,False,0,0,harness/runs/batch10__Cli_1__findWrapPos__cli_1f_findWrapPos_line789/execution/m05.log,BUILD_FAIL,BUILD_FAIL,BUILD_FAIL,BUILD_FAIL,BUILD_FAIL,BUILD_FAIL,BUILD_FAIL,BUILD_FAIL,BUILD_FAIL,BUILD_FAIL,BUILD_FAIL,BUILD_FAIL,BUILD_FAIL,BUILD_FAIL,BUILD_FAIL,BUILD_FAIL,BUILD_FAIL,BUILD_FAIL,BUILD_FAIL,BUILD_FAIL,BUILD_FAIL,BUILD_FAIL,BUILD_FAIL,BUILD_FAIL,BUILD_FAIL,BUILD_FAIL,BUILD_FAIL,BUILD_FAIL,BUILD_FAIL,BUILD_FAIL,BUILD_FAIL,BUILD_FAIL,BUILD_FAIL,BUILD_FAIL,BUILD_FAIL,BUILD_FAIL,BUILD_FAIL,BUILD_FAIL,BUILD_FAIL,BUILD_FAIL,BUILD_FAIL,BUILD_FAIL,BUILD_FAIL,BUILD_FAIL,BUILD_FAIL,BUILD_FAIL,BUILD_FAIL,BUILD_FAIL,BUILD_FAIL,BUILD_FAIL,BUILD_FAIL,BUILD_FAIL,BUILD_FAIL,BUILD_FAIL,BUILD_FAIL,BUILD_FAIL,BUILD_FAIL,BUILD_FAIL,BUILD_FAIL,BUILD_FAIL,BUILD_FAIL,BUILD_FAIL,BUILD_FAIL,BUILD_FAIL,BUILD_FAIL,BUILD_FAIL,BUILD_FAIL,BUILD_FAIL,BUILD_FAIL,BUILD_FAIL,BUILD_FAIL,BUILD_FAIL,BUILD_FAIL,BUILD_FAIL,BUILD_FAIL,BUILD_FAIL,BUILD_FAIL,BUILD_FAIL,BUILD_FAIL,BUILD_FAIL,BUILD_FAIL,BUILD_FAIL,BUILD_FAIL,BUILD_FAIL,BUILD_FAIL,BUILD_FAIL,BUILD_FAIL,BUILD_FAIL,BUILD_FAIL,BUILD_FAIL,BUILD_FAIL,BUILD_FAIL
Cli,Cli_1,batch10__Cli_1__findWrapPos__cli_1f_findWrapPos_line789,cli_1f_findWrapPos__line789,findWrapPos,m06,,SUCCESS,PASS,False,True,0,0,harness/runs/batch10__Cli_1__findWrapPos__cli_1f_findWrapPos_line789/execution/m06.log,PASS,PASS,PASS,PASS,PASS,PASS,PASS,PASS,PASS,PASS,PASS,PASS,PASS,PASS,PASS,PASS,PASS,PASS,PASS,PASS,PASS,PASS,PASS,PASS,PASS,PASS,PASS,PASS,PASS,PASS,PASS,PASS,PASS,PASS,PASS,PASS,PASS,PASS,PASS,PASS,PASS,PASS,PASS,PASS,PASS,PASS,PASS,PASS,PASS,PASS,PASS,PASS,PASS,PASS,PASS,PASS,PASS,PASS,PASS,PASS,PASS,PASS,PASS,PASS,PASS,PASS,PASS,PASS,PASS,PASS,PASS,PASS,PASS,PASS,PASS,PASS,PASS,PASS,PASS,PASS,PASS,PASS,PASS,PASS,PASS,PASS,PASS,PASS,PASS,PASS,PASS,PASS
Cli,Cli_1,batch10__Cli_1__findWrapPos__cli_1f_findWrapPos_line789,cli_1f_findWrapPos__line789,findWrapPos,m07,,SUCCESS,PASS,False,True,0,0,harness/runs/batch10__Cli_1__findWrapPos__cli_1f_findWrapPos_line789/execution/m07.log,PASS,PASS,PASS,PASS,PASS,PASS,PASS,PASS,PASS,PASS,PASS,PASS,PASS,PASS,PASS,PASS,PASS,PASS,PASS,PASS,PASS,PASS,PASS,PASS,PASS,PASS,PASS,PASS,PASS,PASS,PASS,PASS,PASS,PASS,PASS,PASS,PASS,PASS,PASS,PASS,PASS,PASS,PASS,PASS,PASS,PASS,PASS,PASS,PASS,PASS,PASS,PASS,PASS,PASS,PASS,PASS,PASS,PASS,PASS,PASS,PASS,PASS,PASS,PASS,PASS,PASS,PASS,PASS,PASS,PASS,PASS,PASS,PASS,PASS,PASS,PASS,PASS,PASS,PASS,PASS,PASS,PASS,PASS,PASS,PASS,PASS,PASS,PASS,PASS,PASS,PASS,PASS
Cli,Cli_1,batch10__Cli_1__findWrapPos__cli_1f_findWrapPos_line789,cli_1f_findWrapPos__line789,findWrapPos,m08,,SUCCESS,PASS,False,True,0,0,harness/runs/batch10__Cli_1__findWrapPos__cli_1f_findWrapPos_line789/execution/m08.log,PASS,PASS,PASS,PASS,PASS,PASS,PASS,PASS,PASS,PASS,PASS,PASS,PASS,PASS,PASS,PASS,PASS,PASS,PASS,PASS,PASS,PASS,PASS,PASS,PASS,PASS,PASS,PASS,PASS,PASS,PASS,PASS,PASS,PASS,PASS,PASS,PASS,PASS,PASS,PASS,PASS,PASS,PASS,PASS,PASS,PASS,PASS,PASS,PASS,PASS,PASS,PASS,PASS,PASS,PASS,PASS,PASS,PASS,PASS,PASS,PASS,PASS,PASS,PASS,PASS,PASS,PASS,PASS,PASS,PASS,PASS,PASS,PASS,PASS,PASS,PASS,PASS,PASS,PASS,PASS,PASS,PASS,PASS,PASS,PASS,PASS,PASS,PASS,PASS,PASS,PASS,PASS
Cli,Cli_1,batch10__Cli_1__isValueCode__cli_1f_isValueCode_line136,cli_1f_isValueCode__line136,isValueCode,m02,,FAIL,NOT_RUN,False,False,0,0,harness/runs/batch10__Cli_1__isValueCode__cli_1f_isValueCode_line136/execution/m02.log,BUILD_FAIL,BUILD_FAIL,BUILD_FAIL,BUILD_FAIL,BUILD_FAIL,BUILD_FAIL,BUILD_FAIL,BUILD_FAIL,BUILD_FAIL,BUILD_FAIL,BUILD_FAIL,BUILD_FAIL,BUILD_FAIL,BUILD_FAIL,BUILD_FAIL,BUILD_FAIL,BUILD_FAIL,BUILD_FAIL,BUILD_FAIL,BUILD_FAIL,BUILD_FAIL,BUILD_FAIL,BUILD_FAIL,BUILD_FAIL,BUILD_FAIL,BUILD_FAIL,BUILD_FAIL,BUILD_FAIL,BUILD_FAIL,BUILD_FAIL,BUILD_FAIL,BUILD_FAIL,BUILD_FAIL,BUILD_FAIL,BUILD_FAIL,BUILD_FAIL,BUILD_FAIL,BUILD_FAIL,BUILD_FAIL,BUILD_FAIL,BUILD_FAIL,BUILD_FAIL,BUILD_FAIL,BUILD_FAIL,BUILD_FAIL,BUILD_FAIL,BUILD_FAIL,BUILD_FAIL,BUILD_FAIL,BUILD_FAIL,BUILD_FAIL,BUILD_FAIL,BUILD_FAIL,BUILD_FAIL,BUILD_FAIL,BUILD_FAIL,BUILD_FAIL,BUILD_FAIL,BUILD_FAIL,BUILD_FAIL,BUILD_FAIL,BUILD_FAIL,BUILD_FAIL,BUILD_FAIL,BUILD_FAIL,BUILD_FAIL,BUILD_FAIL,BUILD_FAIL,BUILD_FAIL,BUILD_FAIL,BUILD_FAIL,BUILD_FAIL,BUILD_FAIL,BUILD_FAIL,BUILD_FAIL,BUILD_FAIL,BUILD_FAIL,BUILD_FAIL,BUILD_FAIL,BUILD_FAIL,BUILD_FAIL,BUILD_FAIL,BUILD_FAIL,BUILD_FAIL,BUILD_FAIL,BUILD_FAIL,BUILD_FAIL,BUILD_FAIL,BUILD_FAIL,BUILD_FAIL,BUILD_FAIL,BUILD_FAIL
Cli,Cli_1,batch10__Cli_1__isValueCode__cli_1f_isValueCode_line136,cli_1f_isValueCode__line136,isValueCode,m04,,FAIL,NOT_RUN,False,False,0,0,harness/runs/batch10__Cli_1__isValueCode__cli_1f_isValueCode_line136/execution/m04.log,BUILD_FAIL,BUILD_FAIL,BUILD_FAIL,BUILD_FAIL,BUILD_FAIL,BUILD_FAIL,BUILD_FAIL,BUILD_FAIL,BUILD_FAIL,BUILD_FAIL,BUILD_FAIL,BUILD_FAIL,BUILD_FAIL,BUILD_FAIL,BUILD_FAIL,BUILD_FAIL,BUILD_FAIL,BUILD_FAIL,BUILD_FAIL,BUILD_FAIL,BUILD_FAIL,BUILD_FAIL,BUILD_FAIL,BUILD_FAIL,BUILD_FAIL,BUILD_FAIL,BUILD_FAIL,BUILD_FAIL,BUILD_FAIL,BUILD_FAIL,BUILD_FAIL,BUILD_FAIL,BUILD_FAIL,BUILD_FAIL,BUILD_FAIL,BUILD_FAIL,BUILD_FAIL,BUILD_FAIL,BUILD_FAIL,BUILD_FAIL,BUILD_FAIL,BUILD_FAIL,BUILD_FAIL,BUILD_FAIL,BUILD_FAIL,BUILD_FAIL,BUILD_FAIL,BUILD_FAIL,BUILD_FAIL,BUILD_FAIL,BUILD_FAIL,BUILD_FAIL,BUILD_FAIL,BUILD_FAIL,BUILD_FAIL,BUILD_FAIL,BUILD_FAIL,BUILD_FAIL,BUILD_FAIL,BUILD_FAIL,BUILD_FAIL,BUILD_FAIL,BUILD_FAIL,BUILD_FAIL,BUILD_FAIL,BUILD_FAIL,BUILD_FAIL,BUILD_FAIL,BUILD_FAIL,BUILD_FAIL,BUILD_FAIL,BUILD_FAIL,BUILD_FAIL,BUILD_FAIL,BUILD_FAIL,BUILD_FAIL,BUILD_FAIL,BUILD_FAIL,BUILD_FAIL,BUILD_FAIL,BUILD_FAIL,BUILD_FAIL,BUILD_FAIL,BUILD_FAIL,BUILD_FAIL,BUILD_FAIL,BUILD_FAIL,BUILD_FAIL,BUILD_FAIL,BUILD_FAIL,BUILD_FAIL,BUILD_FAIL
Cli,Cli_1,batch10__Cli_1__isValueCode__cli_1f_isValueCode_line136,cli_1f_isValueCode__line136,isValueCode,m05,,FAIL,NOT_RUN,False,False,0,0,harness/runs/batch10__Cli_1__isValueCode__cli_1f_isValueCode_line136/execution/m05.log,BUILD_FAIL,BUILD_FAIL,BUILD_FAIL,BUILD_FAIL,BUILD_FAIL,BUILD_FAIL,BUILD_FAIL,BUILD_FAIL,BUILD_FAIL,BUILD_FAIL,BUILD_FAIL,BUILD_FAIL,BUILD_FAIL,BUILD_FAIL,BUILD_FAIL,BUILD_FAIL,BUILD_FAIL,BUILD_FAIL,BUILD_FAIL,BUILD_FAIL,BUILD_FAIL,BUILD_FAIL,BUILD_FAIL,BUILD_FAIL,BUILD_FAIL,BUILD_FAIL,BUILD_FAIL,BUILD_FAIL,BUILD_FAIL,BUILD_FAIL,BUILD_FAIL,BUILD_FAIL,BUILD_FAIL,BUILD_FAIL,BUILD_FAIL,BUILD_FAIL,BUILD_FAIL,BUILD_FAIL,BUILD_FAIL,BUILD_FAIL,BUILD_FAIL,BUILD_FAIL,BUILD_FAIL,BUILD_FAIL,BUILD_FAIL,BUILD_FAIL,BUILD_FAIL,BUILD_FAIL,BUILD_FAIL,BUILD_FAIL,BUILD_FAIL,BUILD_FAIL,BUILD_FAIL,BUILD_FAIL,BUILD_FAIL,BUILD_FAIL,BUILD_FAIL,BUILD_FAIL,BUILD_FAIL,BUILD_FAIL,BUILD_FAIL,BUILD_FAIL,BUILD_FAIL,BUILD_FAIL,BUILD_FAIL,BUILD_FAIL,BUILD_FAIL,BUILD_FAIL,BUILD_FAIL,BUILD_FAIL,BUILD_FAIL,BUILD_FAIL,BUILD_FAIL,BUILD_FAIL,BUILD_FAIL,BUILD_FAIL,BUILD_FAIL,BUILD_FAIL,BUILD_FAIL,BUILD_FAIL,BUILD_FAIL,BUILD_FAIL,BUILD_FAIL,BUILD_FAIL,BUILD_FAIL,BUILD_FAIL,BUILD_FAIL,BUILD_FAIL,BUILD_FAIL,BUILD_FAIL,BUILD_FAIL,BUILD_FAIL
Cli,Cli_1,batch10__Cli_1__isValueCode__cli_1f_isValueCode_line136,cli_1f_isValueCode__line136,isValueCode,m08,,FAIL,NOT_RUN,False,False,0,0,harness/runs/batch10__Cli_1__isValueCode__cli_1f_isValueCode_line136/execution/m08.log,BUILD_FAIL,BUILD_FAIL,BUILD_FAIL,BUILD_FAIL,BUILD_FAIL,BUILD_FAIL,BUILD_FAIL,BUILD_FAIL,BUILD_FAIL,BUILD_FAIL,BUILD_FAIL,BUILD_FAIL,BUILD_FAIL,BUILD_FAIL,BUILD_FAIL,BUILD_FAIL,BUILD_FAIL,BUILD_FAIL,BUILD_FAIL,BUILD_FAIL,BUILD_FAIL,BUILD_FAIL,BUILD_FAIL,BUILD_FAIL,BUILD_FAIL,BUILD_FAIL,BUILD_FAIL,BUILD_FAIL,BUILD_FAIL,BUILD_FAIL,BUILD_FAIL,BUILD_FAIL,BUILD_FAIL,BUILD_FAIL,BUILD_FAIL,BUILD_FAIL,BUILD_FAIL,BUILD_FAIL,BUILD_FAIL,BUILD_FAIL,BUILD_FAIL,BUILD_FAIL,BUILD_FAIL,BUILD_FAIL,BUILD_FAIL,BUILD_FAIL,BUILD_FAIL,BUILD_FAIL,BUILD_FAIL,BUILD_FAIL,BUILD_FAIL,BUILD_FAIL,BUILD_FAIL,BUILD_FAIL,BUILD_FAIL,BUILD_FAIL,BUILD_FAIL,BUILD_FAIL,BUILD_FAIL,BUILD_FAIL,BUILD_FAIL,BUILD_FAIL,BUILD_FAIL,BUILD_FAIL,BUILD_FAIL,BUILD_FAIL,BUILD_FAIL,BUILD_FAIL,BUILD_FAIL,BUILD_FAIL,BUILD_FAIL,BUILD_FAIL,BUILD_FAIL,BUILD_FAIL,BUILD_FAIL,BUILD_FAIL,BUILD_FAIL,BUILD_FAIL,BUILD_FAIL,BUILD_FAIL,BUILD_FAIL,BUILD_FAIL,BUILD_FAIL,BUILD_FAIL,BUILD_FAIL,BUILD_FAIL,BUILD_FAIL,BUILD_FAIL,BUILD_FAIL,BUILD_FAIL,BUILD_FAIL,BUILD_FAIL
Cli,Cli_1,batch10__Cli_1__option__cli_1f_option_line48,cli_1f_option__line48,option,m01,,SUCCESS,PASS,False,True,0,0,harness/runs/batch10__Cli_1__option__cli_1f_option_line48/execution/m01.log,PASS,PASS,PASS,PASS,PASS,PASS,PASS,PASS,PASS,PASS,PASS,PASS,PASS,PASS,PASS,PASS,PASS,PASS,PASS,PASS,PASS,PASS,PASS,PASS,PASS,PASS,PASS,PASS,PASS,PASS,PASS,PASS,PASS,PASS,PASS,PASS,PASS,PASS,PASS,PASS,PASS,PASS,PASS,PASS,PASS,PASS,PASS,PASS,PASS,PASS,PASS,PASS,PASS,PASS,PASS,PASS,PASS,PASS,PASS,PASS,PASS,PASS,PASS,PASS,PASS,PASS,PASS,PASS,PASS,PASS,PASS,PASS,PASS,PASS,PASS,PASS,PASS,PASS,PASS,PASS,PASS,PASS,PASS,PASS,PASS,PASS,PASS,PASS,PASS,PASS,PASS,PASS
Cli,Cli_1,batch10__Cli_1__option__cli_1f_option_line48,cli_1f_option__line48,option,m02,,SUCCESS,PASS,False,True,0,0,harness/runs/batch10__Cli_1__option__cli_1f_option_line48/execution/m02.log,PASS,PASS,PASS,PASS,PASS,PASS,PASS,PASS,PASS,PASS,PASS,PASS,PASS,PASS,PASS,PASS,PASS,PASS,PASS,PASS,PASS,PASS,PASS,PASS,PASS,PASS,PASS,PASS,PASS,PASS,PASS,PASS,PASS,PASS,PASS,PASS,PASS,PASS,PASS,PASS,PASS,PASS,PASS,PASS,PASS,PASS,PASS,PASS,PASS,PASS,PASS,PASS,PASS,PASS,PASS,PASS,PASS,PASS,PASS,PASS,PASS,PASS,PASS,PASS,PASS,PASS,PASS,PASS,PASS,PASS,PASS,PASS,PASS,PASS,PASS,PASS,PASS,PASS,PASS,PASS,PASS,PASS,PASS,PASS,PASS,PASS,PASS,PASS,PASS,PASS,PASS,PASS
Cli,Cli_1,batch10__Cli_1__option__cli_1f_option_line48,cli_1f_option__line48,option,m03,,SUCCESS,PASS,False,True,0,0,harness/runs/batch10__Cli_1__option__cli_1f_option_line48/execution/m03.log,PASS,PASS,PASS,PASS,PASS,PASS,PASS,PASS,PASS,PASS,PASS,PASS,PASS,PASS,PASS,PASS,PASS,PASS,PASS,PASS,PASS,PASS,PASS,PASS,PASS,PASS,PASS,PASS,PASS,PASS,PASS,PASS,PASS,PASS,PASS,PASS,PASS,PASS,PASS,PASS,PASS,PASS,PASS,PASS,PASS,PASS,PASS,PASS,PASS,PASS,PASS,PASS,PASS,PASS,PASS,PASS,PASS,PASS,PASS,PASS,PASS,PASS,PASS,PASS,PASS,PASS,PASS,PASS,PASS,PASS,PASS,PASS,PASS,PASS,PASS,PASS,PASS,PASS,PASS,PASS,PASS,PASS,PASS,PASS,PASS,PASS,PASS,PASS,PASS,PASS,PASS,PASS
Cli,Cli_1,batch10__Cli_1__option__cli_1f_option_line48,cli_1f_option__line48,option,m04,,SUCCESS,PASS,False,True,0,0,harness/runs/batch10__Cli_1__option__cli_1f_option_line48/execution/m04.log,PASS,PASS,PASS,PASS,PASS,PASS,PASS,PASS,PASS,PASS,PASS,PASS,PASS,PASS,PASS,PASS,PASS,PASS,PASS,PASS,PASS,PASS,PASS,PASS,PASS,PASS,PASS,PASS,PASS,PASS,PASS,PASS,PASS,PASS,PASS,PASS,PASS,PASS,PASS,PASS,PASS,PASS,PASS,PASS,PASS,PASS,PASS,PASS,PASS,PASS,PASS,PASS,PASS,PASS,PASS,PASS,PASS,PASS,PASS,PASS,PASS,PASS,PASS,PASS,PASS,PASS,PASS,PASS,PASS,PASS,PASS,PASS,PASS,PASS,PASS,PASS,PASS,PASS,PASS,PASS,PASS,PASS,PASS,PASS,PASS,PASS,PASS,PASS,PASS,PASS,PASS,PASS
Cli,Cli_1,batch10__Cli_1__option__cli_1f_option_line48,cli_1f_option__line48,option,m06,,SUCCESS,PASS,False,True,0,0,harness/runs/batch10__Cli_1__option__cli_1f_option_line48/execution/m06.log,PASS,PASS,PASS,PASS,PASS,PASS,PASS,PASS,PASS,PASS,PASS,PASS,PASS,PASS,PASS,PASS,PASS,PASS,PASS,PASS,PASS,PASS,PASS,PASS,PASS,PASS,PASS,PASS,PASS,PASS,PASS,PASS,PASS,PASS,PASS,PASS,PASS,PASS,PASS,PASS,PASS,PASS,PASS,PASS,PASS,PASS,PASS,PASS,PASS,PASS,PASS,PASS,PASS,PASS,PASS,PASS,PASS,PASS,PASS,PASS,PASS,PASS,PASS,PASS,PASS,PASS,PASS,PASS,PASS,PASS,PASS,PASS,PASS,PASS,PASS,PASS,PASS,PASS,PASS,PASS,PASS,PASS,PASS,PASS,PASS,PASS,PASS,PASS,PASS,PASS,PASS,PASS
Cli,Cli_1,batch10__Cli_1__option__cli_1f_option_line48,cli_1f_option__line48,option,m07,,SUCCESS,PASS,False,True,0,0,harness/runs/batch10__Cli_1__option__cli_1f_option_line48/execution/m07.log,PASS,PASS,PASS,PASS,PASS,PASS,PASS,PASS,PASS,PASS,PASS,PASS,PASS,PASS,PASS,PASS,PASS,PASS,PASS,PASS,PASS,PASS,PASS,PASS,PASS,PASS,PASS,PASS,PASS,PASS,PASS,PASS,PASS,PASS,PASS,PASS,PASS,PASS,PASS,PASS,PASS,PASS,PASS,PASS,PASS,PASS,PASS,PASS,PASS,PASS,PASS,PASS,PASS,PASS,PASS,PASS,PASS,PASS,PASS,PASS,PASS,PASS,PASS,PASS,PASS,PASS,PASS,PASS,PASS,PASS,PASS,PASS,PASS,PASS,PASS,PASS,PASS,PASS,PASS,PASS,PASS,PASS,PASS,PASS,PASS,PASS,PASS,PASS,PASS,PASS,PASS,PASS
Cli,Cli_1,batch10__Cli_1__option__cli_1f_option_line48,cli_1f_option__line48,option,m08,,SUCCESS,PASS,False,True,0,0,harness/runs/batch10__Cli_1__option__cli_1f_option_line48/execution/m08.log,PASS,PASS,PASS,PASS,PASS,PASS,PASS,PASS,PASS,PASS,PASS,PASS,PASS,PASS,PASS,PASS,PASS,PASS,PASS,PASS,PASS,PASS,PASS,PASS,PASS,PASS,PASS,PASS,PASS,PASS,PASS,PASS,PASS,PASS,PASS,PASS,PASS,PASS,PASS,PASS,PASS,PASS,PASS,PASS,PASS,PASS,PASS,PASS,PASS,PASS,PASS,PASS,PASS,PASS,PASS,PASS,PASS,PASS,PASS,PASS,PASS,PASS,PASS,PASS,PASS,PASS,PASS,PASS,PASS,PASS,PASS,PASS,PASS,PASS,PASS,PASS,PASS,PASS,PASS,PASS,PASS,PASS,PASS,PASS,PASS,PASS,PASS,PASS,PASS,PASS,PASS,PASS
Cli,Cli_1,batch10__Cli_1__processArgs__cli_1f_processArgs_line314,cli_1f_processArgs__line314,processArgs,m02,,SUCCESS,FAIL,True,True,0,48,harness/runs/batch10__Cli_1__processArgs__cli_1f_processArgs_line314/execution/m02.log,FAIL,FAIL,PASS,FAIL,FAIL,FAIL,PASS,FAIL,FAIL,PASS,FAIL,PASS,PASS,PASS,FAIL,FAIL,PASS,PASS,PASS,PASS,PASS,PASS,PASS,PASS,PASS,FAIL,FAIL,FAIL,FAIL,FAIL,PASS,PASS,PASS,PASS,PASS,PASS,PASS,PASS,PASS,PASS,PASS,PASS,PASS,PASS,PASS,PASS,PASS,PASS,PASS,PASS,FAIL,FAIL,FAIL,PASS,PASS,PASS,FAIL,FAIL,FAIL,FAIL,FAIL,PASS,FAIL,PASS,PASS,PASS,PASS,FAIL,FAIL,FAIL,FAIL,FAIL,FAIL,FAIL,FAIL,FAIL,FAIL,FAIL,FAIL,FAIL,FAIL,FAIL,FAIL,FAIL,FAIL,FAIL,FAIL,FAIL,FAIL,FAIL,FAIL,PASS
Cli,Cli_1,batch10__Cli_1__processArgs__cli_1f_processArgs_line314,cli_1f_processArgs__line314,processArgs,m03,,FAIL,NOT_RUN,False,False,0,0,harness/runs/batch10__Cli_1__processArgs__cli_1f_processArgs_line314/execution/m03.log,BUILD_FAIL,BUILD_FAIL,BUILD_FAIL,BUILD_FAIL,BUILD_FAIL,BUILD_FAIL,BUILD_FAIL,BUILD_FAIL,BUILD_FAIL,BUILD_FAIL,BUILD_FAIL,BUILD_FAIL,BUILD_FAIL,BUILD_FAIL,BUILD_FAIL,BUILD_FAIL,BUILD_FAIL,BUILD_FAIL,BUILD_FAIL,BUILD_FAIL,BUILD_FAIL,BUILD_FAIL,BUILD_FAIL,BUILD_FAIL,BUILD_FAIL,BUILD_FAIL,BUILD_FAIL,BUILD_FAIL,BUILD_FAIL,BUILD_FAIL,BUILD_FAIL,BUILD_FAIL,BUILD_FAIL,BUILD_FAIL,BUILD_FAIL,BUILD_FAIL,BUILD_FAIL,BUILD_FAIL,BUILD_FAIL,BUILD_FAIL,BUILD_FAIL,BUILD_FAIL,BUILD_FAIL,BUILD_FAIL,BUILD_FAIL,BUILD_FAIL,BUILD_FAIL,BUILD_FAIL,BUILD_FAIL,BUILD_FAIL,BUILD_FAIL,BUILD_FAIL,BUILD_FAIL,BUILD_FAIL,BUILD_FAIL,BUILD_FAIL,BUILD_FAIL,BUILD_FAIL,BUILD_FAIL,BUILD_FAIL,BUILD_FAIL,BUILD_FAIL,BUILD_FAIL,BUILD_FAIL,BUILD_FAIL,BUILD_FAIL,BUILD_FAIL,BUILD_FAIL,BUILD_FAIL,BUILD_FAIL,BUILD_FAIL,BUILD_FAIL,BUILD_FAIL,BUILD_FAIL,BUILD_FAIL,BUILD_FAIL,BUILD_FAIL,BUILD_FAIL,BUILD_FAIL,BUILD_FAIL,BUILD_FAIL,BUILD_FAIL,BUILD_FAIL,BUILD_FAIL,BUILD_FAIL,BUILD_FAIL,BUILD_FAIL,BUILD_FAIL,BUILD_FAIL,BUILD_FAIL,BUILD_FAIL,BUILD_FAIL
Cli,Cli_1,batch10__Cli_1__processArgs__cli_1f_processArgs_line314,cli_1f_processArgs__line314,processArgs,m04,,SUCCESS,FAIL,True,True,0,1,harness/runs/batch10__Cli_1__processArgs__cli_1f_processArgs_line314/execution/m04.log,PASS,PASS,PASS,PASS,PASS,PASS,PASS,PASS,PASS,PASS,PASS,PASS,PASS,PASS,PASS,FAIL,PASS,PASS,PASS,PASS,PASS,PASS,PASS,PASS,PASS,PASS,PASS,PASS,PASS,PASS,PASS,PASS,PASS,PASS,PASS,PASS,PASS,PASS,PASS,PASS,PASS,PASS,PASS,PASS,PASS,PASS,PASS,PASS,PASS,PASS,PASS,PASS,PASS,PASS,PASS,PASS,PASS,PASS,PASS,PASS,PASS,PASS,PASS,PASS,PASS,PASS,PASS,PASS,PASS,PASS,PASS,PASS,PASS,PASS,PASS,PASS,PASS,PASS,PASS,PASS,PASS,PASS,PASS,PASS,PASS,PASS,PASS,PASS,PASS,PASS,PASS,PASS
Cli,Cli_1,batch10__Cli_1__processArgs__cli_1f_processArgs_line314,cli_1f_processArgs__line314,processArgs,m05,,SUCCESS,FAIL,True,True,0,49,harness/runs/batch10__Cli_1__processArgs__cli_1f_processArgs_line314/execution/m05.log,FAIL,FAIL,PASS,FAIL,FAIL,FAIL,PASS,FAIL,FAIL,PASS,PASS,PASS,PASS,PASS,FAIL,FAIL,PASS,PASS,PASS,PASS,PASS,PASS,PASS,PASS,FAIL,FAIL,FAIL,FAIL,FAIL,FAIL,PASS,PASS,PASS,PASS,PASS,PASS,PASS,PASS,PASS,PASS,PASS,PASS,PASS,PASS,PASS,PASS,PASS,PASS,PASS,PASS,FAIL,FAIL,FAIL,PASS,PASS,FAIL,FAIL,FAIL,FAIL,FAIL,FAIL,PASS,FAIL,PASS,PASS,PASS,PASS,FAIL,FAIL,FAIL,FAIL,FAIL,FAIL,FAIL,FAIL,FAIL,FAIL,FAIL,FAIL,FAIL,FAIL,FAIL,FAIL,FAIL,FAIL,FAIL,FAIL,FAIL,FAIL,FAIL,FAIL,PASS
Cli,Cli_1,batch10__Cli_1__processArgs__cli_1f_processArgs_line314,cli_1f_processArgs__line314,processArgs,m06,,FAIL,NOT_RUN,False,False,0,0,harness/runs/batch10__Cli_1__processArgs__cli_1f_processArgs_line314/execution/m06.log,BUILD_FAIL,BUILD_FAIL,BUILD_FAIL,BUILD_FAIL,BUILD_FAIL,BUILD_FAIL,BUILD_FAIL,BUILD_FAIL,BUILD_FAIL,BUILD_FAIL,BUILD_FAIL,BUILD_FAIL,BUILD_FAIL,BUILD_FAIL,BUILD_FAIL,BUILD_FAIL,BUILD_FAIL,BUILD_FAIL,BUILD_FAIL,BUILD_FAIL,BUILD_FAIL,BUILD_FAIL,BUILD_FAIL,BUILD_FAIL,BUILD_FAIL,BUILD_FAIL,BUILD_FAIL,BUILD_FAIL,BUILD_FAIL,BUILD_FAIL,BUILD_FAIL,BUILD_FAIL,BUILD_FAIL,BUILD_FAIL,BUILD_FAIL,BUILD_FAIL,BUILD_FAIL,BUILD_FAIL,BUILD_FAIL,BUILD_FAIL,BUILD_FAIL,BUILD_FAIL,BUILD_FAIL,BUILD_FAIL,BUILD_FAIL,BUILD_FAIL,BUILD_FAIL,BUILD_FAIL,BUILD_FAIL,BUILD_FAIL,BUILD_FAIL,BUILD_FAIL,BUILD_FAIL,BUILD_FAIL,BUILD_FAIL,BUILD_FAIL,BUILD_FAIL,BUILD_FAIL,BUILD_FAIL,BUILD_FAIL,BUILD_FAIL,BUILD_FAIL,BUILD_FAIL,BUILD_FAIL,BUILD_FAIL,BUILD_FAIL,BUILD_FAIL,BUILD_FAIL,BUILD_FAIL,BUILD_FAIL,BUILD_FAIL,BUILD_FAIL,BUILD_FAIL,BUILD_FAIL,BUILD_FAIL,BUILD_FAIL,BUILD_FAIL,BUILD_FAIL,BUILD_FAIL,BUILD_FAIL,BUILD_FAIL,BUILD_FAIL,BUILD_FAIL,BUILD_FAIL,BUILD_FAIL,BUILD_FAIL,BUILD_FAIL,BUILD_FAIL,BUILD_FAIL,BUILD_FAIL,BUILD_FAIL,BUILD_FAIL
Cli,Cli_1,batch10__Cli_1__processProperties__cli_1f_processProperties_line228,cli_1f_processProperties__line228,processProperties,m01,,SUCCESS,PASS,False,True,0,0,harness/runs/batch10__Cli_1__processProperties__cli_1f_processProperties_line228/execution/m01.log,PASS,PASS,PASS,PASS,PASS,PASS,PASS,PASS,PASS,PASS,PASS,PASS,PASS,PASS,PASS,PASS,PASS,PASS,PASS,PASS,PASS,PASS,PASS,PASS,PASS,PASS,PASS,PASS,PASS,PASS,PASS,PASS,PASS,PASS,PASS,PASS,PASS,PASS,PASS,PASS,PASS,PASS,PASS,PASS,PASS,PASS,PASS,PASS,PASS,PASS,PASS,PASS,PASS,PASS,PASS,PASS,PASS,PASS,PASS,PASS,PASS,PASS,PASS,PASS,PASS,PASS,PASS,PASS,PASS,PASS,PASS,PASS,PASS,PASS,PASS,PASS,PASS,PASS,PASS,PASS,PASS,PASS,PASS,PASS,PASS,PASS,PASS,PASS,PASS,PASS,PASS,PASS
Cli,Cli_1,batch10__Cli_1__processProperties__cli_1f_processProperties_line228,cli_1f_processProperties__line228,processProperties,m02,,SUCCESS,PASS,False,True,0,0,harness/runs/batch10__Cli_1__processProperties__cli_1f_processProperties_line228/execution/m02.log,PASS,PASS,PASS,PASS,PASS,PASS,PASS,PASS,PASS,PASS,PASS,PASS,PASS,PASS,PASS,PASS,PASS,PASS,PASS,PASS,PASS,PASS,PASS,PASS,PASS,PASS,PASS,PASS,PASS,PASS,PASS,PASS,PASS,PASS,PASS,PASS,PASS,PASS,PASS,PASS,PASS,PASS,PASS,PASS,PASS,PASS,PASS,PASS,PASS,PASS,PASS,PASS,PASS,PASS,PASS,PASS,PASS,PASS,PASS,PASS,PASS,PASS,PASS,PASS,PASS,PASS,PASS,PASS,PASS,PASS,PASS,PASS,PASS,PASS,PASS,PASS,PASS,PASS,PASS,PASS,PASS,PASS,PASS,PASS,PASS,PASS,PASS,PASS,PASS,PASS,PASS,PASS
Cli,Cli_1,batch10__Cli_1__processProperties__cli_1f_processProperties_line228,cli_1f_processProperties__line228,processProperties,m03,,SUCCESS,FAIL,True,True,0,1,harness/runs/batch10__Cli_1__processProperties__cli_1f_processProperties_line228/execution/m03.log,PASS,PASS,PASS,PASS,PASS,PASS,PASS,PASS,PASS,PASS,PASS,PASS,PASS,PASS,PASS,PASS,PASS,PASS,PASS,PASS,PASS,PASS,PASS,PASS,PASS,PASS,PASS,PASS,PASS,PASS,PASS,PASS,PASS,PASS,PASS,PASS,PASS,PASS,PASS,PASS,PASS,PASS,PASS,PASS,PASS,PASS,PASS,PASS,PASS,PASS,PASS,PASS,PASS,PASS,PASS,PASS,PASS,PASS,PASS,PASS,PASS,PASS,PASS,PASS,PASS,PASS,PASS,PASS,PASS,PASS,PASS,PASS,PASS,FAIL,PASS,PASS,PASS,PASS,PASS,PASS,PASS,PASS,PASS,PASS,PASS,PASS,PASS,PASS,PASS,PASS,PASS,PASS
Cli,Cli_1,batch10__Cli_1__processProperties__cli_1f_processProperties_line228,cli_1f_processProperties__line228,processProperties,m06,,SUCCESS,FAIL,True,True,0,4,harness/runs/batch10__Cli_1__processProperties__cli_1f_processProperties_line228/execution/m06.log,PASS,PASS,PASS,PASS,PASS,PASS,PASS,PASS,PASS,PASS,PASS,PASS,PASS,PASS,PASS,PASS,PASS,FAIL,PASS,PASS,PASS,PASS,PASS,PASS,PASS,PASS,PASS,PASS,PASS,PASS,PASS,PASS,PASS,PASS,PASS,PASS,PASS,PASS,PASS,PASS,PASS,PASS,PASS,PASS,PASS,PASS,PASS,PASS,PASS,PASS,PASS,PASS,PASS,PASS,PASS,PASS,PASS,PASS,PASS,PASS,PASS,PASS,PASS,PASS,PASS,PASS,PASS,PASS,PASS,PASS,PASS,PASS,PASS,FAIL,FAIL,FAIL,PASS,PASS,PASS,PASS,PASS,PASS,PASS,PASS,PASS,PASS,PASS,PASS,PASS,PASS,PASS,PASS
Cli,Cli_1,batch10__Cli_1__processProperties__cli_1f_processProperties_line228,cli_1f_processProperties__line228,processProperties,m07,,SUCCESS,FAIL,True,True,0,1,harness/runs/batch10__Cli_1__processProperties__cli_1f_processProperties_line228/execution/m07.log,PASS,PASS,PASS,PASS,PASS,PASS,PASS,PASS,PASS,PASS,PASS,PASS,PASS,PASS,PASS,PASS,PASS,PASS,PASS,PASS,PASS,PASS,PASS,PASS,PASS,PASS,PASS,PASS,PASS,PASS,PASS,PASS,PASS,PASS,PASS,PASS,PASS,PASS,PASS,PASS,PASS,PASS,PASS,PASS,PASS,PASS,PASS,PASS,PASS,PASS,PASS,PASS,PASS,PASS,PASS,PASS,PASS,PASS,PASS,PASS,PASS,PASS,PASS,PASS,PASS,PASS,PASS,PASS,PASS,PASS,PASS,PASS,PASS,FAIL,PASS,PASS,PASS,PASS,PASS,PASS,PASS,PASS,PASS,PASS,PASS,PASS,PASS,PASS,PASS,PASS,PASS,PASS
