project,subject_id,run_name,target_id,function_name,mutant_id,mutant_hash,build_status,test_status,killed,executable,target_test_count,failing_test_count,log_path,org.apache.commons.lang3.AnnotationUtilsTest::testAnnotationsOfDifferingTypes,org.apache.commons.lang3.AnnotationUtilsTest::testBothArgsNull,org.apache.commons.lang3.AnnotationUtilsTest::testEquivalence,org.apache.commons.lang3.AnnotationUtilsTest::testGeneratedAnnotationEquivalentToRealAnnotation,org.apache.commons.lang3.AnnotationUtilsTest::testNonEquivalentAnnotationsOfSameType,org.apache.commons.lang3.AnnotationUtilsTest::testOneArgNull,org.apache.commons.lang3.ArrayUtilsTest::testHashCode,org.apache.commons.lang3.ArrayUtilsTest::testLastIndexOf,org.apache.commons.lang3.ArrayUtilsTest::testLastIndexOfWithStartIndex,org.apache.commons.lang3.ArrayUtilsTest::testToMap,org.apache.commons.lang3.CharSetTest::testConstructor_String_combo,org.apache.commons.lang3.CharSetTest::testConstructor_String_comboNegated,org.apache.commons.lang3.CharSetTest::testConstructor_String_oddCombinations,org.apache.commons.lang3.CharSetTest::testConstructor_String_oddDash,org.apache.commons.lang3.CharSetTest::testConstructor_String_oddNegate,org.apache.commons.lang3.CharSetTest::testConstructor_String_simple,org.apache.commons.lang3.CharSetTest::testContains_Char,org.apache.commons.lang3.CharSetTest::testEquals_Object,org.apache.commons.lang3.CharSetTest::testGetInstance,org.apache.commons.lang3.CharSetTest::testGetInstance_Stringarray,org.apache.commons.lang3.CharSetTest::testHashCode,org.apache.commons.lang3.CharSetTest::testSerialization,org.apache.commons.lang3.CharSetTest::testStatics,org.apache.commons.lang3.CharSetUtilsTest::testContainsAny_StringString,org.apache.commons.lang3.CharSetUtilsTest::testContainsAny_StringStringarray,org.apache.commons.lang3.CharSetUtilsTest::testCount_StringString,org.apache.commons.lang3.CharSetUtilsTest::testCount_StringStringarray,org.apache.commons.lang3.CharSetUtilsTest::testDelete_StringString,org.apache.commons.lang3.CharSetUtilsTest::testDelete_StringStringarray,org.apache.commons.lang3.CharSetUtilsTest::testKeep_StringString,org.apache.commons.lang3.CharSetUtilsTest::testKeep_StringStringarray,org.apache.commons.lang3.CharSetUtilsTest::testSqueeze_StringString,org.apache.commons.lang3.CharSetUtilsTest::testSqueeze_StringStringarray,org.apache.commons.lang3.HashSetvBitSetTest::testTimesExtractOrBitset,org.apache.commons.lang3.StringEscapeUtilsTest::testEscapeCsvString,org.apache.commons.lang3.StringEscapeUtilsTest::testEscapeCsvWriter,org.apache.commons.lang3.StringEscapeUtilsTest::testUnescapeCsvString,org.apache.commons.lang3.StringEscapeUtilsTest::testUnescapeCsvWriter,org.apache.commons.lang3.StringUtilsEqualsIndexOfTest::testContainsAny_StringCharArray,org.apache.commons.lang3.StringUtilsEqualsIndexOfTest::testContainsAny_StringCharArrayWithBadSupplementaryChars,org.apache.commons.lang3.StringUtilsEqualsIndexOfTest::testContainsAny_StringCharArrayWithSupplementaryChars,org.apache.commons.lang3.StringUtilsEqualsIndexOfTest::testContainsAny_StringString,org.apache.commons.lang3.StringUtilsEqualsIndexOfTest::testContainsAny_StringWithBadSupplementaryChars,org.apache.commons.lang3.StringUtilsEqualsIndexOfTest::testContainsAny_StringWithSupplementaryChars,org.apache.commons.lang3.StringUtilsEqualsIndexOfTest::testContainsNone_CharArray,org.apache.commons.lang3.StringUtilsEqualsIndexOfTest::testContainsNone_CharArrayWithBadSupplementaryChars,org.apache.commons.lang3.StringUtilsEqualsIndexOfTest::testContainsNone_CharArrayWithSupplementaryChars,org.apache.commons.lang3.StringUtilsEqualsIndexOfTest::testContainsNone_String,org.apache.commons.lang3.StringUtilsEqualsIndexOfTest::testContainsNone_StringWithBadSupplementaryChars,org.apache.commons.lang3.StringUtilsEqualsIndexOfTest::testContainsNone_StringWithSupplementaryChars,org.apache.commons.lang3.StringUtilsTest::testEscapeSurrogatePairs,org.apache.commons.lang3.builder.HashCodeBuilderAndEqualsBuilderTest::testFixture,org.apache.commons.lang3.builder.HashCodeBuilderAndEqualsBuilderTest::testFixtureWithTransients,org.apache.commons.lang3.builder.HashCodeBuilderAndEqualsBuilderTest::testInteger,org.apache.commons.lang3.builder.HashCodeBuilderAndEqualsBuilderTest::testIntegerWithTransients,org.apache.commons.lang3.builder.HashCodeBuilderTest::testBooleanArrayAsObject,org.apache.commons.lang3.builder.HashCodeBuilderTest::testBooleanMultiArray,org.apache.commons.lang3.builder.HashCodeBuilderTest::testByteArrayAsObject,org.apache.commons.lang3.builder.HashCodeBuilderTest::testCharArrayAsObject,org.apache.commons.lang3.builder.HashCodeBuilderTest::testDoubleArrayAsObject,org.apache.commons.lang3.builder.HashCodeBuilderTest::testFloatArrayAsObject,org.apache.commons.lang3.builder.HashCodeBuilderTest::testIntArrayAsObject,org.apache.commons.lang3.builder.HashCodeBuilderTest::testLongArrayAsObject,org.apache.commons.lang3.builder.HashCodeBuilderTest::testObject,org.apache.commons.lang3.builder.HashCodeBuilderTest::testObjectArray,org.apache.commons.lang3.builder.HashCodeBuilderTest::testObjectArrayAsObject,org.apache.commons.lang3.builder.HashCodeBuilderTest::testObjectBuild,org.apache.commons.lang3.builder.HashCodeBuilderTest::testReflectionHashCode,org.apache.commons.lang3.builder.HashCodeBuilderTest::testReflectionHashCodeExcludeFields,org.apache.commons.lang3.builder.HashCodeBuilderTest::testReflectionHierarchyHashCode,org.apache.commons.lang3.builder.HashCodeBuilderTest::testReflectionObjectCycle,org.apache.commons.lang3.builder.HashCodeBuilderTest::testShortArrayAsObject,org.apache.commons.lang3.builder.HashCodeBuilderTest::testSuper,org.apache.commons.lang3.builder.HashCodeBuilderTest::testToHashCodeEqualsHashCode,org.apache.commons.lang3.math.FractionTest::testPow,org.apache.commons.lang3.math.NumberUtilsTest::TestLang747,org.apache.commons.lang3.math.NumberUtilsTest::testCreateBigInteger,org.apache.commons.lang3.math.NumberUtilsTest::testCreateNumber,org.apache.commons.lang3.math.NumberUtilsTest::testCreateNumberMagnitude,org.apache.commons.lang3.math.NumberUtilsTest::testIsNumber,org.apache.commons.lang3.time.StopWatchTest::testStopWatchSimple,org.apache.commons.lang3.time.StopWatchTest::testStopWatchSplit,org.apache.commons.lang3.time.StopWatchTest::testStopWatchSuspend
Lang,Lang_1,batch01__Lang_1__add__lang_1f_add_line173,lang_1f_add__line173,add,m01,,SUCCESS,PASS,False,True,0,0,harness/runs/batch01__Lang_1__add__lang_1f_add_line173/execution/m01.log,PASS,PASS,PASS,PASS,PASS,PASS,PASS,PASS,PASS,PASS,PASS,PASS,PASS,PASS,PASS,PASS,PASS,PASS,PASS,PASS,PASS,PASS,PASS,PASS,PASS,PASS,PASS,PASS,PASS,PASS,PASS,PASS,PASS,PASS,PASS,PASS,PASS,PASS,PASS,PASS,PASS,PASS,PASS,PASS,PASS,PASS,PASS,PASS,PASS,PASS,PASS,PASS,PASS,PASS,PASS,PASS,PASS,PASS,PASS,PASS,PASS,PASS,PASS,PASS,PASS,PASS,PASS,PASS,PASS,PASS,PASS,PASS,PASS,PASS,PASS,PASS,PASS,PASS,PASS,PASS,PASS,PASS,PASS
Lang,Lang_1,batch01__Lang_1__add__lang_1f_add_line173,lang_1f_add__line173,add,m02,,SUCCESS,FAIL,True,True,0,4,harness/runs/batch01__Lang_1__add__lang_1f_add_line173/execution/m02.log,PASS,PASS,PASS,PASS,PASS,PASS,PASS,PASS,PASS,PASS,PASS,PASS,FAIL,PASS,FAIL,FAIL,FAIL,PASS,PASS,PASS,PASS,PASS,PASS,PASS,PASS,PASS,PASS,PASS,PASS,PASS,PASS,PASS,PASS,PASS,PASS,PASS,PASS,PASS,PASS,PASS,PASS,PASS,PASS,PASS,PASS,PASS,PASS,PASS,PASS,PASS,PASS,PASS,PASS,PASS,PASS,PASS,PASS,PASS,PASS,PASS,PASS,PASS,PASS,PASS,PASS,PASS,PASS,PASS,PASS,PASS,PASS,PASS,PASS,PASS,PASS,PASS,PASS,PASS,PASS,PASS,PASS,PASS,PASS
Lang,Lang_1,batch01__Lang_1__add__lang_1f_add_line173,lang_1f_add__line173,add,m05,,SUCCESS,FAIL,True,True,0,23,harness/runs/batch01__Lang_1__add__lang_1f_add_line173/execution/m05.log,PASS,PASS,PASS,PASS,PASS,PASS,PASS,PASS,PASS,PASS,FAIL,FAIL,FAIL,FAIL,FAIL,FAIL,FAIL,FAIL,FAIL,FAIL,FAIL,FAIL,FAIL,FAIL,FAIL,FAIL,FAIL,FAIL,FAIL,FAIL,FAIL,FAIL,FAIL,PASS,PASS,PASS,PASS,PASS,PASS,PASS,PASS,PASS,PASS,PASS,PASS,PASS,PASS,PASS,PASS,PASS,PASS,PASS,PASS,PASS,PASS,PASS,PASS,PASS,PASS,PASS,PASS,PASS,PASS,PASS,PASS,PASS,PASS,PASS,PASS,PASS,PASS,PASS,PASS,PASS,PASS,PASS,PASS,PASS,PASS,PASS,PASS,PASS,PASS
Lang,Lang_1,batch01__Lang_1__add__lang_1f_add_line173,lang_1f_add__line173,add,m06,,SUCCESS,FAIL,True,True,0,4,harness/runs/batch01__Lang_1__add__lang_1f_add_line173/execution/m06.log,PASS,PASS,PASS,PASS,PASS,PASS,PASS,PASS,PASS,PASS,PASS,FAIL,PASS,PASS,FAIL,FAIL,PASS,PASS,PASS,PASS,PASS,PASS,PASS,PASS,PASS,PASS,PASS,PASS,PASS,PASS,PASS,FAIL,PASS,PASS,PASS,PASS,PASS,PASS,PASS,PASS,PASS,PASS,PASS,PASS,PASS,PASS,PASS,PASS,PASS,PASS,PASS,PASS,PASS,PASS,PASS,PASS,PASS,PASS,PASS,PASS,PASS,PASS,PASS,PASS,PASS,PASS,PASS,PASS,PASS,PASS,PASS,PASS,PASS,PASS,PASS,PASS,PASS,PASS,PASS,PASS,PASS,PASS,PASS
Lang,Lang_1,batch01__Lang_1__add__lang_1f_add_line173,lang_1f_add__line173,add,m07,,SUCCESS,FAIL,True,True,0,15,harness/runs/batch01__Lang_1__add__lang_1f_add_line173/execution/m07.log,PASS,PASS,PASS,PASS,PASS,PASS,PASS,PASS,PASS,PASS,FAIL,FAIL,FAIL,FAIL,FAIL,FAIL,FAIL,PASS,PASS,PASS,PASS,PASS,PASS,PASS,FAIL,PASS,FAIL,PASS,FAIL,FAIL,FAIL,FAIL,FAIL,FAIL,PASS,PASS,PASS,PASS,PASS,PASS,PASS,PASS,PASS,PASS,PASS,PASS,PASS,PASS,PASS,PASS,PASS,PASS,PASS,PASS,PASS,PASS,PASS,PASS,PASS,PASS,PASS,PASS,PASS,PASS,PASS,PASS,PASS,PASS,PASS,PASS,PASS,PASS,PASS,PASS,PASS,PASS,PASS,PASS,PASS,PASS,PASS,PASS,PASS
Lang,Lang_1,batch01__Lang_1__add__lang_1f_add_line173,lang_1f_add__line173,add,m08,,SUCCESS,FAIL,True,True,0,24,harness/runs/batch01__Lang_1__add__lang_1f_add_line173/execution/m08.log,PASS,PASS,PASS,PASS,PASS,PASS,PASS,PASS,PASS,PASS,FAIL,FAIL,FAIL,FAIL,FAIL,FAIL,FAIL,FAIL,FAIL,FAIL,FAIL,FAIL,FAIL,FAIL,FAIL,FAIL,FAIL,FAIL,FAIL,FAIL,FAIL,FAIL,FAIL,FAIL,PASS,PASS,PASS,PASS,PASS,PASS,PASS,PASS,PASS,PASS,PASS,PASS,PASS,PASS,PASS,PASS,PASS,PASS,PASS,PASS,PASS,PASS,PASS,PASS,PASS,PASS,PASS,PASS,PASS,PASS,PASS,PASS,PASS,PASS,PASS,PASS,PASS,PASS,PASS,PASS,PASS,PASS,PASS,PASS,PASS,PASS,PASS,PASS,PASS
Lang,Lang_1,batch01__Lang_1__append__lang_1f_append_line821,lang_1f_append__line821,append,m01,,BASELINE_FAIL,BASELINE_FAIL,False,False,0,0,harness/runs/batch01__Lang_1__append__lang_1f_append_line821/execution/m01.log,BASELINE_FAIL,BASELINE_FAIL,BASELINE_FAIL,BASELINE_FAIL,BASELINE_FAIL,BASELINE_FAIL,BASELINE_FAIL,BASELINE_FAIL,BASELINE_FAIL,BASELINE_FAIL,BASELINE_FAIL,BASELINE_FAIL,BASELINE_FAIL,BASELINE_FAIL,BASELINE_FAIL,BASELINE_FAIL,BASELINE_FAIL,BASELINE_FAIL,BASELINE_FAIL,BASELINE_FAIL,BASELINE_FAIL,BASELINE_FAIL,BASELINE_FAIL,BASELINE_FAIL,BASELINE_FAIL,BASELINE_FAIL,BASELINE_FAIL,BASELINE_FAIL,BASELINE_FAIL,BASELINE_FAIL,BASELINE_FAIL,BASELINE_FAIL,BASELINE_FAIL,BASELINE_FAIL,BASELINE_FAIL,BASELINE_FAIL,BASELINE_FAIL,BASELINE_FAIL,BASELINE_FAIL,BASELINE_FAIL,BASELINE_FAIL,BASELINE_FAIL,BASELINE_FAIL,BASELINE_FAIL,BASELINE_FAIL,BASELINE_FAIL,BASELINE_FAIL,BASELINE_FAIL,BASELINE_FAIL,BASELINE_FAIL,BASELINE_FAIL,BASELINE_FAIL,BASELINE_FAIL,BASELINE_FAIL,BASELINE_FAIL,BASELINE_FAIL,BASELINE_FAIL,BASELINE_FAIL,BASELINE_FAIL,BASELINE_FAIL,BASELINE_FAIL,BASELINE_FAIL,BASELINE_FAIL,BASELINE_FAIL,BASELINE_FAIL,BASELINE_FAIL,BASELINE_FAIL,BASELINE_FAIL,BASELINE_FAIL,BASELINE_FAIL,BASELINE_FAIL,BASELINE_FAIL,BASELINE_FAIL,BASELINE_FAIL,BASELINE_FAIL,BASELINE_FAIL,BASELINE_FAIL,BASELINE_FAIL,BASELINE_FAIL,BASELINE_FAIL,BASELINE_FAIL,BASELINE_FAIL,BASELINE_FAIL
Lang,Lang_1,batch01__Lang_1__append__lang_1f_append_line821,lang_1f_append__line821,append,m02,,BASELINE_FAIL,BASELINE_FAIL,False,False,0,0,harness/runs/batch01__Lang_1__append__lang_1f_append_line821/execution/m02.log,BASELINE_FAIL,BASELINE_FAIL,BASELINE_FAIL,BASELINE_FAIL,BASELINE_FAIL,BASELINE_FAIL,BASELINE_FAIL,BASELINE_FAIL,BASELINE_FAIL,BASELINE_FAIL,BASELINE_FAIL,BASELINE_FAIL,BASELINE_FAIL,BASELINE_FAIL,BASELINE_FAIL,BASELINE_FAIL,BASELINE_FAIL,BASELINE_FAIL,BASELINE_FAIL,BASELINE_FAIL,BASELINE_FAIL,BASELINE_FAIL,BASELINE_FAIL,BASELINE_FAIL,BASELINE_FAIL,BASELINE_FAIL,BASELINE_FAIL,BASELINE_FAIL,BASELINE_FAIL,BASELINE_FAIL,BASELINE_FAIL,BASELINE_FAIL,BASELINE_FAIL,BASELINE_FAIL,BASELINE_FAIL,BASELINE_FAIL,BASELINE_FAIL,BASELINE_FAIL,BASELINE_FAIL,BASELINE_FAIL,BASELINE_FAIL,BASELINE_FAIL,BASELINE_FAIL,BASELINE_FAIL,BASELINE_FAIL,BASELINE_FAIL,BASELINE_FAIL,BASELINE_FAIL,BASELINE_FAIL,BASELINE_FAIL,BASELINE_FAIL,BASELINE_FAIL,BASELINE_FAIL,BASELINE_FAIL,BASELINE_FAIL,BASELINE_FAIL,BASELINE_FAIL,BASELINE_FAIL,BASELINE_FAIL,BASELINE_FAIL,BASELINE_FAIL,BASELINE_FAIL,BASELINE_FAIL,BASELINE_FAIL,BASELINE_FAIL,BASELINE_FAIL,BASELINE_FAIL,BASELINE_FAIL,BASELINE_FAIL,BASELINE_FAIL,BASELINE_FAIL,BASELINE_FAIL,BASELINE_FAIL,BASELINE_FAIL,BASELINE_FAIL,BASELINE_FAIL,BASELINE_FAIL,BASELINE_FAIL,BASELINE_FAIL,BASELINE_FAIL,BASELINE_FAIL,BASELINE_FAIL,BASELINE_FAIL
Lang,Lang_1,batch01__Lang_1__append__lang_1f_append_line821,lang_1f_append__line821,append,m03,,BASELINE_FAIL,BASELINE_FAIL,False,False,0,0,harness/runs/batch01__Lang_1__append__lang_1f_append_line821/execution/m03.log,BASELINE_FAIL,BASELINE_FAIL,BASELINE_FAIL,BASELINE_FAIL,BASELINE_FAIL,BASELINE_FAIL,BASELINE_FAIL,BASELINE_FAIL,BASELINE_FAIL,BASELINE_FAIL,BASELINE_FAIL,BASELINE_FAIL,BASELINE_FAIL,BASELINE_FAIL,BASELINE_FAIL,BASELINE_FAIL,BASELINE_FAIL,BASELINE_FAIL,BASELINE_FAIL,BASELINE_FAIL,BASELINE_FAIL,BASELINE_FAIL,BASELINE_FAIL,BASELINE_FAIL,BASELINE_FAIL,BASELINE_FAIL,BASELINE_FAIL,BASELINE_FAIL,BASELINE_FAIL,BASELINE_FAIL,BASELINE_FAIL,BASELINE_FAIL,BASELINE_FAIL,BASELINE_FAIL,BASELINE_FAIL,BASELINE_FAIL,BASELINE_FAIL,BASELINE_FAIL,BASELINE_FAIL,BASELINE_FAIL,BASELINE_FAIL,BASELINE_FAIL,BASELINE_FAIL,BASELINE_FAIL,BASELINE_FAIL,BASELINE_FAIL,BASELINE_FAIL,BASELINE_FAIL,BASELINE_FAIL,BASELINE_FAIL,BASELINE_FAIL,BASELINE_FAIL,BASELINE_FAIL,BASELINE_FAIL,BASELINE_FAIL,BASELINE_FAIL,BASELINE_FAIL,BASELINE_FAIL,BASELINE_FAIL,BASELINE_FAIL,BASELINE_FAIL,BASELINE_FAIL,BASELINE_FAIL,BASELINE_FAIL,BASELINE_FAIL,BASELINE_FAIL,BASELINE_FAIL,BASELINE_FAIL,BASELINE_FAIL,BASELINE_FAIL,BASELINE_FAIL,BASELINE_FAIL,BASELINE_FAIL,BASELINE_FAIL,BASELINE_FAIL,BASELINE_FAIL,BASELINE_FAIL,BASELINE_FAIL,BASELINE_FAIL,BASELINE_FAIL,BASELINE_FAIL,BASELINE_FAIL,BASELINE_FAIL
Lang,Lang_1,batch01__Lang_1__append__lang_1f_append_line821,lang_1f_append__line821,append,m04,,BASELINE_FAIL,BASELINE_FAIL,False,False,0,0,harness/runs/batch01__Lang_1__append__lang_1f_append_line821/execution/m04.log,BASELINE_FAIL,BASELINE_FAIL,BASELINE_FAIL,BASELINE_FAIL,BASELINE_FAIL,BASELINE_FAIL,BASELINE_FAIL,BASELINE_FAIL,BASELINE_FAIL,BASELINE_FAIL,BASELINE_FAIL,BASELINE_FAIL,BASELINE_FAIL,BASELINE_FAIL,BASELINE_FAIL,BASELINE_FAIL,BASELINE_FAIL,BASELINE_FAIL,BASELINE_FAIL,BASELINE_FAIL,BASELINE_FAIL,BASELINE_FAIL,BASELINE_FAIL,BASELINE_FAIL,BASELINE_FAIL,BASELINE_FAIL,BASELINE_FAIL,BASELINE_FAIL,BASELINE_FAIL,BASELINE_FAIL,BASELINE_FAIL,BASELINE_FAIL,BASELINE_FAIL,BASELINE_FAIL,BASELINE_FAIL,BASELINE_FAIL,BASELINE_FAIL,BASELINE_FAIL,BASELINE_FAIL,BASELINE_FAIL,BASELINE_FAIL,BASELINE_FAIL,BASELINE_FAIL,BASELINE_FAIL,BASELINE_FAIL,BASELINE_FAIL,BASELINE_FAIL,BASELINE_FAIL,BASELINE_FAIL,BASELINE_FAIL,BASELINE_FAIL,BASELINE_FAIL,BASELINE_FAIL,BASELINE_FAIL,BASELINE_FAIL,BASELINE_FAIL,BASELINE_FAIL,BASELINE_FAIL,BASELINE_FAIL,BASELINE_FAIL,BASELINE_FAIL,BASELINE_FAIL,BASELINE_FAIL,BASELINE_FAIL,BASELINE_FAIL,BASELINE_FAIL,BASELINE_FAIL,BASELINE_FAIL,BASELINE_FAIL,BASELINE_FAIL,BASELINE_FAIL,BASELINE_FAIL,BASELINE_FAIL,BASELINE_FAIL,BASELINE_FAIL,BASELINE_FAIL,BASELINE_FAIL,BASELINE_FAIL,BASELINE_FAIL,BASELINE_FAIL,BASELINE_FAIL,BASELINE_FAIL,BASELINE_FAIL
Lang,Lang_1,batch01__Lang_1__append__lang_1f_append_line821,lang_1f_append__line821,append,m05,,BASELINE_FAIL,BASELINE_FAIL,False,False,0,0,harness/runs/batch01__Lang_1__append__lang_1f_append_line821/execution/m05.log,BASELINE_FAIL,BASELINE_FAIL,BASELINE_FAIL,BASELINE_FAIL,BASELINE_FAIL,BASELINE_FAIL,BASELINE_FAIL,BASELINE_FAIL,BASELINE_FAIL,BASELINE_FAIL,BASELINE_FAIL,BASELINE_FAIL,BASELINE_FAIL,BASELINE_FAIL,BASELINE_FAIL,BASELINE_FAIL,BASELINE_FAIL,BASELINE_FAIL,BASELINE_FAIL,BASELINE_FAIL,BASELINE_FAIL,BASELINE_FAIL,BASELINE_FAIL,BASELINE_FAIL,BASELINE_FAIL,BASELINE_FAIL,BASELINE_FAIL,BASELINE_FAIL,BASELINE_FAIL,BASELINE_FAIL,BASELINE_FAIL,BASELINE_FAIL,BASELINE_FAIL,BASELINE_FAIL,BASELINE_FAIL,BASELINE_FAIL,BASELINE_FAIL,BASELINE_FAIL,BASELINE_FAIL,BASELINE_FAIL,BASELINE_FAIL,BASELINE_FAIL,BASELINE_FAIL,BASELINE_FAIL,BASELINE_FAIL,BASELINE_FAIL,BASELINE_FAIL,BASELINE_FAIL,BASELINE_FAIL,BASELINE_FAIL,BASELINE_FAIL,BASELINE_FAIL,BASELINE_FAIL,BASELINE_FAIL,BASELINE_FAIL,BASELINE_FAIL,BASELINE_FAIL,BASELINE_FAIL,BASELINE_FAIL,BASELINE_FAIL,BASELINE_FAIL,BASELINE_FAIL,BASELINE_FAIL,BASELINE_FAIL,BASELINE_FAIL,BASELINE_FAIL,BASELINE_FAIL,BASELINE_FAIL,BASELINE_FAIL,BASELINE_FAIL,BASELINE_FAIL,BASELINE_FAIL,BASELINE_FAIL,BASELINE_FAIL,BASELINE_FAIL,BASELINE_FAIL,BASELINE_FAIL,BASELINE_FAIL,BASELINE_FAIL,BASELINE_FAIL,BASELINE_FAIL,BASELINE_FAIL,BASELINE_FAIL
Lang,Lang_1,batch01__Lang_1__append__lang_1f_append_line821,lang_1f_append__line821,append,m07,,BASELINE_FAIL,BASELINE_FAIL,False,False,0,0,harness/runs/batch01__Lang_1__append__lang_1f_append_line821/execution/m07.log,BASELINE_FAIL,BASELINE_FAIL,BASELINE_FAIL,BASELINE_FAIL,BASELINE_FAIL,BASELINE_FAIL,BASELINE_FAIL,BASELINE_FAIL,BASELINE_FAIL,BASELINE_FAIL,BASELINE_FAIL,BASELINE_FAIL,BASELINE_FAIL,BASELINE_FAIL,BASELINE_FAIL,BASELINE_FAIL,BASELINE_FAIL,BASELINE_FAIL,BASELINE_FAIL,BASELINE_FAIL,BASELINE_FAIL,BASELINE_FAIL,BASELINE_FAIL,BASELINE_FAIL,BASELINE_FAIL,BASELINE_FAIL,BASELINE_FAIL,BASELINE_FAIL,BASELINE_FAIL,BASELINE_FAIL,BASELINE_FAIL,BASELINE_FAIL,BASELINE_FAIL,BASELINE_FAIL,BASELINE_FAIL,BASELINE_FAIL,BASELINE_FAIL,BASELINE_FAIL,BASELINE_FAIL,BASELINE_FAIL,BASELINE_FAIL,BASELINE_FAIL,BASELINE_FAIL,BASELINE_FAIL,BASELINE_FAIL,BASELINE_FAIL,BASELINE_FAIL,BASELINE_FAIL,BASELINE_FAIL,BASELINE_FAIL,BASELINE_FAIL,BASELINE_FAIL,BASELINE_FAIL,BASELINE_FAIL,BASELINE_FAIL,BASELINE_FAIL,BASELINE_FAIL,BASELINE_FAIL,BASELINE_FAIL,BASELINE_FAIL,BASELINE_FAIL,BASELINE_FAIL,BASELINE_FAIL,BASELINE_FAIL,BASELINE_FAIL,BASELINE_FAIL,BASELINE_FAIL,BASELINE_FAIL,BASELINE_FAIL,BASELINE_FAIL,BASELINE_FAIL,BASELINE_FAIL,BASELINE_FAIL,BASELINE_FAIL,BASELINE_FAIL,BASELINE_FAIL,BASELINE_FAIL,BASELINE_FAIL,BASELINE_FAIL,BASELINE_FAIL,BASELINE_FAIL,BASELINE_FAIL,BASELINE_FAIL
Lang,Lang_1,batch01__Lang_1__append__lang_1f_append_line821,lang_1f_append__line821,append,m08,,BASELINE_FAIL,BASELINE_FAIL,False,False,0,0,harness/runs/batch01__Lang_1__append__lang_1f_append_line821/execution/m08.log,BASELINE_FAIL,BASELINE_FAIL,BASELINE_FAIL,BASELINE_FAIL,BASELINE_FAIL,BASELINE_FAIL,BASELINE_FAIL,BASELINE_FAIL,BASELINE_FAIL,BASELINE_FAIL,BASELINE_FAIL,BASELINE_FAIL,BASELINE_FAIL,BASELINE_FAIL,BASELINE_FAIL,BASELINE_FAIL,BASELINE_FAIL,BASELINE_FAIL,BASELINE_FAIL,BASELINE_FAIL,BASELINE_FAIL,BASELINE_FAIL,BASELINE_FAIL,BASELINE_FAIL,BASELINE_FAIL,BASELINE_FAIL,BASELINE_FAIL,BASELINE_FAIL,BASELINE_FAIL,BASELINE_FAIL,BASELINE_FAIL,BASELINE_FAIL,BASELINE_FAIL,BASELINE_FAIL,BASELINE_FAIL,BASELINE_FAIL,BASELINE_FAIL,BASELINE_FAIL,BASELINE_FAIL,BASELINE_FAIL,BASELINE_FAIL,BASELINE_FAIL,BASELINE_FAIL,BASELINE_FAIL,BASELINE_FAIL,BASELINE_FAIL,BASELINE_FAIL,BASELINE_FAIL,BASELINE_FAIL,BASELINE_FAIL,BASELINE_FAIL,BASELINE_FAIL,BASELINE_FAIL,BASELINE_FAIL,BASELINE_FAIL,BASELINE_FAIL,BASELINE_FAIL,BASELINE_FAIL,BASELINE_FAIL,BASELINE_FAIL,BASELINE_FAIL,BASELINE_FAIL,BASELINE_FAIL,BASELINE_FAIL,BASELINE_FAIL,BASELINE_FAIL,BASELINE_FAIL,BASELINE_FAIL,BASELINE_FAIL,BASELINE_FAIL,BASELINE_FAIL,BASELINE_FAIL,BASELINE_FAIL,BASELINE_FAIL,BASELINE_FAIL,BASELINE_FAIL,BASELINE_FAIL,BASELINE_FAIL,BASELINE_FAIL,BASELINE_FAIL,BASELINE_FAIL,BASELINE_FAIL,BASELINE_FAIL
Lang,Lang_1,batch01__Lang_1__arrayMemberEquals__lang_1f_arrayMemberEquals_line287,lang_1f_arrayMemberEquals__line287,arrayMemberEquals,m01,,BASELINE_FAIL,BASELINE_FAIL,False,False,0,0,harness/runs/batch01__Lang_1__arrayMemberEquals__lang_1f_arrayMemberEquals_line287/execution/m01.log,BASELINE_FAIL,BASELINE_FAIL,BASELINE_FAIL,BASELINE_FAIL,BASELINE_FAIL,BASELINE_FAIL,BASELINE_FAIL,BASELINE_FAIL,BASELINE_FAIL,BASELINE_FAIL,BASELINE_FAIL,BASELINE_FAIL,BASELINE_FAIL,BASELINE_FAIL,BASELINE_FAIL,BASELINE_FAIL,BASELINE_FAIL,BASELINE_FAIL,BASELINE_FAIL,BASELINE_FAIL,BASELINE_FAIL,BASELINE_FAIL,BASELINE_FAIL,BASELINE_FAIL,BASELINE_FAIL,BASELINE_FAIL,BASELINE_FAIL,BASELINE_FAIL,BASELINE_FAIL,BASELINE_FAIL,BASELINE_FAIL,BASELINE_FAIL,BASELINE_FAIL,BASELINE_FAIL,BASELINE_FAIL,BASELINE_FAIL,BASELINE_FAIL,BASELINE_FAIL,BASELINE_FAIL,BASELINE_FAIL,BASELINE_FAIL,BASELINE_FAIL,BASELINE_FAIL,BASELINE_FAIL,BASELINE_FAIL,BASELINE_FAIL,BASELINE_FAIL,BASELINE_FAIL,BASELINE_FAIL,BASELINE_FAIL,BASELINE_FAIL,BASELINE_FAIL,BASELINE_FAIL,BASELINE_FAIL,BASELINE_FAIL,BASELINE_FAIL,BASELINE_FAIL,BASELINE_FAIL,BASELINE_FAIL,BASELINE_FAIL,BASELINE_FAIL,BASELINE_FAIL,BASELINE_FAIL,BASELINE_FAIL,BASELINE_FAIL,BASELINE_FAIL,BASELINE_FAIL,BASELINE_FAIL,BASELINE_FAIL,BASELINE_FAIL,BASELINE_FAIL,BASELINE_FAIL,BASELINE_FAIL,BASELINE_FAIL,BASELINE_FAIL,BASELINE_FAIL,BASELINE_FAIL,BASELINE_FAIL,BASELINE_FAIL,BASELINE_FAIL,BASELINE_FAIL,BASELINE_FAIL,BASELINE_FAIL
Lang,Lang_1,batch01__Lang_1__arrayMemberEquals__lang_1f_arrayMemberEquals_line287,lang_1f_arrayMemberEquals__line287,arrayMemberEquals,m02,,BASELINE_FAIL,BASELINE_FAIL,False,False,0,0,harness/runs/batch01__Lang_1__arrayMemberEquals__lang_1f_arrayMemberEquals_line287/execution/m02.log,BASELINE_FAIL,BASELINE_FAIL,BASELINE_FAIL,BASELINE_FAIL,BASELINE_FAIL,BASELINE_FAIL,BASELINE_FAIL,BASELINE_FAIL,BASELINE_FAIL,BASELINE_FAIL,BASELINE_FAIL,BASELINE_FAIL,BASELINE_FAIL,BASELINE_FAIL,BASELINE_FAIL,BASELINE_FAIL,BASELINE_FAIL,BASELINE_FAIL,BASELINE_FAIL,BASELINE_FAIL,BASELINE_FAIL,BASELINE_FAIL,BASELINE_FAIL,BASELINE_FAIL,BASELINE_FAIL,BASELINE_FAIL,BASELINE_FAIL,BASELINE_FAIL,BASELINE_FAIL,BASELINE_FAIL,BASELINE_FAIL,BASELINE_FAIL,BASELINE_FAIL,BASELINE_FAIL,BASELINE_FAIL,BASELINE_FAIL,BASELINE_FAIL,BASELINE_FAIL,BASELINE_FAIL,BASELINE_FAIL,BASELINE_FAIL,BASELINE_FAIL,BASELINE_FAIL,BASELINE_FAIL,BASELINE_FAIL,BASELINE_FAIL,BASELINE_FAIL,BASELINE_FAIL,BASELINE_FAIL,BASELINE_FAIL,BASELINE_FAIL,BASELINE_FAIL,BASELINE_FAIL,BASELINE_FAIL,BASELINE_FAIL,BASELINE_FAIL,BASELINE_FAIL,BASELINE_FAIL,BASELINE_FAIL,BASELINE_FAIL,BASELINE_FAIL,BASELINE_FAIL,BASELINE_FAIL,BASELINE_FAIL,BASELINE_FAIL,BASELINE_FAIL,BASELINE_FAIL,BASELINE_FAIL,BASELINE_FAIL,BASELINE_FAIL,BASELINE_FAIL,BASELINE_FAIL,BASELINE_FAIL,BASELINE_FAIL,BASELINE_FAIL,BASELINE_FAIL,BASELINE_FAIL,BASELINE_FAIL,BASELINE_FAIL,BASELINE_FAIL,BASELINE_FAIL,BASELINE_FAIL,BASELINE_FAIL
Lang,Lang_1,batch01__Lang_1__arrayMemberEquals__lang_1f_arrayMemberEquals_line287,lang_1f_arrayMemberEquals__line287,arrayMemberEquals,m03,,BASELINE_FAIL,BASELINE_FAIL,False,False,0,0,harness/runs/batch01__Lang_1__arrayMemberEquals__lang_1f_arrayMemberEquals_line287/execution/m03.log,BASELINE_FAIL,BASELINE_FAIL,BASELINE_FAIL,BASELINE_FAIL,BASELINE_FAIL,BASELINE_FAIL,BASELINE_FAIL,BASELINE_FAIL,BASELINE_FAIL,BASELINE_FAIL,BASELINE_FAIL,BASELINE_FAIL,BASELINE_FAIL,BASELINE_FAIL,BASELINE_FAIL,BASELINE_FAIL,BASELINE_FAIL,BASELINE_FAIL,BASELINE_FAIL,BASELINE_FAIL,BASELINE_FAIL,BASELINE_FAIL,BASELINE_FAIL,BASELINE_FAIL,BASELINE_FAIL,BASELINE_FAIL,BASELINE_FAIL,BASELINE_FAIL,BASELINE_FAIL,BASELINE_FAIL,BASELINE_FAIL,BASELINE_FAIL,BASELINE_FAIL,BASELINE_FAIL,BASELINE_FAIL,BASELINE_FAIL,BASELINE_FAIL,BASELINE_FAIL,BASELINE_FAIL,BASELINE_FAIL,BASELINE_FAIL,BASELINE_FAIL,BASELINE_FAIL,BASELINE_FAIL,BASELINE_FAIL,BASELINE_FAIL,BASELINE_FAIL,BASELINE_FAIL,BASELINE_FAIL,BASELINE_FAIL,BASELINE_FAIL,BASELINE_FAIL,BASELINE_FAIL,BASELINE_FAIL,BASELINE_FAIL,BASELINE_FAIL,BASELINE_FAIL,BASELINE_FAIL,BASELINE_FAIL,BASELINE_FAIL,BASELINE_FAIL,BASELINE_FAIL,BASELINE_FAIL,BASELINE_FAIL,BASELINE_FAIL,BASELINE_FAIL,BASELINE_FAIL,BASELINE_FAIL,BASELINE_FAIL,BASELINE_FAIL,BASELINE_FAIL,BASELINE_FAIL,BASELINE_FAIL,BASELINE_FAIL,BASELINE_FAIL,BASELINE_FAIL,BASELINE_FAIL,BASELINE_FAIL,BASELINE_FAIL,BASELINE_FAIL,BASELINE_FAIL,BASELINE_FAIL,BASELINE_FAIL
Lang,Lang_1,batch01__Lang_1__arrayMemberEquals__lang_1f_arrayMemberEquals_line287,lang_1f_arrayMemberEquals__line287,arrayMemberEquals,m04,,BASELINE_FAIL,BASELINE_FAIL,False,False,0,0,harness/runs/batch01__Lang_1__arrayMemberEquals__lang_1f_arrayMemberEquals_line287/execution/m04.log,BASELINE_FAIL,BASELINE_FAIL,BASELINE_FAIL,BASELINE_FAIL,BASELINE_FAIL,BASELINE_FAIL,BASELINE_FAIL,BASELINE_FAIL,BASELINE_FAIL,BASELINE_FAIL,BASELINE_FAIL,BASELINE_FAIL,BASELINE_FAIL,BASELINE_FAIL,BASELINE_FAIL,BASELINE_FAIL,BASELINE_FAIL,BASELINE_FAIL,BASELINE_FAIL,BASELINE_FAIL,BASELINE_FAIL,BASELINE_FAIL,BASELINE_FAIL,BASELINE_FAIL,BASELINE_FAIL,BASELINE_FAIL,BASELINE_FAIL,BASELINE_FAIL,BASELINE_FAIL,BASELINE_FAIL,BASELINE_FAIL,BASELINE_FAIL,BASELINE_FAIL,BASELINE_FAIL,BASELINE_FAIL,BASELINE_FAIL,BASELINE_FAIL,BASELINE_FAIL,BASELINE_FAIL,BASELINE_FAIL,BASELINE_FAIL,BASELINE_FAIL,BASELINE_FAIL,BASELINE_FAIL,BASELINE_FAIL,BASELINE_FAIL,BASELINE_FAIL,BASELINE_FAIL,BASELINE_FAIL,BASELINE_FAIL,BASELINE_FAIL,BASELINE_FAIL,BASELINE_FAIL,BASELINE_FAIL,BASELINE_FAIL,BASELINE_FAIL,BASELINE_FAIL,BASELINE_FAIL,BASELINE_FAIL,BASELINE_FAIL,BASELINE_FAIL,BASELINE_FAIL,BASELINE_FAIL,BASELINE_FAIL,BASELINE_FAIL,BASELINE_FAIL,BASELINE_FAIL,BASELINE_FAIL,BASELINE_FAIL,BASELINE_FAIL,BASELINE_FAIL,BASELINE_FAIL,BASELINE_FAIL,BASELINE_FAIL,BASELINE_FAIL,BASELINE_FAIL,BASELINE_FAIL,BASELINE_FAIL,BASELINE_FAIL,BASELINE_FAIL,BASELINE_FAIL,BASELINE_FAIL,BASELINE_FAIL
Lang,Lang_1,batch01__Lang_1__arrayMemberEquals__lang_1f_arrayMemberEquals_line287,lang_1f_arrayMemberEquals__line287,arrayMemberEquals,m05,,BASELINE_FAIL,BASELINE_FAIL,False,False,0,0,harness/runs/batch01__Lang_1__arrayMemberEquals__lang_1f_arrayMemberEquals_line287/execution/m05.log,BASELINE_FAIL,BASELINE_FAIL,BASELINE_FAIL,BASELINE_FAIL,BASELINE_FAIL,BASELINE_FAIL,BASELINE_FAIL,BASELINE_FAIL,BASELINE_FAIL,BASELINE_FAIL,BASELINE_FAIL,BASELINE_FAIL,BASELINE_FAIL,BASELINE_FAIL,BASELINE_FAIL,BASELINE_FAIL,BASELINE_FAIL,BASELINE_FAIL,BASELINE_FAIL,BASELINE_FAIL,BASELINE_FAIL,BASELINE_FAIL,BASELINE_FAIL,BASELINE_FAIL,BASELINE_FAIL,BASELINE_FAIL,BASELINE_FAIL,BASELINE_FAIL,BASELINE_FAIL,BASELINE_FAIL,BASELINE_FAIL,BASELINE_FAIL,BASELINE_FAIL,BASELINE_FAIL,BASELINE_FAIL,BASELINE_FAIL,BASELINE_FAIL,BASELINE_FAIL,BASELINE_FAIL,BASELINE_FAIL,BASELINE_FAIL,BASELINE_FAIL,BASELINE_FAIL,BASELINE_FAIL,BASELINE_FAIL,BASELINE_FAIL,BASELINE_FAIL,BASELINE_FAIL,BASELINE_FAIL,BASELINE_FAIL,BASELINE_FAIL,BASELINE_FAIL,BASELINE_FAIL,BASELINE_FAIL,BASELINE_FAIL,BASELINE_FAIL,BASELINE_FAIL,BASELINE_FAIL,BASELINE_FAIL,BASELINE_FAIL,BASELINE_FAIL,BASELINE_FAIL,BASELINE_FAIL,BASELINE_FAIL,BASELINE_FAIL,BASELINE_FAIL,BASELINE_FAIL,BASELINE_FAIL,BASELINE_FAIL,BASELINE_FAIL,BASELINE_FAIL,BASELINE_FAIL,BASELINE_FAIL,BASELINE_FAIL,BASELINE_FAIL,BASELINE_FAIL,BASELINE_FAIL,BASELINE_FAIL,BASELINE_FAIL,BASELINE_FAIL,BASELINE_FAIL,BASELINE_FAIL,BASELINE_FAIL
Lang,Lang_1,batch01__Lang_1__arrayMemberEquals__lang_1f_arrayMemberEquals_line287,lang_1f_arrayMemberEquals__line287,arrayMemberEquals,m06,,BASELINE_FAIL,BASELINE_FAIL,False,False,0,0,harness/runs/batch01__Lang_1__arrayMemberEquals__lang_1f_arrayMemberEquals_line287/execution/m06.log,BASELINE_FAIL,BASELINE_FAIL,BASELINE_FAIL,BASELINE_FAIL,BASELINE_FAIL,BASELINE_FAIL,BASELINE_FAIL,BASELINE_FAIL,BASELINE_FAIL,BASELINE_FAIL,BASELINE_FAIL,BASELINE_FAIL,BASELINE_FAIL,BASELINE_FAIL,BASELINE_FAIL,BASELINE_FAIL,BASELINE_FAIL,BASELINE_FAIL,BASELINE_FAIL,BASELINE_FAIL,BASELINE_FAIL,BASELINE_FAIL,BASELINE_FAIL,BASELINE_FAIL,BASELINE_FAIL,BASELINE_FAIL,BASELINE_FAIL,BASELINE_FAIL,BASELINE_FAIL,BASELINE_FAIL,BASELINE_FAIL,BASELINE_FAIL,BASELINE_FAIL,BASELINE_FAIL,BASELINE_FAIL,BASELINE_FAIL,BASELINE_FAIL,BASELINE_FAIL,BASELINE_FAIL,BASELINE_FAIL,BASELINE_FAIL,BASELINE_FAIL,BASELINE_FAIL,BASELINE_FAIL,BASELINE_FAIL,BASELINE_FAIL,BASELINE_FAIL,BASELINE_FAIL,BASELINE_FAIL,BASELINE_FAIL,BASELINE_FAIL,BASELINE_FAIL,BASELINE_FAIL,BASELINE_FAIL,BASELINE_FAIL,BASELINE_FAIL,BASELINE_FAIL,BASELINE_FAIL,BASELINE_FAIL,BASELINE_FAIL,BASELINE_FAIL,BASELINE_FAIL,BASELINE_FAIL,BASELINE_FAIL,BASELINE_FAIL,BASELINE_FAIL,BASELINE_FAIL,BASELINE_FAIL,BASELINE_FAIL,BASELINE_FAIL,BASELINE_FAIL,BASELINE_FAIL,BASELINE_FAIL,BASELINE_FAIL,BASELINE_FAIL,BASELINE_FAIL,BASELINE_FAIL,BASELINE_FAIL,BASELINE_FAIL,BASELINE_FAIL,BASELINE_FAIL,BASELINE_FAIL,BASELINE_FAIL
Lang,Lang_1,batch01__Lang_1__arrayMemberEquals__lang_1f_arrayMemberEquals_line287,lang_1f_arrayMemberEquals__line287,arrayMemberEquals,m07,,BASELINE_FAIL,BASELINE_FAIL,False,False,0,0,harness/runs/batch01__Lang_1__arrayMemberEquals__lang_1f_arrayMemberEquals_line287/execution/m07.log,BASELINE_FAIL,BASELINE_FAIL,BASELINE_FAIL,BASELINE_FAIL,BASELINE_FAIL,BASELINE_FAIL,BASELINE_FAIL,BASELINE_FAIL,BASELINE_FAIL,BASELINE_FAIL,BASELINE_FAIL,BASELINE_FAIL,BASELINE_FAIL,BASELINE_FAIL,BASELINE_FAIL,BASELINE_FAIL,BASELINE_FAIL,BASELINE_FAIL,BASELINE_FAIL,BASELINE_FAIL,BASELINE_FAIL,BASELINE_FAIL,BASELINE_FAIL,BASELINE_FAIL,BASELINE_FAIL,BASELINE_FAIL,BASELINE_FAIL,BASELINE_FAIL,BASELINE_FAIL,BASELINE_FAIL,BASELINE_FAIL,BASELINE_FAIL,BASELINE_FAIL,BASELINE_FAIL,BASELINE_FAIL,BASELINE_FAIL,BASELINE_FAIL,BASELINE_FAIL,BASELINE_FAIL,BASELINE_FAIL,BASELINE_FAIL,BASELINE_FAIL,BASELINE_FAIL,BASELINE_FAIL,BASELINE_FAIL,BASELINE_FAIL,BASELINE_FAIL,BASELINE_FAIL,BASELINE_FAIL,BASELINE_FAIL,BASELINE_FAIL,BASELINE_FAIL,BASELINE_FAIL,BASELINE_FAIL,BASELINE_FAIL,BASELINE_FAIL,BASELINE_FAIL,BASELINE_FAIL,BASELINE_FAIL,BASELINE_FAIL,BASELINE_FAIL,BASELINE_FAIL,BASELINE_FAIL,BASELINE_FAIL,BASELINE_FAIL,BASELINE_FAIL,BASELINE_FAIL,BASELINE_FAIL,BASELINE_FAIL,BASELINE_FAIL,BASELINE_FAIL,BASELINE_FAIL,BASELINE_FAIL,BASELINE_FAIL,BASELINE_FAIL,BASELINE_FAIL,BASELINE_FAIL,BASELINE_FAIL,BASELINE_FAIL,BASELINE_FAIL,BASELINE_FAIL,BASELINE_FAIL,BASELINE_FAIL
Lang,Lang_1,batch01__Lang_1__arrayMemberEquals__lang_1f_arrayMemberEquals_line287,lang_1f_arrayMemberEquals__line287,arrayMemberEquals,m08,,BASELINE_FAIL,BASELINE_FAIL,False,False,0,0,harness/runs/batch01__Lang_1__arrayMemberEquals__lang_1f_arrayMemberEquals_line287/execution/m08.log,BASELINE_FAIL,BASELINE_FAIL,BASELINE_FAIL,BASELINE_FAIL,BASELINE_FAIL,BASELINE_FAIL,BASELINE_FAIL,BASELINE_FAIL,BASELINE_FAIL,BASELINE_FAIL,BASELINE_FAIL,BASELINE_FAIL,BASELINE_FAIL,BASELINE_FAIL,BASELINE_FAIL,BASELINE_FAIL,BASELINE_FAIL,BASELINE_FAIL,BASELINE_FAIL,BASELINE_FAIL,BASELINE_FAIL,BASELINE_FAIL,BASELINE_FAIL,BASELINE_FAIL,BASELINE_FAIL,BASELINE_FAIL,BASELINE_FAIL,BASELINE_FAIL,BASELINE_FAIL,BASELINE_FAIL,BASELINE_FAIL,BASELINE_FAIL,BASELINE_FAIL,BASELINE_FAIL,BASELINE_FAIL,BASELINE_FAIL,BASELINE_FAIL,BASELINE_FAIL,BASELINE_FAIL,BASELINE_FAIL,BASELINE_FAIL,BASELINE_FAIL,BASELINE_FAIL,BASELINE_FAIL,BASELINE_FAIL,BASELINE_FAIL,BASELINE_FAIL,BASELINE_FAIL,BASELINE_FAIL,BASELINE_FAIL,BASELINE_FAIL,BASELINE_FAIL,BASELINE_FAIL,BASELINE_FAIL,BASELINE_FAIL,BASELINE_FAIL,BASELINE_FAIL,BASELINE_FAIL,BASELINE_FAIL,BASELINE_FAIL,BASELINE_FAIL,BASELINE_FAIL,BASELINE_FAIL,BASELINE_FAIL,BASELINE_FAIL,BASELINE_FAIL,BASELINE_FAIL,BASELINE_FAIL,BASELINE_FAIL,BASELINE_FAIL,BASELINE_FAIL,BASELINE_FAIL,BASELINE_FAIL,BASELINE_FAIL,BASELINE_FAIL,BASELINE_FAIL,BASELINE_FAIL,BASELINE_FAIL,BASELINE_FAIL,BASELINE_FAIL,BASELINE_FAIL,BASELINE_FAIL,BASELINE_FAIL
Lang,Lang_1,batch01__Lang_1__containsAny__lang_1f_containsAny_line1515,lang_1f_containsAny__line1515,containsAny,m01,,BASELINE_FAIL,BASELINE_FAIL,False,False,0,0,harness/runs/batch01__Lang_1__containsAny__lang_1f_containsAny_line1515/execution/m01.log,BASELINE_FAIL,BASELINE_FAIL,BASELINE_FAIL,BASELINE_FAIL,BASELINE_FAIL,BASELINE_FAIL,BASELINE_FAIL,BASELINE_FAIL,BASELINE_FAIL,BASELINE_FAIL,BASELINE_FAIL,BASELINE_FAIL,BASELINE_FAIL,BASELINE_FAIL,BASELINE_FAIL,BASELINE_FAIL,BASELINE_FAIL,BASELINE_FAIL,BASELINE_FAIL,BASELINE_FAIL,BASELINE_FAIL,BASELINE_FAIL,BASELINE_FAIL,BASELINE_FAIL,BASELINE_FAIL,BASELINE_FAIL,BASELINE_FAIL,BASELINE_FAIL,BASELINE_FAIL,BASELINE_FAIL,BASELINE_FAIL,BASELINE_FAIL,BASELINE_FAIL,BASELINE_FAIL,BASELINE_FAIL,BASELINE_FAIL,BASELINE_FAIL,BASELINE_FAIL,BASELINE_FAIL,BASELINE_FAIL,BASELINE_FAIL,BASELINE_FAIL,BASELINE_FAIL,BASELINE_FAIL,BASELINE_FAIL,BASELINE_FAIL,BASELINE_FAIL,BASELINE_FAIL,BASELINE_FAIL,BASELINE_FAIL,BASELINE_FAIL,BASELINE_FAIL,BASELINE_FAIL,BASELINE_FAIL,BASELINE_FAIL,BASELINE_FAIL,BASELINE_FAIL,BASELINE_FAIL,BASELINE_FAIL,BASELINE_FAIL,BASELINE_FAIL,BASELINE_FAIL,BASELINE_FAIL,BASELINE_FAIL,BASELINE_FAIL,BASELINE_FAIL,BASELINE_FAIL,BASELINE_FAIL,BASELINE_FAIL,BASELINE_FAIL,BASELINE_FAIL,BASELINE_FAIL,BASELINE_FAIL,BASELINE_FAIL,BASELINE_FAIL,BASELINE_FAIL,BASELINE_FAIL,BASELINE_FAIL,BASELINE_FAIL,BASELINE_FAIL,BASELINE_FAIL,BASELINE_FAIL,BASELINE_FAIL
Lang,Lang_1,batch01__Lang_1__containsAny__lang_1f_containsAny_line1515,lang_1f_containsAny__line1515,containsAny,m03,,BASELINE_FAIL,BASELINE_FAIL,False,False,0,0,harness/runs/batch01__Lang_1__containsAny__lang_1f_containsAny_line1515/execution/m03.log,BASELINE_FAIL,BASELINE_FAIL,BASELINE_FAIL,BASELINE_FAIL,BASELINE_FAIL,BASELINE_FAIL,BASELINE_FAIL,BASELINE_FAIL,BASELINE_FAIL,BASELINE_FAIL,BASELINE_FAIL,BASELINE_FAIL,BASELINE_FAIL,BASELINE_FAIL,BASELINE_FAIL,BASELINE_FAIL,BASELINE_FAIL,BASELINE_FAIL,BASELINE_FAIL,BASELINE_FAIL,BASELINE_FAIL,BASELINE_FAIL,BASELINE_FAIL,BASELINE_FAIL,BASELINE_FAIL,BASELINE_FAIL,BASELINE_FAIL,BASELINE_FAIL,BASELINE_FAIL,BASELINE_FAIL,BASELINE_FAIL,BASELINE_FAIL,BASELINE_FAIL,BASELINE_FAIL,BASELINE_FAIL,BASELINE_FAIL,BASELINE_FAIL,BASELINE_FAIL,BASELINE_FAIL,BASELINE_FAIL,BASELINE_FAIL,BASELINE_FAIL,BASELINE_FAIL,BASELINE_FAIL,BASELINE_FAIL,BASELINE_FAIL,BASELINE_FAIL,BASELINE_FAIL,BASELINE_FAIL,BASELINE_FAIL,BASELINE_FAIL,BASELINE_FAIL,BASELINE_FAIL,BASELINE_FAIL,BASELINE_FAIL,BASELINE_FAIL,BASELINE_FAIL,BASELINE_FAIL,BASELINE_FAIL,BASELINE_FAIL,BASELINE_FAIL,BASELINE_FAIL,BASELINE_FAIL,BASELINE_FAIL,BASELINE_FAIL,BASELINE_FAIL,BASELINE_FAIL,BASELINE_FAIL,BASELINE_FAIL,BASELINE_FAIL,BASELINE_FAIL,BASELINE_FAIL,BASELINE_FAIL,BASELINE_FAIL,BASELINE_FAIL,BASELINE_FAIL,BASELINE_FAIL,BASELINE_FAIL,BASELINE_FAIL,BASELINE_FAIL,BASELINE_FAIL,BASELINE_FAIL,BASELINE_FAIL
Lang,Lang_1,batch01__Lang_1__containsAny__lang_1f_containsAny_line1515,lang_1f_containsAny__line1515,containsAny,m04,,BASELINE_FAIL,BASELINE_FAIL,False,False,0,0,harness/runs/batch01__Lang_1__containsAny__lang_1f_containsAny_line1515/execution/m04.log,BASELINE_FAIL,BASELINE_FAIL,BASELINE_FAIL,BASELINE_FAIL,BASELINE_FAIL,BASELINE_FAIL,BASELINE_FAIL,BASELINE_FAIL,BASELINE_FAIL,BASELINE_FAIL,BASELINE_FAIL,BASELINE_FAIL,BASELINE_FAIL,BASELINE_FAIL,BASELINE_FAIL,BASELINE_FAIL,BASELINE_FAIL,BASELINE_FAIL,BASELINE_FAIL,BASELINE_FAIL,BASELINE_FAIL,BASELINE_FAIL,BASELINE_FAIL,BASELINE_FAIL,BASELINE_FAIL,BASELINE_FAIL,BASELINE_FAIL,BASELINE_FAIL,BASELINE_FAIL,BASELINE_FAIL,BASELINE_FAIL,BASELINE_FAIL,BASELINE_FAIL,BASELINE_FAIL,BASELINE_FAIL,BASELINE_FAIL,BASELINE_FAIL,BASELINE_FAIL,BASELINE_FAIL,BASELINE_FAIL,BASELINE_FAIL,BASELINE_FAIL,BASELINE_FAIL,BASELINE_FAIL,BASELINE_FAIL,BASELINE_FAIL,BASELINE_FAIL,BASELINE_FAIL,BASELINE_FAIL,BASELINE_FAIL,BASELINE_FAIL,BASELINE_FAIL,BASELINE_FAIL,BASELINE_FAIL,BASELINE_FAIL,BASELINE_FAIL,BASELINE_FAIL,BASELINE_FAIL,BASELINE_FAIL,BASELINE_FAIL,BASELINE_FAIL,BASELINE_FAIL,BASELINE_FAIL,BASELINE_FAIL,BASELINE_FAIL,BASELINE_FAIL,BASELINE_FAIL,BASELINE_FAIL,BASELINE_FAIL,BASELINE_FAIL,BASELINE_FAIL,BASELINE_FAIL,BASELINE_FAIL,BASELINE_FAIL,BASELINE_FAIL,BASELINE_FAIL,BASELINE_FAIL,BASELINE_FAIL,BASELINE_FAIL,BASELINE_FAIL,BASELINE_FAIL,BASELINE_FAIL,BASELINE_FAIL
Lang,Lang_1,batch01__Lang_1__containsAny__lang_1f_containsAny_line1515,lang_1f_containsAny__line1515,containsAny,m05,,BASELINE_FAIL,BASELINE_FAIL,False,False,0,0,harness/runs/batch01__Lang_1__containsAny__lang_1f_containsAny_line1515/execution/m05.log,BASELINE_FAIL,BASELINE_FAIL,BASELINE_FAIL,BASELINE_FAIL,BASELINE_FAIL,BASELINE_FAIL,BASELINE_FAIL,BASELINE_FAIL,BASELINE_FAIL,BASELINE_FAIL,BASELINE_FAIL,BASELINE_FAIL,BASELINE_FAIL,BASELINE_FAIL,BASELINE_FAIL,BASELINE_FAIL,BASELINE_FAIL,BASELINE_FAIL,BASELINE_FAIL,BASELINE_FAIL,BASELINE_FAIL,BASELINE_FAIL,BASELINE_FAIL,BASELINE_FAIL,BASELINE_FAIL,BASELINE_FAIL,BASELINE_FAIL,BASELINE_FAIL,BASELINE_FAIL,BASELINE_FAIL,BASELINE_FAIL,BASELINE_FAIL,BASELINE_FAIL,BASELINE_FAIL,BASELINE_FAIL,BASELINE_FAIL,BASELINE_FAIL,BASELINE_FAIL,BASELINE_FAIL,BASELINE_FAIL,BASELINE_FAIL,BASELINE_FAIL,BASELINE_FAIL,BASELINE_FAIL,BASELINE_FAIL,BASELINE_FAIL,BASELINE_FAIL,BASELINE_FAIL,BASELINE_FAIL,BASELINE_FAIL,BASELINE_FAIL,BASELINE_FAIL,BASELINE_FAIL,BASELINE_FAIL,BASELINE_FAIL,BASELINE_FAIL,BASELINE_FAIL,BASELINE_FAIL,BASELINE_FAIL,BASELINE_FAIL,BASELINE_FAIL,BASELINE_FAIL,BASELINE_FAIL,BASELINE_FAIL,BASELINE_FAIL,BASELINE_FAIL,BASELINE_FAIL,BASELINE_FAIL,BASELINE_FAIL,BASELINE_FAIL,BASELINE_FAIL,BASELINE_FAIL,BASELINE_FAIL,BASELINE_FAIL,BASELINE_FAIL,BASELINE_FAIL,BASELINE_FAIL,BASELINE_FAIL,BASELINE_FAIL,BASELINE_FAIL,BASELINE_FAIL,BASELINE_FAIL,BASELINE_FAIL
Lang,Lang_1,batch01__Lang_1__containsAny__lang_1f_containsAny_line1515,lang_1f_containsAny__line1515,containsAny,m06,,BASELINE_FAIL,BASELINE_FAIL,False,False,0,0,harness/runs/batch01__Lang_1__containsAny__lang_1f_containsAny_line1515/execution/m06.log,BASELINE_FAIL,BASELINE_FAIL,BASELINE_FAIL,BASELINE_FAIL,BASELINE_FAIL,BASELINE_FAIL,BASELINE_FAIL,BASELINE_FAIL,BASELINE_FAIL,BASELINE_FAIL,BASELINE_FAIL,BASELINE_FAIL,BASELINE_FAIL,BASELINE_FAIL,BASELINE_FAIL,BASELINE_FAIL,BASELINE_FAIL,BASELINE_FAIL,BASELINE_FAIL,BASELINE_FAIL,BASELINE_FAIL,BASELINE_FAIL,BASELINE_FAIL,BASELINE_FAIL,BASELINE_FAIL,BASELINE_FAIL,BASELINE_FAIL,BASELINE_FAIL,BASELINE_FAIL,BASELINE_FAIL,BASELINE_FAIL,BASELINE_FAIL,BASELINE_FAIL,BASELINE_FAIL,BASELINE_FAIL,BASELINE_FAIL,BASELINE_FAIL,BASELINE_FAIL,BASELINE_FAIL,BASELINE_FAIL,BASELINE_FAIL,BASELINE_FAIL,BASELINE_FAIL,BASELINE_FAIL,BASELINE_FAIL,BASELINE_FAIL,BASELINE_FAIL,BASELINE_FAIL,BASELINE_FAIL,BASELINE_FAIL,BASELINE_FAIL,BASELINE_FAIL,BASELINE_FAIL,BASELINE_FAIL,BASELINE_FAIL,BASELINE_FAIL,BASELINE_FAIL,BASELINE_FAIL,BASELINE_FAIL,BASELINE_FAIL,BASELINE_FAIL,BASELINE_FAIL,BASELINE_FAIL,BASELINE_FAIL,BASELINE_FAIL,BASELINE_FAIL,BASELINE_FAIL,BASELINE_FAIL,BASELINE_FAIL,BASELINE_FAIL,BASELINE_FAIL,BASELINE_FAIL,BASELINE_FAIL,BASELINE_FAIL,BASELINE_FAIL,BASELINE_FAIL,BASELINE_FAIL,BASELINE_FAIL,BASELINE_FAIL,BASELINE_FAIL,BASELINE_FAIL,BASELINE_FAIL,BASELINE_FAIL
Lang,Lang_1,batch01__Lang_1__containsAny__lang_1f_containsAny_line1515,lang_1f_containsAny__line1515,containsAny,m07,,BASELINE_FAIL,BASELINE_FAIL,False,False,0,0,harness/runs/batch01__Lang_1__containsAny__lang_1f_containsAny_line1515/execution/m07.log,BASELINE_FAIL,BASELINE_FAIL,BASELINE_FAIL,BASELINE_FAIL,BASELINE_FAIL,BASELINE_FAIL,BASELINE_FAIL,BASELINE_FAIL,BASELINE_FAIL,BASELINE_FAIL,BASELINE_FAIL,BASELINE_FAIL,BASELINE_FAIL,BASELINE_FAIL,BASELINE_FAIL,BASELINE_FAIL,BASELINE_FAIL,BASELINE_FAIL,BASELINE_FAIL,BASELINE_FAIL,BASELINE_FAIL,BASELINE_FAIL,BASELINE_FAIL,BASELINE_FAIL,BASELINE_FAIL,BASELINE_FAIL,BASELINE_FAIL,BASELINE_FAIL,BASELINE_FAIL,BASELINE_FAIL,BASELINE_FAIL,BASELINE_FAIL,BASELINE_FAIL,BASELINE_FAIL,BASELINE_FAIL,BASELINE_FAIL,BASELINE_FAIL,BASELINE_FAIL,BASELINE_FAIL,BASELINE_FAIL,BASELINE_FAIL,BASELINE_FAIL,BASELINE_FAIL,BASELINE_FAIL,BASELINE_FAIL,BASELINE_FAIL,BASELINE_FAIL,BASELINE_FAIL,BASELINE_FAIL,BASELINE_FAIL,BASELINE_FAIL,BASELINE_FAIL,BASELINE_FAIL,BASELINE_FAIL,BASELINE_FAIL,BASELINE_FAIL,BASELINE_FAIL,BASELINE_FAIL,BASELINE_FAIL,BASELINE_FAIL,BASELINE_FAIL,BASELINE_FAIL,BASELINE_FAIL,BASELINE_FAIL,BASELINE_FAIL,BASELINE_FAIL,BASELINE_FAIL,BASELINE_FAIL,BASELINE_FAIL,BASELINE_FAIL,BASELINE_FAIL,BASELINE_FAIL,BASELINE_FAIL,BASELINE_FAIL,BASELINE_FAIL,BASELINE_FAIL,BASELINE_FAIL,BASELINE_FAIL,BASELINE_FAIL,BASELINE_FAIL,BASELINE_FAIL,BASELINE_FAIL,BASELINE_FAIL
Lang,Lang_1,batch01__Lang_1__containsAny__lang_1f_containsAny_line1515,lang_1f_containsAny__line1515,containsAny,m08,,BASELINE_FAIL,BASELINE_FAIL,False,False,0,0,harness/runs/batch01__Lang_1__containsAny__lang_1f_containsAny_line1515/execution/m08.log,BASELINE_FAIL,BASELINE_FAIL,BASELINE_FAIL,BASELINE_FAIL,BASELINE_FAIL,BASELINE_FAIL,BASELINE_FAIL,BASELINE_FAIL,BASELINE_FAIL,BASELINE_FAIL,BASELINE_FAIL,BASELINE_FAIL,BASELINE_FAIL,BASELINE_FAIL,BASELINE_FAIL,BASELINE_FAIL,BASELINE_FAIL,BASELINE_FAIL,BASELINE_FAIL,BASELINE_FAIL,BASELINE_FAIL,BASELINE_FAIL,BASELINE_FAIL,BASELINE_FAIL,BASELINE_FAIL,BASELINE_FAIL,BASELINE_FAIL,BASELINE_FAIL,BASELINE_FAIL,BASELINE_FAIL,BASELINE_FAIL,BASELINE_FAIL,BASELINE_FAIL,BASELINE_FAIL,BASELINE_FAIL,BASELINE_FAIL,BASELINE_FAIL,BASELINE_FAIL,BASELINE_FAIL,BASELINE_FAIL,BASELINE_FAIL,BASELINE_FAIL,BASELINE_FAIL,BASELINE_FAIL,BASELINE_FAIL,BASELINE_FAIL,BASELINE_FAIL,BASELINE_FAIL,BASELINE_FAIL,BASELINE_FAIL,BASELINE_FAIL,BASELINE_FAIL,BASELINE_FAIL,BASELINE_FAIL,BASELINE_FAIL,BASELINE_FAIL,BASELINE_FAIL,BASELINE_FAIL,BASELINE_FAIL,BASELINE_FAIL,BASELINE_FAIL,BASELINE_FAIL,BASELINE_FAIL,BASELINE_FAIL,BASELINE_FAIL,BASELINE_FAIL,BASELINE_FAIL,BASELINE_FAIL,BASELINE_FAIL,BASELINE_FAIL,BASELINE_FAIL,BASELINE_FAIL,BASELINE_FAIL,BASELINE_FAIL,BASELINE_FAIL,BASELINE_FAIL,BASELINE_FAIL,BASELINE_FAIL,BASELINE_FAIL,BASELINE_FAIL,BASELINE_FAIL,BASELINE_FAIL,BASELINE_FAIL
Lang,Lang_1,batch01__Lang_1__containsNone__lang_1f_containsNone_line1771,lang_1f_containsNone__line1771,containsNone,m01,,BASELINE_FAIL,BASELINE_FAIL,False,False,0,0,harness/runs/batch01__Lang_1__containsNone__lang_1f_containsNone_line1771/execution/m01.log,BASELINE_FAIL,BASELINE_FAIL,BASELINE_FAIL,BASELINE_FAIL,BASELINE_FAIL,BASELINE_FAIL,BASELINE_FAIL,BASELINE_FAIL,BASELINE_FAIL,BASELINE_FAIL,BASELINE_FAIL,BASELINE_FAIL,BASELINE_FAIL,BASELINE_FAIL,BASELINE_FAIL,BASELINE_FAIL,BASELINE_FAIL,BASELINE_FAIL,BASELINE_FAIL,BASELINE_FAIL,BASELINE_FAIL,BASELINE_FAIL,BASELINE_FAIL,BASELINE_FAIL,BASELINE_FAIL,BASELINE_FAIL,BASELINE_FAIL,BASELINE_FAIL,BASELINE_FAIL,BASELINE_FAIL,BASELINE_FAIL,BASELINE_FAIL,BASELINE_FAIL,BASELINE_FAIL,BASELINE_FAIL,BASELINE_FAIL,BASELINE_FAIL,BASELINE_FAIL,BASELINE_FAIL,BASELINE_FAIL,BASELINE_FAIL,BASELINE_FAIL,BASELINE_FAIL,BASELINE_FAIL,BASELINE_FAIL,BASELINE_FAIL,BASELINE_FAIL,BASELINE_FAIL,BASELINE_FAIL,BASELINE_FAIL,BASELINE_FAIL,BASELINE_FAIL,BASELINE_FAIL,BASELINE_FAIL,BASELINE_FAIL,BASELINE_FAIL,BASELINE_FAIL,BASELINE_FAIL,BASELINE_FAIL,BASELINE_FAIL,BASELINE_FAIL,BASELINE_FAIL,BASELINE_FAIL,BASELINE_FAIL,BASELINE_FAIL,BASELINE_FAIL,BASELINE_FAIL,BASELINE_FAIL,BASELINE_FAIL,BASELINE_FAIL,BASELINE_FAIL,BASELINE_FAIL,BASELINE_FAIL,BASELINE_FAIL,BASELINE_FAIL,BASELINE_FAIL,BASELINE_FAIL,BASELINE_FAIL,BASELINE_FAIL,BASELINE_FAIL,BASELINE_FAIL,BASELINE_FAIL,BASELINE_FAIL
Lang,Lang_1,batch01__Lang_1__containsNone__lang_1f_containsNone_line1771,lang_1f_containsNone__line1771,containsNone,m02,,BASELINE_FAIL,BASELINE_FAIL,False,False,0,0,harness/runs/batch01__Lang_1__containsNone__lang_1f_containsNone_line1771/execution/m02.log,BASELINE_FAIL,BASELINE_FAIL,BASELINE_FAIL,BASELINE_FAIL,BASELINE_FAIL,BASELINE_FAIL,BASELINE_FAIL,BASELINE_FAIL,BASELINE_FAIL,BASELINE_FAIL,BASELINE_FAIL,BASELINE_FAIL,BASELINE_FAIL,BASELINE_FAIL,BASELINE_FAIL,BASELINE_FAIL,BASELINE_FAIL,BASELINE_FAIL,BASELINE_FAIL,BASELINE_FAIL,BASELINE_FAIL,BASELINE_FAIL,BASELINE_FAIL,BASELINE_FAIL,BASELINE_FAIL,BASELINE_FAIL,BASELINE_FAIL,BASELINE_FAIL,BASELINE_FAIL,BASELINE_FAIL,BASELINE_FAIL,BASELINE_FAIL,BASELINE_FAIL,BASELINE_FAIL,BASELINE_FAIL,BASELINE_FAIL,BASELINE_FAIL,BASELINE_FAIL,BASELINE_FAIL,BASELINE_FAIL,BASELINE_FAIL,BASELINE_FAIL,BASELINE_FAIL,BASELINE_FAIL,BASELINE_FAIL,BASELINE_FAIL,BASELINE_FAIL,BASELINE_FAIL,BASELINE_FAIL,BASELINE_FAIL,BASELINE_FAIL,BASELINE_FAIL,BASELINE_FAIL,BASELINE_FAIL,BASELINE_FAIL,BASELINE_FAIL,BASELINE_FAIL,BASELINE_FAIL,BASELINE_FAIL,BASELINE_FAIL,BASELINE_FAIL,BASELINE_FAIL,BASELINE_FAIL,BASELINE_FAIL,BASELINE_FAIL,BASELINE_FAIL,BASELINE_FAIL,BASELINE_FAIL,BASELINE_FAIL,BASELINE_FAIL,BASELINE_FAIL,BASELINE_FAIL,BASELINE_FAIL,BASELINE_FAIL,BASELINE_FAIL,BASELINE_FAIL,BASELINE_FAIL,BASELINE_FAIL,BASELINE_FAIL,BASELINE_FAIL,BASELINE_FAIL,BASELINE_FAIL,BASELINE_FAIL
Lang,Lang_1,batch01__Lang_1__containsNone__lang_1f_containsNone_line1771,lang_1f_containsNone__line1771,containsNone,m03,,BASELINE_FAIL,BASELINE_FAIL,False,False,0,0,harness/runs/batch01__Lang_1__containsNone__lang_1f_containsNone_line1771/execution/m03.log,BASELINE_FAIL,BASELINE_FAIL,BASELINE_FAIL,BASELINE_FAIL,BASELINE_FAIL,BASELINE_FAIL,BASELINE_FAIL,BASELINE_FAIL,BASELINE_FAIL,BASELINE_FAIL,BASELINE_FAIL,BASELINE_FAIL,BASELINE_FAIL,BASELINE_FAIL,BASELINE_FAIL,BASELINE_FAIL,BASELINE_FAIL,BASELINE_FAIL,BASELINE_FAIL,BASELINE_FAIL,BASELINE_FAIL,BASELINE_FAIL,BASELINE_FAIL,BASELINE_FAIL,BASELINE_FAIL,BASELINE_FAIL,BASELINE_FAIL,BASELINE_FAIL,BASELINE_FAIL,BASELINE_FAIL,BASELINE_FAIL,BASELINE_FAIL,BASELINE_FAIL,BASELINE_FAIL,BASELINE_FAIL,BASELINE_FAIL,BASELINE_FAIL,BASELINE_FAIL,BASELINE_FAIL,BASELINE_FAIL,BASELINE_FAIL,BASELINE_FAIL,BASELINE_FAIL,BASELINE_FAIL,BASELINE_FAIL,BASELINE_FAIL,BASELINE_FAIL,BASELINE_FAIL,BASELINE_FAIL,BASELINE_FAIL,BASELINE_FAIL,BASELINE_FAIL,BASELINE_FAIL,BASELINE_FAIL,BASELINE_FAIL,BASELINE_FAIL,BASELINE_FAIL,BASELINE_FAIL,BASELINE_FAIL,BASELINE_FAIL,BASELINE_FAIL,BASELINE_FAIL,BASELINE_FAIL,BASELINE_FAIL,BASELINE_FAIL,BASELINE_FAIL,BASELINE_FAIL,BASELINE_FAIL,BASELINE_FAIL,BASELINE_FAIL,BASELINE_FAIL,BASELINE_FAIL,BASELINE_FAIL,BASELINE_FAIL,BASELINE_FAIL,BASELINE_FAIL,BASELINE_FAIL,BASELINE_FAIL,BASELINE_FAIL,BASELINE_FAIL,BASELINE_FAIL,BASELINE_FAIL,BASELINE_FAIL
Lang,Lang_1,batch01__Lang_1__containsNone__lang_1f_containsNone_line1771,lang_1f_containsNone__line1771,containsNone,m04,,BASELINE_FAIL,BASELINE_FAIL,False,False,0,0,harness/runs/batch01__Lang_1__containsNone__lang_1f_containsNone_line1771/execution/m04.log,BASELINE_FAIL,BASELINE_FAIL,BASELINE_FAIL,BASELINE_FAIL,BASELINE_FAIL,BASELINE_FAIL,BASELINE_FAIL,BASELINE_FAIL,BASELINE_FAIL,BASELINE_FAIL,BASELINE_FAIL,BASELINE_FAIL,BASELINE_FAIL,BASELINE_FAIL,BASELINE_FAIL,BASELINE_FAIL,BASELINE_FAIL,BASELINE_FAIL,BASELINE_FAIL,BASELINE_FAIL,BASELINE_FAIL,BASELINE_FAIL,BASELINE_FAIL,BASELINE_FAIL,BASELINE_FAIL,BASELINE_FAIL,BASELINE_FAIL,BASELINE_FAIL,BASELINE_FAIL,BASELINE_FAIL,BASELINE_FAIL,BASELINE_FAIL,BASELINE_FAIL,BASELINE_FAIL,BASELINE_FAIL,BASELINE_FAIL,BASELINE_FAIL,BASELINE_FAIL,BASELINE_FAIL,BASELINE_FAIL,BASELINE_FAIL,BASELINE_FAIL,BASELINE_FAIL,BASELINE_FAIL,BASELINE_FAIL,BASELINE_FAIL,BASELINE_FAIL,BASELINE_FAIL,BASELINE_FAIL,BASELINE_FAIL,BASELINE_FAIL,BASELINE_FAIL,BASELINE_FAIL,BASELINE_FAIL,BASELINE_FAIL,BASELINE_FAIL,BASELINE_FAIL,BASELINE_FAIL,BASELINE_FAIL,BASELINE_FAIL,BASELINE_FAIL,BASELINE_FAIL,BASELINE_FAIL,BASELINE_FAIL,BASELINE_FAIL,BASELINE_FAIL,BASELINE_FAIL,BASELINE_FAIL,BASELINE_FAIL,BASELINE_FAIL,BASELINE_FAIL,BASELINE_FAIL,BASELINE_FAIL,BASELINE_FAIL,BASELINE_FAIL,BASELINE_FAIL,BASELINE_FAIL,BASELINE_FAIL,BASELINE_FAIL,BASELINE_FAIL,BASELINE_FAIL,BASELINE_FAIL,BASELINE_FAIL
Lang,Lang_1,batch01__Lang_1__containsNone__lang_1f_containsNone_line1771,lang_1f_containsNone__line1771,containsNone,m05,,BASELINE_FAIL,BASELINE_FAIL,False,False,0,0,harness/runs/batch01__Lang_1__containsNone__lang_1f_containsNone_line1771/execution/m05.log,BASELINE_FAIL,BASELINE_FAIL,BASELINE_FAIL,BASELINE_FAIL,BASELINE_FAIL,BASELINE_FAIL,BASELINE_FAIL,BASELINE_FAIL,BASELINE_FAIL,BASELINE_FAIL,BASELINE_FAIL,BASELINE_FAIL,BASELINE_FAIL,BASELINE_FAIL,BASELINE_FAIL,BASELINE_FAIL,BASELINE_FAIL,BASELINE_FAIL,BASELINE_FAIL,BASELINE_FAIL,BASELINE_FAIL,BASELINE_FAIL,BASELINE_FAIL,BASELINE_FAIL,BASELINE_FAIL,BASELINE_FAIL,BASELINE_FAIL,BASELINE_FAIL,BASELINE_FAIL,BASELINE_FAIL,BASELINE_FAIL,BASELINE_FAIL,BASELINE_FAIL,BASELINE_FAIL,BASELINE_FAIL,BASELINE_FAIL,BASELINE_FAIL,BASELINE_FAIL,BASELINE_FAIL,BASELINE_FAIL,BASELINE_FAIL,BASELINE_FAIL,BASELINE_FAIL,BASELINE_FAIL,BASELINE_FAIL,BASELINE_FAIL,BASELINE_FAIL,BASELINE_FAIL,BASELINE_FAIL,BASELINE_FAIL,BASELINE_FAIL,BASELINE_FAIL,BASELINE_FAIL,BASELINE_FAIL,BASELINE_FAIL,BASELINE_FAIL,BASELINE_FAIL,BASELINE_FAIL,BASELINE_FAIL,BASELINE_FAIL,BASELINE_FAIL,BASELINE_FAIL,BASELINE_FAIL,BASELINE_FAIL,BASELINE_FAIL,BASELINE_FAIL,BASELINE_FAIL,BASELINE_FAIL,BASELINE_FAIL,BASELINE_FAIL,BASELINE_FAIL,BASELINE_FAIL,BASELINE_FAIL,BASELINE_FAIL,BASELINE_FAIL,BASELINE_FAIL,BASELINE_FAIL,BASELINE_FAIL,BASELINE_FAIL,BASELINE_FAIL,BASELINE_FAIL,BASELINE_FAIL,BASELINE_FAIL
Lang,Lang_1,batch01__Lang_1__containsNone__lang_1f_containsNone_line1771,lang_1f_containsNone__line1771,containsNone,m06,,BASELINE_FAIL,BASELINE_FAIL,False,False,0,0,harness/runs/batch01__Lang_1__containsNone__lang_1f_containsNone_line1771/execution/m06.log,BASELINE_FAIL,BASELINE_FAIL,BASELINE_FAIL,BASELINE_FAIL,BASELINE_FAIL,BASELINE_FAIL,BASELINE_FAIL,BASELINE_FAIL,BASELINE_FAIL,BASELINE_FAIL,BASELINE_FAIL,BASELINE_FAIL,BASELINE_FAIL,BASELINE_FAIL,BASELINE_FAIL,BASELINE_FAIL,BASELINE_FAIL,BASELINE_FAIL,BASELINE_FAIL,BASELINE_FAIL,BASELINE_FAIL,BASELINE_FAIL,BASELINE_FAIL,BASELINE_FAIL,BASELINE_FAIL,BASELINE_FAIL,BASELINE_FAIL,BASELINE_FAIL,BASELINE_FAIL,BASELINE_FAIL,BASELINE_FAIL,BASELINE_FAIL,BASELINE_FAIL,BASELINE_FAIL,BASELINE_FAIL,BASELINE_FAIL,BASELINE_FAIL,BASELINE_FAIL,BASELINE_FAIL,BASELINE_FAIL,BASELINE_FAIL,BASELINE_FAIL,BASELINE_FAIL,BASELINE_FAIL,BASELINE_FAIL,BASELINE_FAIL,BASELINE_FAIL,BASELINE_FAIL,BASELINE_FAIL,BASELINE_FAIL,BASELINE_FAIL,BASELINE_FAIL,BASELINE_FAIL,BASELINE_FAIL,BASELINE_FAIL,BASELINE_FAIL,BASELINE_FAIL,BASELINE_FAIL,BASELINE_FAIL,BASELINE_FAIL,BASELINE_FAIL,BASELINE_FAIL,BASELINE_FAIL,BASELINE_FAIL,BASELINE_FAIL,BASELINE_FAIL,BASELINE_FAIL,BASELINE_FAIL,BASELINE_FAIL,BASELINE_FAIL,BASELINE_FAIL,BASELINE_FAIL,BASELINE_FAIL,BASELINE_FAIL,BASELINE_FAIL,BASELINE_FAIL,BASELINE_FAIL,BASELINE_FAIL,BASELINE_FAIL,BASELINE_FAIL,BASELINE_FAIL,BASELINE_FAIL,BASELINE_FAIL
Lang,Lang_1,batch01__Lang_1__containsNone__lang_1f_containsNone_line1771,lang_1f_containsNone__line1771,containsNone,m07,,BASELINE_FAIL,BASELINE_FAIL,False,False,0,0,harness/runs/batch01__Lang_1__containsNone__lang_1f_containsNone_line1771/execution/m07.log,BASELINE_FAIL,BASELINE_FAIL,BASELINE_FAIL,BASELINE_FAIL,BASELINE_FAIL,BASELINE_FAIL,BASELINE_FAIL,BASELINE_FAIL,BASELINE_FAIL,BASELINE_FAIL,BASELINE_FAIL,BASELINE_FAIL,BASELINE_FAIL,BASELINE_FAIL,BASELINE_FAIL,BASELINE_FAIL,BASELINE_FAIL,BASELINE_FAIL,BASELINE_FAIL,BASELINE_FAIL,BASELINE_FAIL,BASELINE_FAIL,BASELINE_FAIL,BASELINE_FAIL,BASELINE_FAIL,BASELINE_FAIL,BASELINE_FAIL,BASELINE_FAIL,BASELINE_FAIL,BASELINE_FAIL,BASELINE_FAIL,BASELINE_FAIL,BASELINE_FAIL,BASELINE_FAIL,BASELINE_FAIL,BASELINE_FAIL,BASELINE_FAIL,BASELINE_FAIL,BASELINE_FAIL,BASELINE_FAIL,BASELINE_FAIL,BASELINE_FAIL,BASELINE_FAIL,BASELINE_FAIL,BASELINE_FAIL,BASELINE_FAIL,BASELINE_FAIL,BASELINE_FAIL,BASELINE_FAIL,BASELINE_FAIL,BASELINE_FAIL,BASELINE_FAIL,BASELINE_FAIL,BASELINE_FAIL,BASELINE_FAIL,BASELINE_FAIL,BASELINE_FAIL,BASELINE_FAIL,BASELINE_FAIL,BASELINE_FAIL,BASELINE_FAIL,BASELINE_FAIL,BASELINE_FAIL,BASELINE_FAIL,BASELINE_FAIL,BASELINE_FAIL,BASELINE_FAIL,BASELINE_FAIL,BASELINE_FAIL,BASELINE_FAIL,BASELINE_FAIL,BASELINE_FAIL,BASELINE_FAIL,BASELINE_FAIL,BASELINE_FAIL,BASELINE_FAIL,BASELINE_FAIL,BASELINE_FAIL,BASELINE_FAIL,BASELINE_FAIL,BASELINE_FAIL,BASELINE_FAIL,BASELINE_FAIL
Lang,Lang_1,batch01__Lang_1__containsNone__lang_1f_containsNone_line1771,lang_1f_containsNone__line1771,containsNone,m08,,BASELINE_FAIL,BASELINE_FAIL,False,False,0,0,harness/runs/batch01__Lang_1__containsNone__lang_1f_containsNone_line1771/execution/m08.log,BASELINE_FAIL,BASELINE_FAIL,BASELINE_FAIL,BASELINE_FAIL,BASELINE_FAIL,BASELINE_FAIL,BASELINE_FAIL,BASELINE_FAIL,BASELINE_FAIL,BASELINE_FAIL,BASELINE_FAIL,BASELINE_FAIL,BASELINE_FAIL,BASELINE_FAIL,BASELINE_FAIL,BASELINE_FAIL,BASELINE_FAIL,BASELINE_FAIL,BASELINE_FAIL,BASELINE_FAIL,BASELINE_FAIL,BASELINE_FAIL,BASELINE_FAIL,BASELINE_FAIL,BASELINE_FAIL,BASELINE_FAIL,BASELINE_FAIL,BASELINE_FAIL,BASELINE_FAIL,BASELINE_FAIL,BASELINE_FAIL,BASELINE_FAIL,BASELINE_FAIL,BASELINE_FAIL,BASELINE_FAIL,BASELINE_FAIL,BASELINE_FAIL,BASELINE_FAIL,BASELINE_FAIL,BASELINE_FAIL,BASELINE_FAIL,BASELINE_FAIL,BASELINE_FAIL,BASELINE_FAIL,BASELINE_FAIL,BASELINE_FAIL,BASELINE_FAIL,BASELINE_FAIL,BASELINE_FAIL,BASELINE_FAIL,BASELINE_FAIL,BASELINE_FAIL,BASELINE_FAIL,BASELINE_FAIL,BASELINE_FAIL,BASELINE_FAIL,BASELINE_FAIL,BASELINE_FAIL,BASELINE_FAIL,BASELINE_FAIL,BASELINE_FAIL,BASELINE_FAIL,BASELINE_FAIL,BASELINE_FAIL,BASELINE_FAIL,BASELINE_FAIL,BASELINE_FAIL,BASELINE_FAIL,BASELINE_FAIL,BASELINE_FAIL,BASELINE_FAIL,BASELINE_FAIL,BASELINE_FAIL,BASELINE_FAIL,BASELINE_FAIL,BASELINE_FAIL,BASELINE_FAIL,BASELINE_FAIL,BASELINE_FAIL,BASELINE_FAIL,BASELINE_FAIL,BASELINE_FAIL,BASELINE_FAIL
Lang,Lang_1,batch01__Lang_1__createBigInteger__lang_1f_createBigInteger_line723,lang_1f_createBigInteger__line723,createBigInteger,m01,,BASELINE_FAIL,BASELINE_FAIL,False,False,0,0,harness/runs/batch01__Lang_1__createBigInteger__lang_1f_createBigInteger_line723/execution/m01.log,BASELINE_FAIL,BASELINE_FAIL,BASELINE_FAIL,BASELINE_FAIL,BASELINE_FAIL,BASELINE_FAIL,BASELINE_FAIL,BASELINE_FAIL,BASELINE_FAIL,BASELINE_FAIL,BASELINE_FAIL,BASELINE_FAIL,BASELINE_FAIL,BASELINE_FAIL,BASELINE_FAIL,BASELINE_FAIL,BASELINE_FAIL,BASELINE_FAIL,BASELINE_FAIL,BASELINE_FAIL,BASELINE_FAIL,BASELINE_FAIL,BASELINE_FAIL,BASELINE_FAIL,BASELINE_FAIL,BASELINE_FAIL,BASELINE_FAIL,BASELINE_FAIL,BASELINE_FAIL,BASELINE_FAIL,BASELINE_FAIL,BASELINE_FAIL,BASELINE_FAIL,BASELINE_FAIL,BASELINE_FAIL,BASELINE_FAIL,BASELINE_FAIL,BASELINE_FAIL,BASELINE_FAIL,BASELINE_FAIL,BASELINE_FAIL,BASELINE_FAIL,BASELINE_FAIL,BASELINE_FAIL,BASELINE_FAIL,BASELINE_FAIL,BASELINE_FAIL,BASELINE_FAIL,BASELINE_FAIL,BASELINE_FAIL,BASELINE_FAIL,BASELINE_FAIL,BASELINE_FAIL,BASELINE_FAIL,BASELINE_FAIL,BASELINE_FAIL,BASELINE_FAIL,BASELINE_FAIL,BASELINE_FAIL,BASELINE_FAIL,BASELINE_FAIL,BASELINE_FAIL,BASELINE_FAIL,BASELINE_FAIL,BASELINE_FAIL,BASELINE_FAIL,BASELINE_FAIL,BASELINE_FAIL,BASELINE_FAIL,BASELINE_FAIL,BASELINE_FAIL,BASELINE_FAIL,BASELINE_FAIL,BASELINE_FAIL,BASELINE_FAIL,BASELINE_FAIL,BASELINE_FAIL,BASELINE_FAIL,BASELINE_FAIL,BASELINE_FAIL,BASELINE_FAIL,BASELINE_FAIL,BASELINE_FAIL
Lang,Lang_1,batch01__Lang_1__createBigInteger__lang_1f_createBigInteger_line723,lang_1f_createBigInteger__line723,createBigInteger,m03,,BASELINE_FAIL,BASELINE_FAIL,False,False,0,0,harness/runs/batch01__Lang_1__createBigInteger__lang_1f_createBigInteger_line723/execution/m03.log,BASELINE_FAIL,BASELINE_FAIL,BASELINE_FAIL,BASELINE_FAIL,BASELINE_FAIL,BASELINE_FAIL,BASELINE_FAIL,BASELINE_FAIL,BASELINE_FAIL,BASELINE_FAIL,BASELINE_FAIL,BASELINE_FAIL,BASELINE_FAIL,BASELINE_FAIL,BASELINE_FAIL,BASELINE_FAIL,BASELINE_FAIL,BASELINE_FAIL,BASELINE_FAIL,BASELINE_FAIL,BASELINE_FAIL,BASELINE_FAIL,BASELINE_FAIL,BASELINE_FAIL,BASELINE_FAIL,BASELINE_FAIL,BASELINE_FAIL,BASELINE_FAIL,BASELINE_FAIL,BASELINE_FAIL,BASELINE_FAIL,BASELINE_FAIL,BASELINE_FAIL,BASELINE_FAIL,BASELINE_FAIL,BASELINE_FAIL,BASELINE_FAIL,BASELINE_FAIL,BASELINE_FAIL,BASELINE_FAIL,BASELINE_FAIL,BASELINE_FAIL,BASELINE_FAIL,BASELINE_FAIL,BASELINE_FAIL,BASELINE_FAIL,BASELINE_FAIL,BASELINE_FAIL,BASELINE_FAIL,BASELINE_FAIL,BASELINE_FAIL,BASELINE_FAIL,BASELINE_FAIL,BASELINE_FAIL,BASELINE_FAIL,BASELINE_FAIL,BASELINE_FAIL,BASELINE_FAIL,BASELINE_FAIL,BASELINE_FAIL,BASELINE_FAIL,BASELINE_FAIL,BASELINE_FAIL,BASELINE_FAIL,BASELINE_FAIL,BASELINE_FAIL,BASELINE_FAIL,BASELINE_FAIL,BASELINE_FAIL,BASELINE_FAIL,BASELINE_FAIL,BASELINE_FAIL,BASELINE_FAIL,BASELINE_FAIL,BASELINE_FAIL,BASELINE_FAIL,BASELINE_FAIL,BASELINE_FAIL,BASELINE_FAIL,BASELINE_FAIL,BASELINE_FAIL,BASELINE_FAIL,BASELINE_FAIL
Lang,Lang_1,batch01__Lang_1__createBigInteger__lang_1f_createBigInteger_line723,lang_1f_createBigInteger__line723,createBigInteger,m05,,BASELINE_FAIL,BASELINE_FAIL,False,False,0,0,harness/runs/batch01__Lang_1__createBigInteger__lang_1f_createBigInteger_line723/execution/m05.log,BASELINE_FAIL,BASELINE_FAIL,BASELINE_FAIL,BASELINE_FAIL,BASELINE_FAIL,BASELINE_FAIL,BASELINE_FAIL,BASELINE_FAIL,BASELINE_FAIL,BASELINE_FAIL,BASELINE_FAIL,BASELINE_FAIL,BASELINE_FAIL,BASELINE_FAIL,BASELINE_FAIL,BASELINE_FAIL,BASELINE_FAIL,BASELINE_FAIL,BASELINE_FAIL,BASELINE_FAIL,BASELINE_FAIL,BASELINE_FAIL,BASELINE_FAIL,BASELINE_FAIL,BASELINE_FAIL,BASELINE_FAIL,BASELINE_FAIL,BASELINE_FAIL,BASELINE_FAIL,BASELINE_FAIL,BASELINE_FAIL,BASELINE_FAIL,BASELINE_FAIL,BASELINE_FAIL,BASELINE_FAIL,BASELINE_FAIL,BASELINE_FAIL,BASELINE_FAIL,BASELINE_FAIL,BASELINE_FAIL,BASELINE_FAIL,BASELINE_FAIL,BASELINE_FAIL,BASELINE_FAIL,BASELINE_FAIL,BASELINE_FAIL,BASELINE_FAIL,BASELINE_FAIL,BASELINE_FAIL,BASELINE_FAIL,BASELINE_FAIL,BASELINE_FAIL,BASELINE_FAIL,BASELINE_FAIL,BASELINE_FAIL,BASELINE_FAIL,BASELINE_FAIL,BASELINE_FAIL,BASELINE_FAIL,BASELINE_FAIL,BASELINE_FAIL,BASELINE_FAIL,BASELINE_FAIL,BASELINE_FAIL,BASELINE_FAIL,BASELINE_FAIL,BASELINE_FAIL,BASELINE_FAIL,BASELINE_FAIL,BASELINE_FAIL,BASELINE_FAIL,BASELINE_FAIL,BASELINE_FAIL,BASELINE_FAIL,BASELINE_FAIL,BASELINE_FAIL,BASELINE_FAIL,BASELINE_FAIL,BASELINE_FAIL,BASELINE_FAIL,BASELINE_FAIL,BASELINE_FAIL,BASELINE_FAIL
Lang,Lang_1,batch01__Lang_1__createBigInteger__lang_1f_createBigInteger_line723,lang_1f_createBigInteger__line723,createBigInteger,m06,,BASELINE_FAIL,BASELINE_FAIL,False,False,0,0,harness/runs/batch01__Lang_1__createBigInteger__lang_1f_createBigInteger_line723/execution/m06.log,BASELINE_FAIL,BASELINE_FAIL,BASELINE_FAIL,BASELINE_FAIL,BASELINE_FAIL,BASELINE_FAIL,BASELINE_FAIL,BASELINE_FAIL,BASELINE_FAIL,BASELINE_FAIL,BASELINE_FAIL,BASELINE_FAIL,BASELINE_FAIL,BASELINE_FAIL,BASELINE_FAIL,BASELINE_FAIL,BASELINE_FAIL,BASELINE_FAIL,BASELINE_FAIL,BASELINE_FAIL,BASELINE_FAIL,BASELINE_FAIL,BASELINE_FAIL,BASELINE_FAIL,BASELINE_FAIL,BASELINE_FAIL,BASELINE_FAIL,BASELINE_FAIL,BASELINE_FAIL,BASELINE_FAIL,BASELINE_FAIL,BASELINE_FAIL,BASELINE_FAIL,BASELINE_FAIL,BASELINE_FAIL,BASELINE_FAIL,BASELINE_FAIL,BASELINE_FAIL,BASELINE_FAIL,BASELINE_FAIL,BASELINE_FAIL,BASELINE_FAIL,BASELINE_FAIL,BASELINE_FAIL,BASELINE_FAIL,BASELINE_FAIL,BASELINE_FAIL,BASELINE_FAIL,BASELINE_FAIL,BASELINE_FAIL,BASELINE_FAIL,BASELINE_FAIL,BASELINE_FAIL,BASELINE_FAIL,BASELINE_FAIL,BASELINE_FAIL,BASELINE_FAIL,BASELINE_FAIL,BASELINE_FAIL,BASELINE_FAIL,BASELINE_FAIL,BASELINE_FAIL,BASELINE_FAIL,BASELINE_FAIL,BASELINE_FAIL,BASELINE_FAIL,BASELINE_FAIL,BASELINE_FAIL,BASELINE_FAIL,BASELINE_FAIL,BASELINE_FAIL,BASELINE_FAIL,BASELINE_FAIL,BASELINE_FAIL,BASELINE_FAIL,BASELINE_FAIL,BASELINE_FAIL,BASELINE_FAIL,BASELINE_FAIL,BASELINE_FAIL,BASELINE_FAIL,BASELINE_FAIL,BASELINE_FAIL
Lang,Lang_1,batch01__Lang_1__createBigInteger__lang_1f_createBigInteger_line723,lang_1f_createBigInteger__line723,createBigInteger,m07,,BASELINE_FAIL,BASELINE_FAIL,False,False,0,0,harness/runs/batch01__Lang_1__createBigInteger__lang_1f_createBigInteger_line723/execution/m07.log,BASELINE_FAIL,BASELINE_FAIL,BASELINE_FAIL,BASELINE_FAIL,BASELINE_FAIL,BASELINE_FAIL,BASELINE_FAIL,BASELINE_FAIL,BASELINE_FAIL,BASELINE_FAIL,BASELINE_FAIL,BASELINE_FAIL,BASELINE_FAIL,BASELINE_FAIL,BASELINE_FAIL,BASELINE_FAIL,BASELINE_FAIL,BASELINE_FAIL,BASELINE_FAIL,BASELINE_FAIL,BASELINE_FAIL,BASELINE_FAIL,BASELINE_FAIL,BASELINE_FAIL,BASELINE_FAIL,BASELINE_FAIL,BASELINE_FAIL,BASELINE_FAIL,BASELINE_FAIL,BASELINE_FAIL,BASELINE_FAIL,BASELINE_FAIL,BASELINE_FAIL,BASELINE_FAIL,BASELINE_FAIL,BASELINE_FAIL,BASELINE_FAIL,BASELINE_FAIL,BASELINE_FAIL,BASELINE_FAIL,BASELINE_FAIL,BASELINE_FAIL,BASELINE_FAIL,BASELINE_FAIL,BASELINE_FAIL,BASELINE_FAIL,BASELINE_FAIL,BASELINE_FAIL,BASELINE_FAIL,BASELINE_FAIL,BASELINE_FAIL,BASELINE_FAIL,BASELINE_FAIL,BASELINE_FAIL,BASELINE_FAIL,BASELINE_FAIL,BASELINE_FAIL,BASELINE_FAIL,BASELINE_FAIL,BASELINE_FAIL,BASELINE_FAIL,BASELINE_FAIL,BASELINE_FAIL,BASELINE_FAIL,BASELINE_FAIL,BASELINE_FAIL,BASELINE_FAIL,BASELINE_FAIL,BASELINE_FAIL,BASELINE_FAIL,BASELINE_FAIL,BASELINE_FAIL,BASELINE_FAIL,BASELINE_FAIL,BASELINE_FAIL,BASELINE_FAIL,BASELINE_FAIL,BASELINE_FAIL,BASELINE_FAIL,BASELINE_FAIL,BASELINE_FAIL,BASELINE_FAIL,BASELINE_FAIL
Lang,Lang_1,batch01__Lang_1__createBigInteger__lang_1f_createBigInteger_line723,lang_1f_createBigInteger__line723,createBigInteger,m08,,BASELINE_FAIL,BASELINE_FAIL,False,False,0,0,harness/runs/batch01__Lang_1__createBigInteger__lang_1f_createBigInteger_line723/execution/m08.log,BASELINE_FAIL,BASELINE_FAIL,BASELINE_FAIL,BASELINE_FAIL,BASELINE_FAIL,BASELINE_FAIL,BASELINE_FAIL,BASELINE_FAIL,BASELINE_FAIL,BASELINE_FAIL,BASELINE_FAIL,BASELINE_FAIL,BASELINE_FAIL,BASELINE_FAIL,BASELINE_FAIL,BASELINE_FAIL,BASELINE_FAIL,BASELINE_FAIL,BASELINE_FAIL,BASELINE_FAIL,BASELINE_FAIL,BASELINE_FAIL,BASELINE_FAIL,BASELINE_FAIL,BASELINE_FAIL,BASELINE_FAIL,BASELINE_FAIL,BASELINE_FAIL,BASELINE_FAIL,BASELINE_FAIL,BASELINE_FAIL,BASELINE_FAIL,BASELINE_FAIL,BASELINE_FAIL,BASELINE_FAIL,BASELINE_FAIL,BASELINE_FAIL,BASELINE_FAIL,BASELINE_FAIL,BASELINE_FAIL,BASELINE_FAIL,BASELINE_FAIL,BASELINE_FAIL,BASELINE_FAIL,BASELINE_FAIL,BASELINE_FAIL,BASELINE_FAIL,BASELINE_FAIL,BASELINE_FAIL,BASELINE_FAIL,BASELINE_FAIL,BASELINE_FAIL,BASELINE_FAIL,BASELINE_FAIL,BASELINE_FAIL,BASELINE_FAIL,BASELINE_FAIL,BASELINE_FAIL,BASELINE_FAIL,BASELINE_FAIL,BASELINE_FAIL,BASELINE_FAIL,BASELINE_FAIL,BASELINE_FAIL,BASELINE_FAIL,BASELINE_FAIL,BASELINE_FAIL,BASELINE_FAIL,BASELINE_FAIL,BASELINE_FAIL,BASELINE_FAIL,BASELINE_FAIL,BASELINE_FAIL,BASELINE_FAIL,BASELINE_FAIL,BASELINE_FAIL,BASELINE_FAIL,BASELINE_FAIL,BASELINE_FAIL,BASELINE_FAIL,BASELINE_FAIL,BASELINE_FAIL,BASELINE_FAIL
Lang,Lang_1,batch01__Lang_1__equals__lang_1f_equals_line122,lang_1f_equals__line122,equals,m01,,BASELINE_FAIL,BASELINE_FAIL,False,False,0,0,harness/runs/batch01__Lang_1__equals__lang_1f_equals_line122/execution/m01.log,BASELINE_FAIL,BASELINE_FAIL,BASELINE_FAIL,BASELINE_FAIL,BASELINE_FAIL,BASELINE_FAIL,BASELINE_FAIL,BASELINE_FAIL,BASELINE_FAIL,BASELINE_FAIL,BASELINE_FAIL,BASELINE_FAIL,BASELINE_FAIL,BASELINE_FAIL,BASELINE_FAIL,BASELINE_FAIL,BASELINE_FAIL,BASELINE_FAIL,BASELINE_FAIL,BASELINE_FAIL,BASELINE_FAIL,BASELINE_FAIL,BASELINE_FAIL,BASELINE_FAIL,BASELINE_FAIL,BASELINE_FAIL,BASELINE_FAIL,BASELINE_FAIL,BASELINE_FAIL,BASELINE_FAIL,BASELINE_FAIL,BASELINE_FAIL,BASELINE_FAIL,BASELINE_FAIL,BASELINE_FAIL,BASELINE_FAIL,BASELINE_FAIL,BASELINE_FAIL,BASELINE_FAIL,BASELINE_FAIL,BASELINE_FAIL,BASELINE_FAIL,BASELINE_FAIL,BASELINE_FAIL,BASELINE_FAIL,BASELINE_FAIL,BASELINE_FAIL,BASELINE_FAIL,BASELINE_FAIL,BASELINE_FAIL,BASELINE_FAIL,BASELINE_FAIL,BASELINE_FAIL,BASELINE_FAIL,BASELINE_FAIL,BASELINE_FAIL,BASELINE_FAIL,BASELINE_FAIL,BASELINE_FAIL,BASELINE_FAIL,BASELINE_FAIL,BASELINE_FAIL,BASELINE_FAIL,BASELINE_FAIL,BASELINE_FAIL,BASELINE_FAIL,BASELINE_FAIL,BASELINE_FAIL,BASELINE_FAIL,BASELINE_FAIL,BASELINE_FAIL,BASELINE_FAIL,BASELINE_FAIL,BASELINE_FAIL,BASELINE_FAIL,BASELINE_FAIL,BASELINE_FAIL,BASELINE_FAIL,BASELINE_FAIL,BASELINE_FAIL,BASELINE_FAIL,BASELINE_FAIL,BASELINE_FAIL
Lang,Lang_1,batch01__Lang_1__equals__lang_1f_equals_line122,lang_1f_equals__line122,equals,m02,,BASELINE_FAIL,BASELINE_FAIL,False,False,0,0,harness/runs/batch01__Lang_1__equals__lang_1f_equals_line122/execution/m02.log,BASELINE_FAIL,BASELINE_FAIL,BASELINE_FAIL,BASELINE_FAIL,BASELINE_FAIL,BASELINE_FAIL,BASELINE_FAIL,BASELINE_FAIL,BASELINE_FAIL,BASELINE_FAIL,BASELINE_FAIL,BASELINE_FAIL,BASELINE_FAIL,BASELINE_FAIL,BASELINE_FAIL,BASELINE_FAIL,BASELINE_FAIL,BASELINE_FAIL,BASELINE_FAIL,BASELINE_FAIL,BASELINE_FAIL,BASELINE_FAIL,BASELINE_FAIL,BASELINE_FAIL,BASELINE_FAIL,BASELINE_FAIL,BASELINE_FAIL,BASELINE_FAIL,BASELINE_FAIL,BASELINE_FAIL,BASELINE_FAIL,BASELINE_FAIL,BASELINE_FAIL,BASELINE_FAIL,BASELINE_FAIL,BASELINE_FAIL,BASELINE_FAIL,BASELINE_FAIL,BASELINE_FAIL,BASELINE_FAIL,BASELINE_FAIL,BASELINE_FAIL,BASELINE_FAIL,BASELINE_FAIL,BASELINE_FAIL,BASELINE_FAIL,BASELINE_FAIL,BASELINE_FAIL,BASELINE_FAIL,BASELINE_FAIL,BASELINE_FAIL,BASELINE_FAIL,BASELINE_FAIL,BASELINE_FAIL,BASELINE_FAIL,BASELINE_FAIL,BASELINE_FAIL,BASELINE_FAIL,BASELINE_FAIL,BASELINE_FAIL,BASELINE_FAIL,BASELINE_FAIL,BASELINE_FAIL,BASELINE_FAIL,BASELINE_FAIL,BASELINE_FAIL,BASELINE_FAIL,BASELINE_FAIL,BASELINE_FAIL,BASELINE_FAIL,BASELINE_FAIL,BASELINE_FAIL,BASELINE_FAIL,BASELINE_FAIL,BASELINE_FAIL,BASELINE_FAIL,BASELINE_FAIL,BASELINE_FAIL,BASELINE_FAIL,BASELINE_FAIL,BASELINE_FAIL,BASELINE_FAIL,BASELINE_FAIL
Lang,Lang_1,batch01__Lang_1__equals__lang_1f_equals_line122,lang_1f_equals__line122,equals,m04,,BASELINE_FAIL,BASELINE_FAIL,False,False,0,0,harness/runs/batch01__Lang_1__equals__lang_1f_equals_line122/execution/m04.log,BASELINE_FAIL,BASELINE_FAIL,BASELINE_FAIL,BASELINE_FAIL,BASELINE_FAIL,BASELINE_FAIL,BASELINE_FAIL,BASELINE_FAIL,BASELINE_FAIL,BASELINE_FAIL,BASELINE_FAIL,BASELINE_FAIL,BASELINE_FAIL,BASELINE_FAIL,BASELINE_FAIL,BASELINE_FAIL,BASELINE_FAIL,BASELINE_FAIL,BASELINE_FAIL,BASELINE_FAIL,BASELINE_FAIL,BASELINE_FAIL,BASELINE_FAIL,BASELINE_FAIL,BASELINE_FAIL,BASELINE_FAIL,BASELINE_FAIL,BASELINE_FAIL,BASELINE_FAIL,BASELINE_FAIL,BASELINE_FAIL,BASELINE_FAIL,BASELINE_FAIL,BASELINE_FAIL,BASELINE_FAIL,BASELINE_FAIL,BASELINE_FAIL,BASELINE_FAIL,BASELINE_FAIL,BASELINE_FAIL,BASELINE_FAIL,BASELINE_FAIL,BASELINE_FAIL,BASELINE_FAIL,BASELINE_FAIL,BASELINE_FAIL,BASELINE_FAIL,BASELINE_FAIL,BASELINE_FAIL,BASELINE_FAIL,BASELINE_FAIL,BASELINE_FAIL,BASELINE_FAIL,BASELINE_FAIL,BASELINE_FAIL,BASELINE_FAIL,BASELINE_FAIL,BASELINE_FAIL,BASELINE_FAIL,BASELINE_FAIL,BASELINE_FAIL,BASELINE_FAIL,BASELINE_FAIL,BASELINE_FAIL,BASELINE_FAIL,BASELINE_FAIL,BASELINE_FAIL,BASELINE_FAIL,BASELINE_FAIL,BASELINE_FAIL,BASELINE_FAIL,BASELINE_FAIL,BASELINE_FAIL,BASELINE_FAIL,BASELINE_FAIL,BASELINE_FAIL,BASELINE_FAIL,BASELINE_FAIL,BASELINE_FAIL,BASELINE_FAIL,BASELINE_FAIL,BASELINE_FAIL,BASELINE_FAIL
Lang,Lang_1,batch01__Lang_1__equals__lang_1f_equals_line122,lang_1f_equals__line122,equals,m05,,BASELINE_FAIL,BASELINE_FAIL,False,False,0,0,harness/runs/batch01__Lang_1__equals__lang_1f_equals_line122/execution/m05.log,BASELINE_FAIL,BASELINE_FAIL,BASELINE_FAIL,BASELINE_FAIL,BASELINE_FAIL,BASELINE_FAIL,BASELINE_FAIL,BASELINE_FAIL,BASELINE_FAIL,BASELINE_FAIL,BASELINE_FAIL,BASELINE_FAIL,BASELINE_FAIL,BASELINE_FAIL,BASELINE_FAIL,BASELINE_FAIL,BASELINE_FAIL,BASELINE_FAIL,BASELINE_FAIL,BASELINE_FAIL,BASELINE_FAIL,BASELINE_FAIL,BASELINE_FAIL,BASELINE_FAIL,BASELINE_FAIL,BASELINE_FAIL,BASELINE_FAIL,BASELINE_FAIL,BASELINE_FAIL,BASELINE_FAIL,BASELINE_FAIL,BASELINE_FAIL,BASELINE_FAIL,BASELINE_FAIL,BASELINE_FAIL,BASELINE_FAIL,BASELINE_FAIL,BASELINE_FAIL,BASELINE_FAIL,BASELINE_FAIL,BASELINE_FAIL,BASELINE_FAIL,BASELINE_FAIL,BASELINE_FAIL,BASELINE_FAIL,BASELINE_FAIL,BASELINE_FAIL,BASELINE_FAIL,BASELINE_FAIL,BASELINE_FAIL,BASELINE_FAIL,BASELINE_FAIL,BASELINE_FAIL,BASELINE_FAIL,BASELINE_FAIL,BASELINE_FAIL,BASELINE_FAIL,BASELINE_FAIL,BASELINE_FAIL,BASELINE_FAIL,BASELINE_FAIL,BASELINE_FAIL,BASELINE_FAIL,BASELINE_FAIL,BASELINE_FAIL,BASELINE_FAIL,BASELINE_FAIL,BASELINE_FAIL,BASELINE_FAIL,BASELINE_FAIL,BASELINE_FAIL,BASELINE_FAIL,BASELINE_FAIL,BASELINE_FAIL,BASELINE_FAIL,BASELINE_FAIL,BASELINE_FAIL,BASELINE_FAIL,BASELINE_FAIL,BASELINE_FAIL,BASELINE_FAIL,BASELINE_FAIL,BASELINE_FAIL
Lang,Lang_1,batch01__Lang_1__equals__lang_1f_equals_line122,lang_1f_equals__line122,equals,m06,,BASELINE_FAIL,BASELINE_FAIL,False,False,0,0,harness/runs/batch01__Lang_1__equals__lang_1f_equals_line122/execution/m06.log,BASELINE_FAIL,BASELINE_FAIL,BASELINE_FAIL,BASELINE_FAIL,BASELINE_FAIL,BASELINE_FAIL,BASELINE_FAIL,BASELINE_FAIL,BASELINE_FAIL,BASELINE_FAIL,BASELINE_FAIL,BASELINE_FAIL,BASELINE_FAIL,BASELINE_FAIL,BASELINE_FAIL,BASELINE_FAIL,BASELINE_FAIL,BASELINE_FAIL,BASELINE_FAIL,BASELINE_FAIL,BASELINE_FAIL,BASELINE_FAIL,BASELINE_FAIL,BASELINE_FAIL,BASELINE_FAIL,BASELINE_FAIL,BASELINE_FAIL,BASELINE_FAIL,BASELINE_FAIL,BASELINE_FAIL,BASELINE_FAIL,BASELINE_FAIL,BASELINE_FAIL,BASELINE_FAIL,BASELINE_FAIL,BASELINE_FAIL,BASELINE_FAIL,BASELINE_FAIL,BASELINE_FAIL,BASELINE_FAIL,BASELINE_FAIL,BASELINE_FAIL,BASELINE_FAIL,BASELINE_FAIL,BASELINE_FAIL,BASELINE_FAIL,BASELINE_FAIL,BASELINE_FAIL,BASELINE_FAIL,BASELINE_FAIL,BASELINE_FAIL,BASELINE_FAIL,BASELINE_FAIL,BASELINE_FAIL,BASELINE_FAIL,BASELINE_FAIL,BASELINE_FAIL,BASELINE_FAIL,BASELINE_FAIL,BASELINE_FAIL,BASELINE_FAIL,BASELINE_FAIL,BASELINE_FAIL,BASELINE_FAIL,BASELINE_FAIL,BASELINE_FAIL,BASELINE_FAIL,BASELINE_FAIL,BASELINE_FAIL,BASELINE_FAIL,BASELINE_FAIL,BASELINE_FAIL,BASELINE_FAIL,BASELINE_FAIL,BASELINE_FAIL,BASELINE_FAIL,BASELINE_FAIL,BASELINE_FAIL,BASELINE_FAIL,BASELINE_FAIL,BASELINE_FAIL,BASELINE_FAIL,BASELINE_FAIL
Lang,Lang_1,batch01__Lang_1__equals__lang_1f_equals_line122,lang_1f_equals__line122,equals,m07,,BASELINE_FAIL,BASELINE_FAIL,False,False,0,0,harness/runs/batch01__Lang_1__equals__lang_1f_equals_line122/execution/m07.log,BASELINE_FAIL,BASELINE_FAIL,BASELINE_FAIL,BASELINE_FAIL,BASELINE_FAIL,BASELINE_FAIL,BASELINE_FAIL,BASELINE_FAIL,BASELINE_FAIL,BASELINE_FAIL,BASELINE_FAIL,BASELINE_FAIL,BASELINE_FAIL,BASELINE_FAIL,BASELINE_FAIL,BASELINE_FAIL,BASELINE_FAIL,BASELINE_FAIL,BASELINE_FAIL,BASELINE_FAIL,BASELINE_FAIL,BASELINE_FAIL,BASELINE_FAIL,BASELINE_FAIL,BASELINE_FAIL,BASELINE_FAIL,BASELINE_FAIL,BASELINE_FAIL,BASELINE_FAIL,BASELINE_FAIL,BASELINE_FAIL,BASELINE_FAIL,BASELINE_FAIL,BASELINE_FAIL,BASELINE_FAIL,BASELINE_FAIL,BASELINE_FAIL,BASELINE_FAIL,BASELINE_FAIL,BASELINE_FAIL,BASELINE_FAIL,BASELINE_FAIL,BASELINE_FAIL,BASELINE_FAIL,BASELINE_FAIL,BASELINE_FAIL,BASELINE_FAIL,BASELINE_FAIL,BASELINE_FAIL,BASELINE_FAIL,BASELINE_FAIL,BASELINE_FAIL,BASELINE_FAIL,BASELINE_FAIL,BASELINE_FAIL,BASELINE_FAIL,BASELINE_FAIL,BASELINE_FAIL,BASELINE_FAIL,BASELINE_FAIL,BASELINE_FAIL,BASELINE_FAIL,BASELINE_FAIL,BASELINE_FAIL,BASELINE_FAIL,BASELINE_FAIL,BASELINE_FAIL,BASELINE_FAIL,BASELINE_FAIL,BASELINE_FAIL,BASELINE_FAIL,BASELINE_FAIL,BASELINE_FAIL,BASELINE_FAIL,BASELINE_FAIL,BASELINE_FAIL,BASELINE_FAIL,BASELINE_FAIL,BASELINE_FAIL,BASELINE_FAIL,BASELINE_FAIL,BASELINE_FAIL,BASELINE_FAIL
Lang,Lang_1,batch01__Lang_1__equals__lang_1f_equals_line122,lang_1f_equals__line122,equals,m08,,BASELINE_FAIL,BASELINE_FAIL,False,False,0,0,harness/runs/batch01__Lang_1__equals__lang_1f_equals_line122/execution/m08.log,BASELINE_FAIL,BASELINE_FAIL,BASELINE_FAIL,BASELINE_FAIL,BASELINE_FAIL,BASELINE_FAIL,BASELINE_FAIL,BASELINE_FAIL,BASELINE_FAIL,BASELINE_FAIL,BASELINE_FAIL,BASELINE_FAIL,BASELINE_FAIL,BASELINE_FAIL,BASELINE_FAIL,BASELINE_FAIL,BASELINE_FAIL,BASELINE_FAIL,BASELINE_FAIL,BASELINE_FAIL,BASELINE_FAIL,BASELINE_FAIL,BASELINE_FAIL,BASELINE_FAIL,BASELINE_FAIL,BASELINE_FAIL,BASELINE_FAIL,BASELINE_FAIL,BASELINE_FAIL,BASELINE_FAIL,BASELINE_FAIL,BASELINE_FAIL,BASELINE_FAIL,BASELINE_FAIL,BASELINE_FAIL,BASELINE_FAIL,BASELINE_FAIL,BASELINE_FAIL,BASELINE_FAIL,BASELINE_FAIL,BASELINE_FAIL,BASELINE_FAIL,BASELINE_FAIL,BASELINE_FAIL,BASELINE_FAIL,BASELINE_FAIL,BASELINE_FAIL,BASELINE_FAIL,BASELINE_FAIL,BASELINE_FAIL,BASELINE_FAIL,BASELINE_FAIL,BASELINE_FAIL,BASELINE_FAIL,BASELINE_FAIL,BASELINE_FAIL,BASELINE_FAIL,BASELINE_FAIL,BASELINE_FAIL,BASELINE_FAIL,BASELINE_FAIL,BASELINE_FAIL,BASELINE_FAIL,BASELINE_FAIL,BASELINE_FAIL,BASELINE_FAIL,BASELINE_FAIL,BASELINE_FAIL,BASELINE_FAIL,BASELINE_FAIL,BASELINE_FAIL,BASELINE_FAIL,BASELINE_FAIL,BASELINE_FAIL,BASELINE_FAIL,BASELINE_FAIL,BASELINE_FAIL,BASELINE_FAIL,BASELINE_FAIL,BASELINE_FAIL,BASELINE_FAIL,BASELINE_FAIL,BASELINE_FAIL
Lang,Lang_1,batch01__Lang_1__lastIndexOf__lang_1f_lastIndexOf_line1687,lang_1f_lastIndexOf__line1687,lastIndexOf,m01,,BASELINE_FAIL,BASELINE_FAIL,False,False,0,0,harness/runs/batch01__Lang_1__lastIndexOf__lang_1f_lastIndexOf_line1687/execution/m01.log,BASELINE_FAIL,BASELINE_FAIL,BASELINE_FAIL,BASELINE_FAIL,BASELINE_FAIL,BASELINE_FAIL,BASELINE_FAIL,BASELINE_FAIL,BASELINE_FAIL,BASELINE_FAIL,BASELINE_FAIL,BASELINE_FAIL,BASELINE_FAIL,BASELINE_FAIL,BASELINE_FAIL,BASELINE_FAIL,BASELINE_FAIL,BASELINE_FAIL,BASELINE_FAIL,BASELINE_FAIL,BASELINE_FAIL,BASELINE_FAIL,BASELINE_FAIL,BASELINE_FAIL,BASELINE_FAIL,BASELINE_FAIL,BASELINE_FAIL,BASELINE_FAIL,BASELINE_FAIL,BASELINE_FAIL,BASELINE_FAIL,BASELINE_FAIL,BASELINE_FAIL,BASELINE_FAIL,BASELINE_FAIL,BASELINE_FAIL,BASELINE_FAIL,BASELINE_FAIL,BASELINE_FAIL,BASELINE_FAIL,BASELINE_FAIL,BASELINE_FAIL,BASELINE_FAIL,BASELINE_FAIL,BASELINE_FAIL,BASELINE_FAIL,BASELINE_FAIL,BASELINE_FAIL,BASELINE_FAIL,BASELINE_FAIL,BASELINE_FAIL,BASELINE_FAIL,BASELINE_FAIL,BASELINE_FAIL,BASELINE_FAIL,BASELINE_FAIL,BASELINE_FAIL,BASELINE_FAIL,BASELINE_FAIL,BASELINE_FAIL,BASELINE_FAIL,BASELINE_FAIL,BASELINE_FAIL,BASELINE_FAIL,BASELINE_FAIL,BASELINE_FAIL,BASELINE_FAIL,BASELINE_FAIL,BASELINE_FAIL,BASELINE_FAIL,BASELINE_FAIL,BASELINE_FAIL,BASELINE_FAIL,BASELINE_FAIL,BASELINE_FAIL,BASELINE_FAIL,BASELINE_FAIL,BASELINE_FAIL,BASELINE_FAIL,BASELINE_FAIL,BASELINE_FAIL,BASELINE_FAIL,BASELINE_FAIL
Lang,Lang_1,batch01__Lang_1__lastIndexOf__lang_1f_lastIndexOf_line1687,lang_1f_lastIndexOf__line1687,lastIndexOf,m02,,BASELINE_FAIL,BASELINE_FAIL,False,False,0,0,harness/runs/batch01__Lang_1__lastIndexOf__lang_1f_lastIndexOf_line1687/execution/m02.log,BASELINE_FAIL,BASELINE_FAIL,BASELINE_FAIL,BASELINE_FAIL,BASELINE_FAIL,BASELINE_FAIL,BASELINE_FAIL,BASELINE_FAIL,BASELINE_FAIL,BASELINE_FAIL,BASELINE_FAIL,BASELINE_FAIL,BASELINE_FAIL,BASELINE_FAIL,BASELINE_FAIL,BASELINE_FAIL,BASELINE_FAIL,BASELINE_FAIL,BASELINE_FAIL,BASELINE_FAIL,BASELINE_FAIL,BASELINE_FAIL,BASELINE_FAIL,BASELINE_FAIL,BASELINE_FAIL,BASELINE_FAIL,BASELINE_FAIL,BASELINE_FAIL,BASELINE_FAIL,BASELINE_FAIL,BASELINE_FAIL,BASELINE_FAIL,BASELINE_FAIL,BASELINE_FAIL,BASELINE_FAIL,BASELINE_FAIL,BASELINE_FAIL,BASELINE_FAIL,BASELINE_FAIL,BASELINE_FAIL,BASELINE_FAIL,BASELINE_FAIL,BASELINE_FAIL,BASELINE_FAIL,BASELINE_FAIL,BASELINE_FAIL,BASELINE_FAIL,BASELINE_FAIL,BASELINE_FAIL,BASELINE_FAIL,BASELINE_FAIL,BASELINE_FAIL,BASELINE_FAIL,BASELINE_FAIL,BASELINE_FAIL,BASELINE_FAIL,BASELINE_FAIL,BASELINE_FAIL,BASELINE_FAIL,BASELINE_FAIL,BASELINE_FAIL,BASELINE_FAIL,BASELINE_FAIL,BASELINE_FAIL,BASELINE_FAIL,BASELINE_FAIL,BASELINE_FAIL,BASELINE_FAIL,BASELINE_FAIL,BASELINE_FAIL,BASELINE_FAIL,BASELINE_FAIL,BASELINE_FAIL,BASELINE_FAIL,BASELINE_FAIL,BASELINE_FAIL,BASELINE_FAIL,BASELINE_FAIL,BASELINE_FAIL,BASELINE_FAIL,BASELINE_FAIL,BASELINE_FAIL,BASELINE_FAIL
Lang,Lang_1,batch01__Lang_1__lastIndexOf__lang_1f_lastIndexOf_line1687,lang_1f_lastIndexOf__line1687,lastIndexOf,m03,,BASELINE_FAIL,BASELINE_FAIL,False,False,0,0,harness/runs/batch01__Lang_1__lastIndexOf__lang_1f_lastIndexOf_line1687/execution/m03.log,BASELINE_FAIL,BASELINE_FAIL,BASELINE_FAIL,BASELINE_FAIL,BASELINE_FAIL,BASELINE_FAIL,BASELINE_FAIL,BASELINE_FAIL,BASELINE_FAIL,BASELINE_FAIL,BASELINE_FAIL,BASELINE_FAIL,BASELINE_FAIL,BASELINE_FAIL,BASELINE_FAIL,BASELINE_FAIL,BASELINE_FAIL,BASELINE_FAIL,BASELINE_FAIL,BASELINE_FAIL,BASELINE_FAIL,BASELINE_FAIL,BASELINE_FAIL,BASELINE_FAIL,BASELINE_FAIL,BASELINE_FAIL,BASELINE_FAIL,BASELINE_FAIL,BASELINE_FAIL,BASELINE_FAIL,BASELINE_FAIL,BASELINE_FAIL,BASELINE_FAIL,BASELINE_FAIL,BASELINE_FAIL,BASELINE_FAIL,BASELINE_FAIL,BASELINE_FAIL,BASELINE_FAIL,BASELINE_FAIL,BASELINE_FAIL,BASELINE_FAIL,BASELINE_FAIL,BASELINE_FAIL,BASELINE_FAIL,BASELINE_FAIL,BASELINE_FAIL,BASELINE_FAIL,BASELINE_FAIL,BASELINE_FAIL,BASELINE_FAIL,BASELINE_FAIL,BASELINE_FAIL,BASELINE_FAIL,BASELINE_FAIL,BASELINE_FAIL,BASELINE_FAIL,BASELINE_FAIL,BASELINE_FAIL,BASELINE_FAIL,BASELINE_FAIL,BASELINE_FAIL,BASELINE_FAIL,BASELINE_FAIL,BASELINE_FAIL,BASELINE_FAIL,BASELINE_FAIL,BASELINE_FAIL,BASELINE_FAIL,BASELINE_FAIL,BASELINE_FAIL,BASELINE_FAIL,BASELINE_FAIL,BASELINE_FAIL,BASELINE_FAIL,BASELINE_FAIL,BASELINE_FAIL,BASELINE_FAIL,BASELINE_FAIL,BASELINE_FAIL,BASELINE_FAIL,BASELINE_FAIL,BASELINE_FAIL
Lang,Lang_1,batch01__Lang_1__lastIndexOf__lang_1f_lastIndexOf_line1687,lang_1f_lastIndexOf__line1687,lastIndexOf,m04,,BASELINE_FAIL,BASELINE_FAIL,False,False,0,0,harness/runs/batch01__Lang_1__lastIndexOf__lang_1f_lastIndexOf_line1687/execution/m04.log,BASELINE_FAIL,BASELINE_FAIL,BASELINE_FAIL,BASELINE_FAIL,BASELINE_FAIL,BASELINE_FAIL,BASELINE_FAIL,BASELINE_FAIL,BASELINE_FAIL,BASELINE_FAIL,BASELINE_FAIL,BASELINE_FAIL,BASELINE_FAIL,BASELINE_FAIL,BASELINE_FAIL,BASELINE_FAIL,BASELINE_FAIL,BASELINE_FAIL,BASELINE_FAIL,BASELINE_FAIL,BASELINE_FAIL,BASELINE_FAIL,BASELINE_FAIL,BASELINE_FAIL,BASELINE_FAIL,BASELINE_FAIL,BASELINE_FAIL,BASELINE_FAIL,BASELINE_FAIL,BASELINE_FAIL,BASELINE_FAIL,BASELINE_FAIL,BASELINE_FAIL,BASELINE_FAIL,BASELINE_FAIL,BASELINE_FAIL,BASELINE_FAIL,BASELINE_FAIL,BASELINE_FAIL,BASELINE_FAIL,BASELINE_FAIL,BASELINE_FAIL,BASELINE_FAIL,BASELINE_FAIL,BASELINE_FAIL,BASELINE_FAIL,BASELINE_FAIL,BASELINE_FAIL,BASELINE_FAIL,BASELINE_FAIL,BASELINE_FAIL,BASELINE_FAIL,BASELINE_FAIL,BASELINE_FAIL,BASELINE_FAIL,BASELINE_FAIL,BASELINE_FAIL,BASELINE_FAIL,BASELINE_FAIL,BASELINE_FAIL,BASELINE_FAIL,BASELINE_FAIL,BASELINE_FAIL,BASELINE_FAIL,BASELINE_FAIL,BASELINE_FAIL,BASELINE_FAIL,BASELINE_FAIL,BASELINE_FAIL,BASELINE_FAIL,BASELINE_FAIL,BASELINE_FAIL,BASELINE_FAIL,BASELINE_FAIL,BASELINE_FAIL,BASELINE_FAIL,BASELINE_FAIL,BASELINE_FAIL,BASELINE_FAIL,BASELINE_FAIL,BASELINE_FAIL,BASELINE_FAIL,BASELINE_FAIL
Lang,Lang_1,batch01__Lang_1__lastIndexOf__lang_1f_lastIndexOf_line1687,lang_1f_lastIndexOf__line1687,lastIndexOf,m05,,BASELINE_FAIL,BASELINE_FAIL,False,False,0,0,harness/runs/batch01__Lang_1__lastIndexOf__lang_1f_lastIndexOf_line1687/execution/m05.log,BASELINE_FAIL,BASELINE_FAIL,BASELINE_FAIL,BASELINE_FAIL,BASELINE_FAIL,BASELINE_FAIL,BASELINE_FAIL,BASELINE_FAIL,BASELINE_FAIL,BASELINE_FAIL,BASELINE_FAIL,BASELINE_FAIL,BASELINE_FAIL,BASELINE_FAIL,BASELINE_FAIL,BASELINE_FAIL,BASELINE_FAIL,BASELINE_FAIL,BASELINE_FAIL,BASELINE_FAIL,BASELINE_FAIL,BASELINE_FAIL,BASELINE_FAIL,BASELINE_FAIL,BASELINE_FAIL,BASELINE_FAIL,BASELINE_FAIL,BASELINE_FAIL,BASELINE_FAIL,BASELINE_FAIL,BASELINE_FAIL,BASELINE_FAIL,BASELINE_FAIL,BASELINE_FAIL,BASELINE_FAIL,BASELINE_FAIL,BASELINE_FAIL,BASELINE_FAIL,BASELINE_FAIL,BASELINE_FAIL,BASELINE_FAIL,BASELINE_FAIL,BASELINE_FAIL,BASELINE_FAIL,BASELINE_FAIL,BASELINE_FAIL,BASELINE_FAIL,BASELINE_FAIL,BASELINE_FAIL,BASELINE_FAIL,BASELINE_FAIL,BASELINE_FAIL,BASELINE_FAIL,BASELINE_FAIL,BASELINE_FAIL,BASELINE_FAIL,BASELINE_FAIL,BASELINE_FAIL,BASELINE_FAIL,BASELINE_FAIL,BASELINE_FAIL,BASELINE_FAIL,BASELINE_FAIL,BASELINE_FAIL,BASELINE_FAIL,BASELINE_FAIL,BASELINE_FAIL,BASELINE_FAIL,BASELINE_FAIL,BASELINE_FAIL,BASELINE_FAIL,BASELINE_FAIL,BASELINE_FAIL,BASELINE_FAIL,BASELINE_FAIL,BASELINE_FAIL,BASELINE_FAIL,BASELINE_FAIL,BASELINE_FAIL,BASELINE_FAIL,BASELINE_FAIL,BASELINE_FAIL,BASELINE_FAIL
Lang,Lang_1,batch01__Lang_1__lastIndexOf__lang_1f_lastIndexOf_line1687,lang_1f_lastIndexOf__line1687,lastIndexOf,m07,,BASELINE_FAIL,BASELINE_FAIL,False,False,0,0,harness/runs/batch01__Lang_1__lastIndexOf__lang_1f_lastIndexOf_line1687/execution/m07.log,BASELINE_FAIL,BASELINE_FAIL,BASELINE_FAIL,BASELINE_FAIL,BASELINE_FAIL,BASELINE_FAIL,BASELINE_FAIL,BASELINE_FAIL,BASELINE_FAIL,BASELINE_FAIL,BASELINE_FAIL,BASELINE_FAIL,BASELINE_FAIL,BASELINE_FAIL,BASELINE_FAIL,BASELINE_FAIL,BASELINE_FAIL,BASELINE_FAIL,BASELINE_FAIL,BASELINE_FAIL,BASELINE_FAIL,BASELINE_FAIL,BASELINE_FAIL,BASELINE_FAIL,BASELINE_FAIL,BASELINE_FAIL,BASELINE_FAIL,BASELINE_FAIL,BASELINE_FAIL,BASELINE_FAIL,BASELINE_FAIL,BASELINE_FAIL,BASELINE_FAIL,BASELINE_FAIL,BASELINE_FAIL,BASELINE_FAIL,BASELINE_FAIL,BASELINE_FAIL,BASELINE_FAIL,BASELINE_FAIL,BASELINE_FAIL,BASELINE_FAIL,BASELINE_FAIL,BASELINE_FAIL,BASELINE_FAIL,BASELINE_FAIL,BASELINE_FAIL,BASELINE_FAIL,BASELINE_FAIL,BASELINE_FAIL,BASELINE_FAIL,BASELINE_FAIL,BASELINE_FAIL,BASELINE_FAIL,BASELINE_FAIL,BASELINE_FAIL,BASELINE_FAIL,BASELINE_FAIL,BASELINE_FAIL,BASELINE_FAIL,BASELINE_FAIL,BASELINE_FAIL,BASELINE_FAIL,BASELINE_FAIL,BASELINE_FAIL,BASELINE_FAIL,BASELINE_FAIL,BASELINE_FAIL,BASELINE_FAIL,BASELINE_FAIL,BASELINE_FAIL,BASELINE_FAIL,BASELINE_FAIL,BASELINE_FAIL,BASELINE_FAIL,BASELINE_FAIL,BASELINE_FAIL,BASELINE_FAIL,BASELINE_FAIL,BASELINE_FAIL,BASELINE_FAIL,BASELINE_FAIL,BASELINE_FAIL
Lang,Lang_1,batch01__Lang_1__lastIndexOf__lang_1f_lastIndexOf_line1687,lang_1f_lastIndexOf__line1687,lastIndexOf,m08,,BASELINE_FAIL,BASELINE_FAIL,False,False,0,0,harness/runs/batch01__Lang_1__lastIndexOf__lang_1f_lastIndexOf_line1687/execution/m08.log,BASELINE_FAIL,BASELINE_FAIL,BASELINE_FAIL,BASELINE_FAIL,BASELINE_FAIL,BASELINE_FAIL,BASELINE_FAIL,BASELINE_FAIL,BASELINE_FAIL,BASELINE_FAIL,BASELINE_FAIL,BASELINE_FAIL,BASELINE_FAIL,BASELINE_FAIL,BASELINE_FAIL,BASELINE_FAIL,BASELINE_FAIL,BASELINE_FAIL,BASELINE_FAIL,BASELINE_FAIL,BASELINE_FAIL,BASELINE_FAIL,BASELINE_FAIL,BASELINE_FAIL,BASELINE_FAIL,BASELINE_FAIL,BASELINE_FAIL,BASELINE_FAIL,BASELINE_FAIL,BASELINE_FAIL,BASELINE_FAIL,BASELINE_FAIL,BASELINE_FAIL,BASELINE_FAIL,BASELINE_FAIL,BASELINE_FAIL,BASELINE_FAIL,BASELINE_FAIL,BASELINE_FAIL,BASELINE_FAIL,BASELINE_FAIL,BASELINE_FAIL,BASELINE_FAIL,BASELINE_FAIL,BASELINE_FAIL,BASELINE_FAIL,BASELINE_FAIL,BASELINE_FAIL,BASELINE_FAIL,BASELINE_FAIL,BASELINE_FAIL,BASELINE_FAIL,BASELINE_FAIL,BASELINE_FAIL,BASELINE_FAIL,BASELINE_FAIL,BASELINE_FAIL,BASELINE_FAIL,BASELINE_FAIL,BASELINE_FAIL,BASELINE_FAIL,BASELINE_FAIL,BASELINE_FAIL,BASELINE_FAIL,BASELINE_FAIL,BASELINE_FAIL,BASELINE_FAIL,BASELINE_FAIL,BASELINE_FAIL,BASELINE_FAIL,BASELINE_FAIL,BASELINE_FAIL,BASELINE_FAIL,BASELINE_FAIL,BASELINE_FAIL,BASELINE_FAIL,BASELINE_FAIL,BASELINE_FAIL,BASELINE_FAIL,BASELINE_FAIL,BASELINE_FAIL,BASELINE_FAIL,BASELINE_FAIL
Lang,Lang_1,batch01__Lang_1__pow__lang_1f_pow_line546,lang_1f_pow__line546,pow,m01,,BASELINE_FAIL,BASELINE_FAIL,False,False,0,0,harness/runs/batch01__Lang_1__pow__lang_1f_pow_line546/execution/m01.log,BASELINE_FAIL,BASELINE_FAIL,BASELINE_FAIL,BASELINE_FAIL,BASELINE_FAIL,BASELINE_FAIL,BASELINE_FAIL,BASELINE_FAIL,BASELINE_FAIL,BASELINE_FAIL,BASELINE_FAIL,BASELINE_FAIL,BASELINE_FAIL,BASELINE_FAIL,BASELINE_FAIL,BASELINE_FAIL,BASELINE_FAIL,BASELINE_FAIL,BASELINE_FAIL,BASELINE_FAIL,BASELINE_FAIL,BASELINE_FAIL,BASELINE_FAIL,BASELINE_FAIL,BASELINE_FAIL,BASELINE_FAIL,BASELINE_FAIL,BASELINE_FAIL,BASELINE_FAIL,BASELINE_FAIL,BASELINE_FAIL,BASELINE_FAIL,BASELINE_FAIL,BASELINE_FAIL,BASELINE_FAIL,BASELINE_FAIL,BASELINE_FAIL,BASELINE_FAIL,BASELINE_FAIL,BASELINE_FAIL,BASELINE_FAIL,BASELINE_FAIL,BASELINE_FAIL,BASELINE_FAIL,BASELINE_FAIL,BASELINE_FAIL,BASELINE_FAIL,BASELINE_FAIL,BASELINE_FAIL,BASELINE_FAIL,BASELINE_FAIL,BASELINE_FAIL,BASELINE_FAIL,BASELINE_FAIL,BASELINE_FAIL,BASELINE_FAIL,BASELINE_FAIL,BASELINE_FAIL,BASELINE_FAIL,BASELINE_FAIL,BASELINE_FAIL,BASELINE_FAIL,BASELINE_FAIL,BASELINE_FAIL,BASELINE_FAIL,BASELINE_FAIL,BASELINE_FAIL,BASELINE_FAIL,BASELINE_FAIL,BASELINE_FAIL,BASELINE_FAIL,BASELINE_FAIL,BASELINE_FAIL,BASELINE_FAIL,BASELINE_FAIL,BASELINE_FAIL,BASELINE_FAIL,BASELINE_FAIL,BASELINE_FAIL,BASELINE_FAIL,BASELINE_FAIL,BASELINE_FAIL,BASELINE_FAIL
Lang,Lang_1,batch01__Lang_1__pow__lang_1f_pow_line546,lang_1f_pow__line546,pow,m02,,BASELINE_FAIL,BASELINE_FAIL,False,False,0,0,harness/runs/batch01__Lang_1__pow__lang_1f_pow_line546/execution/m02.log,BASELINE_FAIL,BASELINE_FAIL,BASELINE_FAIL,BASELINE_FAIL,BASELINE_FAIL,BASELINE_FAIL,BASELINE_FAIL,BASELINE_FAIL,BASELINE_FAIL,BASELINE_FAIL,BASELINE_FAIL,BASELINE_FAIL,BASELINE_FAIL,BASELINE_FAIL,BASELINE_FAIL,BASELINE_FAIL,BASELINE_FAIL,BASELINE_FAIL,BASELINE_FAIL,BASELINE_FAIL,BASELINE_FAIL,BASELINE_FAIL,BASELINE_FAIL,BASELINE_FAIL,BASELINE_FAIL,BASELINE_FAIL,BASELINE_FAIL,BASELINE_FAIL,BASELINE_FAIL,BASELINE_FAIL,BASELINE_FAIL,BASELINE_FAIL,BASELINE_FAIL,BASELINE_FAIL,BASELINE_FAIL,BASELINE_FAIL,BASELINE_FAIL,BASELINE_FAIL,BASELINE_FAIL,BASELINE_FAIL,BASELINE_FAIL,BASELINE_FAIL,BASELINE_FAIL,BASELINE_FAIL,BASELINE_FAIL,BASELINE_FAIL,BASELINE_FAIL,BASELINE_FAIL,BASELINE_FAIL,BASELINE_FAIL,BASELINE_FAIL,BASELINE_FAIL,BASELINE_FAIL,BASELINE_FAIL,BASELINE_FAIL,BASELINE_FAIL,BASELINE_FAIL,BASELINE_FAIL,BASELINE_FAIL,BASELINE_FAIL,BASELINE_FAIL,BASELINE_FAIL,BASELINE_FAIL,BASELINE_FAIL,BASELINE_FAIL,BASELINE_FAIL,BASELINE_FAIL,BASELINE_FAIL,BASELINE_FAIL,BASELINE_FAIL,BASELINE_FAIL,BASELINE_FAIL,BASELINE_FAIL,BASELINE_FAIL,BASELINE_FAIL,BASELINE_FAIL,BASELINE_FAIL,BASELINE_FAIL,BASELINE_FAIL,BASELINE_FAIL,BASELINE_FAIL,BASELINE_FAIL,BASELINE_FAIL
Lang,Lang_1,batch01__Lang_1__pow__lang_1f_pow_line546,lang_1f_pow__line546,pow,m03,,BASELINE_FAIL,BASELINE_FAIL,False,False,0,0,harness/runs/batch01__Lang_1__pow__lang_1f_pow_line546/execution/m03.log,BASELINE_FAIL,BASELINE_FAIL,BASELINE_FAIL,BASELINE_FAIL,BASELINE_FAIL,BASELINE_FAIL,BASELINE_FAIL,BASELINE_FAIL,BASELINE_FAIL,BASELINE_FAIL,BASELINE_FAIL,BASELINE_FAIL,BASELINE_FAIL,BASELINE_FAIL,BASELINE_FAIL,BASELINE_FAIL,BASELINE_FAIL,BASELINE_FAIL,BASELINE_FAIL,BASELINE_FAIL,BASELINE_FAIL,BASELINE_FAIL,BASELINE_FAIL,BASELINE_FAIL,BASELINE_FAIL,BASELINE_FAIL,BASELINE_FAIL,BASELINE_FAIL,BASELINE_FAIL,BASELINE_FAIL,BASELINE_FAIL,BASELINE_FAIL,BASELINE_FAIL,BASELINE_FAIL,BASELINE_FAIL,BASELINE_FAIL,BASELINE_FAIL,BASELINE_FAIL,BASELINE_FAIL,BASELINE_FAIL,BASELINE_FAIL,BASELINE_FAIL,BASELINE_FAIL,BASELINE_FAIL,BASELINE_FAIL,BASELINE_FAIL,BASELINE_FAIL,BASELINE_FAIL,BASELINE_FAIL,BASELINE_FAIL,BASELINE_FAIL,BASELINE_FAIL,BASELINE_FAIL,BASELINE_FAIL,BASELINE_FAIL,BASELINE_FAIL,BASELINE_FAIL,BASELINE_FAIL,BASELINE_FAIL,BASELINE_FAIL,BASELINE_FAIL,BASELINE_FAIL,BASELINE_FAIL,BASELINE_FAIL,BASELINE_FAIL,BASELINE_FAIL,BASELINE_FAIL,BASELINE_FAIL,BASELINE_FAIL,BASELINE_FAIL,BASELINE_FAIL,BASELINE_FAIL,BASELINE_FAIL,BASELINE_FAIL,BASELINE_FAIL,BASELINE_FAIL,BASELINE_FAIL,BASELINE_FAIL,BASELINE_FAIL,BASELINE_FAIL,BASELINE_FAIL,BASELINE_FAIL,BASELINE_FAIL
Lang,Lang_1,batch01__Lang_1__pow__lang_1f_pow_line546,lang_1f_pow__line546,pow,m04,,BASELINE_FAIL,BASELINE_FAIL,False,False,0,0,harness/runs/batch01__Lang_1__pow__lang_1f_pow_line546/execution/m04.log,BASELINE_FAIL,BASELINE_FAIL,BASELINE_FAIL,BASELINE_FAIL,BASELINE_FAIL,BASELINE_FAIL,BASELINE_FAIL,BASELINE_FAIL,BASELINE_FAIL,BASELINE_FAIL,BASELINE_FAIL,BASELINE_FAIL,BASELINE_FAIL,BASELINE_FAIL,BASELINE_FAIL,BASELINE_FAIL,BASELINE_FAIL,BASELINE_FAIL,BASELINE_FAIL,BASELINE_FAIL,BASELINE_FAIL,BASELINE_FAIL,BASELINE_FAIL,BASELINE_FAIL,BASELINE_FAIL,BASELINE_FAIL,BASELINE_FAIL,BASELINE_FAIL,BASELINE_FAIL,BASELINE_FAIL,BASELINE_FAIL,BASELINE_FAIL,BASELINE_FAIL,BASELINE_FAIL,BASELINE_FAIL,BASELINE_FAIL,BASELINE_FAIL,BASELINE_FAIL,BASELINE_FAIL,BASELINE_FAIL,BASELINE_FAIL,BASELINE_FAIL,BASELINE_FAIL,BASELINE_FAIL,BASELINE_FAIL,BASELINE_FAIL,BASELINE_FAIL,BASELINE_FAIL,BASELINE_FAIL,BASELINE_FAIL,BASELINE_FAIL,BASELINE_FAIL,BASELINE_FAIL,BASELINE_FAIL,BASELINE_FAIL,BASELINE_FAIL,BASELINE_FAIL,BASELINE_FAIL,BASELINE_FAIL,BASELINE_FAIL,BASELINE_FAIL,BASELINE_FAIL,BASELINE_FAIL,BASELINE_FAIL,BASELINE_FAIL,BASELINE_FAIL,BASELINE_FAIL,BASELINE_FAIL,BASELINE_FAIL,BASELINE_FAIL,BASELINE_FAIL,BASELINE_FAIL,BASELINE_FAIL,BASELINE_FAIL,BASELINE_FAIL,BASELINE_FAIL,BASELINE_FAIL,BASELINE_FAIL,BASELINE_FAIL,BASELINE_FAIL,BASELINE_FAIL,BASELINE_FAIL,BASELINE_FAIL
Lang,Lang_1,batch01__Lang_1__pow__lang_1f_pow_line546,lang_1f_pow__line546,pow,m05,,BASELINE_FAIL,BASELINE_FAIL,False,False,0,0,harness/runs/batch01__Lang_1__pow__lang_1f_pow_line546/execution/m05.log,BASELINE_FAIL,BASELINE_FAIL,BASELINE_FAIL,BASELINE_FAIL,BASELINE_FAIL,BASELINE_FAIL,BASELINE_FAIL,BASELINE_FAIL,BASELINE_FAIL,BASELINE_FAIL,BASELINE_FAIL,BASELINE_FAIL,BASELINE_FAIL,BASELINE_FAIL,BASELINE_FAIL,BASELINE_FAIL,BASELINE_FAIL,BASELINE_FAIL,BASELINE_FAIL,BASELINE_FAIL,BASELINE_FAIL,BASELINE_FAIL,BASELINE_FAIL,BASELINE_FAIL,BASELINE_FAIL,BASELINE_FAIL,BASELINE_FAIL,BASELINE_FAIL,BASELINE_FAIL,BASELINE_FAIL,BASELINE_FAIL,BASELINE_FAIL,BASELINE_FAIL,BASELINE_FAIL,BASELINE_FAIL,BASELINE_FAIL,BASELINE_FAIL,BASELINE_FAIL,BASELINE_FAIL,BASELINE_FAIL,BASELINE_FAIL,BASELINE_FAIL,BASELINE_FAIL,BASELINE_FAIL,BASELINE_FAIL,BASELINE_FAIL,BASELINE_FAIL,BASELINE_FAIL,BASELINE_FAIL,BASELINE_FAIL,BASELINE_FAIL,BASELINE_FAIL,BASELINE_FAIL,BASELINE_FAIL,BASELINE_FAIL,BASELINE_FAIL,BASELINE_FAIL,BASELINE_FAIL,BASELINE_FAIL,BASELINE_FAIL,BASELINE_FAIL,BASELINE_FAIL,BASELINE_FAIL,BASELINE_FAIL,BASELINE_FAIL,BASELINE_FAIL,BASELINE_FAIL,BASELINE_FAIL,BASELINE_FAIL,BASELINE_FAIL,BASELINE_FAIL,BASELINE_FAIL,BASELINE_FAIL,BASELINE_FAIL,BASELINE_FAIL,BASELINE_FAIL,BASELINE_FAIL,BASELINE_FAIL,BASELINE_FAIL,BASELINE_FAIL,BASELINE_FAIL,BASELINE_FAIL,BASELINE_FAIL
Lang,Lang_1,batch01__Lang_1__pow__lang_1f_pow_line546,lang_1f_pow__line546,pow,m06,,BASELINE_FAIL,BASELINE_FAIL,False,False,0,0,harness/runs/batch01__Lang_1__pow__lang_1f_pow_line546/execution/m06.log,BASELINE_FAIL,BASELINE_FAIL,BASELINE_FAIL,BASELINE_FAIL,BASELINE_FAIL,BASELINE_FAIL,BASELINE_FAIL,BASELINE_FAIL,BASELINE_FAIL,BASELINE_FAIL,BASELINE_FAIL,BASELINE_FAIL,BASELINE_FAIL,BASELINE_FAIL,BASELINE_FAIL,BASELINE_FAIL,BASELINE_FAIL,BASELINE_FAIL,BASELINE_FAIL,BASELINE_FAIL,BASELINE_FAIL,BASELINE_FAIL,BASELINE_FAIL,BASELINE_FAIL,BASELINE_FAIL,BASELINE_FAIL,BASELINE_FAIL,BASELINE_FAIL,BASELINE_FAIL,BASELINE_FAIL,BASELINE_FAIL,BASELINE_FAIL,BASELINE_FAIL,BASELINE_FAIL,BASELINE_FAIL,BASELINE_FAIL,BASELINE_FAIL,BASELINE_FAIL,BASELINE_FAIL,BASELINE_FAIL,BASELINE_FAIL,BASELINE_FAIL,BASELINE_FAIL,BASELINE_FAIL,BASELINE_FAIL,BASELINE_FAIL,BASELINE_FAIL,BASELINE_FAIL,BASELINE_FAIL,BASELINE_FAIL,BASELINE_FAIL,BASELINE_FAIL,BASELINE_FAIL,BASELINE_FAIL,BASELINE_FAIL,BASELINE_FAIL,BASELINE_FAIL,BASELINE_FAIL,BASELINE_FAIL,BASELINE_FAIL,BASELINE_FAIL,BASELINE_FAIL,BASELINE_FAIL,BASELINE_FAIL,BASELINE_FAIL,BASELINE_FAIL,BASELINE_FAIL,BASELINE_FAIL,BASELINE_FAIL,BASELINE_FAIL,BASELINE_FAIL,BASELINE_FAIL,BASELINE_FAIL,BASELINE_FAIL,BASELINE_FAIL,BASELINE_FAIL,BASELINE_FAIL,BASELINE_FAIL,BASELINE_FAIL,BASELINE_FAIL,BASELINE_FAIL,BASELINE_FAIL,BASELINE_FAIL
Lang,Lang_1,batch01__Lang_1__pow__lang_1f_pow_line546,lang_1f_pow__line546,pow,m07,,BASELINE_FAIL,BASELINE_FAIL,False,False,0,0,harness/runs/batch01__Lang_1__pow__lang_1f_pow_line546/execution/m07.log,BASELINE_FAIL,BASELINE_FAIL,BASELINE_FAIL,BASELINE_FAIL,BASELINE_FAIL,BASELINE_FAIL,BASELINE_FAIL,BASELINE_FAIL,BASELINE_FAIL,BASELINE_FAIL,BASELINE_FAIL,BASELINE_FAIL,BASELINE_FAIL,BASELINE_FAIL,BASELINE_FAIL,BASELINE_FAIL,BASELINE_FAIL,BASELINE_FAIL,BASELINE_FAIL,BASELINE_FAIL,BASELINE_FAIL,BASELINE_FAIL,BASELINE_FAIL,BASELINE_FAIL,BASELINE_FAIL,BASELINE_FAIL,BASELINE_FAIL,BASELINE_FAIL,BASELINE_FAIL,BASELINE_FAIL,BASELINE_FAIL,BASELINE_FAIL,BASELINE_FAIL,BASELINE_FAIL,BASELINE_FAIL,BASELINE_FAIL,BASELINE_FAIL,BASELINE_FAIL,BASELINE_FAIL,BASELINE_FAIL,BASELINE_FAIL,BASELINE_FAIL,BASELINE_FAIL,BASELINE_FAIL,BASELINE_FAIL,BASELINE_FAIL,BASELINE_FAIL,BASELINE_FAIL,BASELINE_FAIL,BASELINE_FAIL,BASELINE_FAIL,BASELINE_FAIL,BASELINE_FAIL,BASELINE_FAIL,BASELINE_FAIL,BASELINE_FAIL,BASELINE_FAIL,BASELINE_FAIL,BASELINE_FAIL,BASELINE_FAIL,BASELINE_FAIL,BASELINE_FAIL,BASELINE_FAIL,BASELINE_FAIL,BASELINE_FAIL,BASELINE_FAIL,BASELINE_FAIL,BASELINE_FAIL,BASELINE_FAIL,BASELINE_FAIL,BASELINE_FAIL,BASELINE_FAIL,BASELINE_FAIL,BASELINE_FAIL,BASELINE_FAIL,BASELINE_FAIL,BASELINE_FAIL,BASELINE_FAIL,BASELINE_FAIL,BASELINE_FAIL,BASELINE_FAIL,BASELINE_FAIL,BASELINE_FAIL
Lang,Lang_1,batch01__Lang_1__pow__lang_1f_pow_line546,lang_1f_pow__line546,pow,m08,,BASELINE_FAIL,BASELINE_FAIL,False,False,0,0,harness/runs/batch01__Lang_1__pow__lang_1f_pow_line546/execution/m08.log,BASELINE_FAIL,BASELINE_FAIL,BASELINE_FAIL,BASELINE_FAIL,BASELINE_FAIL,BASELINE_FAIL,BASELINE_FAIL,BASELINE_FAIL,BASELINE_FAIL,BASELINE_FAIL,BASELINE_FAIL,BASELINE_FAIL,BASELINE_FAIL,BASELINE_FAIL,BASELINE_FAIL,BASELINE_FAIL,BASELINE_FAIL,BASELINE_FAIL,BASELINE_FAIL,BASELINE_FAIL,BASELINE_FAIL,BASELINE_FAIL,BASELINE_FAIL,BASELINE_FAIL,BASELINE_FAIL,BASELINE_FAIL,BASELINE_FAIL,BASELINE_FAIL,BASELINE_FAIL,BASELINE_FAIL,BASELINE_FAIL,BASELINE_FAIL,BASELINE_FAIL,BASELINE_FAIL,BASELINE_FAIL,BASELINE_FAIL,BASELINE_FAIL,BASELINE_FAIL,BASELINE_FAIL,BASELINE_FAIL,BASELINE_FAIL,BASELINE_FAIL,BASELINE_FAIL,BASELINE_FAIL,BASELINE_FAIL,BASELINE_FAIL,BASELINE_FAIL,BASELINE_FAIL,BASELINE_FAIL,BASELINE_FAIL,BASELINE_FAIL,BASELINE_FAIL,BASELINE_FAIL,BASELINE_FAIL,BASELINE_FAIL,BASELINE_FAIL,BASELINE_FAIL,BASELINE_FAIL,BASELINE_FAIL,BASELINE_FAIL,BASELINE_FAIL,BASELINE_FAIL,BASELINE_FAIL,BASELINE_FAIL,BASELINE_FAIL,BASELINE_FAIL,BASELINE_FAIL,BASELINE_FAIL,BASELINE_FAIL,BASELINE_FAIL,BASELINE_FAIL,BASELINE_FAIL,BASELINE_FAIL,BASELINE_FAIL,BASELINE_FAIL,BASELINE_FAIL,BASELINE_FAIL,BASELINE_FAIL,BASELINE_FAIL,BASELINE_FAIL,BASELINE_FAIL,BASELINE_FAIL,BASELINE_FAIL
Lang,Lang_1,batch01__Lang_1__toMap__lang_1f_toMap_line234,lang_1f_toMap__line234,toMap,m01,,SUCCESS,FAIL,True,True,0,1,harness/runs/batch01__Lang_1__toMap__lang_1f_toMap_line234/execution/m01.log,PASS,PASS,PASS,PASS,PASS,PASS,PASS,PASS,PASS,FAIL,PASS,PASS,PASS,PASS,PASS,PASS,PASS,PASS,PASS,PASS,PASS,PASS,PASS,PASS,PASS,PASS,PASS,PASS,PASS,PASS,PASS,PASS,PASS,PASS,PASS,PASS,PASS,PASS,PASS,PASS,PASS,PASS,PASS,PASS,PASS,PASS,PASS,PASS,PASS,PASS,PASS,PASS,PASS,PASS,PASS,PASS,PASS,PASS,PASS,PASS,PASS,PASS,PASS,PASS,PASS,PASS,PASS,PASS,PASS,PASS,PASS,PASS,PASS,PASS,PASS,PASS,PASS,PASS,PASS,PASS,PASS,PASS,PASS
Lang,Lang_1,batch01__Lang_1__toMap__lang_1f_toMap_line234,lang_1f_toMap__line234,toMap,m02,,SUCCESS,FAIL,True,True,0,2,harness/runs/batch01__Lang_1__toMap__lang_1f_toMap_line234/execution/m02.log,PASS,PASS,PASS,PASS,PASS,PASS,PASS,PASS,PASS,FAIL,PASS,PASS,PASS,PASS,PASS,PASS,PASS,PASS,PASS,PASS,PASS,PASS,PASS,PASS,PASS,PASS,PASS,PASS,PASS,PASS,PASS,PASS,PASS,FAIL,PASS,PASS,PASS,PASS,PASS,PASS,PASS,PASS,PASS,PASS,PASS,PASS,PASS,PASS,PASS,PASS,PASS,PASS,PASS,PASS,PASS,PASS,PASS,PASS,PASS,PASS,PASS,PASS,PASS,PASS,PASS,PASS,PASS,PASS,PASS,PASS,PASS,PASS,PASS,PASS,PASS,PASS,PASS,PASS,PASS,PASS,PASS,PASS,PASS
Lang,Lang_1,batch01__Lang_1__toMap__lang_1f_toMap_line234,lang_1f_toMap__line234,toMap,m03,,SUCCESS,FAIL,True,True,0,2,harness/runs/batch01__Lang_1__toMap__lang_1f_toMap_line234/execution/m03.log,PASS,PASS,PASS,PASS,PASS,PASS,PASS,PASS,PASS,FAIL,PASS,PASS,PASS,PASS,PASS,PASS,PASS,PASS,PASS,PASS,PASS,PASS,PASS,PASS,PASS,PASS,PASS,PASS,PASS,PASS,PASS,PASS,PASS,PASS,PASS,PASS,PASS,PASS,PASS,PASS,PASS,PASS,PASS,PASS,PASS,PASS,PASS,PASS,PASS,PASS,PASS,PASS,PASS,PASS,PASS,PASS,PASS,PASS,PASS,PASS,PASS,PASS,PASS,PASS,PASS,PASS,PASS,PASS,PASS,PASS,PASS,PASS,PASS,PASS,PASS,PASS,PASS,PASS,PASS,PASS,FAIL,PASS,PASS
Lang,Lang_1,batch01__Lang_1__toMap__lang_1f_toMap_line234,lang_1f_toMap__line234,toMap,m06,,SUCCESS,PASS,False,True,0,0,harness/runs/batch01__Lang_1__toMap__lang_1f_toMap_line234/execution/m06.log,PASS,PASS,PASS,PASS,PASS,PASS,PASS,PASS,PASS,PASS,PASS,PASS,PASS,PASS,PASS,PASS,PASS,PASS,PASS,PASS,PASS,PASS,PASS,PASS,PASS,PASS,PASS,PASS,PASS,PASS,PASS,PASS,PASS,PASS,PASS,PASS,PASS,PASS,PASS,PASS,PASS,PASS,PASS,PASS,PASS,PASS,PASS,PASS,PASS,PASS,PASS,PASS,PASS,PASS,PASS,PASS,PASS,PASS,PASS,PASS,PASS,PASS,PASS,PASS,PASS,PASS,PASS,PASS,PASS,PASS,PASS,PASS,PASS,PASS,PASS,PASS,PASS,PASS,PASS,PASS,PASS,PASS,PASS
Lang,Lang_1,batch01__Lang_1__toMap__lang_1f_toMap_line234,lang_1f_toMap__line234,toMap,m07,,FAIL,NOT_RUN,False,False,0,0,harness/runs/batch01__Lang_1__toMap__lang_1f_toMap_line234/execution/m07.log,BUILD_FAIL,BUILD_FAIL,BUILD_FAIL,BUILD_FAIL,BUILD_FAIL,BUILD_FAIL,BUILD_FAIL,BUILD_FAIL,BUILD_FAIL,BUILD_FAIL,BUILD_FAIL,BUILD_FAIL,BUILD_FAIL,BUILD_FAIL,BUILD_FAIL,BUILD_FAIL,BUILD_FAIL,BUILD_FAIL,BUILD_FAIL,BUILD_FAIL,BUILD_FAIL,BUILD_FAIL,BUILD_FAIL,BUILD_FAIL,BUILD_FAIL,BUILD_FAIL,BUILD_FAIL,BUILD_FAIL,BUILD_FAIL,BUILD_FAIL,BUILD_FAIL,BUILD_FAIL,BUILD_FAIL,BUILD_FAIL,BUILD_FAIL,BUILD_FAIL,BUILD_FAIL,BUILD_FAIL,BUILD_FAIL,BUILD_FAIL,BUILD_FAIL,BUILD_FAIL,BUILD_FAIL,BUILD_FAIL,BUILD_FAIL,BUILD_FAIL,BUILD_FAIL,BUILD_FAIL,BUILD_FAIL,BUILD_FAIL,BUILD_FAIL,BUILD_FAIL,BUILD_FAIL,BUILD_FAIL,BUILD_FAIL,BUILD_FAIL,BUILD_FAIL,BUILD_FAIL,BUILD_FAIL,BUILD_FAIL,BUILD_FAIL,BUILD_FAIL,BUILD_FAIL,BUILD_FAIL,BUILD_FAIL,BUILD_FAIL,BUILD_FAIL,BUILD_FAIL,BUILD_FAIL,BUILD_FAIL,BUILD_FAIL,BUILD_FAIL,BUILD_FAIL,BUILD_FAIL,BUILD_FAIL,BUILD_FAIL,BUILD_FAIL,BUILD_FAIL,BUILD_FAIL,BUILD_FAIL,BUILD_FAIL,BUILD_FAIL,BUILD_FAIL
Lang,Lang_1,batch01__Lang_1__toMap__lang_1f_toMap_line234,lang_1f_toMap__line234,toMap,m08,,SUCCESS,FAIL,True,True,0,2,harness/runs/batch01__Lang_1__toMap__lang_1f_toMap_line234/execution/m08.log,PASS,PASS,PASS,PASS,PASS,PASS,PASS,PASS,PASS,FAIL,PASS,PASS,PASS,PASS,PASS,PASS,PASS,PASS,PASS,PASS,PASS,PASS,PASS,PASS,PASS,PASS,PASS,PASS,PASS,PASS,PASS,PASS,PASS,FAIL,PASS,PASS,PASS,PASS,PASS,PASS,PASS,PASS,PASS,PASS,PASS,PASS,PASS,PASS,PASS,PASS,PASS,PASS,PASS,PASS,PASS,PASS,PASS,PASS,PASS,PASS,PASS,PASS,PASS,PASS,PASS,PASS,PASS,PASS,PASS,PASS,PASS,PASS,PASS,PASS,PASS,PASS,PASS,PASS,PASS,PASS,PASS,PASS,PASS
Lang,Lang_1,batch02__Lang_1__add__lang_1f_add_line173,lang_1f_add__line173,add,m01,,BASELINE_FAIL,BASELINE_FAIL,False,False,0,0,harness/runs/batch02__Lang_1__add__lang_1f_add_line173/execution/m01.log,BASELINE_FAIL,BASELINE_FAIL,BASELINE_FAIL,BASELINE_FAIL,BASELINE_FAIL,BASELINE_FAIL,BASELINE_FAIL,BASELINE_FAIL,BASELINE_FAIL,BASELINE_FAIL,BASELINE_FAIL,BASELINE_FAIL,BASELINE_FAIL,BASELINE_FAIL,BASELINE_FAIL,BASELINE_FAIL,BASELINE_FAIL,BASELINE_FAIL,BASELINE_FAIL,BASELINE_FAIL,BASELINE_FAIL,BASELINE_FAIL,BASELINE_FAIL,BASELINE_FAIL,BASELINE_FAIL,BASELINE_FAIL,BASELINE_FAIL,BASELINE_FAIL,BASELINE_FAIL,BASELINE_FAIL,BASELINE_FAIL,BASELINE_FAIL,BASELINE_FAIL,BASELINE_FAIL,BASELINE_FAIL,BASELINE_FAIL,BASELINE_FAIL,BASELINE_FAIL,BASELINE_FAIL,BASELINE_FAIL,BASELINE_FAIL,BASELINE_FAIL,BASELINE_FAIL,BASELINE_FAIL,BASELINE_FAIL,BASELINE_FAIL,BASELINE_FAIL,BASELINE_FAIL,BASELINE_FAIL,BASELINE_FAIL,BASELINE_FAIL,BASELINE_FAIL,BASELINE_FAIL,BASELINE_FAIL,BASELINE_FAIL,BASELINE_FAIL,BASELINE_FAIL,BASELINE_FAIL,BASELINE_FAIL,BASELINE_FAIL,BASELINE_FAIL,BASELINE_FAIL,BASELINE_FAIL,BASELINE_FAIL,BASELINE_FAIL,BASELINE_FAIL,BASELINE_FAIL,BASELINE_FAIL,BASELINE_FAIL,BASELINE_FAIL,BASELINE_FAIL,BASELINE_FAIL,BASELINE_FAIL,BASELINE_FAIL,BASELINE_FAIL,BASELINE_FAIL,BASELINE_FAIL,BASELINE_FAIL,BASELINE_FAIL,BASELINE_FAIL,BASELINE_FAIL,BASELINE_FAIL,BASELINE_FAIL
Lang,Lang_1,batch02__Lang_1__add__lang_1f_add_line173,lang_1f_add__line173,add,m02,,BASELINE_FAIL,BASELINE_FAIL,False,False,0,0,harness/runs/batch02__Lang_1__add__lang_1f_add_line173/execution/m02.log,BASELINE_FAIL,BASELINE_FAIL,BASELINE_FAIL,BASELINE_FAIL,BASELINE_FAIL,BASELINE_FAIL,BASELINE_FAIL,BASELINE_FAIL,BASELINE_FAIL,BASELINE_FAIL,BASELINE_FAIL,BASELINE_FAIL,BASELINE_FAIL,BASELINE_FAIL,BASELINE_FAIL,BASELINE_FAIL,BASELINE_FAIL,BASELINE_FAIL,BASELINE_FAIL,BASELINE_FAIL,BASELINE_FAIL,BASELINE_FAIL,BASELINE_FAIL,BASELINE_FAIL,BASELINE_FAIL,BASELINE_FAIL,BASELINE_FAIL,BASELINE_FAIL,BASELINE_FAIL,BASELINE_FAIL,BASELINE_FAIL,BASELINE_FAIL,BASELINE_FAIL,BASELINE_FAIL,BASELINE_FAIL,BASELINE_FAIL,BASELINE_FAIL,BASELINE_FAIL,BASELINE_FAIL,BASELINE_FAIL,BASELINE_FAIL,BASELINE_FAIL,BASELINE_FAIL,BASELINE_FAIL,BASELINE_FAIL,BASELINE_FAIL,BASELINE_FAIL,BASELINE_FAIL,BASELINE_FAIL,BASELINE_FAIL,BASELINE_FAIL,BASELINE_FAIL,BASELINE_FAIL,BASELINE_FAIL,BASELINE_FAIL,BASELINE_FAIL,BASELINE_FAIL,BASELINE_FAIL,BASELINE_FAIL,BASELINE_FAIL,BASELINE_FAIL,BASELINE_FAIL,BASELINE_FAIL,BASELINE_FAIL,BASELINE_FAIL,BASELINE_FAIL,BASELINE_FAIL,BASELINE_FAIL,BASELINE_FAIL,BASELINE_FAIL,BASELINE_FAIL,BASELINE_FAIL,BASELINE_FAIL,BASELINE_FAIL,BASELINE_FAIL,BASELINE_FAIL,BASELINE_FAIL,BASELINE_FAIL,BASELINE_FAIL,BASELINE_FAIL,BASELINE_FAIL,BASELINE_FAIL,BASELINE_FAIL
Lang,Lang_1,batch02__Lang_1__add__lang_1f_add_line173,lang_1f_add__line173,add,m03,,BASELINE_FAIL,BASELINE_FAIL,False,False,0,0,harness/runs/batch02__Lang_1__add__lang_1f_add_line173/execution/m03.log,BASELINE_FAIL,BASELINE_FAIL,BASELINE_FAIL,BASELINE_FAIL,BASELINE_FAIL,BASELINE_FAIL,BASELINE_FAIL,BASELINE_FAIL,BASELINE_FAIL,BASELINE_FAIL,BASELINE_FAIL,BASELINE_FAIL,BASELINE_FAIL,BASELINE_FAIL,BASELINE_FAIL,BASELINE_FAIL,BASELINE_FAIL,BASELINE_FAIL,BASELINE_FAIL,BASELINE_FAIL,BASELINE_FAIL,BASELINE_FAIL,BASELINE_FAIL,BASELINE_FAIL,BASELINE_FAIL,BASELINE_FAIL,BASELINE_FAIL,BASELINE_FAIL,BASELINE_FAIL,BASELINE_FAIL,BASELINE_FAIL,BASELINE_FAIL,BASELINE_FAIL,BASELINE_FAIL,BASELINE_FAIL,BASELINE_FAIL,BASELINE_FAIL,BASELINE_FAIL,BASELINE_FAIL,BASELINE_FAIL,BASELINE_FAIL,BASELINE_FAIL,BASELINE_FAIL,BASELINE_FAIL,BASELINE_FAIL,BASELINE_FAIL,BASELINE_FAIL,BASELINE_FAIL,BASELINE_FAIL,BASELINE_FAIL,BASELINE_FAIL,BASELINE_FAIL,BASELINE_FAIL,BASELINE_FAIL,BASELINE_FAIL,BASELINE_FAIL,BASELINE_FAIL,BASELINE_FAIL,BASELINE_FAIL,BASELINE_FAIL,BASELINE_FAIL,BASELINE_FAIL,BASELINE_FAIL,BASELINE_FAIL,BASELINE_FAIL,BASELINE_FAIL,BASELINE_FAIL,BASELINE_FAIL,BASELINE_FAIL,BASELINE_FAIL,BASELINE_FAIL,BASELINE_FAIL,BASELINE_FAIL,BASELINE_FAIL,BASELINE_FAIL,BASELINE_FAIL,BASELINE_FAIL,BASELINE_FAIL,BASELINE_FAIL,BASELINE_FAIL,BASELINE_FAIL,BASELINE_FAIL,BASELINE_FAIL
Lang,Lang_1,batch02__Lang_1__add__lang_1f_add_line173,lang_1f_add__line173,add,m04,,BASELINE_FAIL,BASELINE_FAIL,False,False,0,0,harness/runs/batch02__Lang_1__add__lang_1f_add_line173/execution/m04.log,BASELINE_FAIL,BASELINE_FAIL,BASELINE_FAIL,BASELINE_FAIL,BASELINE_FAIL,BASELINE_FAIL,BASELINE_FAIL,BASELINE_FAIL,BASELINE_FAIL,BASELINE_FAIL,BASELINE_FAIL,BASELINE_FAIL,BASELINE_FAIL,BASELINE_FAIL,BASELINE_FAIL,BASELINE_FAIL,BASELINE_FAIL,BASELINE_FAIL,BASELINE_FAIL,BASELINE_FAIL,BASELINE_FAIL,BASELINE_FAIL,BASELINE_FAIL,BASELINE_FAIL,BASELINE_FAIL,BASELINE_FAIL,BASELINE_FAIL,BASELINE_FAIL,BASELINE_FAIL,BASELINE_FAIL,BASELINE_FAIL,BASELINE_FAIL,BASELINE_FAIL,BASELINE_FAIL,BASELINE_FAIL,BASELINE_FAIL,BASELINE_FAIL,BASELINE_FAIL,BASELINE_FAIL,BASELINE_FAIL,BASELINE_FAIL,BASELINE_FAIL,BASELINE_FAIL,BASELINE_FAIL,BASELINE_FAIL,BASELINE_FAIL,BASELINE_FAIL,BASELINE_FAIL,BASELINE_FAIL,BASELINE_FAIL,BASELINE_FAIL,BASELINE_FAIL,BASELINE_FAIL,BASELINE_FAIL,BASELINE_FAIL,BASELINE_FAIL,BASELINE_FAIL,BASELINE_FAIL,BASELINE_FAIL,BASELINE_FAIL,BASELINE_FAIL,BASELINE_FAIL,BASELINE_FAIL,BASELINE_FAIL,BASELINE_FAIL,BASELINE_FAIL,BASELINE_FAIL,BASELINE_FAIL,BASELINE_FAIL,BASELINE_FAIL,BASELINE_FAIL,BASELINE_FAIL,BASELINE_FAIL,BASELINE_FAIL,BASELINE_FAIL,BASELINE_FAIL,BASELINE_FAIL,BASELINE_FAIL,BASELINE_FAIL,BASELINE_FAIL,BASELINE_FAIL,BASELINE_FAIL,BASELINE_FAIL
Lang,Lang_1,batch02__Lang_1__add__lang_1f_add_line173,lang_1f_add__line173,add,m05,,BASELINE_FAIL,BASELINE_FAIL,False,False,0,0,harness/runs/batch02__Lang_1__add__lang_1f_add_line173/execution/m05.log,BASELINE_FAIL,BASELINE_FAIL,BASELINE_FAIL,BASELINE_FAIL,BASELINE_FAIL,BASELINE_FAIL,BASELINE_FAIL,BASELINE_FAIL,BASELINE_FAIL,BASELINE_FAIL,BASELINE_FAIL,BASELINE_FAIL,BASELINE_FAIL,BASELINE_FAIL,BASELINE_FAIL,BASELINE_FAIL,BASELINE_FAIL,BASELINE_FAIL,BASELINE_FAIL,BASELINE_FAIL,BASELINE_FAIL,BASELINE_FAIL,BASELINE_FAIL,BASELINE_FAIL,BASELINE_FAIL,BASELINE_FAIL,BASELINE_FAIL,BASELINE_FAIL,BASELINE_FAIL,BASELINE_FAIL,BASELINE_FAIL,BASELINE_FAIL,BASELINE_FAIL,BASELINE_FAIL,BASELINE_FAIL,BASELINE_FAIL,BASELINE_FAIL,BASELINE_FAIL,BASELINE_FAIL,BASELINE_FAIL,BASELINE_FAIL,BASELINE_FAIL,BASELINE_FAIL,BASELINE_FAIL,BASELINE_FAIL,BASELINE_FAIL,BASELINE_FAIL,BASELINE_FAIL,BASELINE_FAIL,BASELINE_FAIL,BASELINE_FAIL,BASELINE_FAIL,BASELINE_FAIL,BASELINE_FAIL,BASELINE_FAIL,BASELINE_FAIL,BASELINE_FAIL,BASELINE_FAIL,BASELINE_FAIL,BASELINE_FAIL,BASELINE_FAIL,BASELINE_FAIL,BASELINE_FAIL,BASELINE_FAIL,BASELINE_FAIL,BASELINE_FAIL,BASELINE_FAIL,BASELINE_FAIL,BASELINE_FAIL,BASELINE_FAIL,BASELINE_FAIL,BASELINE_FAIL,BASELINE_FAIL,BASELINE_FAIL,BASELINE_FAIL,BASELINE_FAIL,BASELINE_FAIL,BASELINE_FAIL,BASELINE_FAIL,BASELINE_FAIL,BASELINE_FAIL,BASELINE_FAIL,BASELINE_FAIL
Lang,Lang_1,batch02__Lang_1__add__lang_1f_add_line173,lang_1f_add__line173,add,m06,,BASELINE_FAIL,BASELINE_FAIL,False,False,0,0,harness/runs/batch02__Lang_1__add__lang_1f_add_line173/execution/m06.log,BASELINE_FAIL,BASELINE_FAIL,BASELINE_FAIL,BASELINE_FAIL,BASELINE_FAIL,BASELINE_FAIL,BASELINE_FAIL,BASELINE_FAIL,BASELINE_FAIL,BASELINE_FAIL,BASELINE_FAIL,BASELINE_FAIL,BASELINE_FAIL,BASELINE_FAIL,BASELINE_FAIL,BASELINE_FAIL,BASELINE_FAIL,BASELINE_FAIL,BASELINE_FAIL,BASELINE_FAIL,BASELINE_FAIL,BASELINE_FAIL,BASELINE_FAIL,BASELINE_FAIL,BASELINE_FAIL,BASELINE_FAIL,BASELINE_FAIL,BASELINE_FAIL,BASELINE_FAIL,BASELINE_FAIL,BASELINE_FAIL,BASELINE_FAIL,BASELINE_FAIL,BASELINE_FAIL,BASELINE_FAIL,BASELINE_FAIL,BASELINE_FAIL,BASELINE_FAIL,BASELINE_FAIL,BASELINE_FAIL,BASELINE_FAIL,BASELINE_FAIL,BASELINE_FAIL,BASELINE_FAIL,BASELINE_FAIL,BASELINE_FAIL,BASELINE_FAIL,BASELINE_FAIL,BASELINE_FAIL,BASELINE_FAIL,BASELINE_FAIL,BASELINE_FAIL,BASELINE_FAIL,BASELINE_FAIL,BASELINE_FAIL,BASELINE_FAIL,BASELINE_FAIL,BASELINE_FAIL,BASELINE_FAIL,BASELINE_FAIL,BASELINE_FAIL,BASELINE_FAIL,BASELINE_FAIL,BASELINE_FAIL,BASELINE_FAIL,BASELINE_FAIL,BASELINE_FAIL,BASELINE_FAIL,BASELINE_FAIL,BASELINE_FAIL,BASELINE_FAIL,BASELINE_FAIL,BASELINE_FAIL,BASELINE_FAIL,BASELINE_FAIL,BASELINE_FAIL,BASELINE_FAIL,BASELINE_FAIL,BASELINE_FAIL,BASELINE_FAIL,BASELINE_FAIL,BASELINE_FAIL,BASELINE_FAIL
Lang,Lang_1,batch02__Lang_1__add__lang_1f_add_line173,lang_1f_add__line173,add,m07,,BASELINE_FAIL,BASELINE_FAIL,False,False,0,0,harness/runs/batch02__Lang_1__add__lang_1f_add_line173/execution/m07.log,BASELINE_FAIL,BASELINE_FAIL,BASELINE_FAIL,BASELINE_FAIL,BASELINE_FAIL,BASELINE_FAIL,BASELINE_FAIL,BASELINE_FAIL,BASELINE_FAIL,BASELINE_FAIL,BASELINE_FAIL,BASELINE_FAIL,BASELINE_FAIL,BASELINE_FAIL,BASELINE_FAIL,BASELINE_FAIL,BASELINE_FAIL,BASELINE_FAIL,BASELINE_FAIL,BASELINE_FAIL,BASELINE_FAIL,BASELINE_FAIL,BASELINE_FAIL,BASELINE_FAIL,BASELINE_FAIL,BASELINE_FAIL,BASELINE_FAIL,BASELINE_FAIL,BASELINE_FAIL,BASELINE_FAIL,BASELINE_FAIL,BASELINE_FAIL,BASELINE_FAIL,BASELINE_FAIL,BASELINE_FAIL,BASELINE_FAIL,BASELINE_FAIL,BASELINE_FAIL,BASELINE_FAIL,BASELINE_FAIL,BASELINE_FAIL,BASELINE_FAIL,BASELINE_FAIL,BASELINE_FAIL,BASELINE_FAIL,BASELINE_FAIL,BASELINE_FAIL,BASELINE_FAIL,BASELINE_FAIL,BASELINE_FAIL,BASELINE_FAIL,BASELINE_FAIL,BASELINE_FAIL,BASELINE_FAIL,BASELINE_FAIL,BASELINE_FAIL,BASELINE_FAIL,BASELINE_FAIL,BASELINE_FAIL,BASELINE_FAIL,BASELINE_FAIL,BASELINE_FAIL,BASELINE_FAIL,BASELINE_FAIL,BASELINE_FAIL,BASELINE_FAIL,BASELINE_FAIL,BASELINE_FAIL,BASELINE_FAIL,BASELINE_FAIL,BASELINE_FAIL,BASELINE_FAIL,BASELINE_FAIL,BASELINE_FAIL,BASELINE_FAIL,BASELINE_FAIL,BASELINE_FAIL,BASELINE_FAIL,BASELINE_FAIL,BASELINE_FAIL,BASELINE_FAIL,BASELINE_FAIL,BASELINE_FAIL
Lang,Lang_1,batch02__Lang_1__add__lang_1f_add_line173,lang_1f_add__line173,add,m08,,BASELINE_FAIL,BASELINE_FAIL,False,False,0,0,harness/runs/batch02__Lang_1__add__lang_1f_add_line173/execution/m08.log,BASELINE_FAIL,BASELINE_FAIL,BASELINE_FAIL,BASELINE_FAIL,BASELINE_FAIL,BASELINE_FAIL,BASELINE_FAIL,BASELINE_FAIL,BASELINE_FAIL,BASELINE_FAIL,BASELINE_FAIL,BASELINE_FAIL,BASELINE_FAIL,BASELINE_FAIL,BASELINE_FAIL,BASELINE_FAIL,BASELINE_FAIL,BASELINE_FAIL,BASELINE_FAIL,BASELINE_FAIL,BASELINE_FAIL,BASELINE_FAIL,BASELINE_FAIL,BASELINE_FAIL,BASELINE_FAIL,BASELINE_FAIL,BASELINE_FAIL,BASELINE_FAIL,BASELINE_FAIL,BASELINE_FAIL,BASELINE_FAIL,BASELINE_FAIL,BASELINE_FAIL,BASELINE_FAIL,BASELINE_FAIL,BASELINE_FAIL,BASELINE_FAIL,BASELINE_FAIL,BASELINE_FAIL,BASELINE_FAIL,BASELINE_FAIL,BASELINE_FAIL,BASELINE_FAIL,BASELINE_FAIL,BASELINE_FAIL,BASELINE_FAIL,BASELINE_FAIL,BASELINE_FAIL,BASELINE_FAIL,BASELINE_FAIL,BASELINE_FAIL,BASELINE_FAIL,BASELINE_FAIL,BASELINE_FAIL,BASELINE_FAIL,BASELINE_FAIL,BASELINE_FAIL,BASELINE_FAIL,BASELINE_FAIL,BASELINE_FAIL,BASELINE_FAIL,BASELINE_FAIL,BASELINE_FAIL,BASELINE_FAIL,BASELINE_FAIL,BASELINE_FAIL,BASELINE_FAIL,BASELINE_FAIL,BASELINE_FAIL,BASELINE_FAIL,BASELINE_FAIL,BASELINE_FAIL,BASELINE_FAIL,BASELINE_FAIL,BASELINE_FAIL,BASELINE_FAIL,BASELINE_FAIL,BASELINE_FAIL,BASELINE_FAIL,BASELINE_FAIL,BASELINE_FAIL,BASELINE_FAIL,BASELINE_FAIL
Lang,Lang_1,batch02__Lang_1__append__lang_1f_append_line821,lang_1f_append__line821,append,m01,,SUCCESS,FAIL,True,True,0,16,harness/runs/batch02__Lang_1__append__lang_1f_append_line821/execution/m01.log,PASS,PASS,PASS,PASS,PASS,PASS,FAIL,PASS,PASS,PASS,PASS,PASS,PASS,PASS,PASS,PASS,PASS,PASS,PASS,PASS,PASS,PASS,PASS,PASS,PASS,PASS,PASS,PASS,PASS,PASS,PASS,PASS,PASS,FAIL,PASS,PASS,PASS,PASS,PASS,PASS,PASS,PASS,PASS,PASS,PASS,PASS,PASS,PASS,PASS,PASS,PASS,FAIL,FAIL,FAIL,FAIL,PASS,PASS,PASS,PASS,PASS,PASS,PASS,PASS,FAIL,FAIL,FAIL,FAIL,FAIL,FAIL,FAIL,FAIL,PASS,FAIL,FAIL,PASS,PASS,PASS,PASS,PASS,PASS,PASS,PASS,PASS
Lang,Lang_1,batch02__Lang_1__append__lang_1f_append_line821,lang_1f_append__line821,append,m02,,SUCCESS,FAIL,True,True,0,2,harness/runs/batch02__Lang_1__append__lang_1f_append_line821/execution/m02.log,PASS,PASS,PASS,PASS,PASS,PASS,FAIL,PASS,PASS,PASS,PASS,PASS,PASS,PASS,PASS,PASS,PASS,PASS,PASS,PASS,PASS,PASS,PASS,PASS,PASS,PASS,PASS,PASS,PASS,PASS,PASS,PASS,PASS,PASS,PASS,PASS,PASS,PASS,PASS,PASS,PASS,PASS,PASS,PASS,PASS,PASS,PASS,PASS,PASS,PASS,PASS,PASS,PASS,PASS,PASS,PASS,PASS,PASS,PASS,PASS,PASS,PASS,PASS,PASS,PASS,FAIL,PASS,PASS,PASS,PASS,PASS,PASS,PASS,PASS,PASS,PASS,PASS,PASS,PASS,PASS,PASS,PASS,PASS
Lang,Lang_1,batch02__Lang_1__append__lang_1f_append_line821,lang_1f_append__line821,append,m04,,SUCCESS,FAIL,True,True,0,8,harness/runs/batch02__Lang_1__append__lang_1f_append_line821/execution/m04.log,PASS,PASS,PASS,PASS,PASS,PASS,PASS,PASS,PASS,PASS,PASS,PASS,PASS,PASS,PASS,PASS,PASS,PASS,PASS,PASS,PASS,PASS,PASS,PASS,PASS,PASS,PASS,PASS,PASS,PASS,PASS,PASS,PASS,PASS,PASS,PASS,PASS,PASS,PASS,PASS,PASS,PASS,PASS,PASS,PASS,PASS,PASS,PASS,PASS,PASS,PASS,PASS,PASS,PASS,PASS,PASS,PASS,PASS,PASS,PASS,PASS,PASS,PASS,FAIL,FAIL,FAIL,FAIL,FAIL,FAIL,FAIL,PASS,PASS,FAIL,PASS,PASS,PASS,PASS,PASS,PASS,PASS,PASS,PASS,PASS
Lang,Lang_1,batch02__Lang_1__append__lang_1f_append_line821,lang_1f_append__line821,append,m06,,SUCCESS,FAIL,True,True,0,3,harness/runs/batch02__Lang_1__append__lang_1f_append_line821/execution/m06.log,PASS,PASS,PASS,PASS,PASS,PASS,FAIL,PASS,PASS,PASS,PASS,PASS,PASS,PASS,PASS,PASS,PASS,PASS,PASS,PASS,PASS,PASS,PASS,PASS,PASS,PASS,PASS,PASS,PASS,PASS,PASS,PASS,PASS,PASS,PASS,PASS,PASS,PASS,PASS,PASS,PASS,PASS,PASS,PASS,PASS,PASS,PASS,PASS,PASS,PASS,PASS,PASS,PASS,PASS,PASS,PASS,PASS,FAIL,PASS,PASS,PASS,PASS,FAIL,PASS,PASS,PASS,PASS,PASS,PASS,PASS,PASS,PASS,PASS,PASS,PASS,PASS,PASS,PASS,PASS,PASS,PASS,PASS,PASS
Lang,Lang_1,batch02__Lang_1__append__lang_1f_append_line821,lang_1f_append__line821,append,m07,,SUCCESS,FAIL,True,True,0,2,harness/runs/batch02__Lang_1__append__lang_1f_append_line821/execution/m07.log,PASS,PASS,PASS,PASS,PASS,PASS,FAIL,PASS,PASS,PASS,PASS,PASS,PASS,PASS,PASS,PASS,PASS,PASS,PASS,PASS,PASS,PASS,PASS,PASS,PASS,PASS,PASS,PASS,PASS,PASS,PASS,PASS,PASS,PASS,PASS,PASS,PASS,PASS,PASS,PASS,PASS,PASS,PASS,PASS,PASS,PASS,PASS,PASS,PASS,PASS,PASS,PASS,PASS,PASS,PASS,PASS,PASS,PASS,PASS,PASS,PASS,PASS,PASS,PASS,PASS,FAIL,PASS,PASS,PASS,PASS,PASS,PASS,PASS,PASS,PASS,PASS,PASS,PASS,PASS,PASS,PASS,PASS,PASS
Lang,Lang_1,batch02__Lang_1__append__lang_1f_append_line821,lang_1f_append__line821,append,m08,,SUCCESS,FAIL,True,True,0,2,harness/runs/batch02__Lang_1__append__lang_1f_append_line821/execution/m08.log,PASS,PASS,PASS,PASS,PASS,PASS,FAIL,PASS,PASS,PASS,PASS,PASS,PASS,PASS,PASS,PASS,PASS,PASS,PASS,PASS,PASS,PASS,PASS,PASS,PASS,PASS,PASS,PASS,PASS,PASS,PASS,PASS,PASS,PASS,PASS,PASS,PASS,PASS,PASS,PASS,PASS,PASS,PASS,PASS,PASS,PASS,PASS,PASS,PASS,PASS,PASS,PASS,PASS,PASS,PASS,PASS,PASS,PASS,PASS,PASS,PASS,PASS,PASS,PASS,PASS,FAIL,PASS,PASS,PASS,PASS,PASS,PASS,PASS,PASS,PASS,PASS,PASS,PASS,PASS,PASS,PASS,PASS,PASS
Lang,Lang_1,batch02__Lang_1__arrayMemberEquals__lang_1f_arrayMemberEquals_line287,lang_1f_arrayMemberEquals__line287,arrayMemberEquals,m01,,BASELINE_FAIL,BASELINE_FAIL,False,False,0,0,harness/runs/batch02__Lang_1__arrayMemberEquals__lang_1f_arrayMemberEquals_line287/execution/m01.log,BASELINE_FAIL,BASELINE_FAIL,BASELINE_FAIL,BASELINE_FAIL,BASELINE_FAIL,BASELINE_FAIL,BASELINE_FAIL,BASELINE_FAIL,BASELINE_FAIL,BASELINE_FAIL,BASELINE_FAIL,BASELINE_FAIL,BASELINE_FAIL,BASELINE_FAIL,BASELINE_FAIL,BASELINE_FAIL,BASELINE_FAIL,BASELINE_FAIL,BASELINE_FAIL,BASELINE_FAIL,BASELINE_FAIL,BASELINE_FAIL,BASELINE_FAIL,BASELINE_FAIL,BASELINE_FAIL,BASELINE_FAIL,BASELINE_FAIL,BASELINE_FAIL,BASELINE_FAIL,BASELINE_FAIL,BASELINE_FAIL,BASELINE_FAIL,BASELINE_FAIL,BASELINE_FAIL,BASELINE_FAIL,BASELINE_FAIL,BASELINE_FAIL,BASELINE_FAIL,BASELINE_FAIL,BASELINE_FAIL,BASELINE_FAIL,BASELINE_FAIL,BASELINE_FAIL,BASELINE_FAIL,BASELINE_FAIL,BASELINE_FAIL,BASELINE_FAIL,BASELINE_FAIL,BASELINE_FAIL,BASELINE_FAIL,BASELINE_FAIL,BASELINE_FAIL,BASELINE_FAIL,BASELINE_FAIL,BASELINE_FAIL,BASELINE_FAIL,BASELINE_FAIL,BASELINE_FAIL,BASELINE_FAIL,BASELINE_FAIL,BASELINE_FAIL,BASELINE_FAIL,BASELINE_FAIL,BASELINE_FAIL,BASELINE_FAIL,BASELINE_FAIL,BASELINE_FAIL,BASELINE_FAIL,BASELINE_FAIL,BASELINE_FAIL,BASELINE_FAIL,BASELINE_FAIL,BASELINE_FAIL,BASELINE_FAIL,BASELINE_FAIL,BASELINE_FAIL,BASELINE_FAIL,BASELINE_FAIL,BASELINE_FAIL,BASELINE_FAIL,BASELINE_FAIL,BASELINE_FAIL,BASELINE_FAIL
Lang,Lang_1,batch02__Lang_1__arrayMemberEquals__lang_1f_arrayMemberEquals_line287,lang_1f_arrayMemberEquals__line287,arrayMemberEquals,m02,,BASELINE_FAIL,BASELINE_FAIL,False,False,0,0,harness/runs/batch02__Lang_1__arrayMemberEquals__lang_1f_arrayMemberEquals_line287/execution/m02.log,BASELINE_FAIL,BASELINE_FAIL,BASELINE_FAIL,BASELINE_FAIL,BASELINE_FAIL,BASELINE_FAIL,BASELINE_FAIL,BASELINE_FAIL,BASELINE_FAIL,BASELINE_FAIL,BASELINE_FAIL,BASELINE_FAIL,BASELINE_FAIL,BASELINE_FAIL,BASELINE_FAIL,BASELINE_FAIL,BASELINE_FAIL,BASELINE_FAIL,BASELINE_FAIL,BASELINE_FAIL,BASELINE_FAIL,BASELINE_FAIL,BASELINE_FAIL,BASELINE_FAIL,BASELINE_FAIL,BASELINE_FAIL,BASELINE_FAIL,BASELINE_FAIL,BASELINE_FAIL,BASELINE_FAIL,BASELINE_FAIL,BASELINE_FAIL,BASELINE_FAIL,BASELINE_FAIL,BASELINE_FAIL,BASELINE_FAIL,BASELINE_FAIL,BASELINE_FAIL,BASELINE_FAIL,BASELINE_FAIL,BASELINE_FAIL,BASELINE_FAIL,BASELINE_FAIL,BASELINE_FAIL,BASELINE_FAIL,BASELINE_FAIL,BASELINE_FAIL,BASELINE_FAIL,BASELINE_FAIL,BASELINE_FAIL,BASELINE_FAIL,BASELINE_FAIL,BASELINE_FAIL,BASELINE_FAIL,BASELINE_FAIL,BASELINE_FAIL,BASELINE_FAIL,BASELINE_FAIL,BASELINE_FAIL,BASELINE_FAIL,BASELINE_FAIL,BASELINE_FAIL,BASELINE_FAIL,BASELINE_FAIL,BASELINE_FAIL,BASELINE_FAIL,BASELINE_FAIL,BASELINE_FAIL,BASELINE_FAIL,BASELINE_FAIL,BASELINE_FAIL,BASELINE_FAIL,BASELINE_FAIL,BASELINE_FAIL,BASELINE_FAIL,BASELINE_FAIL,BASELINE_FAIL,BASELINE_FAIL,BASELINE_FAIL,BASELINE_FAIL,BASELINE_FAIL,BASELINE_FAIL,BASELINE_FAIL
Lang,Lang_1,batch02__Lang_1__arrayMemberEquals__lang_1f_arrayMemberEquals_line287,lang_1f_arrayMemberEquals__line287,arrayMemberEquals,m03,,BASELINE_FAIL,BASELINE_FAIL,False,False,0,0,harness/runs/batch02__Lang_1__arrayMemberEquals__lang_1f_arrayMemberEquals_line287/execution/m03.log,BASELINE_FAIL,BASELINE_FAIL,BASELINE_FAIL,BASELINE_FAIL,BASELINE_FAIL,BASELINE_FAIL,BASELINE_FAIL,BASELINE_FAIL,BASELINE_FAIL,BASELINE_FAIL,BASELINE_FAIL,BASELINE_FAIL,BASELINE_FAIL,BASELINE_FAIL,BASELINE_FAIL,BASELINE_FAIL,BASELINE_FAIL,BASELINE_FAIL,BASELINE_FAIL,BASELINE_FAIL,BASELINE_FAIL,BASELINE_FAIL,BASELINE_FAIL,BASELINE_FAIL,BASELINE_FAIL,BASELINE_FAIL,BASELINE_FAIL,BASELINE_FAIL,BASELINE_FAIL,BASELINE_FAIL,BASELINE_FAIL,BASELINE_FAIL,BASELINE_FAIL,BASELINE_FAIL,BASELINE_FAIL,BASELINE_FAIL,BASELINE_FAIL,BASELINE_FAIL,BASELINE_FAIL,BASELINE_FAIL,BASELINE_FAIL,BASELINE_FAIL,BASELINE_FAIL,BASELINE_FAIL,BASELINE_FAIL,BASELINE_FAIL,BASELINE_FAIL,BASELINE_FAIL,BASELINE_FAIL,BASELINE_FAIL,BASELINE_FAIL,BASELINE_FAIL,BASELINE_FAIL,BASELINE_FAIL,BASELINE_FAIL,BASELINE_FAIL,BASELINE_FAIL,BASELINE_FAIL,BASELINE_FAIL,BASELINE_FAIL,BASELINE_FAIL,BASELINE_FAIL,BASELINE_FAIL,BASELINE_FAIL,BASELINE_FAIL,BASELINE_FAIL,BASELINE_FAIL,BASELINE_FAIL,BASELINE_FAIL,BASELINE_FAIL,BASELINE_FAIL,BASELINE_FAIL,BASELINE_FAIL,BASELINE_FAIL,BASELINE_FAIL,BASELINE_FAIL,BASELINE_FAIL,BASELINE_FAIL,BASELINE_FAIL,BASELINE_FAIL,BASELINE_FAIL,BASELINE_FAIL,BASELINE_FAIL
Lang,Lang_1,batch02__Lang_1__arrayMemberEquals__lang_1f_arrayMemberEquals_line287,lang_1f_arrayMemberEquals__line287,arrayMemberEquals,m04,,BASELINE_FAIL,BASELINE_FAIL,False,False,0,0,harness/runs/batch02__Lang_1__arrayMemberEquals__lang_1f_arrayMemberEquals_line287/execution/m04.log,BASELINE_FAIL,BASELINE_FAIL,BASELINE_FAIL,BASELINE_FAIL,BASELINE_FAIL,BASELINE_FAIL,BASELINE_FAIL,BASELINE_FAIL,BASELINE_FAIL,BASELINE_FAIL,BASELINE_FAIL,BASELINE_FAIL,BASELINE_FAIL,BASELINE_FAIL,BASELINE_FAIL,BASELINE_FAIL,BASELINE_FAIL,BASELINE_FAIL,BASELINE_FAIL,BASELINE_FAIL,BASELINE_FAIL,BASELINE_FAIL,BASELINE_FAIL,BASELINE_FAIL,BASELINE_FAIL,BASELINE_FAIL,BASELINE_FAIL,BASELINE_FAIL,BASELINE_FAIL,BASELINE_FAIL,BASELINE_FAIL,BASELINE_FAIL,BASELINE_FAIL,BASELINE_FAIL,BASELINE_FAIL,BASELINE_FAIL,BASELINE_FAIL,BASELINE_FAIL,BASELINE_FAIL,BASELINE_FAIL,BASELINE_FAIL,BASELINE_FAIL,BASELINE_FAIL,BASELINE_FAIL,BASELINE_FAIL,BASELINE_FAIL,BASELINE_FAIL,BASELINE_FAIL,BASELINE_FAIL,BASELINE_FAIL,BASELINE_FAIL,BASELINE_FAIL,BASELINE_FAIL,BASELINE_FAIL,BASELINE_FAIL,BASELINE_FAIL,BASELINE_FAIL,BASELINE_FAIL,BASELINE_FAIL,BASELINE_FAIL,BASELINE_FAIL,BASELINE_FAIL,BASELINE_FAIL,BASELINE_FAIL,BASELINE_FAIL,BASELINE_FAIL,BASELINE_FAIL,BASELINE_FAIL,BASELINE_FAIL,BASELINE_FAIL,BASELINE_FAIL,BASELINE_FAIL,BASELINE_FAIL,BASELINE_FAIL,BASELINE_FAIL,BASELINE_FAIL,BASELINE_FAIL,BASELINE_FAIL,BASELINE_FAIL,BASELINE_FAIL,BASELINE_FAIL,BASELINE_FAIL,BASELINE_FAIL
Lang,Lang_1,batch02__Lang_1__arrayMemberEquals__lang_1f_arrayMemberEquals_line287,lang_1f_arrayMemberEquals__line287,arrayMemberEquals,m05,,BASELINE_FAIL,BASELINE_FAIL,False,False,0,0,harness/runs/batch02__Lang_1__arrayMemberEquals__lang_1f_arrayMemberEquals_line287/execution/m05.log,BASELINE_FAIL,BASELINE_FAIL,BASELINE_FAIL,BASELINE_FAIL,BASELINE_FAIL,BASELINE_FAIL,BASELINE_FAIL,BASELINE_FAIL,BASELINE_FAIL,BASELINE_FAIL,BASELINE_FAIL,BASELINE_FAIL,BASELINE_FAIL,BASELINE_FAIL,BASELINE_FAIL,BASELINE_FAIL,BASELINE_FAIL,BASELINE_FAIL,BASELINE_FAIL,BASELINE_FAIL,BASELINE_FAIL,BASELINE_FAIL,BASELINE_FAIL,BASELINE_FAIL,BASELINE_FAIL,BASELINE_FAIL,BASELINE_FAIL,BASELINE_FAIL,BASELINE_FAIL,BASELINE_FAIL,BASELINE_FAIL,BASELINE_FAIL,BASELINE_FAIL,BASELINE_FAIL,BASELINE_FAIL,BASELINE_FAIL,BASELINE_FAIL,BASELINE_FAIL,BASELINE_FAIL,BASELINE_FAIL,BASELINE_FAIL,BASELINE_FAIL,BASELINE_FAIL,BASELINE_FAIL,BASELINE_FAIL,BASELINE_FAIL,BASELINE_FAIL,BASELINE_FAIL,BASELINE_FAIL,BASELINE_FAIL,BASELINE_FAIL,BASELINE_FAIL,BASELINE_FAIL,BASELINE_FAIL,BASELINE_FAIL,BASELINE_FAIL,BASELINE_FAIL,BASELINE_FAIL,BASELINE_FAIL,BASELINE_FAIL,BASELINE_FAIL,BASELINE_FAIL,BASELINE_FAIL,BASELINE_FAIL,BASELINE_FAIL,BASELINE_FAIL,BASELINE_FAIL,BASELINE_FAIL,BASELINE_FAIL,BASELINE_FAIL,BASELINE_FAIL,BASELINE_FAIL,BASELINE_FAIL,BASELINE_FAIL,BASELINE_FAIL,BASELINE_FAIL,BASELINE_FAIL,BASELINE_FAIL,BASELINE_FAIL,BASELINE_FAIL,BASELINE_FAIL,BASELINE_FAIL,BASELINE_FAIL
Lang,Lang_1,batch02__Lang_1__arrayMemberEquals__lang_1f_arrayMemberEquals_line287,lang_1f_arrayMemberEquals__line287,arrayMemberEquals,m07,,BASELINE_FAIL,BASELINE_FAIL,False,False,0,0,harness/runs/batch02__Lang_1__arrayMemberEquals__lang_1f_arrayMemberEquals_line287/execution/m07.log,BASELINE_FAIL,BASELINE_FAIL,BASELINE_FAIL,BASELINE_FAIL,BASELINE_FAIL,BASELINE_FAIL,BASELINE_FAIL,BASELINE_FAIL,BASELINE_FAIL,BASELINE_FAIL,BASELINE_FAIL,BASELINE_FAIL,BASELINE_FAIL,BASELINE_FAIL,BASELINE_FAIL,BASELINE_FAIL,BASELINE_FAIL,BASELINE_FAIL,BASELINE_FAIL,BASELINE_FAIL,BASELINE_FAIL,BASELINE_FAIL,BASELINE_FAIL,BASELINE_FAIL,BASELINE_FAIL,BASELINE_FAIL,BASELINE_FAIL,BASELINE_FAIL,BASELINE_FAIL,BASELINE_FAIL,BASELINE_FAIL,BASELINE_FAIL,BASELINE_FAIL,BASELINE_FAIL,BASELINE_FAIL,BASELINE_FAIL,BASELINE_FAIL,BASELINE_FAIL,BASELINE_FAIL,BASELINE_FAIL,BASELINE_FAIL,BASELINE_FAIL,BASELINE_FAIL,BASELINE_FAIL,BASELINE_FAIL,BASELINE_FAIL,BASELINE_FAIL,BASELINE_FAIL,BASELINE_FAIL,BASELINE_FAIL,BASELINE_FAIL,BASELINE_FAIL,BASELINE_FAIL,BASELINE_FAIL,BASELINE_FAIL,BASELINE_FAIL,BASELINE_FAIL,BASELINE_FAIL,BASELINE_FAIL,BASELINE_FAIL,BASELINE_FAIL,BASELINE_FAIL,BASELINE_FAIL,BASELINE_FAIL,BASELINE_FAIL,BASELINE_FAIL,BASELINE_FAIL,BASELINE_FAIL,BASELINE_FAIL,BASELINE_FAIL,BASELINE_FAIL,BASELINE_FAIL,BASELINE_FAIL,BASELINE_FAIL,BASELINE_FAIL,BASELINE_FAIL,BASELINE_FAIL,BASELINE_FAIL,BASELINE_FAIL,BASELINE_FAIL,BASELINE_FAIL,BASELINE_FAIL,BASELINE_FAIL
Lang,Lang_1,batch02__Lang_1__containsAny__lang_1f_containsAny_line1515,lang_1f_containsAny__line1515,containsAny,m01,,BASELINE_FAIL,BASELINE_FAIL,False,False,0,0,harness/runs/batch02__Lang_1__containsAny__lang_1f_containsAny_line1515/execution/m01.log,BASELINE_FAIL,BASELINE_FAIL,BASELINE_FAIL,BASELINE_FAIL,BASELINE_FAIL,BASELINE_FAIL,BASELINE_FAIL,BASELINE_FAIL,BASELINE_FAIL,BASELINE_FAIL,BASELINE_FAIL,BASELINE_FAIL,BASELINE_FAIL,BASELINE_FAIL,BASELINE_FAIL,BASELINE_FAIL,BASELINE_FAIL,BASELINE_FAIL,BASELINE_FAIL,BASELINE_FAIL,BASELINE_FAIL,BASELINE_FAIL,BASELINE_FAIL,BASELINE_FAIL,BASELINE_FAIL,BASELINE_FAIL,BASELINE_FAIL,BASELINE_FAIL,BASELINE_FAIL,BASELINE_FAIL,BASELINE_FAIL,BASELINE_FAIL,BASELINE_FAIL,BASELINE_FAIL,BASELINE_FAIL,BASELINE_FAIL,BASELINE_FAIL,BASELINE_FAIL,BASELINE_FAIL,BASELINE_FAIL,BASELINE_FAIL,BASELINE_FAIL,BASELINE_FAIL,BASELINE_FAIL,BASELINE_FAIL,BASELINE_FAIL,BASELINE_FAIL,BASELINE_FAIL,BASELINE_FAIL,BASELINE_FAIL,BASELINE_FAIL,BASELINE_FAIL,BASELINE_FAIL,BASELINE_FAIL,BASELINE_FAIL,BASELINE_FAIL,BASELINE_FAIL,BASELINE_FAIL,BASELINE_FAIL,BASELINE_FAIL,BASELINE_FAIL,BASELINE_FAIL,BASELINE_FAIL,BASELINE_FAIL,BASELINE_FAIL,BASELINE_FAIL,BASELINE_FAIL,BASELINE_FAIL,BASELINE_FAIL,BASELINE_FAIL,BASELINE_FAIL,BASELINE_FAIL,BASELINE_FAIL,BASELINE_FAIL,BASELINE_FAIL,BASELINE_FAIL,BASELINE_FAIL,BASELINE_FAIL,BASELINE_FAIL,BASELINE_FAIL,BASELINE_FAIL,BASELINE_FAIL,BASELINE_FAIL
Lang,Lang_1,batch02__Lang_1__containsAny__lang_1f_containsAny_line1515,lang_1f_containsAny__line1515,containsAny,m02,,BASELINE_FAIL,BASELINE_FAIL,False,False,0,0,harness/runs/batch02__Lang_1__containsAny__lang_1f_containsAny_line1515/execution/m02.log,BASELINE_FAIL,BASELINE_FAIL,BASELINE_FAIL,BASELINE_FAIL,BASELINE_FAIL,BASELINE_FAIL,BASELINE_FAIL,BASELINE_FAIL,BASELINE_FAIL,BASELINE_FAIL,BASELINE_FAIL,BASELINE_FAIL,BASELINE_FAIL,BASELINE_FAIL,BASELINE_FAIL,BASELINE_FAIL,BASELINE_FAIL,BASELINE_FAIL,BASELINE_FAIL,BASELINE_FAIL,BASELINE_FAIL,BASELINE_FAIL,BASELINE_FAIL,BASELINE_FAIL,BASELINE_FAIL,BASELINE_FAIL,BASELINE_FAIL,BASELINE_FAIL,BASELINE_FAIL,BASELINE_FAIL,BASELINE_FAIL,BASELINE_FAIL,BASELINE_FAIL,BASELINE_FAIL,BASELINE_FAIL,BASELINE_FAIL,BASELINE_FAIL,BASELINE_FAIL,BASELINE_FAIL,BASELINE_FAIL,BASELINE_FAIL,BASELINE_FAIL,BASELINE_FAIL,BASELINE_FAIL,BASELINE_FAIL,BASELINE_FAIL,BASELINE_FAIL,BASELINE_FAIL,BASELINE_FAIL,BASELINE_FAIL,BASELINE_FAIL,BASELINE_FAIL,BASELINE_FAIL,BASELINE_FAIL,BASELINE_FAIL,BASELINE_FAIL,BASELINE_FAIL,BASELINE_FAIL,BASELINE_FAIL,BASELINE_FAIL,BASELINE_FAIL,BASELINE_FAIL,BASELINE_FAIL,BASELINE_FAIL,BASELINE_FAIL,BASELINE_FAIL,BASELINE_FAIL,BASELINE_FAIL,BASELINE_FAIL,BASELINE_FAIL,BASELINE_FAIL,BASELINE_FAIL,BASELINE_FAIL,BASELINE_FAIL,BASELINE_FAIL,BASELINE_FAIL,BASELINE_FAIL,BASELINE_FAIL,BASELINE_FAIL,BASELINE_FAIL,BASELINE_FAIL,BASELINE_FAIL,BASELINE_FAIL
Lang,Lang_1,batch02__Lang_1__containsAny__lang_1f_containsAny_line1515,lang_1f_containsAny__line1515,containsAny,m04,,BASELINE_FAIL,BASELINE_FAIL,False,False,0,0,harness/runs/batch02__Lang_1__containsAny__lang_1f_containsAny_line1515/execution/m04.log,BASELINE_FAIL,BASELINE_FAIL,BASELINE_FAIL,BASELINE_FAIL,BASELINE_FAIL,BASELINE_FAIL,BASELINE_FAIL,BASELINE_FAIL,BASELINE_FAIL,BASELINE_FAIL,BASELINE_FAIL,BASELINE_FAIL,BASELINE_FAIL,BASELINE_FAIL,BASELINE_FAIL,BASELINE_FAIL,BASELINE_FAIL,BASELINE_FAIL,BASELINE_FAIL,BASELINE_FAIL,BASELINE_FAIL,BASELINE_FAIL,BASELINE_FAIL,BASELINE_FAIL,BASELINE_FAIL,BASELINE_FAIL,BASELINE_FAIL,BASELINE_FAIL,BASELINE_FAIL,BASELINE_FAIL,BASELINE_FAIL,BASELINE_FAIL,BASELINE_FAIL,BASELINE_FAIL,BASELINE_FAIL,BASELINE_FAIL,BASELINE_FAIL,BASELINE_FAIL,BASELINE_FAIL,BASELINE_FAIL,BASELINE_FAIL,BASELINE_FAIL,BASELINE_FAIL,BASELINE_FAIL,BASELINE_FAIL,BASELINE_FAIL,BASELINE_FAIL,BASELINE_FAIL,BASELINE_FAIL,BASELINE_FAIL,BASELINE_FAIL,BASELINE_FAIL,BASELINE_FAIL,BASELINE_FAIL,BASELINE_FAIL,BASELINE_FAIL,BASELINE_FAIL,BASELINE_FAIL,BASELINE_FAIL,BASELINE_FAIL,BASELINE_FAIL,BASELINE_FAIL,BASELINE_FAIL,BASELINE_FAIL,BASELINE_FAIL,BASELINE_FAIL,BASELINE_FAIL,BASELINE_FAIL,BASELINE_FAIL,BASELINE_FAIL,BASELINE_FAIL,BASELINE_FAIL,BASELINE_FAIL,BASELINE_FAIL,BASELINE_FAIL,BASELINE_FAIL,BASELINE_FAIL,BASELINE_FAIL,BASELINE_FAIL,BASELINE_FAIL,BASELINE_FAIL,BASELINE_FAIL,BASELINE_FAIL
Lang,Lang_1,batch02__Lang_1__containsAny__lang_1f_containsAny_line1515,lang_1f_containsAny__line1515,containsAny,m05,,BASELINE_FAIL,BASELINE_FAIL,False,False,0,0,harness/runs/batch02__Lang_1__containsAny__lang_1f_containsAny_line1515/execution/m05.log,BASELINE_FAIL,BASELINE_FAIL,BASELINE_FAIL,BASELINE_FAIL,BASELINE_FAIL,BASELINE_FAIL,BASELINE_FAIL,BASELINE_FAIL,BASELINE_FAIL,BASELINE_FAIL,BASELINE_FAIL,BASELINE_FAIL,BASELINE_FAIL,BASELINE_FAIL,BASELINE_FAIL,BASELINE_FAIL,BASELINE_FAIL,BASELINE_FAIL,BASELINE_FAIL,BASELINE_FAIL,BASELINE_FAIL,BASELINE_FAIL,BASELINE_FAIL,BASELINE_FAIL,BASELINE_FAIL,BASELINE_FAIL,BASELINE_FAIL,BASELINE_FAIL,BASELINE_FAIL,BASELINE_FAIL,BASELINE_FAIL,BASELINE_FAIL,BASELINE_FAIL,BASELINE_FAIL,BASELINE_FAIL,BASELINE_FAIL,BASELINE_FAIL,BASELINE_FAIL,BASELINE_FAIL,BASELINE_FAIL,BASELINE_FAIL,BASELINE_FAIL,BASELINE_FAIL,BASELINE_FAIL,BASELINE_FAIL,BASELINE_FAIL,BASELINE_FAIL,BASELINE_FAIL,BASELINE_FAIL,BASELINE_FAIL,BASELINE_FAIL,BASELINE_FAIL,BASELINE_FAIL,BASELINE_FAIL,BASELINE_FAIL,BASELINE_FAIL,BASELINE_FAIL,BASELINE_FAIL,BASELINE_FAIL,BASELINE_FAIL,BASELINE_FAIL,BASELINE_FAIL,BASELINE_FAIL,BASELINE_FAIL,BASELINE_FAIL,BASELINE_FAIL,BASELINE_FAIL,BASELINE_FAIL,BASELINE_FAIL,BASELINE_FAIL,BASELINE_FAIL,BASELINE_FAIL,BASELINE_FAIL,BASELINE_FAIL,BASELINE_FAIL,BASELINE_FAIL,BASELINE_FAIL,BASELINE_FAIL,BASELINE_FAIL,BASELINE_FAIL,BASELINE_FAIL,BASELINE_FAIL,BASELINE_FAIL
Lang,Lang_1,batch02__Lang_1__containsAny__lang_1f_containsAny_line1515,lang_1f_containsAny__line1515,containsAny,m06,,BASELINE_FAIL,BASELINE_FAIL,False,False,0,0,harness/runs/batch02__Lang_1__containsAny__lang_1f_containsAny_line1515/execution/m06.log,BASELINE_FAIL,BASELINE_FAIL,BASELINE_FAIL,BASELINE_FAIL,BASELINE_FAIL,BASELINE_FAIL,BASELINE_FAIL,BASELINE_FAIL,BASELINE_FAIL,BASELINE_FAIL,BASELINE_FAIL,BASELINE_FAIL,BASELINE_FAIL,BASELINE_FAIL,BASELINE_FAIL,BASELINE_FAIL,BASELINE_FAIL,BASELINE_FAIL,BASELINE_FAIL,BASELINE_FAIL,BASELINE_FAIL,BASELINE_FAIL,BASELINE_FAIL,BASELINE_FAIL,BASELINE_FAIL,BASELINE_FAIL,BASELINE_FAIL,BASELINE_FAIL,BASELINE_FAIL,BASELINE_FAIL,BASELINE_FAIL,BASELINE_FAIL,BASELINE_FAIL,BASELINE_FAIL,BASELINE_FAIL,BASELINE_FAIL,BASELINE_FAIL,BASELINE_FAIL,BASELINE_FAIL,BASELINE_FAIL,BASELINE_FAIL,BASELINE_FAIL,BASELINE_FAIL,BASELINE_FAIL,BASELINE_FAIL,BASELINE_FAIL,BASELINE_FAIL,BASELINE_FAIL,BASELINE_FAIL,BASELINE_FAIL,BASELINE_FAIL,BASELINE_FAIL,BASELINE_FAIL,BASELINE_FAIL,BASELINE_FAIL,BASELINE_FAIL,BASELINE_FAIL,BASELINE_FAIL,BASELINE_FAIL,BASELINE_FAIL,BASELINE_FAIL,BASELINE_FAIL,BASELINE_FAIL,BASELINE_FAIL,BASELINE_FAIL,BASELINE_FAIL,BASELINE_FAIL,BASELINE_FAIL,BASELINE_FAIL,BASELINE_FAIL,BASELINE_FAIL,BASELINE_FAIL,BASELINE_FAIL,BASELINE_FAIL,BASELINE_FAIL,BASELINE_FAIL,BASELINE_FAIL,BASELINE_FAIL,BASELINE_FAIL,BASELINE_FAIL,BASELINE_FAIL,BASELINE_FAIL,BASELINE_FAIL
Lang,Lang_1,batch02__Lang_1__containsAny__lang_1f_containsAny_line1515,lang_1f_containsAny__line1515,containsAny,m07,,BASELINE_FAIL,BASELINE_FAIL,False,False,0,0,harness/runs/batch02__Lang_1__containsAny__lang_1f_containsAny_line1515/execution/m07.log,BASELINE_FAIL,BASELINE_FAIL,BASELINE_FAIL,BASELINE_FAIL,BASELINE_FAIL,BASELINE_FAIL,BASELINE_FAIL,BASELINE_FAIL,BASELINE_FAIL,BASELINE_FAIL,BASELINE_FAIL,BASELINE_FAIL,BASELINE_FAIL,BASELINE_FAIL,BASELINE_FAIL,BASELINE_FAIL,BASELINE_FAIL,BASELINE_FAIL,BASELINE_FAIL,BASELINE_FAIL,BASELINE_FAIL,BASELINE_FAIL,BASELINE_FAIL,BASELINE_FAIL,BASELINE_FAIL,BASELINE_FAIL,BASELINE_FAIL,BASELINE_FAIL,BASELINE_FAIL,BASELINE_FAIL,BASELINE_FAIL,BASELINE_FAIL,BASELINE_FAIL,BASELINE_FAIL,BASELINE_FAIL,BASELINE_FAIL,BASELINE_FAIL,BASELINE_FAIL,BASELINE_FAIL,BASELINE_FAIL,BASELINE_FAIL,BASELINE_FAIL,BASELINE_FAIL,BASELINE_FAIL,BASELINE_FAIL,BASELINE_FAIL,BASELINE_FAIL,BASELINE_FAIL,BASELINE_FAIL,BASELINE_FAIL,BASELINE_FAIL,BASELINE_FAIL,BASELINE_FAIL,BASELINE_FAIL,BASELINE_FAIL,BASELINE_FAIL,BASELINE_FAIL,BASELINE_FAIL,BASELINE_FAIL,BASELINE_FAIL,BASELINE_FAIL,BASELINE_FAIL,BASELINE_FAIL,BASELINE_FAIL,BASELINE_FAIL,BASELINE_FAIL,BASELINE_FAIL,BASELINE_FAIL,BASELINE_FAIL,BASELINE_FAIL,BASELINE_FAIL,BASELINE_FAIL,BASELINE_FAIL,BASELINE_FAIL,BASELINE_FAIL,BASELINE_FAIL,BASELINE_FAIL,BASELINE_FAIL,BASELINE_FAIL,BASELINE_FAIL,BASELINE_FAIL,BASELINE_FAIL,BASELINE_FAIL
Lang,Lang_1,batch02__Lang_1__containsAny__lang_1f_containsAny_line1515,lang_1f_containsAny__line1515,containsAny,m08,,BASELINE_FAIL,BASELINE_FAIL,False,False,0,0,harness/runs/batch02__Lang_1__containsAny__lang_1f_containsAny_line1515/execution/m08.log,BASELINE_FAIL,BASELINE_FAIL,BASELINE_FAIL,BASELINE_FAIL,BASELINE_FAIL,BASELINE_FAIL,BASELINE_FAIL,BASELINE_FAIL,BASELINE_FAIL,BASELINE_FAIL,BASELINE_FAIL,BASELINE_FAIL,BASELINE_FAIL,BASELINE_FAIL,BASELINE_FAIL,BASELINE_FAIL,BASELINE_FAIL,BASELINE_FAIL,BASELINE_FAIL,BASELINE_FAIL,BASELINE_FAIL,BASELINE_FAIL,BASELINE_FAIL,BASELINE_FAIL,BASELINE_FAIL,BASELINE_FAIL,BASELINE_FAIL,BASELINE_FAIL,BASELINE_FAIL,BASELINE_FAIL,BASELINE_FAIL,BASELINE_FAIL,BASELINE_FAIL,BASELINE_FAIL,BASELINE_FAIL,BASELINE_FAIL,BASELINE_FAIL,BASELINE_FAIL,BASELINE_FAIL,BASELINE_FAIL,BASELINE_FAIL,BASELINE_FAIL,BASELINE_FAIL,BASELINE_FAIL,BASELINE_FAIL,BASELINE_FAIL,BASELINE_FAIL,BASELINE_FAIL,BASELINE_FAIL,BASELINE_FAIL,BASELINE_FAIL,BASELINE_FAIL,BASELINE_FAIL,BASELINE_FAIL,BASELINE_FAIL,BASELINE_FAIL,BASELINE_FAIL,BASELINE_FAIL,BASELINE_FAIL,BASELINE_FAIL,BASELINE_FAIL,BASELINE_FAIL,BASELINE_FAIL,BASELINE_FAIL,BASELINE_FAIL,BASELINE_FAIL,BASELINE_FAIL,BASELINE_FAIL,BASELINE_FAIL,BASELINE_FAIL,BASELINE_FAIL,BASELINE_FAIL,BASELINE_FAIL,BASELINE_FAIL,BASELINE_FAIL,BASELINE_FAIL,BASELINE_FAIL,BASELINE_FAIL,BASELINE_FAIL,BASELINE_FAIL,BASELINE_FAIL,BASELINE_FAIL,BASELINE_FAIL
Lang,Lang_1,batch02__Lang_1__containsNone__lang_1f_containsNone_line1771,lang_1f_containsNone__line1771,containsNone,m01,,BASELINE_FAIL,BASELINE_FAIL,False,False,0,0,harness/runs/batch02__Lang_1__containsNone__lang_1f_containsNone_line1771/execution/m01.log,BASELINE_FAIL,BASELINE_FAIL,BASELINE_FAIL,BASELINE_FAIL,BASELINE_FAIL,BASELINE_FAIL,BASELINE_FAIL,BASELINE_FAIL,BASELINE_FAIL,BASELINE_FAIL,BASELINE_FAIL,BASELINE_FAIL,BASELINE_FAIL,BASELINE_FAIL,BASELINE_FAIL,BASELINE_FAIL,BASELINE_FAIL,BASELINE_FAIL,BASELINE_FAIL,BASELINE_FAIL,BASELINE_FAIL,BASELINE_FAIL,BASELINE_FAIL,BASELINE_FAIL,BASELINE_FAIL,BASELINE_FAIL,BASELINE_FAIL,BASELINE_FAIL,BASELINE_FAIL,BASELINE_FAIL,BASELINE_FAIL,BASELINE_FAIL,BASELINE_FAIL,BASELINE_FAIL,BASELINE_FAIL,BASELINE_FAIL,BASELINE_FAIL,BASELINE_FAIL,BASELINE_FAIL,BASELINE_FAIL,BASELINE_FAIL,BASELINE_FAIL,BASELINE_FAIL,BASELINE_FAIL,BASELINE_FAIL,BASELINE_FAIL,BASELINE_FAIL,BASELINE_FAIL,BASELINE_FAIL,BASELINE_FAIL,BASELINE_FAIL,BASELINE_FAIL,BASELINE_FAIL,BASELINE_FAIL,BASELINE_FAIL,BASELINE_FAIL,BASELINE_FAIL,BASELINE_FAIL,BASELINE_FAIL,BASELINE_FAIL,BASELINE_FAIL,BASELINE_FAIL,BASELINE_FAIL,BASELINE_FAIL,BASELINE_FAIL,BASELINE_FAIL,BASELINE_FAIL,BASELINE_FAIL,BASELINE_FAIL,BASELINE_FAIL,BASELINE_FAIL,BASELINE_FAIL,BASELINE_FAIL,BASELINE_FAIL,BASELINE_FAIL,BASELINE_FAIL,BASELINE_FAIL,BASELINE_FAIL,BASELINE_FAIL,BASELINE_FAIL,BASELINE_FAIL,BASELINE_FAIL,BASELINE_FAIL
Lang,Lang_1,batch02__Lang_1__containsNone__lang_1f_containsNone_line1771,lang_1f_containsNone__line1771,containsNone,m02,,BASELINE_FAIL,BASELINE_FAIL,False,False,0,0,harness/runs/batch02__Lang_1__containsNone__lang_1f_containsNone_line1771/execution/m02.log,BASELINE_FAIL,BASELINE_FAIL,BASELINE_FAIL,BASELINE_FAIL,BASELINE_FAIL,BASELINE_FAIL,BASELINE_FAIL,BASELINE_FAIL,BASELINE_FAIL,BASELINE_FAIL,BASELINE_FAIL,BASELINE_FAIL,BASELINE_FAIL,BASELINE_FAIL,BASELINE_FAIL,BASELINE_FAIL,BASELINE_FAIL,BASELINE_FAIL,BASELINE_FAIL,BASELINE_FAIL,BASELINE_FAIL,BASELINE_FAIL,BASELINE_FAIL,BASELINE_FAIL,BASELINE_FAIL,BASELINE_FAIL,BASELINE_FAIL,BASELINE_FAIL,BASELINE_FAIL,BASELINE_FAIL,BASELINE_FAIL,BASELINE_FAIL,BASELINE_FAIL,BASELINE_FAIL,BASELINE_FAIL,BASELINE_FAIL,BASELINE_FAIL,BASELINE_FAIL,BASELINE_FAIL,BASELINE_FAIL,BASELINE_FAIL,BASELINE_FAIL,BASELINE_FAIL,BASELINE_FAIL,BASELINE_FAIL,BASELINE_FAIL,BASELINE_FAIL,BASELINE_FAIL,BASELINE_FAIL,BASELINE_FAIL,BASELINE_FAIL,BASELINE_FAIL,BASELINE_FAIL,BASELINE_FAIL,BASELINE_FAIL,BASELINE_FAIL,BASELINE_FAIL,BASELINE_FAIL,BASELINE_FAIL,BASELINE_FAIL,BASELINE_FAIL,BASELINE_FAIL,BASELINE_FAIL,BASELINE_FAIL,BASELINE_FAIL,BASELINE_FAIL,BASELINE_FAIL,BASELINE_FAIL,BASELINE_FAIL,BASELINE_FAIL,BASELINE_FAIL,BASELINE_FAIL,BASELINE_FAIL,BASELINE_FAIL,BASELINE_FAIL,BASELINE_FAIL,BASELINE_FAIL,BASELINE_FAIL,BASELINE_FAIL,BASELINE_FAIL,BASELINE_FAIL,BASELINE_FAIL,BASELINE_FAIL
Lang,Lang_1,batch02__Lang_1__containsNone__lang_1f_containsNone_line1771,lang_1f_containsNone__line1771,containsNone,m04,,BASELINE_FAIL,BASELINE_FAIL,False,False,0,0,harness/runs/batch02__Lang_1__containsNone__lang_1f_containsNone_line1771/execution/m04.log,BASELINE_FAIL,BASELINE_FAIL,BASELINE_FAIL,BASELINE_FAIL,BASELINE_FAIL,BASELINE_FAIL,BASELINE_FAIL,BASELINE_FAIL,BASELINE_FAIL,BASELINE_FAIL,BASELINE_FAIL,BASELINE_FAIL,BASELINE_FAIL,BASELINE_FAIL,BASELINE_FAIL,BASELINE_FAIL,BASELINE_FAIL,BASELINE_FAIL,BASELINE_FAIL,BASELINE_FAIL,BASELINE_FAIL,BASELINE_FAIL,BASELINE_FAIL,BASELINE_FAIL,BASELINE_FAIL,BASELINE_FAIL,BASELINE_FAIL,BASELINE_FAIL,BASELINE_FAIL,BASELINE_FAIL,BASELINE_FAIL,BASELINE_FAIL,BASELINE_FAIL,BASELINE_FAIL,BASELINE_FAIL,BASELINE_FAIL,BASELINE_FAIL,BASELINE_FAIL,BASELINE_FAIL,BASELINE_FAIL,BASELINE_FAIL,BASELINE_FAIL,BASELINE_FAIL,BASELINE_FAIL,BASELINE_FAIL,BASELINE_FAIL,BASELINE_FAIL,BASELINE_FAIL,BASELINE_FAIL,BASELINE_FAIL,BASELINE_FAIL,BASELINE_FAIL,BASELINE_FAIL,BASELINE_FAIL,BASELINE_FAIL,BASELINE_FAIL,BASELINE_FAIL,BASELINE_FAIL,BASELINE_FAIL,BASELINE_FAIL,BASELINE_FAIL,BASELINE_FAIL,BASELINE_FAIL,BASELINE_FAIL,BASELINE_FAIL,BASELINE_FAIL,BASELINE_FAIL,BASELINE_FAIL,BASELINE_FAIL,BASELINE_FAIL,BASELINE_FAIL,BASELINE_FAIL,BASELINE_FAIL,BASELINE_FAIL,BASELINE_FAIL,BASELINE_FAIL,BASELINE_FAIL,BASELINE_FAIL,BASELINE_FAIL,BASELINE_FAIL,BASELINE_FAIL,BASELINE_FAIL,BASELINE_FAIL
Lang,Lang_1,batch02__Lang_1__containsNone__lang_1f_containsNone_line1771,lang_1f_containsNone__line1771,containsNone,m05,,BASELINE_FAIL,BASELINE_FAIL,False,False,0,0,harness/runs/batch02__Lang_1__containsNone__lang_1f_containsNone_line1771/execution/m05.log,BASELINE_FAIL,BASELINE_FAIL,BASELINE_FAIL,BASELINE_FAIL,BASELINE_FAIL,BASELINE_FAIL,BASELINE_FAIL,BASELINE_FAIL,BASELINE_FAIL,BASELINE_FAIL,BASELINE_FAIL,BASELINE_FAIL,BASELINE_FAIL,BASELINE_FAIL,BASELINE_FAIL,BASELINE_FAIL,BASELINE_FAIL,BASELINE_FAIL,BASELINE_FAIL,BASELINE_FAIL,BASELINE_FAIL,BASELINE_FAIL,BASELINE_FAIL,BASELINE_FAIL,BASELINE_FAIL,BASELINE_FAIL,BASELINE_FAIL,BASELINE_FAIL,BASELINE_FAIL,BASELINE_FAIL,BASELINE_FAIL,BASELINE_FAIL,BASELINE_FAIL,BASELINE_FAIL,BASELINE_FAIL,BASELINE_FAIL,BASELINE_FAIL,BASELINE_FAIL,BASELINE_FAIL,BASELINE_FAIL,BASELINE_FAIL,BASELINE_FAIL,BASELINE_FAIL,BASELINE_FAIL,BASELINE_FAIL,BASELINE_FAIL,BASELINE_FAIL,BASELINE_FAIL,BASELINE_FAIL,BASELINE_FAIL,BASELINE_FAIL,BASELINE_FAIL,BASELINE_FAIL,BASELINE_FAIL,BASELINE_FAIL,BASELINE_FAIL,BASELINE_FAIL,BASELINE_FAIL,BASELINE_FAIL,BASELINE_FAIL,BASELINE_FAIL,BASELINE_FAIL,BASELINE_FAIL,BASELINE_FAIL,BASELINE_FAIL,BASELINE_FAIL,BASELINE_FAIL,BASELINE_FAIL,BASELINE_FAIL,BASELINE_FAIL,BASELINE_FAIL,BASELINE_FAIL,BASELINE_FAIL,BASELINE_FAIL,BASELINE_FAIL,BASELINE_FAIL,BASELINE_FAIL,BASELINE_FAIL,BASELINE_FAIL,BASELINE_FAIL,BASELINE_FAIL,BASELINE_FAIL,BASELINE_FAIL
Lang,Lang_1,batch02__Lang_1__containsNone__lang_1f_containsNone_line1771,lang_1f_containsNone__line1771,containsNone,m06,,BASELINE_FAIL,BASELINE_FAIL,False,False,0,0,harness/runs/batch02__Lang_1__containsNone__lang_1f_containsNone_line1771/execution/m06.log,BASELINE_FAIL,BASELINE_FAIL,BASELINE_FAIL,BASELINE_FAIL,BASELINE_FAIL,BASELINE_FAIL,BASELINE_FAIL,BASELINE_FAIL,BASELINE_FAIL,BASELINE_FAIL,BASELINE_FAIL,BASELINE_FAIL,BASELINE_FAIL,BASELINE_FAIL,BASELINE_FAIL,BASELINE_FAIL,BASELINE_FAIL,BASELINE_FAIL,BASELINE_FAIL,BASELINE_FAIL,BASELINE_FAIL,BASELINE_FAIL,BASELINE_FAIL,BASELINE_FAIL,BASELINE_FAIL,BASELINE_FAIL,BASELINE_FAIL,BASELINE_FAIL,BASELINE_FAIL,BASELINE_FAIL,BASELINE_FAIL,BASELINE_FAIL,BASELINE_FAIL,BASELINE_FAIL,BASELINE_FAIL,BASELINE_FAIL,BASELINE_FAIL,BASELINE_FAIL,BASELINE_FAIL,BASELINE_FAIL,BASELINE_FAIL,BASELINE_FAIL,BASELINE_FAIL,BASELINE_FAIL,BASELINE_FAIL,BASELINE_FAIL,BASELINE_FAIL,BASELINE_FAIL,BASELINE_FAIL,BASELINE_FAIL,BASELINE_FAIL,BASELINE_FAIL,BASELINE_FAIL,BASELINE_FAIL,BASELINE_FAIL,BASELINE_FAIL,BASELINE_FAIL,BASELINE_FAIL,BASELINE_FAIL,BASELINE_FAIL,BASELINE_FAIL,BASELINE_FAIL,BASELINE_FAIL,BASELINE_FAIL,BASELINE_FAIL,BASELINE_FAIL,BASELINE_FAIL,BASELINE_FAIL,BASELINE_FAIL,BASELINE_FAIL,BASELINE_FAIL,BASELINE_FAIL,BASELINE_FAIL,BASELINE_FAIL,BASELINE_FAIL,BASELINE_FAIL,BASELINE_FAIL,BASELINE_FAIL,BASELINE_FAIL,BASELINE_FAIL,BASELINE_FAIL,BASELINE_FAIL,BASELINE_FAIL
Lang,Lang_1,batch02__Lang_1__containsNone__lang_1f_containsNone_line1771,lang_1f_containsNone__line1771,containsNone,m07,,BASELINE_FAIL,BASELINE_FAIL,False,False,0,0,harness/runs/batch02__Lang_1__containsNone__lang_1f_containsNone_line1771/execution/m07.log,BASELINE_FAIL,BASELINE_FAIL,BASELINE_FAIL,BASELINE_FAIL,BASELINE_FAIL,BASELINE_FAIL,BASELINE_FAIL,BASELINE_FAIL,BASELINE_FAIL,BASELINE_FAIL,BASELINE_FAIL,BASELINE_FAIL,BASELINE_FAIL,BASELINE_FAIL,BASELINE_FAIL,BASELINE_FAIL,BASELINE_FAIL,BASELINE_FAIL,BASELINE_FAIL,BASELINE_FAIL,BASELINE_FAIL,BASELINE_FAIL,BASELINE_FAIL,BASELINE_FAIL,BASELINE_FAIL,BASELINE_FAIL,BASELINE_FAIL,BASELINE_FAIL,BASELINE_FAIL,BASELINE_FAIL,BASELINE_FAIL,BASELINE_FAIL,BASELINE_FAIL,BASELINE_FAIL,BASELINE_FAIL,BASELINE_FAIL,BASELINE_FAIL,BASELINE_FAIL,BASELINE_FAIL,BASELINE_FAIL,BASELINE_FAIL,BASELINE_FAIL,BASELINE_FAIL,BASELINE_FAIL,BASELINE_FAIL,BASELINE_FAIL,BASELINE_FAIL,BASELINE_FAIL,BASELINE_FAIL,BASELINE_FAIL,BASELINE_FAIL,BASELINE_FAIL,BASELINE_FAIL,BASELINE_FAIL,BASELINE_FAIL,BASELINE_FAIL,BASELINE_FAIL,BASELINE_FAIL,BASELINE_FAIL,BASELINE_FAIL,BASELINE_FAIL,BASELINE_FAIL,BASELINE_FAIL,BASELINE_FAIL,BASELINE_FAIL,BASELINE_FAIL,BASELINE_FAIL,BASELINE_FAIL,BASELINE_FAIL,BASELINE_FAIL,BASELINE_FAIL,BASELINE_FAIL,BASELINE_FAIL,BASELINE_FAIL,BASELINE_FAIL,BASELINE_FAIL,BASELINE_FAIL,BASELINE_FAIL,BASELINE_FAIL,BASELINE_FAIL,BASELINE_FAIL,BASELINE_FAIL,BASELINE_FAIL
Lang,Lang_1,batch02__Lang_1__createBigInteger__lang_1f_createBigInteger_line723,lang_1f_createBigInteger__line723,createBigInteger,m02,,SUCCESS,FAIL,True,True,0,2,harness/runs/batch02__Lang_1__createBigInteger__lang_1f_createBigInteger_line723/execution/m02.log,PASS,PASS,PASS,PASS,PASS,PASS,PASS,PASS,PASS,PASS,PASS,PASS,PASS,PASS,PASS,PASS,PASS,PASS,PASS,PASS,PASS,PASS,PASS,PASS,PASS,PASS,PASS,PASS,PASS,PASS,PASS,PASS,PASS,PASS,PASS,PASS,PASS,PASS,PASS,PASS,PASS,PASS,PASS,PASS,PASS,PASS,PASS,PASS,PASS,PASS,PASS,PASS,PASS,PASS,PASS,PASS,PASS,PASS,PASS,PASS,PASS,PASS,PASS,PASS,PASS,PASS,PASS,PASS,PASS,PASS,PASS,PASS,PASS,PASS,PASS,PASS,FAIL,PASS,PASS,PASS,PASS,PASS,FAIL
Lang,Lang_1,batch02__Lang_1__createBigInteger__lang_1f_createBigInteger_line723,lang_1f_createBigInteger__line723,createBigInteger,m03,,SUCCESS,FAIL,True,True,0,4,harness/runs/batch02__Lang_1__createBigInteger__lang_1f_createBigInteger_line723/execution/m03.log,PASS,PASS,PASS,PASS,PASS,PASS,PASS,PASS,PASS,PASS,PASS,PASS,PASS,PASS,PASS,PASS,PASS,PASS,PASS,PASS,PASS,PASS,PASS,PASS,PASS,PASS,PASS,PASS,PASS,PASS,PASS,PASS,PASS,FAIL,PASS,PASS,PASS,PASS,PASS,PASS,PASS,PASS,PASS,PASS,PASS,PASS,PASS,PASS,PASS,PASS,PASS,PASS,PASS,PASS,PASS,PASS,PASS,PASS,PASS,PASS,PASS,PASS,PASS,PASS,PASS,PASS,PASS,PASS,PASS,PASS,PASS,PASS,PASS,PASS,PASS,FAIL,FAIL,PASS,FAIL,PASS,PASS,PASS,PASS
Lang,Lang_1,batch02__Lang_1__createBigInteger__lang_1f_createBigInteger_line723,lang_1f_createBigInteger__line723,createBigInteger,m06,,SUCCESS,FAIL,True,True,0,3,harness/runs/batch02__Lang_1__createBigInteger__lang_1f_createBigInteger_line723/execution/m06.log,PASS,PASS,PASS,PASS,PASS,PASS,PASS,PASS,PASS,PASS,PASS,PASS,PASS,PASS,PASS,PASS,PASS,PASS,PASS,PASS,PASS,PASS,PASS,PASS,PASS,PASS,PASS,PASS,PASS,PASS,PASS,PASS,PASS,FAIL,PASS,PASS,PASS,PASS,PASS,PASS,PASS,PASS,PASS,PASS,PASS,PASS,PASS,PASS,PASS,PASS,PASS,PASS,PASS,PASS,PASS,PASS,PASS,PASS,PASS,PASS,PASS,PASS,PASS,PASS,PASS,PASS,PASS,PASS,PASS,PASS,PASS,PASS,PASS,PASS,PASS,PASS,FAIL,PASS,PASS,PASS,PASS,PASS,FAIL
Lang,Lang_1,batch02__Lang_1__createBigInteger__lang_1f_createBigInteger_line723,lang_1f_createBigInteger__line723,createBigInteger,m07,,SUCCESS,FAIL,True,True,0,4,harness/runs/batch02__Lang_1__createBigInteger__lang_1f_createBigInteger_line723/execution/m07.log,PASS,PASS,PASS,PASS,PASS,PASS,PASS,PASS,PASS,PASS,PASS,PASS,PASS,PASS,PASS,PASS,PASS,PASS,PASS,PASS,PASS,PASS,PASS,PASS,PASS,PASS,PASS,PASS,PASS,PASS,PASS,PASS,PASS,FAIL,PASS,PASS,PASS,PASS,PASS,PASS,PASS,PASS,PASS,PASS,PASS,PASS,PASS,PASS,PASS,PASS,PASS,PASS,PASS,PASS,PASS,PASS,PASS,PASS,PASS,PASS,PASS,PASS,PASS,PASS,PASS,PASS,PASS,PASS,PASS,PASS,PASS,PASS,PASS,PASS,PASS,FAIL,FAIL,PASS,FAIL,PASS,PASS,PASS,PASS
Lang,Lang_1,batch02__Lang_1__equals__lang_1f_equals_line122,lang_1f_equals__line122,equals,m06,,BASELINE_FAIL,BASELINE_FAIL,False,False,0,0,harness/runs/batch02__Lang_1__equals__lang_1f_equals_line122/execution/m06.log,BASELINE_FAIL,BASELINE_FAIL,BASELINE_FAIL,BASELINE_FAIL,BASELINE_FAIL,BASELINE_FAIL,BASELINE_FAIL,BASELINE_FAIL,BASELINE_FAIL,BASELINE_FAIL,BASELINE_FAIL,BASELINE_FAIL,BASELINE_FAIL,BASELINE_FAIL,BASELINE_FAIL,BASELINE_FAIL,BASELINE_FAIL,BASELINE_FAIL,BASELINE_FAIL,BASELINE_FAIL,BASELINE_FAIL,BASELINE_FAIL,BASELINE_FAIL,BASELINE_FAIL,BASELINE_FAIL,BASELINE_FAIL,BASELINE_FAIL,BASELINE_FAIL,BASELINE_FAIL,BASELINE_FAIL,BASELINE_FAIL,BASELINE_FAIL,BASELINE_FAIL,BASELINE_FAIL,BASELINE_FAIL,BASELINE_FAIL,BASELINE_FAIL,BASELINE_FAIL,BASELINE_FAIL,BASELINE_FAIL,BASELINE_FAIL,BASELINE_FAIL,BASELINE_FAIL,BASELINE_FAIL,BASELINE_FAIL,BASELINE_FAIL,BASELINE_FAIL,BASELINE_FAIL,BASELINE_FAIL,BASELINE_FAIL,BASELINE_FAIL,BASELINE_FAIL,BASELINE_FAIL,BASELINE_FAIL,BASELINE_FAIL,BASELINE_FAIL,BASELINE_FAIL,BASELINE_FAIL,BASELINE_FAIL,BASELINE_FAIL,BASELINE_FAIL,BASELINE_FAIL,BASELINE_FAIL,BASELINE_FAIL,BASELINE_FAIL,BASELINE_FAIL,BASELINE_FAIL,BASELINE_FAIL,BASELINE_FAIL,BASELINE_FAIL,BASELINE_FAIL,BASELINE_FAIL,BASELINE_FAIL,BASELINE_FAIL,BASELINE_FAIL,BASELINE_FAIL,BASELINE_FAIL,BASELINE_FAIL,BASELINE_FAIL,BASELINE_FAIL,BASELINE_FAIL,BASELINE_FAIL,BASELINE_FAIL
Lang,Lang_1,batch02__Lang_1__lastIndexOf__lang_1f_lastIndexOf_line1687,lang_1f_lastIndexOf__line1687,lastIndexOf,m01,,SUCCESS,FAIL,True,True,0,2,harness/runs/batch02__Lang_1__lastIndexOf__lang_1f_lastIndexOf_line1687/execution/m01.log,PASS,PASS,PASS,PASS,PASS,PASS,PASS,FAIL,FAIL,PASS,PASS,PASS,PASS,PASS,PASS,PASS,PASS,PASS,PASS,PASS,PASS,PASS,PASS,PASS,PASS,PASS,PASS,PASS,PASS,PASS,PASS,PASS,PASS,PASS,PASS,PASS,PASS,PASS,PASS,PASS,PASS,PASS,PASS,PASS,PASS,PASS,PASS,PASS,PASS,PASS,PASS,PASS,PASS,PASS,PASS,PASS,PASS,PASS,PASS,PASS,PASS,PASS,PASS,PASS,PASS,PASS,PASS,PASS,PASS,PASS,PASS,PASS,PASS,PASS,PASS,PASS,PASS,PASS,PASS,PASS,PASS,PASS,PASS
Lang,Lang_1,batch02__Lang_1__lastIndexOf__lang_1f_lastIndexOf_line1687,lang_1f_lastIndexOf__line1687,lastIndexOf,m03,,SUCCESS,FAIL,True,True,0,1,harness/runs/batch02__Lang_1__lastIndexOf__lang_1f_lastIndexOf_line1687/execution/m03.log,PASS,PASS,PASS,PASS,PASS,PASS,PASS,PASS,PASS,PASS,PASS,PASS,PASS,PASS,PASS,PASS,PASS,PASS,PASS,PASS,PASS,PASS,PASS,PASS,PASS,PASS,PASS,PASS,PASS,PASS,PASS,PASS,PASS,PASS,PASS,PASS,PASS,PASS,PASS,PASS,PASS,PASS,PASS,PASS,PASS,PASS,PASS,PASS,PASS,PASS,PASS,PASS,PASS,PASS,PASS,PASS,PASS,PASS,PASS,PASS,PASS,PASS,PASS,PASS,PASS,PASS,PASS,PASS,PASS,PASS,PASS,PASS,PASS,PASS,PASS,PASS,PASS,PASS,PASS,PASS,PASS,PASS,FAIL
Lang,Lang_1,batch02__Lang_1__lastIndexOf__lang_1f_lastIndexOf_line1687,lang_1f_lastIndexOf__line1687,lastIndexOf,m04,,SUCCESS,FAIL,True,True,0,4,harness/runs/batch02__Lang_1__lastIndexOf__lang_1f_lastIndexOf_line1687/execution/m04.log,PASS,PASS,PASS,PASS,PASS,PASS,PASS,FAIL,FAIL,PASS,PASS,PASS,PASS,PASS,PASS,PASS,PASS,PASS,PASS,PASS,PASS,PASS,PASS,PASS,PASS,PASS,PASS,PASS,PASS,PASS,PASS,PASS,PASS,FAIL,PASS,PASS,PASS,PASS,PASS,PASS,PASS,PASS,PASS,PASS,PASS,PASS,PASS,PASS,PASS,PASS,PASS,PASS,PASS,PASS,PASS,PASS,PASS,PASS,PASS,PASS,PASS,PASS,PASS,PASS,PASS,PASS,PASS,PASS,PASS,PASS,PASS,PASS,PASS,PASS,PASS,PASS,PASS,PASS,PASS,PASS,PASS,PASS,FAIL
Lang,Lang_1,batch02__Lang_1__lastIndexOf__lang_1f_lastIndexOf_line1687,lang_1f_lastIndexOf__line1687,lastIndexOf,m05,,SUCCESS,FAIL,True,True,0,2,harness/runs/batch02__Lang_1__lastIndexOf__lang_1f_lastIndexOf_line1687/execution/m05.log,PASS,PASS,PASS,PASS,PASS,PASS,PASS,FAIL,FAIL,PASS,PASS,PASS,PASS,PASS,PASS,PASS,PASS,PASS,PASS,PASS,PASS,PASS,PASS,PASS,PASS,PASS,PASS,PASS,PASS,PASS,PASS,PASS,PASS,PASS,PASS,PASS,PASS,PASS,PASS,PASS,PASS,PASS,PASS,PASS,PASS,PASS,PASS,PASS,PASS,PASS,PASS,PASS,PASS,PASS,PASS,PASS,PASS,PASS,PASS,PASS,PASS,PASS,PASS,PASS,PASS,PASS,PASS,PASS,PASS,PASS,PASS,PASS,PASS,PASS,PASS,PASS,PASS,PASS,PASS,PASS,PASS,PASS,PASS
Lang,Lang_1,batch02__Lang_1__lastIndexOf__lang_1f_lastIndexOf_line1687,lang_1f_lastIndexOf__line1687,lastIndexOf,m06,,FAIL,NOT_RUN,False,False,0,0,harness/runs/batch02__Lang_1__lastIndexOf__lang_1f_lastIndexOf_line1687/execution/m06.log,BUILD_FAIL,BUILD_FAIL,BUILD_FAIL,BUILD_FAIL,BUILD_FAIL,BUILD_FAIL,BUILD_FAIL,BUILD_FAIL,BUILD_FAIL,BUILD_FAIL,BUILD_FAIL,BUILD_FAIL,BUILD_FAIL,BUILD_FAIL,BUILD_FAIL,BUILD_FAIL,BUILD_FAIL,BUILD_FAIL,BUILD_FAIL,BUILD_FAIL,BUILD_FAIL,BUILD_FAIL,BUILD_FAIL,BUILD_FAIL,BUILD_FAIL,BUILD_FAIL,BUILD_FAIL,BUILD_FAIL,BUILD_FAIL,BUILD_FAIL,BUILD_FAIL,BUILD_FAIL,BUILD_FAIL,BUILD_FAIL,BUILD_FAIL,BUILD_FAIL,BUILD_FAIL,BUILD_FAIL,BUILD_FAIL,BUILD_FAIL,BUILD_FAIL,BUILD_FAIL,BUILD_FAIL,BUILD_FAIL,BUILD_FAIL,BUILD_FAIL,BUILD_FAIL,BUILD_FAIL,BUILD_FAIL,BUILD_FAIL,BUILD_FAIL,BUILD_FAIL,BUILD_FAIL,BUILD_FAIL,BUILD_FAIL,BUILD_FAIL,BUILD_FAIL,BUILD_FAIL,BUILD_FAIL,BUILD_FAIL,BUILD_FAIL,BUILD_FAIL,BUILD_FAIL,BUILD_FAIL,BUILD_FAIL,BUILD_FAIL,BUILD_FAIL,BUILD_FAIL,BUILD_FAIL,BUILD_FAIL,BUILD_FAIL,BUILD_FAIL,BUILD_FAIL,BUILD_FAIL,BUILD_FAIL,BUILD_FAIL,BUILD_FAIL,BUILD_FAIL,BUILD_FAIL,BUILD_FAIL,BUILD_FAIL,BUILD_FAIL,BUILD_FAIL
Lang,Lang_1,batch02__Lang_1__lastIndexOf__lang_1f_lastIndexOf_line1687,lang_1f_lastIndexOf__line1687,lastIndexOf,m07,,FAIL,NOT_RUN,False,False,0,0,harness/runs/batch02__Lang_1__lastIndexOf__lang_1f_lastIndexOf_line1687/execution/m07.log,BUILD_FAIL,BUILD_FAIL,BUILD_FAIL,BUILD_FAIL,BUILD_FAIL,BUILD_FAIL,BUILD_FAIL,BUILD_FAIL,BUILD_FAIL,BUILD_FAIL,BUILD_FAIL,BUILD_FAIL,BUILD_FAIL,BUILD_FAIL,BUILD_FAIL,BUILD_FAIL,BUILD_FAIL,BUILD_FAIL,BUILD_FAIL,BUILD_FAIL,BUILD_FAIL,BUILD_FAIL,BUILD_FAIL,BUILD_FAIL,BUILD_FAIL,BUILD_FAIL,BUILD_FAIL,BUILD_FAIL,BUILD_FAIL,BUILD_FAIL,BUILD_FAIL,BUILD_FAIL,BUILD_FAIL,BUILD_FAIL,BUILD_FAIL,BUILD_FAIL,BUILD_FAIL,BUILD_FAIL,BUILD_FAIL,BUILD_FAIL,BUILD_FAIL,BUILD_FAIL,BUILD_FAIL,BUILD_FAIL,BUILD_FAIL,BUILD_FAIL,BUILD_FAIL,BUILD_FAIL,BUILD_FAIL,BUILD_FAIL,BUILD_FAIL,BUILD_FAIL,BUILD_FAIL,BUILD_FAIL,BUILD_FAIL,BUILD_FAIL,BUILD_FAIL,BUILD_FAIL,BUILD_FAIL,BUILD_FAIL,BUILD_FAIL,BUILD_FAIL,BUILD_FAIL,BUILD_FAIL,BUILD_FAIL,BUILD_FAIL,BUILD_FAIL,BUILD_FAIL,BUILD_FAIL,BUILD_FAIL,BUILD_FAIL,BUILD_FAIL,BUILD_FAIL,BUILD_FAIL,BUILD_FAIL,BUILD_FAIL,BUILD_FAIL,BUILD_FAIL,BUILD_FAIL,BUILD_FAIL,BUILD_FAIL,BUILD_FAIL,BUILD_FAIL
Lang,Lang_1,batch02__Lang_1__lastIndexOf__lang_1f_lastIndexOf_line1687,lang_1f_lastIndexOf__line1687,lastIndexOf,m08,,SUCCESS,FAIL,True,True,0,0,harness/runs/batch02__Lang_1__lastIndexOf__lang_1f_lastIndexOf_line1687/execution/m08.log,PASS,PASS,PASS,PASS,PASS,PASS,PASS,PASS,PASS,PASS,PASS,PASS,PASS,PASS,PASS,PASS,PASS,PASS,PASS,PASS,PASS,PASS,PASS,PASS,PASS,PASS,PASS,PASS,PASS,PASS,PASS,PASS,PASS,PASS,PASS,PASS,PASS,PASS,PASS,PASS,PASS,PASS,PASS,PASS,PASS,PASS,PASS,PASS,PASS,PASS,PASS,PASS,PASS,PASS,PASS,PASS,PASS,PASS,PASS,PASS,PASS,PASS,PASS,PASS,PASS,PASS,PASS,PASS,PASS,PASS,PASS,PASS,PASS,PASS,PASS,PASS,PASS,PASS,PASS,PASS,PASS,PASS,PASS
Lang,Lang_1,batch02__Lang_1__pow__lang_1f_pow_line546,lang_1f_pow__line546,pow,m01,,SUCCESS,FAIL,True,True,0,3,harness/runs/batch02__Lang_1__pow__lang_1f_pow_line546/execution/m01.log,PASS,PASS,PASS,PASS,PASS,PASS,PASS,PASS,PASS,PASS,PASS,PASS,PASS,PASS,PASS,PASS,PASS,PASS,PASS,PASS,PASS,PASS,PASS,PASS,PASS,PASS,PASS,PASS,PASS,PASS,PASS,PASS,PASS,PASS,PASS,PASS,PASS,PASS,PASS,PASS,PASS,PASS,PASS,PASS,PASS,PASS,PASS,PASS,PASS,PASS,PASS,PASS,PASS,PASS,PASS,PASS,PASS,PASS,PASS,PASS,PASS,PASS,PASS,PASS,PASS,PASS,PASS,PASS,PASS,PASS,PASS,PASS,PASS,PASS,FAIL,PASS,PASS,PASS,PASS,PASS,FAIL,FAIL,PASS
Lang,Lang_1,batch02__Lang_1__pow__lang_1f_pow_line546,lang_1f_pow__line546,pow,m02,,SUCCESS,FAIL,True,True,0,1,harness/runs/batch02__Lang_1__pow__lang_1f_pow_line546/execution/m02.log,PASS,PASS,PASS,PASS,PASS,PASS,PASS,PASS,PASS,PASS,PASS,PASS,PASS,PASS,PASS,PASS,PASS,PASS,PASS,PASS,PASS,PASS,PASS,PASS,PASS,PASS,PASS,PASS,PASS,PASS,PASS,PASS,PASS,PASS,PASS,PASS,PASS,PASS,PASS,PASS,PASS,PASS,PASS,PASS,PASS,PASS,PASS,PASS,PASS,PASS,PASS,PASS,PASS,PASS,PASS,PASS,PASS,PASS,PASS,PASS,PASS,PASS,PASS,PASS,PASS,PASS,PASS,PASS,PASS,PASS,PASS,PASS,PASS,PASS,FAIL,PASS,PASS,PASS,PASS,PASS,PASS,PASS,PASS
Lang,Lang_1,batch02__Lang_1__pow__lang_1f_pow_line546,lang_1f_pow__line546,pow,m03,,SUCCESS,FAIL,True,True,0,2,harness/runs/batch02__Lang_1__pow__lang_1f_pow_line546/execution/m03.log,PASS,PASS,PASS,PASS,PASS,PASS,PASS,PASS,PASS,PASS,PASS,PASS,PASS,PASS,PASS,PASS,PASS,PASS,PASS,PASS,PASS,PASS,PASS,PASS,PASS,PASS,PASS,PASS,PASS,PASS,PASS,PASS,PASS,FAIL,PASS,PASS,PASS,PASS,PASS,PASS,PASS,PASS,PASS,PASS,PASS,PASS,PASS,PASS,PASS,PASS,PASS,PASS,PASS,PASS,PASS,PASS,PASS,PASS,PASS,PASS,PASS,PASS,PASS,PASS,PASS,PASS,PASS,PASS,PASS,PASS,PASS,PASS,PASS,PASS,FAIL,PASS,PASS,PASS,PASS,PASS,PASS,PASS,PASS
Lang,Lang_1,batch02__Lang_1__pow__lang_1f_pow_line546,lang_1f_pow__line546,pow,m04,,SUCCESS,FAIL,True,True,0,2,harness/runs/batch02__Lang_1__pow__lang_1f_pow_line546/execution/m04.log,PASS,PASS,PASS,PASS,PASS,PASS,PASS,PASS,PASS,PASS,PASS,PASS,PASS,PASS,PASS,PASS,PASS,PASS,PASS,PASS,PASS,PASS,PASS,PASS,PASS,PASS,PASS,PASS,PASS,PASS,PASS,PASS,PASS,FAIL,PASS,PASS,PASS,PASS,PASS,PASS,PASS,PASS,PASS,PASS,PASS,PASS,PASS,PASS,PASS,PASS,PASS,PASS,PASS,PASS,PASS,PASS,PASS,PASS,PASS,PASS,PASS,PASS,PASS,PASS,PASS,PASS,PASS,PASS,PASS,PASS,PASS,PASS,PASS,PASS,FAIL,PASS,PASS,PASS,PASS,PASS,PASS,PASS,PASS
Lang,Lang_1,batch02__Lang_1__pow__lang_1f_pow_line546,lang_1f_pow__line546,pow,m05,,SUCCESS,FAIL,True,True,0,1,harness/runs/batch02__Lang_1__pow__lang_1f_pow_line546/execution/m05.log,PASS,PASS,PASS,PASS,PASS,PASS,PASS,PASS,PASS,PASS,PASS,PASS,PASS,PASS,PASS,PASS,PASS,PASS,PASS,PASS,PASS,PASS,PASS,PASS,PASS,PASS,PASS,PASS,PASS,PASS,PASS,PASS,PASS,PASS,PASS,PASS,PASS,PASS,PASS,PASS,PASS,PASS,PASS,PASS,PASS,PASS,PASS,PASS,PASS,PASS,PASS,PASS,PASS,PASS,PASS,PASS,PASS,PASS,PASS,PASS,PASS,PASS,PASS,PASS,PASS,PASS,PASS,PASS,PASS,PASS,PASS,PASS,PASS,PASS,FAIL,PASS,PASS,PASS,PASS,PASS,PASS,PASS,PASS
Lang,Lang_1,batch02__Lang_1__pow__lang_1f_pow_line546,lang_1f_pow__line546,pow,m06,,SUCCESS,PASS,False,True,0,0,harness/runs/batch02__Lang_1__pow__lang_1f_pow_line546/execution/m06.log,PASS,PASS,PASS,PASS,PASS,PASS,PASS,PASS,PASS,PASS,PASS,PASS,PASS,PASS,PASS,PASS,PASS,PASS,PASS,PASS,PASS,PASS,PASS,PASS,PASS,PASS,PASS,PASS,PASS,PASS,PASS,PASS,PASS,PASS,PASS,PASS,PASS,PASS,PASS,PASS,PASS,PASS,PASS,PASS,PASS,PASS,PASS,PASS,PASS,PASS,PASS,PASS,PASS,PASS,PASS,PASS,PASS,PASS,PASS,PASS,PASS,PASS,PASS,PASS,PASS,PASS,PASS,PASS,PASS,PASS,PASS,PASS,PASS,PASS,PASS,PASS,PASS,PASS,PASS,PASS,PASS,PASS,PASS
Lang,Lang_1,batch02__Lang_1__pow__lang_1f_pow_line546,lang_1f_pow__line546,pow,m07,,SUCCESS,FAIL,True,True,0,1,harness/runs/batch02__Lang_1__pow__lang_1f_pow_line546/execution/m07.log,PASS,PASS,PASS,PASS,PASS,PASS,PASS,PASS,PASS,PASS,PASS,PASS,PASS,PASS,PASS,PASS,PASS,PASS,PASS,PASS,PASS,PASS,PASS,PASS,PASS,PASS,PASS,PASS,PASS,PASS,PASS,PASS,PASS,FAIL,PASS,PASS,PASS,PASS,PASS,PASS,PASS,PASS,PASS,PASS,PASS,PASS,PASS,PASS,PASS,PASS,PASS,PASS,PASS,PASS,PASS,PASS,PASS,PASS,PASS,PASS,PASS,PASS,PASS,PASS,PASS,PASS,PASS,PASS,PASS,PASS,PASS,PASS,PASS,PASS,PASS,PASS,PASS,PASS,PASS,PASS,PASS,PASS,PASS
Lang,Lang_1,batch02__Lang_1__toMap__lang_1f_toMap_line234,lang_1f_toMap__line234,toMap,m02,,SUCCESS,FAIL,True,True,0,1,harness/runs/batch02__Lang_1__toMap__lang_1f_toMap_line234/execution/m02.log,PASS,PASS,PASS,PASS,PASS,PASS,PASS,PASS,PASS,FAIL,PASS,PASS,PASS,PASS,PASS,PASS,PASS,PASS,PASS,PASS,PASS,PASS,PASS,PASS,PASS,PASS,PASS,PASS,PASS,PASS,PASS,PASS,PASS,PASS,PASS,PASS,PASS,PASS,PASS,PASS,PASS,PASS,PASS,PASS,PASS,PASS,PASS,PASS,PASS,PASS,PASS,PASS,PASS,PASS,PASS,PASS,PASS,PASS,PASS,PASS,PASS,PASS,PASS,PASS,PASS,PASS,PASS,PASS,PASS,PASS,PASS,PASS,PASS,PASS,PASS,PASS,PASS,PASS,PASS,PASS,PASS,PASS,PASS
Lang,Lang_1,batch02__Lang_1__toMap__lang_1f_toMap_line234,lang_1f_toMap__line234,toMap,m04,,FAIL,NOT_RUN,False,False,0,0,harness/runs/batch02__Lang_1__toMap__lang_1f_toMap_line234/execution/m04.log,BUILD_FAIL,BUILD_FAIL,BUILD_FAIL,BUILD_FAIL,BUILD_FAIL,BUILD_FAIL,BUILD_FAIL,BUILD_FAIL,BUILD_FAIL,BUILD_FAIL,BUILD_FAIL,BUILD_FAIL,BUILD_FAIL,BUILD_FAIL,BUILD_FAIL,BUILD_FAIL,BUILD_FAIL,BUILD_FAIL,BUILD_FAIL,BUILD_FAIL,BUILD_FAIL,BUILD_FAIL,BUILD_FAIL,BUILD_FAIL,BUILD_FAIL,BUILD_FAIL,BUILD_FAIL,BUILD_FAIL,BUILD_FAIL,BUILD_FAIL,BUILD_FAIL,BUILD_FAIL,BUILD_FAIL,BUILD_FAIL,BUILD_FAIL,BUILD_FAIL,BUILD_FAIL,BUILD_FAIL,BUILD_FAIL,BUILD_FAIL,BUILD_FAIL,BUILD_FAIL,BUILD_FAIL,BUILD_FAIL,BUILD_FAIL,BUILD_FAIL,BUILD_FAIL,BUILD_FAIL,BUILD_FAIL,BUILD_FAIL,BUILD_FAIL,BUILD_FAIL,BUILD_FAIL,BUILD_FAIL,BUILD_FAIL,BUILD_FAIL,BUILD_FAIL,BUILD_FAIL,BUILD_FAIL,BUILD_FAIL,BUILD_FAIL,BUILD_FAIL,BUILD_FAIL,BUILD_FAIL,BUILD_FAIL,BUILD_FAIL,BUILD_FAIL,BUILD_FAIL,BUILD_FAIL,BUILD_FAIL,BUILD_FAIL,BUILD_FAIL,BUILD_FAIL,BUILD_FAIL,BUILD_FAIL,BUILD_FAIL,BUILD_FAIL,BUILD_FAIL,BUILD_FAIL,BUILD_FAIL,BUILD_FAIL,BUILD_FAIL,BUILD_FAIL
Lang,Lang_1,batch02__Lang_1__toMap__lang_1f_toMap_line234,lang_1f_toMap__line234,toMap,m05,,SUCCESS,FAIL,True,True,0,3,harness/runs/batch02__Lang_1__toMap__lang_1f_toMap_line234/execution/m05.log,PASS,PASS,PASS,PASS,PASS,PASS,PASS,PASS,PASS,FAIL,PASS,PASS,PASS,PASS,PASS,PASS,PASS,PASS,PASS,PASS,PASS,PASS,PASS,PASS,PASS,PASS,PASS,PASS,PASS,PASS,PASS,PASS,PASS,PASS,PASS,PASS,PASS,PASS,PASS,PASS,PASS,PASS,PASS,PASS,PASS,PASS,PASS,PASS,PASS,PASS,PASS,PASS,PASS,PASS,PASS,PASS,PASS,PASS,PASS,PASS,PASS,PASS,PASS,PASS,PASS,PASS,PASS,PASS,PASS,PASS,PASS,PASS,PASS,PASS,PASS,PASS,PASS,PASS,PASS,PASS,PASS,FAIL,FAIL
Lang,Lang_1,batch02__Lang_1__toMap__lang_1f_toMap_line234,lang_1f_toMap__line234,toMap,m07,,SUCCESS,FAIL,True,True,0,1,harness/runs/batch02__Lang_1__toMap__lang_1f_toMap_line234/execution/m07.log,PASS,PASS,PASS,PASS,PASS,PASS,PASS,PASS,PASS,FAIL,PASS,PASS,PASS,PASS,PASS,PASS,PASS,PASS,PASS,PASS,PASS,PASS,PASS,PASS,PASS,PASS,PASS,PASS,PASS,PASS,PASS,PASS,PASS,PASS,PASS,PASS,PASS,PASS,PASS,PASS,PASS,PASS,PASS,PASS,PASS,PASS,PASS,PASS,PASS,PASS,PASS,PASS,PASS,PASS,PASS,PASS,PASS,PASS,PASS,PASS,PASS,PASS,PASS,PASS,PASS,PASS,PASS,PASS,PASS,PASS,PASS,PASS,PASS,PASS,PASS,PASS,PASS,PASS,PASS,PASS,PASS,PASS,PASS
Lang,Lang_1,batch03__Lang_1__add__lang_1f_add_line173,lang_1f_add__line173,add,m01,,SUCCESS,FAIL,True,True,0,23,harness/runs/batch03__Lang_1__add__lang_1f_add_line173/execution/m01.log,PASS,PASS,PASS,PASS,PASS,PASS,PASS,PASS,PASS,PASS,FAIL,FAIL,FAIL,FAIL,FAIL,FAIL,FAIL,FAIL,FAIL,FAIL,FAIL,FAIL,FAIL,FAIL,FAIL,FAIL,FAIL,FAIL,FAIL,FAIL,FAIL,FAIL,FAIL,PASS,PASS,PASS,PASS,PASS,PASS,PASS,PASS,PASS,PASS,PASS,PASS,PASS,PASS,PASS,PASS,PASS,PASS,PASS,PASS,PASS,PASS,PASS,PASS,PASS,PASS,PASS,PASS,PASS,PASS,PASS,PASS,PASS,PASS,PASS,PASS,PASS,PASS,PASS,PASS,PASS,PASS,PASS,PASS,PASS,PASS,PASS,PASS,PASS,PASS
Lang,Lang_1,batch03__Lang_1__add__lang_1f_add_line173,lang_1f_add__line173,add,m02,,SUCCESS,FAIL,True,True,0,23,harness/runs/batch03__Lang_1__add__lang_1f_add_line173/execution/m02.log,PASS,PASS,PASS,PASS,PASS,PASS,PASS,PASS,PASS,PASS,FAIL,FAIL,FAIL,FAIL,FAIL,FAIL,FAIL,FAIL,FAIL,FAIL,FAIL,FAIL,FAIL,FAIL,FAIL,FAIL,FAIL,FAIL,FAIL,FAIL,FAIL,FAIL,FAIL,PASS,PASS,PASS,PASS,PASS,PASS,PASS,PASS,PASS,PASS,PASS,PASS,PASS,PASS,PASS,PASS,PASS,PASS,PASS,PASS,PASS,PASS,PASS,PASS,PASS,PASS,PASS,PASS,PASS,PASS,PASS,PASS,PASS,PASS,PASS,PASS,PASS,PASS,PASS,PASS,PASS,PASS,PASS,PASS,PASS,PASS,PASS,PASS,PASS,PASS
Lang,Lang_1,batch03__Lang_1__add__lang_1f_add_line173,lang_1f_add__line173,add,m03,,SUCCESS,FAIL,True,True,0,6,harness/runs/batch03__Lang_1__add__lang_1f_add_line173/execution/m03.log,PASS,PASS,PASS,PASS,PASS,PASS,PASS,PASS,PASS,PASS,PASS,FAIL,FAIL,PASS,FAIL,FAIL,FAIL,FAIL,PASS,PASS,PASS,PASS,PASS,PASS,PASS,PASS,PASS,PASS,PASS,PASS,PASS,PASS,PASS,PASS,PASS,PASS,PASS,PASS,PASS,PASS,PASS,PASS,PASS,PASS,PASS,PASS,PASS,PASS,PASS,PASS,PASS,PASS,PASS,PASS,PASS,PASS,PASS,PASS,PASS,PASS,PASS,PASS,PASS,PASS,PASS,PASS,PASS,PASS,PASS,PASS,PASS,PASS,PASS,PASS,PASS,PASS,PASS,PASS,PASS,PASS,PASS,PASS,PASS
Lang,Lang_1,batch03__Lang_1__add__lang_1f_add_line173,lang_1f_add__line173,add,m04,,SUCCESS,FAIL,True,True,0,17,harness/runs/batch03__Lang_1__add__lang_1f_add_line173/execution/m04.log,PASS,PASS,PASS,PASS,PASS,PASS,PASS,PASS,PASS,PASS,FAIL,PASS,FAIL,FAIL,PASS,FAIL,FAIL,FAIL,PASS,FAIL,PASS,PASS,FAIL,PASS,FAIL,FAIL,FAIL,FAIL,FAIL,FAIL,FAIL,FAIL,FAIL,PASS,PASS,PASS,PASS,PASS,PASS,PASS,PASS,PASS,PASS,PASS,PASS,PASS,PASS,PASS,PASS,PASS,PASS,PASS,PASS,PASS,PASS,PASS,PASS,PASS,PASS,PASS,PASS,PASS,PASS,PASS,PASS,PASS,PASS,PASS,PASS,PASS,PASS,PASS,PASS,PASS,PASS,PASS,PASS,PASS,PASS,PASS,PASS,PASS,PASS
Lang,Lang_1,batch03__Lang_1__add__lang_1f_add_line173,lang_1f_add__line173,add,m05,,SUCCESS,FAIL,True,True,0,4,harness/runs/batch03__Lang_1__add__lang_1f_add_line173/execution/m05.log,PASS,PASS,PASS,PASS,PASS,PASS,PASS,PASS,PASS,PASS,PASS,FAIL,PASS,PASS,FAIL,FAIL,PASS,PASS,PASS,PASS,PASS,PASS,PASS,PASS,PASS,PASS,PASS,PASS,PASS,PASS,PASS,FAIL,PASS,PASS,PASS,PASS,PASS,PASS,PASS,PASS,PASS,PASS,PASS,PASS,PASS,PASS,PASS,PASS,PASS,PASS,PASS,PASS,PASS,PASS,PASS,PASS,PASS,PASS,PASS,PASS,PASS,PASS,PASS,PASS,PASS,PASS,PASS,PASS,PASS,PASS,PASS,PASS,PASS,PASS,PASS,PASS,PASS,PASS,PASS,PASS,PASS,PASS,PASS
Lang,Lang_1,batch03__Lang_1__add__lang_1f_add_line173,lang_1f_add__line173,add,m06,,SUCCESS,FAIL,True,True,0,15,harness/runs/batch03__Lang_1__add__lang_1f_add_line173/execution/m06.log,PASS,PASS,PASS,PASS,PASS,PASS,PASS,PASS,PASS,PASS,FAIL,FAIL,FAIL,FAIL,FAIL,FAIL,FAIL,PASS,PASS,PASS,PASS,PASS,PASS,PASS,FAIL,PASS,FAIL,FAIL,FAIL,FAIL,FAIL,FAIL,FAIL,PASS,PASS,PASS,PASS,PASS,PASS,PASS,PASS,PASS,PASS,PASS,PASS,PASS,PASS,PASS,PASS,PASS,PASS,PASS,PASS,PASS,PASS,PASS,PASS,PASS,PASS,PASS,PASS,PASS,PASS,PASS,PASS,PASS,PASS,PASS,PASS,PASS,PASS,PASS,PASS,PASS,PASS,PASS,PASS,PASS,PASS,PASS,PASS,PASS,PASS
Lang,Lang_1,batch03__Lang_1__add__lang_1f_add_line173,lang_1f_add__line173,add,m07,,SUCCESS,FAIL,True,True,0,23,harness/runs/batch03__Lang_1__add__lang_1f_add_line173/execution/m07.log,PASS,PASS,PASS,PASS,PASS,PASS,PASS,PASS,PASS,PASS,FAIL,FAIL,FAIL,FAIL,FAIL,FAIL,FAIL,FAIL,FAIL,FAIL,FAIL,FAIL,FAIL,FAIL,FAIL,FAIL,FAIL,FAIL,FAIL,FAIL,FAIL,FAIL,FAIL,PASS,PASS,PASS,PASS,PASS,PASS,PASS,PASS,PASS,PASS,PASS,PASS,PASS,PASS,PASS,PASS,PASS,PASS,PASS,PASS,PASS,PASS,PASS,PASS,PASS,PASS,PASS,PASS,PASS,PASS,PASS,PASS,PASS,PASS,PASS,PASS,PASS,PASS,PASS,PASS,PASS,PASS,PASS,PASS,PASS,PASS,PASS,PASS,PASS,PASS
Lang,Lang_1,batch03__Lang_1__add__lang_1f_add_line173,lang_1f_add__line173,add,m08,,SUCCESS,FAIL,True,True,0,3,harness/runs/batch03__Lang_1__add__lang_1f_add_line173/execution/m08.log,PASS,PASS,PASS,PASS,PASS,PASS,PASS,PASS,PASS,PASS,PASS,FAIL,FAIL,PASS,FAIL,PASS,PASS,PASS,PASS,PASS,PASS,PASS,PASS,PASS,PASS,PASS,PASS,PASS,PASS,PASS,PASS,PASS,PASS,PASS,PASS,PASS,PASS,PASS,PASS,PASS,PASS,PASS,PASS,PASS,PASS,PASS,PASS,PASS,PASS,PASS,PASS,PASS,PASS,PASS,PASS,PASS,PASS,PASS,PASS,PASS,PASS,PASS,PASS,PASS,PASS,PASS,PASS,PASS,PASS,PASS,PASS,PASS,PASS,PASS,PASS,PASS,PASS,PASS,PASS,PASS,PASS,PASS,PASS
Lang,Lang_1,batch03__Lang_1__append__lang_1f_append_line821,lang_1f_append__line821,append,m01,,SUCCESS,FAIL,True,True,0,18,harness/runs/batch03__Lang_1__append__lang_1f_append_line821/execution/m01.log,PASS,PASS,PASS,PASS,PASS,PASS,FAIL,PASS,PASS,PASS,PASS,PASS,PASS,PASS,PASS,PASS,PASS,PASS,PASS,PASS,PASS,PASS,PASS,PASS,PASS,PASS,PASS,PASS,PASS,PASS,PASS,PASS,PASS,PASS,PASS,PASS,PASS,PASS,PASS,PASS,PASS,PASS,PASS,PASS,PASS,PASS,PASS,PASS,PASS,PASS,PASS,PASS,PASS,PASS,PASS,FAIL,FAIL,FAIL,FAIL,FAIL,FAIL,FAIL,FAIL,FAIL,FAIL,FAIL,FAIL,FAIL,FAIL,FAIL,PASS,FAIL,FAIL,PASS,PASS,PASS,PASS,PASS,PASS,PASS,PASS,PASS,PASS
Lang,Lang_1,batch03__Lang_1__append__lang_1f_append_line821,lang_1f_append__line821,append,m02,,SUCCESS,PASS,False,True,0,0,harness/runs/batch03__Lang_1__append__lang_1f_append_line821/execution/m02.log,PASS,PASS,PASS,PASS,PASS,PASS,PASS,PASS,PASS,PASS,PASS,PASS,PASS,PASS,PASS,PASS,PASS,PASS,PASS,PASS,PASS,PASS,PASS,PASS,PASS,PASS,PASS,PASS,PASS,PASS,PASS,PASS,PASS,PASS,PASS,PASS,PASS,PASS,PASS,PASS,PASS,PASS,PASS,PASS,PASS,PASS,PASS,PASS,PASS,PASS,PASS,PASS,PASS,PASS,PASS,PASS,PASS,PASS,PASS,PASS,PASS,PASS,PASS,PASS,PASS,PASS,PASS,PASS,PASS,PASS,PASS,PASS,PASS,PASS,PASS,PASS,PASS,PASS,PASS,PASS,PASS,PASS,PASS
Lang,Lang_1,batch03__Lang_1__append__lang_1f_append_line821,lang_1f_append__line821,append,m03,,SUCCESS,FAIL,True,True,0,10,harness/runs/batch03__Lang_1__append__lang_1f_append_line821/execution/m03.log,PASS,PASS,PASS,PASS,PASS,PASS,FAIL,PASS,PASS,PASS,PASS,PASS,PASS,PASS,PASS,PASS,PASS,PASS,PASS,PASS,PASS,PASS,PASS,PASS,PASS,PASS,PASS,PASS,PASS,PASS,PASS,PASS,PASS,PASS,PASS,PASS,PASS,PASS,PASS,PASS,PASS,PASS,PASS,PASS,PASS,PASS,PASS,PASS,PASS,PASS,PASS,PASS,PASS,PASS,PASS,FAIL,FAIL,FAIL,FAIL,FAIL,FAIL,FAIL,PASS,PASS,PASS,FAIL,PASS,PASS,PASS,PASS,PASS,FAIL,PASS,PASS,PASS,PASS,PASS,PASS,PASS,PASS,PASS,PASS,PASS
Lang,Lang_1,batch03__Lang_1__append__lang_1f_append_line821,lang_1f_append__line821,append,m04,,SUCCESS,PASS,False,True,0,0,harness/runs/batch03__Lang_1__append__lang_1f_append_line821/execution/m04.log,PASS,PASS,PASS,PASS,PASS,PASS,PASS,PASS,PASS,PASS,PASS,PASS,PASS,PASS,PASS,PASS,PASS,PASS,PASS,PASS,PASS,PASS,PASS,PASS,PASS,PASS,PASS,PASS,PASS,PASS,PASS,PASS,PASS,PASS,PASS,PASS,PASS,PASS,PASS,PASS,PASS,PASS,PASS,PASS,PASS,PASS,PASS,PASS,PASS,PASS,PASS,PASS,PASS,PASS,PASS,PASS,PASS,PASS,PASS,PASS,PASS,PASS,PASS,PASS,PASS,PASS,PASS,PASS,PASS,PASS,PASS,PASS,PASS,PASS,PASS,PASS,PASS,PASS,PASS,PASS,PASS,PASS,PASS
Lang,Lang_1,batch03__Lang_1__append__lang_1f_append_line821,lang_1f_append__line821,append,m05,,SUCCESS,FAIL,True,True,0,8,harness/runs/batch03__Lang_1__append__lang_1f_append_line821/execution/m05.log,PASS,PASS,PASS,PASS,PASS,PASS,PASS,PASS,PASS,PASS,PASS,PASS,PASS,PASS,PASS,PASS,PASS,PASS,PASS,PASS,PASS,PASS,PASS,PASS,PASS,PASS,PASS,PASS,PASS,PASS,PASS,PASS,PASS,PASS,PASS,PASS,PASS,PASS,PASS,PASS,PASS,PASS,PASS,PASS,PASS,PASS,PASS,PASS,PASS,PASS,PASS,PASS,PASS,PASS,PASS,PASS,PASS,PASS,PASS,PASS,PASS,PASS,PASS,FAIL,FAIL,FAIL,FAIL,FAIL,FAIL,FAIL,PASS,PASS,FAIL,PASS,PASS,PASS,PASS,PASS,PASS,PASS,PASS,PASS,PASS
Lang,Lang_1,batch03__Lang_1__append__lang_1f_append_line821,lang_1f_append__line821,append,m06,,SUCCESS,FAIL,True,True,0,8,harness/runs/batch03__Lang_1__append__lang_1f_append_line821/execution/m06.log,PASS,PASS,PASS,PASS,PASS,PASS,PASS,PASS,PASS,PASS,PASS,PASS,PASS,PASS,PASS,PASS,PASS,PASS,PASS,PASS,PASS,PASS,PASS,PASS,PASS,PASS,PASS,PASS,PASS,PASS,PASS,PASS,PASS,PASS,PASS,PASS,PASS,PASS,PASS,PASS,PASS,PASS,PASS,PASS,PASS,PASS,PASS,PASS,PASS,PASS,PASS,PASS,PASS,PASS,PASS,PASS,PASS,PASS,PASS,PASS,PASS,PASS,PASS,FAIL,FAIL,FAIL,FAIL,FAIL,FAIL,FAIL,PASS,PASS,FAIL,PASS,PASS,PASS,PASS,PASS,PASS,PASS,PASS,PASS,PASS
Lang,Lang_1,batch03__Lang_1__append__lang_1f_append_line821,lang_1f_append__line821,append,m07,,SUCCESS,FAIL,True,True,0,5,harness/runs/batch03__Lang_1__append__lang_1f_append_line821/execution/m07.log,PASS,PASS,PASS,PASS,PASS,PASS,PASS,PASS,PASS,PASS,PASS,PASS,PASS,PASS,PASS,PASS,PASS,PASS,PASS,PASS,PASS,PASS,PASS,PASS,PASS,PASS,PASS,PASS,PASS,PASS,PASS,PASS,PASS,PASS,PASS,PASS,PASS,PASS,PASS,PASS,PASS,PASS,PASS,PASS,PASS,PASS,PASS,PASS,PASS,PASS,PASS,PASS,PASS,PASS,PASS,PASS,FAIL,PASS,PASS,PASS,PASS,PASS,PASS,FAIL,FAIL,FAIL,FAIL,PASS,PASS,PASS,PASS,PASS,PASS,PASS,PASS,PASS,PASS,PASS,PASS,PASS,PASS,PASS,PASS
Lang,Lang_1,batch03__Lang_1__arrayMemberEquals__lang_1f_arrayMemberEquals_line287,lang_1f_arrayMemberEquals__line287,arrayMemberEquals,m01,,FAIL,NOT_RUN,False,False,0,0,harness/runs/batch03__Lang_1__arrayMemberEquals__lang_1f_arrayMemberEquals_line287/execution/m01.log,BUILD_FAIL,BUILD_FAIL,BUILD_FAIL,BUILD_FAIL,BUILD_FAIL,BUILD_FAIL,BUILD_FAIL,BUILD_FAIL,BUILD_FAIL,BUILD_FAIL,BUILD_FAIL,BUILD_FAIL,BUILD_FAIL,BUILD_FAIL,BUILD_FAIL,BUILD_FAIL,BUILD_FAIL,BUILD_FAIL,BUILD_FAIL,BUILD_FAIL,BUILD_FAIL,BUILD_FAIL,BUILD_FAIL,BUILD_FAIL,BUILD_FAIL,BUILD_FAIL,BUILD_FAIL,BUILD_FAIL,BUILD_FAIL,BUILD_FAIL,BUILD_FAIL,BUILD_FAIL,BUILD_FAIL,BUILD_FAIL,BUILD_FAIL,BUILD_FAIL,BUILD_FAIL,BUILD_FAIL,BUILD_FAIL,BUILD_FAIL,BUILD_FAIL,BUILD_FAIL,BUILD_FAIL,BUILD_FAIL,BUILD_FAIL,BUILD_FAIL,BUILD_FAIL,BUILD_FAIL,BUILD_FAIL,BUILD_FAIL,BUILD_FAIL,BUILD_FAIL,BUILD_FAIL,BUILD_FAIL,BUILD_FAIL,BUILD_FAIL,BUILD_FAIL,BUILD_FAIL,BUILD_FAIL,BUILD_FAIL,BUILD_FAIL,BUILD_FAIL,BUILD_FAIL,BUILD_FAIL,BUILD_FAIL,BUILD_FAIL,BUILD_FAIL,BUILD_FAIL,BUILD_FAIL,BUILD_FAIL,BUILD_FAIL,BUILD_FAIL,BUILD_FAIL,BUILD_FAIL,BUILD_FAIL,BUILD_FAIL,BUILD_FAIL,BUILD_FAIL,BUILD_FAIL,BUILD_FAIL,BUILD_FAIL,BUILD_FAIL,BUILD_FAIL
Lang,Lang_1,batch03__Lang_1__arrayMemberEquals__lang_1f_arrayMemberEquals_line287,lang_1f_arrayMemberEquals__line287,arrayMemberEquals,m02,,FAIL,NOT_RUN,False,False,0,0,harness/runs/batch03__Lang_1__arrayMemberEquals__lang_1f_arrayMemberEquals_line287/execution/m02.log,BUILD_FAIL,BUILD_FAIL,BUILD_FAIL,BUILD_FAIL,BUILD_FAIL,BUILD_FAIL,BUILD_FAIL,BUILD_FAIL,BUILD_FAIL,BUILD_FAIL,BUILD_FAIL,BUILD_FAIL,BUILD_FAIL,BUILD_FAIL,BUILD_FAIL,BUILD_FAIL,BUILD_FAIL,BUILD_FAIL,BUILD_FAIL,BUILD_FAIL,BUILD_FAIL,BUILD_FAIL,BUILD_FAIL,BUILD_FAIL,BUILD_FAIL,BUILD_FAIL,BUILD_FAIL,BUILD_FAIL,BUILD_FAIL,BUILD_FAIL,BUILD_FAIL,BUILD_FAIL,BUILD_FAIL,BUILD_FAIL,BUILD_FAIL,BUILD_FAIL,BUILD_FAIL,BUILD_FAIL,BUILD_FAIL,BUILD_FAIL,BUILD_FAIL,BUILD_FAIL,BUILD_FAIL,BUILD_FAIL,BUILD_FAIL,BUILD_FAIL,BUILD_FAIL,BUILD_FAIL,BUILD_FAIL,BUILD_FAIL,BUILD_FAIL,BUILD_FAIL,BUILD_FAIL,BUILD_FAIL,BUILD_FAIL,BUILD_FAIL,BUILD_FAIL,BUILD_FAIL,BUILD_FAIL,BUILD_FAIL,BUILD_FAIL,BUILD_FAIL,BUILD_FAIL,BUILD_FAIL,BUILD_FAIL,BUILD_FAIL,BUILD_FAIL,BUILD_FAIL,BUILD_FAIL,BUILD_FAIL,BUILD_FAIL,BUILD_FAIL,BUILD_FAIL,BUILD_FAIL,BUILD_FAIL,BUILD_FAIL,BUILD_FAIL,BUILD_FAIL,BUILD_FAIL,BUILD_FAIL,BUILD_FAIL,BUILD_FAIL,BUILD_FAIL
Lang,Lang_1,batch03__Lang_1__arrayMemberEquals__lang_1f_arrayMemberEquals_line287,lang_1f_arrayMemberEquals__line287,arrayMemberEquals,m03,,SUCCESS,FAIL,True,True,0,2,harness/runs/batch03__Lang_1__arrayMemberEquals__lang_1f_arrayMemberEquals_line287/execution/m03.log,PASS,PASS,FAIL,PASS,FAIL,PASS,PASS,PASS,PASS,PASS,PASS,PASS,PASS,PASS,PASS,PASS,PASS,PASS,PASS,PASS,PASS,PASS,PASS,PASS,PASS,PASS,PASS,PASS,PASS,PASS,PASS,PASS,PASS,PASS,PASS,PASS,PASS,PASS,PASS,PASS,PASS,PASS,PASS,PASS,PASS,PASS,PASS,PASS,PASS,PASS,PASS,PASS,PASS,PASS,PASS,PASS,PASS,PASS,PASS,PASS,PASS,PASS,PASS,PASS,PASS,PASS,PASS,PASS,PASS,PASS,PASS,PASS,PASS,PASS,PASS,PASS,PASS,PASS,PASS,PASS,PASS,PASS,PASS
Lang,Lang_1,batch03__Lang_1__arrayMemberEquals__lang_1f_arrayMemberEquals_line287,lang_1f_arrayMemberEquals__line287,arrayMemberEquals,m04,,SUCCESS,FAIL,True,True,0,1,harness/runs/batch03__Lang_1__arrayMemberEquals__lang_1f_arrayMemberEquals_line287/execution/m04.log,PASS,PASS,FAIL,PASS,PASS,PASS,PASS,PASS,PASS,PASS,PASS,PASS,PASS,PASS,PASS,PASS,PASS,PASS,PASS,PASS,PASS,PASS,PASS,PASS,PASS,PASS,PASS,PASS,PASS,PASS,PASS,PASS,PASS,PASS,PASS,PASS,PASS,PASS,PASS,PASS,PASS,PASS,PASS,PASS,PASS,PASS,PASS,PASS,PASS,PASS,PASS,PASS,PASS,PASS,PASS,PASS,PASS,PASS,PASS,PASS,PASS,PASS,PASS,PASS,PASS,PASS,PASS,PASS,PASS,PASS,PASS,PASS,PASS,PASS,PASS,PASS,PASS,PASS,PASS,PASS,PASS,PASS,PASS
Lang,Lang_1,batch03__Lang_1__arrayMemberEquals__lang_1f_arrayMemberEquals_line287,lang_1f_arrayMemberEquals__line287,arrayMemberEquals,m05,,SUCCESS,FAIL,True,True,0,2,harness/runs/batch03__Lang_1__arrayMemberEquals__lang_1f_arrayMemberEquals_line287/execution/m05.log,PASS,PASS,FAIL,PASS,FAIL,PASS,PASS,PASS,PASS,PASS,PASS,PASS,PASS,PASS,PASS,PASS,PASS,PASS,PASS,PASS,PASS,PASS,PASS,PASS,PASS,PASS,PASS,PASS,PASS,PASS,PASS,PASS,PASS,PASS,PASS,PASS,PASS,PASS,PASS,PASS,PASS,PASS,PASS,PASS,PASS,PASS,PASS,PASS,PASS,PASS,PASS,PASS,PASS,PASS,PASS,PASS,PASS,PASS,PASS,PASS,PASS,PASS,PASS,PASS,PASS,PASS,PASS,PASS,PASS,PASS,PASS,PASS,PASS,PASS,PASS,PASS,PASS,PASS,PASS,PASS,PASS,PASS,PASS
Lang,Lang_1,batch03__Lang_1__arrayMemberEquals__lang_1f_arrayMemberEquals_line287,lang_1f_arrayMemberEquals__line287,arrayMemberEquals,m06,,SUCCESS,FAIL,True,True,0,1,harness/runs/batch03__Lang_1__arrayMemberEquals__lang_1f_arrayMemberEquals_line287/execution/m06.log,PASS,PASS,FAIL,PASS,PASS,PASS,PASS,PASS,PASS,PASS,PASS,PASS,PASS,PASS,PASS,PASS,PASS,PASS,PASS,PASS,PASS,PASS,PASS,PASS,PASS,PASS,PASS,PASS,PASS,PASS,PASS,PASS,PASS,PASS,PASS,PASS,PASS,PASS,PASS,PASS,PASS,PASS,PASS,PASS,PASS,PASS,PASS,PASS,PASS,PASS,PASS,PASS,PASS,PASS,PASS,PASS,PASS,PASS,PASS,PASS,PASS,PASS,PASS,PASS,PASS,PASS,PASS,PASS,PASS,PASS,PASS,PASS,PASS,PASS,PASS,PASS,PASS,PASS,PASS,PASS,PASS,PASS,PASS
Lang,Lang_1,batch03__Lang_1__arrayMemberEquals__lang_1f_arrayMemberEquals_line287,lang_1f_arrayMemberEquals__line287,arrayMemberEquals,m07,,SUCCESS,FAIL,True,True,0,1,harness/runs/batch03__Lang_1__arrayMemberEquals__lang_1f_arrayMemberEquals_line287/execution/m07.log,PASS,PASS,FAIL,PASS,PASS,PASS,PASS,PASS,PASS,PASS,PASS,PASS,PASS,PASS,PASS,PASS,PASS,PASS,PASS,PASS,PASS,PASS,PASS,PASS,PASS,PASS,PASS,PASS,PASS,PASS,PASS,PASS,PASS,PASS,PASS,PASS,PASS,PASS,PASS,PASS,PASS,PASS,PASS,PASS,PASS,PASS,PASS,PASS,PASS,PASS,PASS,PASS,PASS,PASS,PASS,PASS,PASS,PASS,PASS,PASS,PASS,PASS,PASS,PASS,PASS,PASS,PASS,PASS,PASS,PASS,PASS,PASS,PASS,PASS,PASS,PASS,PASS,PASS,PASS,PASS,PASS,PASS,PASS
Lang,Lang_1,batch03__Lang_1__arrayMemberEquals__lang_1f_arrayMemberEquals_line287,lang_1f_arrayMemberEquals__line287,arrayMemberEquals,m08,,SUCCESS,FAIL,True,True,0,1,harness/runs/batch03__Lang_1__arrayMemberEquals__lang_1f_arrayMemberEquals_line287/execution/m08.log,PASS,PASS,FAIL,PASS,PASS,PASS,PASS,PASS,PASS,PASS,PASS,PASS,PASS,PASS,PASS,PASS,PASS,PASS,PASS,PASS,PASS,PASS,PASS,PASS,PASS,PASS,PASS,PASS,PASS,PASS,PASS,PASS,PASS,PASS,PASS,PASS,PASS,PASS,PASS,PASS,PASS,PASS,PASS,PASS,PASS,PASS,PASS,PASS,PASS,PASS,PASS,PASS,PASS,PASS,PASS,PASS,PASS,PASS,PASS,PASS,PASS,PASS,PASS,PASS,PASS,PASS,PASS,PASS,PASS,PASS,PASS,PASS,PASS,PASS,PASS,PASS,PASS,PASS,PASS,PASS,PASS,PASS,PASS
Lang,Lang_1,batch03__Lang_1__containsAny__lang_1f_containsAny_line1515,lang_1f_containsAny__line1515,containsAny,m01,,SUCCESS,FAIL,True,True,0,8,harness/runs/batch03__Lang_1__containsAny__lang_1f_containsAny_line1515/execution/m01.log,PASS,PASS,PASS,PASS,PASS,PASS,PASS,PASS,PASS,PASS,PASS,PASS,PASS,PASS,PASS,PASS,PASS,PASS,PASS,PASS,PASS,PASS,PASS,PASS,PASS,PASS,PASS,PASS,PASS,PASS,PASS,PASS,PASS,PASS,PASS,PASS,FAIL,FAIL,FAIL,FAIL,FAIL,FAIL,FAIL,FAIL,PASS,PASS,PASS,PASS,PASS,PASS,PASS,PASS,PASS,PASS,PASS,PASS,PASS,PASS,PASS,PASS,PASS,PASS,PASS,PASS,PASS,PASS,PASS,PASS,PASS,PASS,PASS,PASS,PASS,PASS,PASS,PASS,PASS,PASS,PASS,PASS,PASS,PASS,PASS
Lang,Lang_1,batch03__Lang_1__containsAny__lang_1f_containsAny_line1515,lang_1f_containsAny__line1515,containsAny,m02,,SUCCESS,FAIL,True,True,0,8,harness/runs/batch03__Lang_1__containsAny__lang_1f_containsAny_line1515/execution/m02.log,PASS,PASS,PASS,PASS,PASS,PASS,PASS,PASS,PASS,PASS,PASS,PASS,PASS,PASS,PASS,PASS,PASS,PASS,PASS,PASS,PASS,PASS,PASS,PASS,PASS,PASS,PASS,PASS,PASS,PASS,PASS,PASS,PASS,PASS,PASS,PASS,FAIL,FAIL,FAIL,FAIL,FAIL,FAIL,FAIL,FAIL,PASS,PASS,PASS,PASS,PASS,PASS,PASS,PASS,PASS,PASS,PASS,PASS,PASS,PASS,PASS,PASS,PASS,PASS,PASS,PASS,PASS,PASS,PASS,PASS,PASS,PASS,PASS,PASS,PASS,PASS,PASS,PASS,PASS,PASS,PASS,PASS,PASS,PASS,PASS
Lang,Lang_1,batch03__Lang_1__containsAny__lang_1f_containsAny_line1515,lang_1f_containsAny__line1515,containsAny,m03,,SUCCESS,FAIL,True,True,0,2,harness/runs/batch03__Lang_1__containsAny__lang_1f_containsAny_line1515/execution/m03.log,PASS,PASS,PASS,PASS,PASS,PASS,PASS,PASS,PASS,PASS,PASS,PASS,PASS,PASS,PASS,PASS,PASS,PASS,PASS,PASS,PASS,PASS,PASS,PASS,PASS,PASS,PASS,PASS,PASS,PASS,PASS,PASS,PASS,PASS,PASS,PASS,PASS,PASS,PASS,FAIL,PASS,PASS,FAIL,PASS,PASS,PASS,PASS,PASS,PASS,PASS,PASS,PASS,PASS,PASS,PASS,PASS,PASS,PASS,PASS,PASS,PASS,PASS,PASS,PASS,PASS,PASS,PASS,PASS,PASS,PASS,PASS,PASS,PASS,PASS,PASS,PASS,PASS,PASS,PASS,PASS,PASS,PASS,PASS
Lang,Lang_1,batch03__Lang_1__containsAny__lang_1f_containsAny_line1515,lang_1f_containsAny__line1515,containsAny,m04,,SUCCESS,FAIL,True,True,0,2,harness/runs/batch03__Lang_1__containsAny__lang_1f_containsAny_line1515/execution/m04.log,PASS,PASS,PASS,PASS,PASS,PASS,PASS,PASS,PASS,PASS,PASS,PASS,PASS,PASS,PASS,PASS,PASS,PASS,PASS,PASS,PASS,PASS,PASS,PASS,PASS,PASS,PASS,PASS,PASS,PASS,PASS,PASS,PASS,PASS,PASS,PASS,PASS,PASS,PASS,FAIL,PASS,PASS,FAIL,PASS,PASS,PASS,PASS,PASS,PASS,PASS,PASS,PASS,PASS,PASS,PASS,PASS,PASS,PASS,PASS,PASS,PASS,PASS,PASS,PASS,PASS,PASS,PASS,PASS,PASS,PASS,PASS,PASS,PASS,PASS,PASS,PASS,PASS,PASS,PASS,PASS,PASS,PASS,PASS
Lang,Lang_1,batch03__Lang_1__containsAny__lang_1f_containsAny_line1515,lang_1f_containsAny__line1515,containsAny,m05,,SUCCESS,FAIL,True,True,0,2,harness/runs/batch03__Lang_1__containsAny__lang_1f_containsAny_line1515/execution/m05.log,PASS,PASS,PASS,PASS,PASS,PASS,PASS,PASS,PASS,PASS,PASS,PASS,PASS,PASS,PASS,PASS,PASS,PASS,PASS,PASS,PASS,PASS,PASS,PASS,PASS,PASS,PASS,PASS,PASS,PASS,PASS,PASS,PASS,PASS,PASS,PASS,PASS,PASS,PASS,PASS,FAIL,PASS,PASS,FAIL,PASS,PASS,PASS,PASS,PASS,PASS,PASS,PASS,PASS,PASS,PASS,PASS,PASS,PASS,PASS,PASS,PASS,PASS,PASS,PASS,PASS,PASS,PASS,PASS,PASS,PASS,PASS,PASS,PASS,PASS,PASS,PASS,PASS,PASS,PASS,PASS,PASS,PASS,PASS
Lang,Lang_1,batch03__Lang_1__containsAny__lang_1f_containsAny_line1515,lang_1f_containsAny__line1515,containsAny,m06,,SUCCESS,FAIL,True,True,0,5,harness/runs/batch03__Lang_1__containsAny__lang_1f_containsAny_line1515/execution/m06.log,PASS,PASS,PASS,PASS,PASS,PASS,PASS,PASS,PASS,PASS,PASS,PASS,PASS,PASS,PASS,PASS,PASS,PASS,PASS,PASS,PASS,PASS,PASS,PASS,PASS,PASS,PASS,PASS,PASS,PASS,PASS,PASS,PASS,PASS,PASS,PASS,FAIL,FAIL,FAIL,PASS,FAIL,FAIL,PASS,PASS,PASS,PASS,PASS,PASS,PASS,PASS,PASS,PASS,PASS,PASS,PASS,PASS,PASS,PASS,PASS,PASS,PASS,PASS,PASS,PASS,PASS,PASS,PASS,PASS,PASS,PASS,PASS,PASS,PASS,PASS,PASS,PASS,PASS,PASS,PASS,PASS,PASS,PASS,PASS
Lang,Lang_1,batch03__Lang_1__containsAny__lang_1f_containsAny_line1515,lang_1f_containsAny__line1515,containsAny,m07,,SUCCESS,FAIL,True,True,0,8,harness/runs/batch03__Lang_1__containsAny__lang_1f_containsAny_line1515/execution/m07.log,PASS,PASS,PASS,PASS,PASS,PASS,PASS,PASS,PASS,PASS,PASS,PASS,PASS,PASS,PASS,PASS,PASS,PASS,PASS,PASS,PASS,PASS,PASS,PASS,PASS,PASS,PASS,PASS,PASS,PASS,PASS,PASS,PASS,PASS,PASS,PASS,FAIL,FAIL,FAIL,FAIL,FAIL,FAIL,FAIL,FAIL,PASS,PASS,PASS,PASS,PASS,PASS,PASS,PASS,PASS,PASS,PASS,PASS,PASS,PASS,PASS,PASS,PASS,PASS,PASS,PASS,PASS,PASS,PASS,PASS,PASS,PASS,PASS,PASS,PASS,PASS,PASS,PASS,PASS,PASS,PASS,PASS,PASS,PASS,PASS
Lang,Lang_1,batch03__Lang_1__containsNone__lang_1f_containsNone_line1771,lang_1f_containsNone__line1771,containsNone,m01,,SUCCESS,FAIL,True,True,0,8,harness/runs/batch03__Lang_1__containsNone__lang_1f_containsNone_line1771/execution/m01.log,PASS,PASS,PASS,PASS,PASS,PASS,PASS,PASS,PASS,PASS,PASS,PASS,PASS,PASS,PASS,PASS,PASS,PASS,PASS,PASS,PASS,PASS,PASS,PASS,PASS,PASS,PASS,PASS,PASS,PASS,PASS,PASS,PASS,PASS,FAIL,FAIL,PASS,PASS,PASS,PASS,PASS,PASS,PASS,PASS,FAIL,FAIL,FAIL,FAIL,FAIL,FAIL,PASS,PASS,PASS,PASS,PASS,PASS,PASS,PASS,PASS,PASS,PASS,PASS,PASS,PASS,PASS,PASS,PASS,PASS,PASS,PASS,PASS,PASS,PASS,PASS,PASS,PASS,PASS,PASS,PASS,PASS,PASS,PASS,PASS
Lang,Lang_1,batch03__Lang_1__containsNone__lang_1f_containsNone_line1771,lang_1f_containsNone__line1771,containsNone,m02,,SUCCESS,FAIL,True,True,0,4,harness/runs/batch03__Lang_1__containsNone__lang_1f_containsNone_line1771/execution/m02.log,PASS,PASS,PASS,PASS,PASS,PASS,PASS,PASS,PASS,PASS,PASS,PASS,PASS,PASS,PASS,PASS,PASS,PASS,PASS,PASS,PASS,PASS,PASS,PASS,PASS,PASS,PASS,PASS,PASS,PASS,PASS,PASS,PASS,PASS,PASS,PASS,PASS,PASS,PASS,PASS,PASS,PASS,PASS,PASS,FAIL,FAIL,PASS,FAIL,FAIL,PASS,PASS,PASS,PASS,PASS,PASS,PASS,PASS,PASS,PASS,PASS,PASS,PASS,PASS,PASS,PASS,PASS,PASS,PASS,PASS,PASS,PASS,PASS,PASS,PASS,PASS,PASS,PASS,PASS,PASS,PASS,PASS,PASS,PASS
Lang,Lang_1,batch03__Lang_1__containsNone__lang_1f_containsNone_line1771,lang_1f_containsNone__line1771,containsNone,m03,,SUCCESS,FAIL,True,True,0,4,harness/runs/batch03__Lang_1__containsNone__lang_1f_containsNone_line1771/execution/m03.log,PASS,PASS,PASS,PASS,PASS,PASS,PASS,PASS,PASS,PASS,PASS,PASS,PASS,PASS,PASS,PASS,PASS,PASS,PASS,PASS,PASS,PASS,PASS,PASS,PASS,PASS,PASS,PASS,PASS,PASS,PASS,PASS,PASS,PASS,PASS,PASS,PASS,PASS,PASS,PASS,PASS,PASS,PASS,PASS,PASS,FAIL,FAIL,PASS,FAIL,FAIL,PASS,PASS,PASS,PASS,PASS,PASS,PASS,PASS,PASS,PASS,PASS,PASS,PASS,PASS,PASS,PASS,PASS,PASS,PASS,PASS,PASS,PASS,PASS,PASS,PASS,PASS,PASS,PASS,PASS,PASS,PASS,PASS,PASS
Lang,Lang_1,batch03__Lang_1__containsNone__lang_1f_containsNone_line1771,lang_1f_containsNone__line1771,containsNone,m04,,SUCCESS,FAIL,True,True,0,4,harness/runs/batch03__Lang_1__containsNone__lang_1f_containsNone_line1771/execution/m04.log,PASS,PASS,PASS,PASS,PASS,PASS,PASS,PASS,PASS,PASS,PASS,PASS,PASS,PASS,PASS,PASS,PASS,PASS,PASS,PASS,PASS,PASS,PASS,PASS,PASS,PASS,PASS,PASS,PASS,PASS,PASS,PASS,PASS,PASS,PASS,PASS,PASS,PASS,PASS,PASS,PASS,PASS,PASS,PASS,PASS,FAIL,FAIL,PASS,FAIL,FAIL,PASS,PASS,PASS,PASS,PASS,PASS,PASS,PASS,PASS,PASS,PASS,PASS,PASS,PASS,PASS,PASS,PASS,PASS,PASS,PASS,PASS,PASS,PASS,PASS,PASS,PASS,PASS,PASS,PASS,PASS,PASS,PASS,PASS
Lang,Lang_1,batch03__Lang_1__containsNone__lang_1f_containsNone_line1771,lang_1f_containsNone__line1771,containsNone,m05,,SUCCESS,FAIL,True,True,0,6,harness/runs/batch03__Lang_1__containsNone__lang_1f_containsNone_line1771/execution/m05.log,PASS,PASS,PASS,PASS,PASS,PASS,PASS,PASS,PASS,PASS,PASS,PASS,PASS,PASS,PASS,PASS,PASS,PASS,PASS,PASS,PASS,PASS,PASS,PASS,PASS,PASS,PASS,PASS,PASS,PASS,PASS,PASS,PASS,PASS,FAIL,FAIL,PASS,PASS,PASS,PASS,PASS,PASS,PASS,PASS,PASS,FAIL,FAIL,PASS,FAIL,FAIL,PASS,PASS,PASS,PASS,PASS,PASS,PASS,PASS,PASS,PASS,PASS,PASS,PASS,PASS,PASS,PASS,PASS,PASS,PASS,PASS,PASS,PASS,PASS,PASS,PASS,PASS,PASS,PASS,PASS,PASS,PASS,PASS,PASS
Lang,Lang_1,batch03__Lang_1__containsNone__lang_1f_containsNone_line1771,lang_1f_containsNone__line1771,containsNone,m06,,SUCCESS,FAIL,True,True,0,4,harness/runs/batch03__Lang_1__containsNone__lang_1f_containsNone_line1771/execution/m06.log,PASS,PASS,PASS,PASS,PASS,PASS,PASS,PASS,PASS,PASS,PASS,PASS,PASS,PASS,PASS,PASS,PASS,PASS,PASS,PASS,PASS,PASS,PASS,PASS,PASS,PASS,PASS,PASS,PASS,PASS,PASS,PASS,PASS,PASS,FAIL,FAIL,PASS,PASS,PASS,PASS,PASS,PASS,PASS,PASS,FAIL,PASS,PASS,FAIL,PASS,PASS,PASS,PASS,PASS,PASS,PASS,PASS,PASS,PASS,PASS,PASS,PASS,PASS,PASS,PASS,PASS,PASS,PASS,PASS,PASS,PASS,PASS,PASS,PASS,PASS,PASS,PASS,PASS,PASS,PASS,PASS,PASS,PASS,PASS
Lang,Lang_1,batch03__Lang_1__containsNone__lang_1f_containsNone_line1771,lang_1f_containsNone__line1771,containsNone,m07,,SUCCESS,FAIL,True,True,0,9,harness/runs/batch03__Lang_1__containsNone__lang_1f_containsNone_line1771/execution/m07.log,PASS,PASS,PASS,PASS,PASS,PASS,PASS,PASS,PASS,PASS,PASS,PASS,PASS,PASS,PASS,PASS,PASS,PASS,PASS,PASS,PASS,PASS,PASS,PASS,PASS,PASS,PASS,PASS,PASS,PASS,PASS,PASS,PASS,PASS,FAIL,FAIL,PASS,PASS,PASS,PASS,PASS,PASS,PASS,PASS,FAIL,FAIL,FAIL,FAIL,FAIL,FAIL,FAIL,PASS,PASS,PASS,PASS,PASS,PASS,PASS,PASS,PASS,PASS,PASS,PASS,PASS,PASS,PASS,PASS,PASS,PASS,PASS,PASS,PASS,PASS,PASS,PASS,PASS,PASS,PASS,PASS,PASS,PASS,PASS,PASS
Lang,Lang_1,batch03__Lang_1__containsNone__lang_1f_containsNone_line1771,lang_1f_containsNone__line1771,containsNone,m08,,SUCCESS,FAIL,True,True,0,9,harness/runs/batch03__Lang_1__containsNone__lang_1f_containsNone_line1771/execution/m08.log,PASS,PASS,PASS,PASS,PASS,PASS,PASS,PASS,PASS,PASS,PASS,PASS,PASS,PASS,PASS,PASS,PASS,PASS,PASS,PASS,PASS,PASS,PASS,PASS,PASS,PASS,PASS,PASS,PASS,PASS,PASS,PASS,PASS,PASS,FAIL,FAIL,PASS,PASS,PASS,PASS,PASS,PASS,PASS,PASS,FAIL,FAIL,FAIL,FAIL,FAIL,FAIL,FAIL,PASS,PASS,PASS,PASS,PASS,PASS,PASS,PASS,PASS,PASS,PASS,PASS,PASS,PASS,PASS,PASS,PASS,PASS,PASS,PASS,PASS,PASS,PASS,PASS,PASS,PASS,PASS,PASS,PASS,PASS,PASS,PASS
Lang,Lang_1,batch03__Lang_1__createBigInteger__lang_1f_createBigInteger_line723,lang_1f_createBigInteger__line723,createBigInteger,m06,,SUCCESS,FAIL,True,True,0,4,harness/runs/batch03__Lang_1__createBigInteger__lang_1f_createBigInteger_line723/execution/m06.log,PASS,PASS,PASS,PASS,PASS,PASS,PASS,PASS,PASS,PASS,PASS,PASS,PASS,PASS,PASS,PASS,PASS,PASS,PASS,PASS,PASS,PASS,PASS,PASS,PASS,PASS,PASS,PASS,PASS,PASS,PASS,PASS,PASS,PASS,PASS,PASS,PASS,PASS,PASS,PASS,PASS,PASS,PASS,PASS,PASS,PASS,PASS,PASS,PASS,PASS,PASS,PASS,PASS,PASS,PASS,PASS,PASS,PASS,PASS,PASS,PASS,PASS,PASS,PASS,PASS,PASS,PASS,PASS,PASS,PASS,PASS,PASS,PASS,PASS,PASS,FAIL,FAIL,FAIL,FAIL,PASS,PASS,PASS,PASS
Lang,Lang_1,batch03__Lang_1__equals__lang_1f_equals_line122,lang_1f_equals__line122,equals,m02,,FAIL,NOT_RUN,False,False,0,0,harness/runs/batch03__Lang_1__equals__lang_1f_equals_line122/execution/m02.log,BUILD_FAIL,BUILD_FAIL,BUILD_FAIL,BUILD_FAIL,BUILD_FAIL,BUILD_FAIL,BUILD_FAIL,BUILD_FAIL,BUILD_FAIL,BUILD_FAIL,BUILD_FAIL,BUILD_FAIL,BUILD_FAIL,BUILD_FAIL,BUILD_FAIL,BUILD_FAIL,BUILD_FAIL,BUILD_FAIL,BUILD_FAIL,BUILD_FAIL,BUILD_FAIL,BUILD_FAIL,BUILD_FAIL,BUILD_FAIL,BUILD_FAIL,BUILD_FAIL,BUILD_FAIL,BUILD_FAIL,BUILD_FAIL,BUILD_FAIL,BUILD_FAIL,BUILD_FAIL,BUILD_FAIL,BUILD_FAIL,BUILD_FAIL,BUILD_FAIL,BUILD_FAIL,BUILD_FAIL,BUILD_FAIL,BUILD_FAIL,BUILD_FAIL,BUILD_FAIL,BUILD_FAIL,BUILD_FAIL,BUILD_FAIL,BUILD_FAIL,BUILD_FAIL,BUILD_FAIL,BUILD_FAIL,BUILD_FAIL,BUILD_FAIL,BUILD_FAIL,BUILD_FAIL,BUILD_FAIL,BUILD_FAIL,BUILD_FAIL,BUILD_FAIL,BUILD_FAIL,BUILD_FAIL,BUILD_FAIL,BUILD_FAIL,BUILD_FAIL,BUILD_FAIL,BUILD_FAIL,BUILD_FAIL,BUILD_FAIL,BUILD_FAIL,BUILD_FAIL,BUILD_FAIL,BUILD_FAIL,BUILD_FAIL,BUILD_FAIL,BUILD_FAIL,BUILD_FAIL,BUILD_FAIL,BUILD_FAIL,BUILD_FAIL,BUILD_FAIL,BUILD_FAIL,BUILD_FAIL,BUILD_FAIL,BUILD_FAIL,BUILD_FAIL
Lang,Lang_1,batch03__Lang_1__equals__lang_1f_equals_line122,lang_1f_equals__line122,equals,m06,,SUCCESS,PASS,False,True,0,0,harness/runs/batch03__Lang_1__equals__lang_1f_equals_line122/execution/m06.log,PASS,PASS,PASS,PASS,PASS,PASS,PASS,PASS,PASS,PASS,PASS,PASS,PASS,PASS,PASS,PASS,PASS,PASS,PASS,PASS,PASS,PASS,PASS,PASS,PASS,PASS,PASS,PASS,PASS,PASS,PASS,PASS,PASS,PASS,PASS,PASS,PASS,PASS,PASS,PASS,PASS,PASS,PASS,PASS,PASS,PASS,PASS,PASS,PASS,PASS,PASS,PASS,PASS,PASS,PASS,PASS,PASS,PASS,PASS,PASS,PASS,PASS,PASS,PASS,PASS,PASS,PASS,PASS,PASS,PASS,PASS,PASS,PASS,PASS,PASS,PASS,PASS,PASS,PASS,PASS,PASS,PASS,PASS
Lang,Lang_1,batch03__Lang_1__equals__lang_1f_equals_line122,lang_1f_equals__line122,equals,m07,,FAIL,NOT_RUN,False,False,0,0,harness/runs/batch03__Lang_1__equals__lang_1f_equals_line122/execution/m07.log,BUILD_FAIL,BUILD_FAIL,BUILD_FAIL,BUILD_FAIL,BUILD_FAIL,BUILD_FAIL,BUILD_FAIL,BUILD_FAIL,BUILD_FAIL,BUILD_FAIL,BUILD_FAIL,BUILD_FAIL,BUILD_FAIL,BUILD_FAIL,BUILD_FAIL,BUILD_FAIL,BUILD_FAIL,BUILD_FAIL,BUILD_FAIL,BUILD_FAIL,BUILD_FAIL,BUILD_FAIL,BUILD_FAIL,BUILD_FAIL,BUILD_FAIL,BUILD_FAIL,BUILD_FAIL,BUILD_FAIL,BUILD_FAIL,BUILD_FAIL,BUILD_FAIL,BUILD_FAIL,BUILD_FAIL,BUILD_FAIL,BUILD_FAIL,BUILD_FAIL,BUILD_FAIL,BUILD_FAIL,BUILD_FAIL,BUILD_FAIL,BUILD_FAIL,BUILD_FAIL,BUILD_FAIL,BUILD_FAIL,BUILD_FAIL,BUILD_FAIL,BUILD_FAIL,BUILD_FAIL,BUILD_FAIL,BUILD_FAIL,BUILD_FAIL,BUILD_FAIL,BUILD_FAIL,BUILD_FAIL,BUILD_FAIL,BUILD_FAIL,BUILD_FAIL,BUILD_FAIL,BUILD_FAIL,BUILD_FAIL,BUILD_FAIL,BUILD_FAIL,BUILD_FAIL,BUILD_FAIL,BUILD_FAIL,BUILD_FAIL,BUILD_FAIL,BUILD_FAIL,BUILD_FAIL,BUILD_FAIL,BUILD_FAIL,BUILD_FAIL,BUILD_FAIL,BUILD_FAIL,BUILD_FAIL,BUILD_FAIL,BUILD_FAIL,BUILD_FAIL,BUILD_FAIL,BUILD_FAIL,BUILD_FAIL,BUILD_FAIL,BUILD_FAIL
Lang,Lang_1,batch03__Lang_1__equals__lang_1f_equals_line122,lang_1f_equals__line122,equals,m08,,FAIL,NOT_RUN,False,False,0,0,harness/runs/batch03__Lang_1__equals__lang_1f_equals_line122/execution/m08.log,BUILD_FAIL,BUILD_FAIL,BUILD_FAIL,BUILD_FAIL,BUILD_FAIL,BUILD_FAIL,BUILD_FAIL,BUILD_FAIL,BUILD_FAIL,BUILD_FAIL,BUILD_FAIL,BUILD_FAIL,BUILD_FAIL,BUILD_FAIL,BUILD_FAIL,BUILD_FAIL,BUILD_FAIL,BUILD_FAIL,BUILD_FAIL,BUILD_FAIL,BUILD_FAIL,BUILD_FAIL,BUILD_FAIL,BUILD_FAIL,BUILD_FAIL,BUILD_FAIL,BUILD_FAIL,BUILD_FAIL,BUILD_FAIL,BUILD_FAIL,BUILD_FAIL,BUILD_FAIL,BUILD_FAIL,BUILD_FAIL,BUILD_FAIL,BUILD_FAIL,BUILD_FAIL,BUILD_FAIL,BUILD_FAIL,BUILD_FAIL,BUILD_FAIL,BUILD_FAIL,BUILD_FAIL,BUILD_FAIL,BUILD_FAIL,BUILD_FAIL,BUILD_FAIL,BUILD_FAIL,BUILD_FAIL,BUILD_FAIL,BUILD_FAIL,BUILD_FAIL,BUILD_FAIL,BUILD_FAIL,BUILD_FAIL,BUILD_FAIL,BUILD_FAIL,BUILD_FAIL,BUILD_FAIL,BUILD_FAIL,BUILD_FAIL,BUILD_FAIL,BUILD_FAIL,BUILD_FAIL,BUILD_FAIL,BUILD_FAIL,BUILD_FAIL,BUILD_FAIL,BUILD_FAIL,BUILD_FAIL,BUILD_FAIL,BUILD_FAIL,BUILD_FAIL,BUILD_FAIL,BUILD_FAIL,BUILD_FAIL,BUILD_FAIL,BUILD_FAIL,BUILD_FAIL,BUILD_FAIL,BUILD_FAIL,BUILD_FAIL,BUILD_FAIL
Lang,Lang_1,batch03__Lang_1__lastIndexOf__lang_1f_lastIndexOf_line1687,lang_1f_lastIndexOf__line1687,lastIndexOf,m02,,SUCCESS,PASS,False,True,0,0,harness/runs/batch03__Lang_1__lastIndexOf__lang_1f_lastIndexOf_line1687/execution/m02.log,PASS,PASS,PASS,PASS,PASS,PASS,PASS,PASS,PASS,PASS,PASS,PASS,PASS,PASS,PASS,PASS,PASS,PASS,PASS,PASS,PASS,PASS,PASS,PASS,PASS,PASS,PASS,PASS,PASS,PASS,PASS,PASS,PASS,PASS,PASS,PASS,PASS,PASS,PASS,PASS,PASS,PASS,PASS,PASS,PASS,PASS,PASS,PASS,PASS,PASS,PASS,PASS,PASS,PASS,PASS,PASS,PASS,PASS,PASS,PASS,PASS,PASS,PASS,PASS,PASS,PASS,PASS,PASS,PASS,PASS,PASS,PASS,PASS,PASS,PASS,PASS,PASS,PASS,PASS,PASS,PASS,PASS,PASS
Lang,Lang_1,batch03__Lang_1__lastIndexOf__lang_1f_lastIndexOf_line1687,lang_1f_lastIndexOf__line1687,lastIndexOf,m03,,SUCCESS,PASS,False,True,0,0,harness/runs/batch03__Lang_1__lastIndexOf__lang_1f_lastIndexOf_line1687/execution/m03.log,PASS,PASS,PASS,PASS,PASS,PASS,PASS,PASS,PASS,PASS,PASS,PASS,PASS,PASS,PASS,PASS,PASS,PASS,PASS,PASS,PASS,PASS,PASS,PASS,PASS,PASS,PASS,PASS,PASS,PASS,PASS,PASS,PASS,PASS,PASS,PASS,PASS,PASS,PASS,PASS,PASS,PASS,PASS,PASS,PASS,PASS,PASS,PASS,PASS,PASS,PASS,PASS,PASS,PASS,PASS,PASS,PASS,PASS,PASS,PASS,PASS,PASS,PASS,PASS,PASS,PASS,PASS,PASS,PASS,PASS,PASS,PASS,PASS,PASS,PASS,PASS,PASS,PASS,PASS,PASS,PASS,PASS,PASS
Lang,Lang_1,batch03__Lang_1__lastIndexOf__lang_1f_lastIndexOf_line1687,lang_1f_lastIndexOf__line1687,lastIndexOf,m04,,SUCCESS,FAIL,True,True,0,2,harness/runs/batch03__Lang_1__lastIndexOf__lang_1f_lastIndexOf_line1687/execution/m04.log,PASS,PASS,PASS,PASS,PASS,PASS,PASS,FAIL,FAIL,PASS,PASS,PASS,PASS,PASS,PASS,PASS,PASS,PASS,PASS,PASS,PASS,PASS,PASS,PASS,PASS,PASS,PASS,PASS,PASS,PASS,PASS,PASS,PASS,PASS,PASS,PASS,PASS,PASS,PASS,PASS,PASS,PASS,PASS,PASS,PASS,PASS,PASS,PASS,PASS,PASS,PASS,PASS,PASS,PASS,PASS,PASS,PASS,PASS,PASS,PASS,PASS,PASS,PASS,PASS,PASS,PASS,PASS,PASS,PASS,PASS,PASS,PASS,PASS,PASS,PASS,PASS,PASS,PASS,PASS,PASS,PASS,PASS,PASS
Lang,Lang_1,batch03__Lang_1__lastIndexOf__lang_1f_lastIndexOf_line1687,lang_1f_lastIndexOf__line1687,lastIndexOf,m05,,SUCCESS,PASS,False,True,0,0,harness/runs/batch03__Lang_1__lastIndexOf__lang_1f_lastIndexOf_line1687/execution/m05.log,PASS,PASS,PASS,PASS,PASS,PASS,PASS,PASS,PASS,PASS,PASS,PASS,PASS,PASS,PASS,PASS,PASS,PASS,PASS,PASS,PASS,PASS,PASS,PASS,PASS,PASS,PASS,PASS,PASS,PASS,PASS,PASS,PASS,PASS,PASS,PASS,PASS,PASS,PASS,PASS,PASS,PASS,PASS,PASS,PASS,PASS,PASS,PASS,PASS,PASS,PASS,PASS,PASS,PASS,PASS,PASS,PASS,PASS,PASS,PASS,PASS,PASS,PASS,PASS,PASS,PASS,PASS,PASS,PASS,PASS,PASS,PASS,PASS,PASS,PASS,PASS,PASS,PASS,PASS,PASS,PASS,PASS,PASS
Lang,Lang_1,batch03__Lang_1__lastIndexOf__lang_1f_lastIndexOf_line1687,lang_1f_lastIndexOf__line1687,lastIndexOf,m06,,SUCCESS,FAIL,True,True,0,2,harness/runs/batch03__Lang_1__lastIndexOf__lang_1f_lastIndexOf_line1687/execution/m06.log,PASS,PASS,PASS,PASS,PASS,PASS,PASS,FAIL,FAIL,PASS,PASS,PASS,PASS,PASS,PASS,PASS,PASS,PASS,PASS,PASS,PASS,PASS,PASS,PASS,PASS,PASS,PASS,PASS,PASS,PASS,PASS,PASS,PASS,PASS,PASS,PASS,PASS,PASS,PASS,PASS,PASS,PASS,PASS,PASS,PASS,PASS,PASS,PASS,PASS,PASS,PASS,PASS,PASS,PASS,PASS,PASS,PASS,PASS,PASS,PASS,PASS,PASS,PASS,PASS,PASS,PASS,PASS,PASS,PASS,PASS,PASS,PASS,PASS,PASS,PASS,PASS,PASS,PASS,PASS,PASS,PASS,PASS,PASS
Lang,Lang_1,batch03__Lang_1__lastIndexOf__lang_1f_lastIndexOf_line1687,lang_1f_lastIndexOf__line1687,lastIndexOf,m07,,SUCCESS,PASS,False,True,0,0,harness/runs/batch03__Lang_1__lastIndexOf__lang_1f_lastIndexOf_line1687/execution/m07.log,PASS,PASS,PASS,PASS,PASS,PASS,PASS,PASS,PASS,PASS,PASS,PASS,PASS,PASS,PASS,PASS,PASS,PASS,PASS,PASS,PASS,PASS,PASS,PASS,PASS,PASS,PASS,PASS,PASS,PASS,PASS,PASS,PASS,PASS,PASS,PASS,PASS,PASS,PASS,PASS,PASS,PASS,PASS,PASS,PASS,PASS,PASS,PASS,PASS,PASS,PASS,PASS,PASS,PASS,PASS,PASS,PASS,PASS,PASS,PASS,PASS,PASS,PASS,PASS,PASS,PASS,PASS,PASS,PASS,PASS,PASS,PASS,PASS,PASS,PASS,PASS,PASS,PASS,PASS,PASS,PASS,PASS,PASS
Lang,Lang_1,batch03__Lang_1__pow__lang_1f_pow_line546,lang_1f_pow__line546,pow,m01,,SUCCESS,FAIL,True,True,0,1,harness/runs/batch03__Lang_1__pow__lang_1f_pow_line546/execution/m01.log,PASS,PASS,PASS,PASS,PASS,PASS,PASS,PASS,PASS,PASS,PASS,PASS,PASS,PASS,PASS,PASS,PASS,PASS,PASS,PASS,PASS,PASS,PASS,PASS,PASS,PASS,PASS,PASS,PASS,PASS,PASS,PASS,PASS,PASS,PASS,PASS,PASS,PASS,PASS,PASS,PASS,PASS,PASS,PASS,PASS,PASS,PASS,PASS,PASS,PASS,PASS,PASS,PASS,PASS,PASS,PASS,PASS,PASS,PASS,PASS,PASS,PASS,PASS,PASS,PASS,PASS,PASS,PASS,PASS,PASS,PASS,PASS,PASS,PASS,FAIL,PASS,PASS,PASS,PASS,PASS,PASS,PASS,PASS
Lang,Lang_1,batch03__Lang_1__pow__lang_1f_pow_line546,lang_1f_pow__line546,pow,m02,,SUCCESS,FAIL,True,True,0,1,harness/runs/batch03__Lang_1__pow__lang_1f_pow_line546/execution/m02.log,PASS,PASS,PASS,PASS,PASS,PASS,PASS,PASS,PASS,PASS,PASS,PASS,PASS,PASS,PASS,PASS,PASS,PASS,PASS,PASS,PASS,PASS,PASS,PASS,PASS,PASS,PASS,PASS,PASS,PASS,PASS,PASS,PASS,PASS,PASS,PASS,PASS,PASS,PASS,PASS,PASS,PASS,PASS,PASS,PASS,PASS,PASS,PASS,PASS,PASS,PASS,PASS,PASS,PASS,PASS,PASS,PASS,PASS,PASS,PASS,PASS,PASS,PASS,PASS,PASS,PASS,PASS,PASS,PASS,PASS,PASS,PASS,PASS,PASS,FAIL,PASS,PASS,PASS,PASS,PASS,PASS,PASS,PASS
Lang,Lang_1,batch03__Lang_1__pow__lang_1f_pow_line546,lang_1f_pow__line546,pow,m03,,SUCCESS,FAIL,True,True,0,1,harness/runs/batch03__Lang_1__pow__lang_1f_pow_line546/execution/m03.log,PASS,PASS,PASS,PASS,PASS,PASS,PASS,PASS,PASS,PASS,PASS,PASS,PASS,PASS,PASS,PASS,PASS,PASS,PASS,PASS,PASS,PASS,PASS,PASS,PASS,PASS,PASS,PASS,PASS,PASS,PASS,PASS,PASS,PASS,PASS,PASS,PASS,PASS,PASS,PASS,PASS,PASS,PASS,PASS,PASS,PASS,PASS,PASS,PASS,PASS,PASS,PASS,PASS,PASS,PASS,PASS,PASS,PASS,PASS,PASS,PASS,PASS,PASS,PASS,PASS,PASS,PASS,PASS,PASS,PASS,PASS,PASS,PASS,PASS,FAIL,PASS,PASS,PASS,PASS,PASS,PASS,PASS,PASS
Lang,Lang_1,batch03__Lang_1__pow__lang_1f_pow_line546,lang_1f_pow__line546,pow,m04,,FAIL,NOT_RUN,False,False,0,0,harness/runs/batch03__Lang_1__pow__lang_1f_pow_line546/execution/m04.log,BUILD_FAIL,BUILD_FAIL,BUILD_FAIL,BUILD_FAIL,BUILD_FAIL,BUILD_FAIL,BUILD_FAIL,BUILD_FAIL,BUILD_FAIL,BUILD_FAIL,BUILD_FAIL,BUILD_FAIL,BUILD_FAIL,BUILD_FAIL,BUILD_FAIL,BUILD_FAIL,BUILD_FAIL,BUILD_FAIL,BUILD_FAIL,BUILD_FAIL,BUILD_FAIL,BUILD_FAIL,BUILD_FAIL,BUILD_FAIL,BUILD_FAIL,BUILD_FAIL,BUILD_FAIL,BUILD_FAIL,BUILD_FAIL,BUILD_FAIL,BUILD_FAIL,BUILD_FAIL,BUILD_FAIL,BUILD_FAIL,BUILD_FAIL,BUILD_FAIL,BUILD_FAIL,BUILD_FAIL,BUILD_FAIL,BUILD_FAIL,BUILD_FAIL,BUILD_FAIL,BUILD_FAIL,BUILD_FAIL,BUILD_FAIL,BUILD_FAIL,BUILD_FAIL,BUILD_FAIL,BUILD_FAIL,BUILD_FAIL,BUILD_FAIL,BUILD_FAIL,BUILD_FAIL,BUILD_FAIL,BUILD_FAIL,BUILD_FAIL,BUILD_FAIL,BUILD_FAIL,BUILD_FAIL,BUILD_FAIL,BUILD_FAIL,BUILD_FAIL,BUILD_FAIL,BUILD_FAIL,BUILD_FAIL,BUILD_FAIL,BUILD_FAIL,BUILD_FAIL,BUILD_FAIL,BUILD_FAIL,BUILD_FAIL,BUILD_FAIL,BUILD_FAIL,BUILD_FAIL,BUILD_FAIL,BUILD_FAIL,BUILD_FAIL,BUILD_FAIL,BUILD_FAIL,BUILD_FAIL,BUILD_FAIL,BUILD_FAIL,BUILD_FAIL
Lang,Lang_1,batch03__Lang_1__pow__lang_1f_pow_line546,lang_1f_pow__line546,pow,m05,,SUCCESS,FAIL,True,True,0,1,harness/runs/batch03__Lang_1__pow__lang_1f_pow_line546/execution/m05.log,PASS,PASS,PASS,PASS,PASS,PASS,PASS,PASS,PASS,PASS,PASS,PASS,PASS,PASS,PASS,PASS,PASS,PASS,PASS,PASS,PASS,PASS,PASS,PASS,PASS,PASS,PASS,PASS,PASS,PASS,PASS,PASS,PASS,PASS,PASS,PASS,PASS,PASS,PASS,PASS,PASS,PASS,PASS,PASS,PASS,PASS,PASS,PASS,PASS,PASS,PASS,PASS,PASS,PASS,PASS,PASS,PASS,PASS,PASS,PASS,PASS,PASS,PASS,PASS,PASS,PASS,PASS,PASS,PASS,PASS,PASS,PASS,PASS,PASS,FAIL,PASS,PASS,PASS,PASS,PASS,PASS,PASS,PASS
Lang,Lang_1,batch03__Lang_1__pow__lang_1f_pow_line546,lang_1f_pow__line546,pow,m07,,SUCCESS,FAIL,True,True,0,1,harness/runs/batch03__Lang_1__pow__lang_1f_pow_line546/execution/m07.log,PASS,PASS,PASS,PASS,PASS,PASS,PASS,PASS,PASS,PASS,PASS,PASS,PASS,PASS,PASS,PASS,PASS,PASS,PASS,PASS,PASS,PASS,PASS,PASS,PASS,PASS,PASS,PASS,PASS,PASS,PASS,PASS,PASS,PASS,PASS,PASS,PASS,PASS,PASS,PASS,PASS,PASS,PASS,PASS,PASS,PASS,PASS,PASS,PASS,PASS,PASS,PASS,PASS,PASS,PASS,PASS,PASS,PASS,PASS,PASS,PASS,PASS,PASS,PASS,PASS,PASS,PASS,PASS,PASS,PASS,PASS,PASS,PASS,PASS,FAIL,PASS,PASS,PASS,PASS,PASS,PASS,PASS,PASS
Lang,Lang_1,batch03__Lang_1__pow__lang_1f_pow_line546,lang_1f_pow__line546,pow,m08,,SUCCESS,FAIL,True,True,0,1,harness/runs/batch03__Lang_1__pow__lang_1f_pow_line546/execution/m08.log,PASS,PASS,PASS,PASS,PASS,PASS,PASS,PASS,PASS,PASS,PASS,PASS,PASS,PASS,PASS,PASS,PASS,PASS,PASS,PASS,PASS,PASS,PASS,PASS,PASS,PASS,PASS,PASS,PASS,PASS,PASS,PASS,PASS,PASS,PASS,PASS,PASS,PASS,PASS,PASS,PASS,PASS,PASS,PASS,PASS,PASS,PASS,PASS,PASS,PASS,PASS,PASS,PASS,PASS,PASS,PASS,PASS,PASS,PASS,PASS,PASS,PASS,PASS,PASS,PASS,PASS,PASS,PASS,PASS,PASS,PASS,PASS,PASS,PASS,FAIL,PASS,PASS,PASS,PASS,PASS,PASS,PASS,PASS
Lang,Lang_1,batch03__Lang_1__toMap__lang_1f_toMap_line234,lang_1f_toMap__line234,toMap,m02,,FAIL,NOT_RUN,False,False,0,0,harness/runs/batch03__Lang_1__toMap__lang_1f_toMap_line234/execution/m02.log,BUILD_FAIL,BUILD_FAIL,BUILD_FAIL,BUILD_FAIL,BUILD_FAIL,BUILD_FAIL,BUILD_FAIL,BUILD_FAIL,BUILD_FAIL,BUILD_FAIL,BUILD_FAIL,BUILD_FAIL,BUILD_FAIL,BUILD_FAIL,BUILD_FAIL,BUILD_FAIL,BUILD_FAIL,BUILD_FAIL,BUILD_FAIL,BUILD_FAIL,BUILD_FAIL,BUILD_FAIL,BUILD_FAIL,BUILD_FAIL,BUILD_FAIL,BUILD_FAIL,BUILD_FAIL,BUILD_FAIL,BUILD_FAIL,BUILD_FAIL,BUILD_FAIL,BUILD_FAIL,BUILD_FAIL,BUILD_FAIL,BUILD_FAIL,BUILD_FAIL,BUILD_FAIL,BUILD_FAIL,BUILD_FAIL,BUILD_FAIL,BUILD_FAIL,BUILD_FAIL,BUILD_FAIL,BUILD_FAIL,BUILD_FAIL,BUILD_FAIL,BUILD_FAIL,BUILD_FAIL,BUILD_FAIL,BUILD_FAIL,BUILD_FAIL,BUILD_FAIL,BUILD_FAIL,BUILD_FAIL,BUILD_FAIL,BUILD_FAIL,BUILD_FAIL,BUILD_FAIL,BUILD_FAIL,BUILD_FAIL,BUILD_FAIL,BUILD_FAIL,BUILD_FAIL,BUILD_FAIL,BUILD_FAIL,BUILD_FAIL,BUILD_FAIL,BUILD_FAIL,BUILD_FAIL,BUILD_FAIL,BUILD_FAIL,BUILD_FAIL,BUILD_FAIL,BUILD_FAIL,BUILD_FAIL,BUILD_FAIL,BUILD_FAIL,BUILD_FAIL,BUILD_FAIL,BUILD_FAIL,BUILD_FAIL,BUILD_FAIL,BUILD_FAIL
Lang,Lang_1,batch03__Lang_1__toMap__lang_1f_toMap_line234,lang_1f_toMap__line234,toMap,m03,,FAIL,NOT_RUN,False,False,0,0,harness/runs/batch03__Lang_1__toMap__lang_1f_toMap_line234/execution/m03.log,BUILD_FAIL,BUILD_FAIL,BUILD_FAIL,BUILD_FAIL,BUILD_FAIL,BUILD_FAIL,BUILD_FAIL,BUILD_FAIL,BUILD_FAIL,BUILD_FAIL,BUILD_FAIL,BUILD_FAIL,BUILD_FAIL,BUILD_FAIL,BUILD_FAIL,BUILD_FAIL,BUILD_FAIL,BUILD_FAIL,BUILD_FAIL,BUILD_FAIL,BUILD_FAIL,BUILD_FAIL,BUILD_FAIL,BUILD_FAIL,BUILD_FAIL,BUILD_FAIL,BUILD_FAIL,BUILD_FAIL,BUILD_FAIL,BUILD_FAIL,BUILD_FAIL,BUILD_FAIL,BUILD_FAIL,BUILD_FAIL,BUILD_FAIL,BUILD_FAIL,BUILD_FAIL,BUILD_FAIL,BUILD_FAIL,BUILD_FAIL,BUILD_FAIL,BUILD_FAIL,BUILD_FAIL,BUILD_FAIL,BUILD_FAIL,BUILD_FAIL,BUILD_FAIL,BUILD_FAIL,BUILD_FAIL,BUILD_FAIL,BUILD_FAIL,BUILD_FAIL,BUILD_FAIL,BUILD_FAIL,BUILD_FAIL,BUILD_FAIL,BUILD_FAIL,BUILD_FAIL,BUILD_FAIL,BUILD_FAIL,BUILD_FAIL,BUILD_FAIL,BUILD_FAIL,BUILD_FAIL,BUILD_FAIL,BUILD_FAIL,BUILD_FAIL,BUILD_FAIL,BUILD_FAIL,BUILD_FAIL,BUILD_FAIL,BUILD_FAIL,BUILD_FAIL,BUILD_FAIL,BUILD_FAIL,BUILD_FAIL,BUILD_FAIL,BUILD_FAIL,BUILD_FAIL,BUILD_FAIL,BUILD_FAIL,BUILD_FAIL,BUILD_FAIL
Lang,Lang_1,batch04__Lang_1__add__lang_1f_add_line173,lang_1f_add__line173,add,m01,,BASELINE_FAIL,BASELINE_FAIL,False,False,0,0,harness/runs/batch04__Lang_1__add__lang_1f_add_line173/execution/m01.log,BASELINE_FAIL,BASELINE_FAIL,BASELINE_FAIL,BASELINE_FAIL,BASELINE_FAIL,BASELINE_FAIL,BASELINE_FAIL,BASELINE_FAIL,BASELINE_FAIL,BASELINE_FAIL,BASELINE_FAIL,BASELINE_FAIL,BASELINE_FAIL,BASELINE_FAIL,BASELINE_FAIL,BASELINE_FAIL,BASELINE_FAIL,BASELINE_FAIL,BASELINE_FAIL,BASELINE_FAIL,BASELINE_FAIL,BASELINE_FAIL,BASELINE_FAIL,BASELINE_FAIL,BASELINE_FAIL,BASELINE_FAIL,BASELINE_FAIL,BASELINE_FAIL,BASELINE_FAIL,BASELINE_FAIL,BASELINE_FAIL,BASELINE_FAIL,BASELINE_FAIL,BASELINE_FAIL,BASELINE_FAIL,BASELINE_FAIL,BASELINE_FAIL,BASELINE_FAIL,BASELINE_FAIL,BASELINE_FAIL,BASELINE_FAIL,BASELINE_FAIL,BASELINE_FAIL,BASELINE_FAIL,BASELINE_FAIL,BASELINE_FAIL,BASELINE_FAIL,BASELINE_FAIL,BASELINE_FAIL,BASELINE_FAIL,BASELINE_FAIL,BASELINE_FAIL,BASELINE_FAIL,BASELINE_FAIL,BASELINE_FAIL,BASELINE_FAIL,BASELINE_FAIL,BASELINE_FAIL,BASELINE_FAIL,BASELINE_FAIL,BASELINE_FAIL,BASELINE_FAIL,BASELINE_FAIL,BASELINE_FAIL,BASELINE_FAIL,BASELINE_FAIL,BASELINE_FAIL,BASELINE_FAIL,BASELINE_FAIL,BASELINE_FAIL,BASELINE_FAIL,BASELINE_FAIL,BASELINE_FAIL,BASELINE_FAIL,BASELINE_FAIL,BASELINE_FAIL,BASELINE_FAIL,BASELINE_FAIL,BASELINE_FAIL,BASELINE_FAIL,BASELINE_FAIL,BASELINE_FAIL,BASELINE_FAIL
Lang,Lang_1,batch04__Lang_1__add__lang_1f_add_line173,lang_1f_add__line173,add,m02,,BASELINE_FAIL,BASELINE_FAIL,False,False,0,0,harness/runs/batch04__Lang_1__add__lang_1f_add_line173/execution/m02.log,BASELINE_FAIL,BASELINE_FAIL,BASELINE_FAIL,BASELINE_FAIL,BASELINE_FAIL,BASELINE_FAIL,BASELINE_FAIL,BASELINE_FAIL,BASELINE_FAIL,BASELINE_FAIL,BASELINE_FAIL,BASELINE_FAIL,BASELINE_FAIL,BASELINE_FAIL,BASELINE_FAIL,BASELINE_FAIL,BASELINE_FAIL,BASELINE_FAIL,BASELINE_FAIL,BASELINE_FAIL,BASELINE_FAIL,BASELINE_FAIL,BASELINE_FAIL,BASELINE_FAIL,BASELINE_FAIL,BASELINE_FAIL,BASELINE_FAIL,BASELINE_FAIL,BASELINE_FAIL,BASELINE_FAIL,BASELINE_FAIL,BASELINE_FAIL,BASELINE_FAIL,BASELINE_FAIL,BASELINE_FAIL,BASELINE_FAIL,BASELINE_FAIL,BASELINE_FAIL,BASELINE_FAIL,BASELINE_FAIL,BASELINE_FAIL,BASELINE_FAIL,BASELINE_FAIL,BASELINE_FAIL,BASELINE_FAIL,BASELINE_FAIL,BASELINE_FAIL,BASELINE_FAIL,BASELINE_FAIL,BASELINE_FAIL,BASELINE_FAIL,BASELINE_FAIL,BASELINE_FAIL,BASELINE_FAIL,BASELINE_FAIL,BASELINE_FAIL,BASELINE_FAIL,BASELINE_FAIL,BASELINE_FAIL,BASELINE_FAIL,BASELINE_FAIL,BASELINE_FAIL,BASELINE_FAIL,BASELINE_FAIL,BASELINE_FAIL,BASELINE_FAIL,BASELINE_FAIL,BASELINE_FAIL,BASELINE_FAIL,BASELINE_FAIL,BASELINE_FAIL,BASELINE_FAIL,BASELINE_FAIL,BASELINE_FAIL,BASELINE_FAIL,BASELINE_FAIL,BASELINE_FAIL,BASELINE_FAIL,BASELINE_FAIL,BASELINE_FAIL,BASELINE_FAIL,BASELINE_FAIL,BASELINE_FAIL
Lang,Lang_1,batch04__Lang_1__add__lang_1f_add_line173,lang_1f_add__line173,add,m03,,BASELINE_FAIL,BASELINE_FAIL,False,False,0,0,harness/runs/batch04__Lang_1__add__lang_1f_add_line173/execution/m03.log,BASELINE_FAIL,BASELINE_FAIL,BASELINE_FAIL,BASELINE_FAIL,BASELINE_FAIL,BASELINE_FAIL,BASELINE_FAIL,BASELINE_FAIL,BASELINE_FAIL,BASELINE_FAIL,BASELINE_FAIL,BASELINE_FAIL,BASELINE_FAIL,BASELINE_FAIL,BASELINE_FAIL,BASELINE_FAIL,BASELINE_FAIL,BASELINE_FAIL,BASELINE_FAIL,BASELINE_FAIL,BASELINE_FAIL,BASELINE_FAIL,BASELINE_FAIL,BASELINE_FAIL,BASELINE_FAIL,BASELINE_FAIL,BASELINE_FAIL,BASELINE_FAIL,BASELINE_FAIL,BASELINE_FAIL,BASELINE_FAIL,BASELINE_FAIL,BASELINE_FAIL,BASELINE_FAIL,BASELINE_FAIL,BASELINE_FAIL,BASELINE_FAIL,BASELINE_FAIL,BASELINE_FAIL,BASELINE_FAIL,BASELINE_FAIL,BASELINE_FAIL,BASELINE_FAIL,BASELINE_FAIL,BASELINE_FAIL,BASELINE_FAIL,BASELINE_FAIL,BASELINE_FAIL,BASELINE_FAIL,BASELINE_FAIL,BASELINE_FAIL,BASELINE_FAIL,BASELINE_FAIL,BASELINE_FAIL,BASELINE_FAIL,BASELINE_FAIL,BASELINE_FAIL,BASELINE_FAIL,BASELINE_FAIL,BASELINE_FAIL,BASELINE_FAIL,BASELINE_FAIL,BASELINE_FAIL,BASELINE_FAIL,BASELINE_FAIL,BASELINE_FAIL,BASELINE_FAIL,BASELINE_FAIL,BASELINE_FAIL,BASELINE_FAIL,BASELINE_FAIL,BASELINE_FAIL,BASELINE_FAIL,BASELINE_FAIL,BASELINE_FAIL,BASELINE_FAIL,BASELINE_FAIL,BASELINE_FAIL,BASELINE_FAIL,BASELINE_FAIL,BASELINE_FAIL,BASELINE_FAIL,BASELINE_FAIL
Lang,Lang_1,batch04__Lang_1__add__lang_1f_add_line173,lang_1f_add__line173,add,m04,,BASELINE_FAIL,BASELINE_FAIL,False,False,0,0,harness/runs/batch04__Lang_1__add__lang_1f_add_line173/execution/m04.log,BASELINE_FAIL,BASELINE_FAIL,BASELINE_FAIL,BASELINE_FAIL,BASELINE_FAIL,BASELINE_FAIL,BASELINE_FAIL,BASELINE_FAIL,BASELINE_FAIL,BASELINE_FAIL,BASELINE_FAIL,BASELINE_FAIL,BASELINE_FAIL,BASELINE_FAIL,BASELINE_FAIL,BASELINE_FAIL,BASELINE_FAIL,BASELINE_FAIL,BASELINE_FAIL,BASELINE_FAIL,BASELINE_FAIL,BASELINE_FAIL,BASELINE_FAIL,BASELINE_FAIL,BASELINE_FAIL,BASELINE_FAIL,BASELINE_FAIL,BASELINE_FAIL,BASELINE_FAIL,BASELINE_FAIL,BASELINE_FAIL,BASELINE_FAIL,BASELINE_FAIL,BASELINE_FAIL,BASELINE_FAIL,BASELINE_FAIL,BASELINE_FAIL,BASELINE_FAIL,BASELINE_FAIL,BASELINE_FAIL,BASELINE_FAIL,BASELINE_FAIL,BASELINE_FAIL,BASELINE_FAIL,BASELINE_FAIL,BASELINE_FAIL,BASELINE_FAIL,BASELINE_FAIL,BASELINE_FAIL,BASELINE_FAIL,BASELINE_FAIL,BASELINE_FAIL,BASELINE_FAIL,BASELINE_FAIL,BASELINE_FAIL,BASELINE_FAIL,BASELINE_FAIL,BASELINE_FAIL,BASELINE_FAIL,BASELINE_FAIL,BASELINE_FAIL,BASELINE_FAIL,BASELINE_FAIL,BASELINE_FAIL,BASELINE_FAIL,BASELINE_FAIL,BASELINE_FAIL,BASELINE_FAIL,BASELINE_FAIL,BASELINE_FAIL,BASELINE_FAIL,BASELINE_FAIL,BASELINE_FAIL,BASELINE_FAIL,BASELINE_FAIL,BASELINE_FAIL,BASELINE_FAIL,BASELINE_FAIL,BASELINE_FAIL,BASELINE_FAIL,BASELINE_FAIL,BASELINE_FAIL,BASELINE_FAIL
Lang,Lang_1,batch04__Lang_1__add__lang_1f_add_line173,lang_1f_add__line173,add,m05,,BASELINE_FAIL,BASELINE_FAIL,False,False,0,0,harness/runs/batch04__Lang_1__add__lang_1f_add_line173/execution/m05.log,BASELINE_FAIL,BASELINE_FAIL,BASELINE_FAIL,BASELINE_FAIL,BASELINE_FAIL,BASELINE_FAIL,BASELINE_FAIL,BASELINE_FAIL,BASELINE_FAIL,BASELINE_FAIL,BASELINE_FAIL,BASELINE_FAIL,BASELINE_FAIL,BASELINE_FAIL,BASELINE_FAIL,BASELINE_FAIL,BASELINE_FAIL,BASELINE_FAIL,BASELINE_FAIL,BASELINE_FAIL,BASELINE_FAIL,BASELINE_FAIL,BASELINE_FAIL,BASELINE_FAIL,BASELINE_FAIL,BASELINE_FAIL,BASELINE_FAIL,BASELINE_FAIL,BASELINE_FAIL,BASELINE_FAIL,BASELINE_FAIL,BASELINE_FAIL,BASELINE_FAIL,BASELINE_FAIL,BASELINE_FAIL,BASELINE_FAIL,BASELINE_FAIL,BASELINE_FAIL,BASELINE_FAIL,BASELINE_FAIL,BASELINE_FAIL,BASELINE_FAIL,BASELINE_FAIL,BASELINE_FAIL,BASELINE_FAIL,BASELINE_FAIL,BASELINE_FAIL,BASELINE_FAIL,BASELINE_FAIL,BASELINE_FAIL,BASELINE_FAIL,BASELINE_FAIL,BASELINE_FAIL,BASELINE_FAIL,BASELINE_FAIL,BASELINE_FAIL,BASELINE_FAIL,BASELINE_FAIL,BASELINE_FAIL,BASELINE_FAIL,BASELINE_FAIL,BASELINE_FAIL,BASELINE_FAIL,BASELINE_FAIL,BASELINE_FAIL,BASELINE_FAIL,BASELINE_FAIL,BASELINE_FAIL,BASELINE_FAIL,BASELINE_FAIL,BASELINE_FAIL,BASELINE_FAIL,BASELINE_FAIL,BASELINE_FAIL,BASELINE_FAIL,BASELINE_FAIL,BASELINE_FAIL,BASELINE_FAIL,BASELINE_FAIL,BASELINE_FAIL,BASELINE_FAIL,BASELINE_FAIL,BASELINE_FAIL
Lang,Lang_1,batch04__Lang_1__add__lang_1f_add_line173,lang_1f_add__line173,add,m06,,BASELINE_FAIL,BASELINE_FAIL,False,False,0,0,harness/runs/batch04__Lang_1__add__lang_1f_add_line173/execution/m06.log,BASELINE_FAIL,BASELINE_FAIL,BASELINE_FAIL,BASELINE_FAIL,BASELINE_FAIL,BASELINE_FAIL,BASELINE_FAIL,BASELINE_FAIL,BASELINE_FAIL,BASELINE_FAIL,BASELINE_FAIL,BASELINE_FAIL,BASELINE_FAIL,BASELINE_FAIL,BASELINE_FAIL,BASELINE_FAIL,BASELINE_FAIL,BASELINE_FAIL,BASELINE_FAIL,BASELINE_FAIL,BASELINE_FAIL,BASELINE_FAIL,BASELINE_FAIL,BASELINE_FAIL,BASELINE_FAIL,BASELINE_FAIL,BASELINE_FAIL,BASELINE_FAIL,BASELINE_FAIL,BASELINE_FAIL,BASELINE_FAIL,BASELINE_FAIL,BASELINE_FAIL,BASELINE_FAIL,BASELINE_FAIL,BASELINE_FAIL,BASELINE_FAIL,BASELINE_FAIL,BASELINE_FAIL,BASELINE_FAIL,BASELINE_FAIL,BASELINE_FAIL,BASELINE_FAIL,BASELINE_FAIL,BASELINE_FAIL,BASELINE_FAIL,BASELINE_FAIL,BASELINE_FAIL,BASELINE_FAIL,BASELINE_FAIL,BASELINE_FAIL,BASELINE_FAIL,BASELINE_FAIL,BASELINE_FAIL,BASELINE_FAIL,BASELINE_FAIL,BASELINE_FAIL,BASELINE_FAIL,BASELINE_FAIL,BASELINE_FAIL,BASELINE_FAIL,BASELINE_FAIL,BASELINE_FAIL,BASELINE_FAIL,BASELINE_FAIL,BASELINE_FAIL,BASELINE_FAIL,BASELINE_FAIL,BASELINE_FAIL,BASELINE_FAIL,BASELINE_FAIL,BASELINE_FAIL,BASELINE_FAIL,BASELINE_FAIL,BASELINE_FAIL,BASELINE_FAIL,BASELINE_FAIL,BASELINE_FAIL,BASELINE_FAIL,BASELINE_FAIL,BASELINE_FAIL,BASELINE_FAIL,BASELINE_FAIL
Lang,Lang_1,batch04__Lang_1__add__lang_1f_add_line173,lang_1f_add__line173,add,m07,,BASELINE_FAIL,BASELINE_FAIL,False,False,0,0,harness/runs/batch04__Lang_1__add__lang_1f_add_line173/execution/m07.log,BASELINE_FAIL,BASELINE_FAIL,BASELINE_FAIL,BASELINE_FAIL,BASELINE_FAIL,BASELINE_FAIL,BASELINE_FAIL,BASELINE_FAIL,BASELINE_FAIL,BASELINE_FAIL,BASELINE_FAIL,BASELINE_FAIL,BASELINE_FAIL,BASELINE_FAIL,BASELINE_FAIL,BASELINE_FAIL,BASELINE_FAIL,BASELINE_FAIL,BASELINE_FAIL,BASELINE_FAIL,BASELINE_FAIL,BASELINE_FAIL,BASELINE_FAIL,BASELINE_FAIL,BASELINE_FAIL,BASELINE_FAIL,BASELINE_FAIL,BASELINE_FAIL,BASELINE_FAIL,BASELINE_FAIL,BASELINE_FAIL,BASELINE_FAIL,BASELINE_FAIL,BASELINE_FAIL,BASELINE_FAIL,BASELINE_FAIL,BASELINE_FAIL,BASELINE_FAIL,BASELINE_FAIL,BASELINE_FAIL,BASELINE_FAIL,BASELINE_FAIL,BASELINE_FAIL,BASELINE_FAIL,BASELINE_FAIL,BASELINE_FAIL,BASELINE_FAIL,BASELINE_FAIL,BASELINE_FAIL,BASELINE_FAIL,BASELINE_FAIL,BASELINE_FAIL,BASELINE_FAIL,BASELINE_FAIL,BASELINE_FAIL,BASELINE_FAIL,BASELINE_FAIL,BASELINE_FAIL,BASELINE_FAIL,BASELINE_FAIL,BASELINE_FAIL,BASELINE_FAIL,BASELINE_FAIL,BASELINE_FAIL,BASELINE_FAIL,BASELINE_FAIL,BASELINE_FAIL,BASELINE_FAIL,BASELINE_FAIL,BASELINE_FAIL,BASELINE_FAIL,BASELINE_FAIL,BASELINE_FAIL,BASELINE_FAIL,BASELINE_FAIL,BASELINE_FAIL,BASELINE_FAIL,BASELINE_FAIL,BASELINE_FAIL,BASELINE_FAIL,BASELINE_FAIL,BASELINE_FAIL,BASELINE_FAIL
Lang,Lang_1,batch04__Lang_1__add__lang_1f_add_line173,lang_1f_add__line173,add,m08,,BASELINE_FAIL,BASELINE_FAIL,False,False,0,0,harness/runs/batch04__Lang_1__add__lang_1f_add_line173/execution/m08.log,BASELINE_FAIL,BASELINE_FAIL,BASELINE_FAIL,BASELINE_FAIL,BASELINE_FAIL,BASELINE_FAIL,BASELINE_FAIL,BASELINE_FAIL,BASELINE_FAIL,BASELINE_FAIL,BASELINE_FAIL,BASELINE_FAIL,BASELINE_FAIL,BASELINE_FAIL,BASELINE_FAIL,BASELINE_FAIL,BASELINE_FAIL,BASELINE_FAIL,BASELINE_FAIL,BASELINE_FAIL,BASELINE_FAIL,BASELINE_FAIL,BASELINE_FAIL,BASELINE_FAIL,BASELINE_FAIL,BASELINE_FAIL,BASELINE_FAIL,BASELINE_FAIL,BASELINE_FAIL,BASELINE_FAIL,BASELINE_FAIL,BASELINE_FAIL,BASELINE_FAIL,BASELINE_FAIL,BASELINE_FAIL,BASELINE_FAIL,BASELINE_FAIL,BASELINE_FAIL,BASELINE_FAIL,BASELINE_FAIL,BASELINE_FAIL,BASELINE_FAIL,BASELINE_FAIL,BASELINE_FAIL,BASELINE_FAIL,BASELINE_FAIL,BASELINE_FAIL,BASELINE_FAIL,BASELINE_FAIL,BASELINE_FAIL,BASELINE_FAIL,BASELINE_FAIL,BASELINE_FAIL,BASELINE_FAIL,BASELINE_FAIL,BASELINE_FAIL,BASELINE_FAIL,BASELINE_FAIL,BASELINE_FAIL,BASELINE_FAIL,BASELINE_FAIL,BASELINE_FAIL,BASELINE_FAIL,BASELINE_FAIL,BASELINE_FAIL,BASELINE_FAIL,BASELINE_FAIL,BASELINE_FAIL,BASELINE_FAIL,BASELINE_FAIL,BASELINE_FAIL,BASELINE_FAIL,BASELINE_FAIL,BASELINE_FAIL,BASELINE_FAIL,BASELINE_FAIL,BASELINE_FAIL,BASELINE_FAIL,BASELINE_FAIL,BASELINE_FAIL,BASELINE_FAIL,BASELINE_FAIL,BASELINE_FAIL
Lang,Lang_1,batch04__Lang_1__append__lang_1f_append_line821,lang_1f_append__line821,append,m01,,BASELINE_FAIL,BASELINE_FAIL,False,False,0,0,harness/runs/batch04__Lang_1__append__lang_1f_append_line821/execution/m01.log,BASELINE_FAIL,BASELINE_FAIL,BASELINE_FAIL,BASELINE_FAIL,BASELINE_FAIL,BASELINE_FAIL,BASELINE_FAIL,BASELINE_FAIL,BASELINE_FAIL,BASELINE_FAIL,BASELINE_FAIL,BASELINE_FAIL,BASELINE_FAIL,BASELINE_FAIL,BASELINE_FAIL,BASELINE_FAIL,BASELINE_FAIL,BASELINE_FAIL,BASELINE_FAIL,BASELINE_FAIL,BASELINE_FAIL,BASELINE_FAIL,BASELINE_FAIL,BASELINE_FAIL,BASELINE_FAIL,BASELINE_FAIL,BASELINE_FAIL,BASELINE_FAIL,BASELINE_FAIL,BASELINE_FAIL,BASELINE_FAIL,BASELINE_FAIL,BASELINE_FAIL,BASELINE_FAIL,BASELINE_FAIL,BASELINE_FAIL,BASELINE_FAIL,BASELINE_FAIL,BASELINE_FAIL,BASELINE_FAIL,BASELINE_FAIL,BASELINE_FAIL,BASELINE_FAIL,BASELINE_FAIL,BASELINE_FAIL,BASELINE_FAIL,BASELINE_FAIL,BASELINE_FAIL,BASELINE_FAIL,BASELINE_FAIL,BASELINE_FAIL,BASELINE_FAIL,BASELINE_FAIL,BASELINE_FAIL,BASELINE_FAIL,BASELINE_FAIL,BASELINE_FAIL,BASELINE_FAIL,BASELINE_FAIL,BASELINE_FAIL,BASELINE_FAIL,BASELINE_FAIL,BASELINE_FAIL,BASELINE_FAIL,BASELINE_FAIL,BASELINE_FAIL,BASELINE_FAIL,BASELINE_FAIL,BASELINE_FAIL,BASELINE_FAIL,BASELINE_FAIL,BASELINE_FAIL,BASELINE_FAIL,BASELINE_FAIL,BASELINE_FAIL,BASELINE_FAIL,BASELINE_FAIL,BASELINE_FAIL,BASELINE_FAIL,BASELINE_FAIL,BASELINE_FAIL,BASELINE_FAIL,BASELINE_FAIL
Lang,Lang_1,batch04__Lang_1__append__lang_1f_append_line821,lang_1f_append__line821,append,m02,,BASELINE_FAIL,BASELINE_FAIL,False,False,0,0,harness/runs/batch04__Lang_1__append__lang_1f_append_line821/execution/m02.log,BASELINE_FAIL,BASELINE_FAIL,BASELINE_FAIL,BASELINE_FAIL,BASELINE_FAIL,BASELINE_FAIL,BASELINE_FAIL,BASELINE_FAIL,BASELINE_FAIL,BASELINE_FAIL,BASELINE_FAIL,BASELINE_FAIL,BASELINE_FAIL,BASELINE_FAIL,BASELINE_FAIL,BASELINE_FAIL,BASELINE_FAIL,BASELINE_FAIL,BASELINE_FAIL,BASELINE_FAIL,BASELINE_FAIL,BASELINE_FAIL,BASELINE_FAIL,BASELINE_FAIL,BASELINE_FAIL,BASELINE_FAIL,BASELINE_FAIL,BASELINE_FAIL,BASELINE_FAIL,BASELINE_FAIL,BASELINE_FAIL,BASELINE_FAIL,BASELINE_FAIL,BASELINE_FAIL,BASELINE_FAIL,BASELINE_FAIL,BASELINE_FAIL,BASELINE_FAIL,BASELINE_FAIL,BASELINE_FAIL,BASELINE_FAIL,BASELINE_FAIL,BASELINE_FAIL,BASELINE_FAIL,BASELINE_FAIL,BASELINE_FAIL,BASELINE_FAIL,BASELINE_FAIL,BASELINE_FAIL,BASELINE_FAIL,BASELINE_FAIL,BASELINE_FAIL,BASELINE_FAIL,BASELINE_FAIL,BASELINE_FAIL,BASELINE_FAIL,BASELINE_FAIL,BASELINE_FAIL,BASELINE_FAIL,BASELINE_FAIL,BASELINE_FAIL,BASELINE_FAIL,BASELINE_FAIL,BASELINE_FAIL,BASELINE_FAIL,BASELINE_FAIL,BASELINE_FAIL,BASELINE_FAIL,BASELINE_FAIL,BASELINE_FAIL,BASELINE_FAIL,BASELINE_FAIL,BASELINE_FAIL,BASELINE_FAIL,BASELINE_FAIL,BASELINE_FAIL,BASELINE_FAIL,BASELINE_FAIL,BASELINE_FAIL,BASELINE_FAIL,BASELINE_FAIL,BASELINE_FAIL,BASELINE_FAIL
Lang,Lang_1,batch04__Lang_1__append__lang_1f_append_line821,lang_1f_append__line821,append,m03,,BASELINE_FAIL,BASELINE_FAIL,False,False,0,0,harness/runs/batch04__Lang_1__append__lang_1f_append_line821/execution/m03.log,BASELINE_FAIL,BASELINE_FAIL,BASELINE_FAIL,BASELINE_FAIL,BASELINE_FAIL,BASELINE_FAIL,BASELINE_FAIL,BASELINE_FAIL,BASELINE_FAIL,BASELINE_FAIL,BASELINE_FAIL,BASELINE_FAIL,BASELINE_FAIL,BASELINE_FAIL,BASELINE_FAIL,BASELINE_FAIL,BASELINE_FAIL,BASELINE_FAIL,BASELINE_FAIL,BASELINE_FAIL,BASELINE_FAIL,BASELINE_FAIL,BASELINE_FAIL,BASELINE_FAIL,BASELINE_FAIL,BASELINE_FAIL,BASELINE_FAIL,BASELINE_FAIL,BASELINE_FAIL,BASELINE_FAIL,BASELINE_FAIL,BASELINE_FAIL,BASELINE_FAIL,BASELINE_FAIL,BASELINE_FAIL,BASELINE_FAIL,BASELINE_FAIL,BASELINE_FAIL,BASELINE_FAIL,BASELINE_FAIL,BASELINE_FAIL,BASELINE_FAIL,BASELINE_FAIL,BASELINE_FAIL,BASELINE_FAIL,BASELINE_FAIL,BASELINE_FAIL,BASELINE_FAIL,BASELINE_FAIL,BASELINE_FAIL,BASELINE_FAIL,BASELINE_FAIL,BASELINE_FAIL,BASELINE_FAIL,BASELINE_FAIL,BASELINE_FAIL,BASELINE_FAIL,BASELINE_FAIL,BASELINE_FAIL,BASELINE_FAIL,BASELINE_FAIL,BASELINE_FAIL,BASELINE_FAIL,BASELINE_FAIL,BASELINE_FAIL,BASELINE_FAIL,BASELINE_FAIL,BASELINE_FAIL,BASELINE_FAIL,BASELINE_FAIL,BASELINE_FAIL,BASELINE_FAIL,BASELINE_FAIL,BASELINE_FAIL,BASELINE_FAIL,BASELINE_FAIL,BASELINE_FAIL,BASELINE_FAIL,BASELINE_FAIL,BASELINE_FAIL,BASELINE_FAIL,BASELINE_FAIL,BASELINE_FAIL
Lang,Lang_1,batch04__Lang_1__append__lang_1f_append_line821,lang_1f_append__line821,append,m04,,BASELINE_FAIL,BASELINE_FAIL,False,False,0,0,harness/runs/batch04__Lang_1__append__lang_1f_append_line821/execution/m04.log,BASELINE_FAIL,BASELINE_FAIL,BASELINE_FAIL,BASELINE_FAIL,BASELINE_FAIL,BASELINE_FAIL,BASELINE_FAIL,BASELINE_FAIL,BASELINE_FAIL,BASELINE_FAIL,BASELINE_FAIL,BASELINE_FAIL,BASELINE_FAIL,BASELINE_FAIL,BASELINE_FAIL,BASELINE_FAIL,BASELINE_FAIL,BASELINE_FAIL,BASELINE_FAIL,BASELINE_FAIL,BASELINE_FAIL,BASELINE_FAIL,BASELINE_FAIL,BASELINE_FAIL,BASELINE_FAIL,BASELINE_FAIL,BASELINE_FAIL,BASELINE_FAIL,BASELINE_FAIL,BASELINE_FAIL,BASELINE_FAIL,BASELINE_FAIL,BASELINE_FAIL,BASELINE_FAIL,BASELINE_FAIL,BASELINE_FAIL,BASELINE_FAIL,BASELINE_FAIL,BASELINE_FAIL,BASELINE_FAIL,BASELINE_FAIL,BASELINE_FAIL,BASELINE_FAIL,BASELINE_FAIL,BASELINE_FAIL,BASELINE_FAIL,BASELINE_FAIL,BASELINE_FAIL,BASELINE_FAIL,BASELINE_FAIL,BASELINE_FAIL,BASELINE_FAIL,BASELINE_FAIL,BASELINE_FAIL,BASELINE_FAIL,BASELINE_FAIL,BASELINE_FAIL,BASELINE_FAIL,BASELINE_FAIL,BASELINE_FAIL,BASELINE_FAIL,BASELINE_FAIL,BASELINE_FAIL,BASELINE_FAIL,BASELINE_FAIL,BASELINE_FAIL,BASELINE_FAIL,BASELINE_FAIL,BASELINE_FAIL,BASELINE_FAIL,BASELINE_FAIL,BASELINE_FAIL,BASELINE_FAIL,BASELINE_FAIL,BASELINE_FAIL,BASELINE_FAIL,BASELINE_FAIL,BASELINE_FAIL,BASELINE_FAIL,BASELINE_FAIL,BASELINE_FAIL,BASELINE_FAIL,BASELINE_FAIL
Lang,Lang_1,batch04__Lang_1__append__lang_1f_append_line821,lang_1f_append__line821,append,m05,,BASELINE_FAIL,BASELINE_FAIL,False,False,0,0,harness/runs/batch04__Lang_1__append__lang_1f_append_line821/execution/m05.log,BASELINE_FAIL,BASELINE_FAIL,BASELINE_FAIL,BASELINE_FAIL,BASELINE_FAIL,BASELINE_FAIL,BASELINE_FAIL,BASELINE_FAIL,BASELINE_FAIL,BASELINE_FAIL,BASELINE_FAIL,BASELINE_FAIL,BASELINE_FAIL,BASELINE_FAIL,BASELINE_FAIL,BASELINE_FAIL,BASELINE_FAIL,BASELINE_FAIL,BASELINE_FAIL,BASELINE_FAIL,BASELINE_FAIL,BASELINE_FAIL,BASELINE_FAIL,BASELINE_FAIL,BASELINE_FAIL,BASELINE_FAIL,BASELINE_FAIL,BASELINE_FAIL,BASELINE_FAIL,BASELINE_FAIL,BASELINE_FAIL,BASELINE_FAIL,BASELINE_FAIL,BASELINE_FAIL,BASELINE_FAIL,BASELINE_FAIL,BASELINE_FAIL,BASELINE_FAIL,BASELINE_FAIL,BASELINE_FAIL,BASELINE_FAIL,BASELINE_FAIL,BASELINE_FAIL,BASELINE_FAIL,BASELINE_FAIL,BASELINE_FAIL,BASELINE_FAIL,BASELINE_FAIL,BASELINE_FAIL,BASELINE_FAIL,BASELINE_FAIL,BASELINE_FAIL,BASELINE_FAIL,BASELINE_FAIL,BASELINE_FAIL,BASELINE_FAIL,BASELINE_FAIL,BASELINE_FAIL,BASELINE_FAIL,BASELINE_FAIL,BASELINE_FAIL,BASELINE_FAIL,BASELINE_FAIL,BASELINE_FAIL,BASELINE_FAIL,BASELINE_FAIL,BASELINE_FAIL,BASELINE_FAIL,BASELINE_FAIL,BASELINE_FAIL,BASELINE_FAIL,BASELINE_FAIL,BASELINE_FAIL,BASELINE_FAIL,BASELINE_FAIL,BASELINE_FAIL,BASELINE_FAIL,BASELINE_FAIL,BASELINE_FAIL,BASELINE_FAIL,BASELINE_FAIL,BASELINE_FAIL,BASELINE_FAIL
Lang,Lang_1,batch04__Lang_1__append__lang_1f_append_line821,lang_1f_append__line821,append,m06,,BASELINE_FAIL,BASELINE_FAIL,False,False,0,0,harness/runs/batch04__Lang_1__append__lang_1f_append_line821/execution/m06.log,BASELINE_FAIL,BASELINE_FAIL,BASELINE_FAIL,BASELINE_FAIL,BASELINE_FAIL,BASELINE_FAIL,BASELINE_FAIL,BASELINE_FAIL,BASELINE_FAIL,BASELINE_FAIL,BASELINE_FAIL,BASELINE_FAIL,BASELINE_FAIL,BASELINE_FAIL,BASELINE_FAIL,BASELINE_FAIL,BASELINE_FAIL,BASELINE_FAIL,BASELINE_FAIL,BASELINE_FAIL,BASELINE_FAIL,BASELINE_FAIL,BASELINE_FAIL,BASELINE_FAIL,BASELINE_FAIL,BASELINE_FAIL,BASELINE_FAIL,BASELINE_FAIL,BASELINE_FAIL,BASELINE_FAIL,BASELINE_FAIL,BASELINE_FAIL,BASELINE_FAIL,BASELINE_FAIL,BASELINE_FAIL,BASELINE_FAIL,BASELINE_FAIL,BASELINE_FAIL,BASELINE_FAIL,BASELINE_FAIL,BASELINE_FAIL,BASELINE_FAIL,BASELINE_FAIL,BASELINE_FAIL,BASELINE_FAIL,BASELINE_FAIL,BASELINE_FAIL,BASELINE_FAIL,BASELINE_FAIL,BASELINE_FAIL,BASELINE_FAIL,BASELINE_FAIL,BASELINE_FAIL,BASELINE_FAIL,BASELINE_FAIL,BASELINE_FAIL,BASELINE_FAIL,BASELINE_FAIL,BASELINE_FAIL,BASELINE_FAIL,BASELINE_FAIL,BASELINE_FAIL,BASELINE_FAIL,BASELINE_FAIL,BASELINE_FAIL,BASELINE_FAIL,BASELINE_FAIL,BASELINE_FAIL,BASELINE_FAIL,BASELINE_FAIL,BASELINE_FAIL,BASELINE_FAIL,BASELINE_FAIL,BASELINE_FAIL,BASELINE_FAIL,BASELINE_FAIL,BASELINE_FAIL,BASELINE_FAIL,BASELINE_FAIL,BASELINE_FAIL,BASELINE_FAIL,BASELINE_FAIL,BASELINE_FAIL
Lang,Lang_1,batch04__Lang_1__append__lang_1f_append_line821,lang_1f_append__line821,append,m07,,BASELINE_FAIL,BASELINE_FAIL,False,False,0,0,harness/runs/batch04__Lang_1__append__lang_1f_append_line821/execution/m07.log,BASELINE_FAIL,BASELINE_FAIL,BASELINE_FAIL,BASELINE_FAIL,BASELINE_FAIL,BASELINE_FAIL,BASELINE_FAIL,BASELINE_FAIL,BASELINE_FAIL,BASELINE_FAIL,BASELINE_FAIL,BASELINE_FAIL,BASELINE_FAIL,BASELINE_FAIL,BASELINE_FAIL,BASELINE_FAIL,BASELINE_FAIL,BASELINE_FAIL,BASELINE_FAIL,BASELINE_FAIL,BASELINE_FAIL,BASELINE_FAIL,BASELINE_FAIL,BASELINE_FAIL,BASELINE_FAIL,BASELINE_FAIL,BASELINE_FAIL,BASELINE_FAIL,BASELINE_FAIL,BASELINE_FAIL,BASELINE_FAIL,BASELINE_FAIL,BASELINE_FAIL,BASELINE_FAIL,BASELINE_FAIL,BASELINE_FAIL,BASELINE_FAIL,BASELINE_FAIL,BASELINE_FAIL,BASELINE_FAIL,BASELINE_FAIL,BASELINE_FAIL,BASELINE_FAIL,BASELINE_FAIL,BASELINE_FAIL,BASELINE_FAIL,BASELINE_FAIL,BASELINE_FAIL,BASELINE_FAIL,BASELINE_FAIL,BASELINE_FAIL,BASELINE_FAIL,BASELINE_FAIL,BASELINE_FAIL,BASELINE_FAIL,BASELINE_FAIL,BASELINE_FAIL,BASELINE_FAIL,BASELINE_FAIL,BASELINE_FAIL,BASELINE_FAIL,BASELINE_FAIL,BASELINE_FAIL,BASELINE_FAIL,BASELINE_FAIL,BASELINE_FAIL,BASELINE_FAIL,BASELINE_FAIL,BASELINE_FAIL,BASELINE_FAIL,BASELINE_FAIL,BASELINE_FAIL,BASELINE_FAIL,BASELINE_FAIL,BASELINE_FAIL,BASELINE_FAIL,BASELINE_FAIL,BASELINE_FAIL,BASELINE_FAIL,BASELINE_FAIL,BASELINE_FAIL,BASELINE_FAIL,BASELINE_FAIL
Lang,Lang_1,batch04__Lang_1__containsAny__lang_1f_containsAny_line1515,lang_1f_containsAny__line1515,containsAny,m01,,BASELINE_FAIL,BASELINE_FAIL,False,False,0,0,harness/runs/batch04__Lang_1__containsAny__lang_1f_containsAny_line1515/execution/m01.log,BASELINE_FAIL,BASELINE_FAIL,BASELINE_FAIL,BASELINE_FAIL,BASELINE_FAIL,BASELINE_FAIL,BASELINE_FAIL,BASELINE_FAIL,BASELINE_FAIL,BASELINE_FAIL,BASELINE_FAIL,BASELINE_FAIL,BASELINE_FAIL,BASELINE_FAIL,BASELINE_FAIL,BASELINE_FAIL,BASELINE_FAIL,BASELINE_FAIL,BASELINE_FAIL,BASELINE_FAIL,BASELINE_FAIL,BASELINE_FAIL,BASELINE_FAIL,BASELINE_FAIL,BASELINE_FAIL,BASELINE_FAIL,BASELINE_FAIL,BASELINE_FAIL,BASELINE_FAIL,BASELINE_FAIL,BASELINE_FAIL,BASELINE_FAIL,BASELINE_FAIL,BASELINE_FAIL,BASELINE_FAIL,BASELINE_FAIL,BASELINE_FAIL,BASELINE_FAIL,BASELINE_FAIL,BASELINE_FAIL,BASELINE_FAIL,BASELINE_FAIL,BASELINE_FAIL,BASELINE_FAIL,BASELINE_FAIL,BASELINE_FAIL,BASELINE_FAIL,BASELINE_FAIL,BASELINE_FAIL,BASELINE_FAIL,BASELINE_FAIL,BASELINE_FAIL,BASELINE_FAIL,BASELINE_FAIL,BASELINE_FAIL,BASELINE_FAIL,BASELINE_FAIL,BASELINE_FAIL,BASELINE_FAIL,BASELINE_FAIL,BASELINE_FAIL,BASELINE_FAIL,BASELINE_FAIL,BASELINE_FAIL,BASELINE_FAIL,BASELINE_FAIL,BASELINE_FAIL,BASELINE_FAIL,BASELINE_FAIL,BASELINE_FAIL,BASELINE_FAIL,BASELINE_FAIL,BASELINE_FAIL,BASELINE_FAIL,BASELINE_FAIL,BASELINE_FAIL,BASELINE_FAIL,BASELINE_FAIL,BASELINE_FAIL,BASELINE_FAIL,BASELINE_FAIL,BASELINE_FAIL,BASELINE_FAIL
Lang,Lang_1,batch04__Lang_1__containsAny__lang_1f_containsAny_line1515,lang_1f_containsAny__line1515,containsAny,m02,,BASELINE_FAIL,BASELINE_FAIL,False,False,0,0,harness/runs/batch04__Lang_1__containsAny__lang_1f_containsAny_line1515/execution/m02.log,BASELINE_FAIL,BASELINE_FAIL,BASELINE_FAIL,BASELINE_FAIL,BASELINE_FAIL,BASELINE_FAIL,BASELINE_FAIL,BASELINE_FAIL,BASELINE_FAIL,BASELINE_FAIL,BASELINE_FAIL,BASELINE_FAIL,BASELINE_FAIL,BASELINE_FAIL,BASELINE_FAIL,BASELINE_FAIL,BASELINE_FAIL,BASELINE_FAIL,BASELINE_FAIL,BASELINE_FAIL,BASELINE_FAIL,BASELINE_FAIL,BASELINE_FAIL,BASELINE_FAIL,BASELINE_FAIL,BASELINE_FAIL,BASELINE_FAIL,BASELINE_FAIL,BASELINE_FAIL,BASELINE_FAIL,BASELINE_FAIL,BASELINE_FAIL,BASELINE_FAIL,BASELINE_FAIL,BASELINE_FAIL,BASELINE_FAIL,BASELINE_FAIL,BASELINE_FAIL,BASELINE_FAIL,BASELINE_FAIL,BASELINE_FAIL,BASELINE_FAIL,BASELINE_FAIL,BASELINE_FAIL,BASELINE_FAIL,BASELINE_FAIL,BASELINE_FAIL,BASELINE_FAIL,BASELINE_FAIL,BASELINE_FAIL,BASELINE_FAIL,BASELINE_FAIL,BASELINE_FAIL,BASELINE_FAIL,BASELINE_FAIL,BASELINE_FAIL,BASELINE_FAIL,BASELINE_FAIL,BASELINE_FAIL,BASELINE_FAIL,BASELINE_FAIL,BASELINE_FAIL,BASELINE_FAIL,BASELINE_FAIL,BASELINE_FAIL,BASELINE_FAIL,BASELINE_FAIL,BASELINE_FAIL,BASELINE_FAIL,BASELINE_FAIL,BASELINE_FAIL,BASELINE_FAIL,BASELINE_FAIL,BASELINE_FAIL,BASELINE_FAIL,BASELINE_FAIL,BASELINE_FAIL,BASELINE_FAIL,BASELINE_FAIL,BASELINE_FAIL,BASELINE_FAIL,BASELINE_FAIL,BASELINE_FAIL
Lang,Lang_1,batch04__Lang_1__containsAny__lang_1f_containsAny_line1515,lang_1f_containsAny__line1515,containsAny,m03,,BASELINE_FAIL,BASELINE_FAIL,False,False,0,0,harness/runs/batch04__Lang_1__containsAny__lang_1f_containsAny_line1515/execution/m03.log,BASELINE_FAIL,BASELINE_FAIL,BASELINE_FAIL,BASELINE_FAIL,BASELINE_FAIL,BASELINE_FAIL,BASELINE_FAIL,BASELINE_FAIL,BASELINE_FAIL,BASELINE_FAIL,BASELINE_FAIL,BASELINE_FAIL,BASELINE_FAIL,BASELINE_FAIL,BASELINE_FAIL,BASELINE_FAIL,BASELINE_FAIL,BASELINE_FAIL,BASELINE_FAIL,BASELINE_FAIL,BASELINE_FAIL,BASELINE_FAIL,BASELINE_FAIL,BASELINE_FAIL,BASELINE_FAIL,BASELINE_FAIL,BASELINE_FAIL,BASELINE_FAIL,BASELINE_FAIL,BASELINE_FAIL,BASELINE_FAIL,BASELINE_FAIL,BASELINE_FAIL,BASELINE_FAIL,BASELINE_FAIL,BASELINE_FAIL,BASELINE_FAIL,BASELINE_FAIL,BASELINE_FAIL,BASELINE_FAIL,BASELINE_FAIL,BASELINE_FAIL,BASELINE_FAIL,BASELINE_FAIL,BASELINE_FAIL,BASELINE_FAIL,BASELINE_FAIL,BASELINE_FAIL,BASELINE_FAIL,BASELINE_FAIL,BASELINE_FAIL,BASELINE_FAIL,BASELINE_FAIL,BASELINE_FAIL,BASELINE_FAIL,BASELINE_FAIL,BASELINE_FAIL,BASELINE_FAIL,BASELINE_FAIL,BASELINE_FAIL,BASELINE_FAIL,BASELINE_FAIL,BASELINE_FAIL,BASELINE_FAIL,BASELINE_FAIL,BASELINE_FAIL,BASELINE_FAIL,BASELINE_FAIL,BASELINE_FAIL,BASELINE_FAIL,BASELINE_FAIL,BASELINE_FAIL,BASELINE_FAIL,BASELINE_FAIL,BASELINE_FAIL,BASELINE_FAIL,BASELINE_FAIL,BASELINE_FAIL,BASELINE_FAIL,BASELINE_FAIL,BASELINE_FAIL,BASELINE_FAIL,BASELINE_FAIL
Lang,Lang_1,batch04__Lang_1__containsAny__lang_1f_containsAny_line1515,lang_1f_containsAny__line1515,containsAny,m04,,BASELINE_FAIL,BASELINE_FAIL,False,False,0,0,harness/runs/batch04__Lang_1__containsAny__lang_1f_containsAny_line1515/execution/m04.log,BASELINE_FAIL,BASELINE_FAIL,BASELINE_FAIL,BASELINE_FAIL,BASELINE_FAIL,BASELINE_FAIL,BASELINE_FAIL,BASELINE_FAIL,BASELINE_FAIL,BASELINE_FAIL,BASELINE_FAIL,BASELINE_FAIL,BASELINE_FAIL,BASELINE_FAIL,BASELINE_FAIL,BASELINE_FAIL,BASELINE_FAIL,BASELINE_FAIL,BASELINE_FAIL,BASELINE_FAIL,BASELINE_FAIL,BASELINE_FAIL,BASELINE_FAIL,BASELINE_FAIL,BASELINE_FAIL,BASELINE_FAIL,BASELINE_FAIL,BASELINE_FAIL,BASELINE_FAIL,BASELINE_FAIL,BASELINE_FAIL,BASELINE_FAIL,BASELINE_FAIL,BASELINE_FAIL,BASELINE_FAIL,BASELINE_FAIL,BASELINE_FAIL,BASELINE_FAIL,BASELINE_FAIL,BASELINE_FAIL,BASELINE_FAIL,BASELINE_FAIL,BASELINE_FAIL,BASELINE_FAIL,BASELINE_FAIL,BASELINE_FAIL,BASELINE_FAIL,BASELINE_FAIL,BASELINE_FAIL,BASELINE_FAIL,BASELINE_FAIL,BASELINE_FAIL,BASELINE_FAIL,BASELINE_FAIL,BASELINE_FAIL,BASELINE_FAIL,BASELINE_FAIL,BASELINE_FAIL,BASELINE_FAIL,BASELINE_FAIL,BASELINE_FAIL,BASELINE_FAIL,BASELINE_FAIL,BASELINE_FAIL,BASELINE_FAIL,BASELINE_FAIL,BASELINE_FAIL,BASELINE_FAIL,BASELINE_FAIL,BASELINE_FAIL,BASELINE_FAIL,BASELINE_FAIL,BASELINE_FAIL,BASELINE_FAIL,BASELINE_FAIL,BASELINE_FAIL,BASELINE_FAIL,BASELINE_FAIL,BASELINE_FAIL,BASELINE_FAIL,BASELINE_FAIL,BASELINE_FAIL,BASELINE_FAIL
Lang,Lang_1,batch04__Lang_1__containsAny__lang_1f_containsAny_line1515,lang_1f_containsAny__line1515,containsAny,m05,,BASELINE_FAIL,BASELINE_FAIL,False,False,0,0,harness/runs/batch04__Lang_1__containsAny__lang_1f_containsAny_line1515/execution/m05.log,BASELINE_FAIL,BASELINE_FAIL,BASELINE_FAIL,BASELINE_FAIL,BASELINE_FAIL,BASELINE_FAIL,BASELINE_FAIL,BASELINE_FAIL,BASELINE_FAIL,BASELINE_FAIL,BASELINE_FAIL,BASELINE_FAIL,BASELINE_FAIL,BASELINE_FAIL,BASELINE_FAIL,BASELINE_FAIL,BASELINE_FAIL,BASELINE_FAIL,BASELINE_FAIL,BASELINE_FAIL,BASELINE_FAIL,BASELINE_FAIL,BASELINE_FAIL,BASELINE_FAIL,BASELINE_FAIL,BASELINE_FAIL,BASELINE_FAIL,BASELINE_FAIL,BASELINE_FAIL,BASELINE_FAIL,BASELINE_FAIL,BASELINE_FAIL,BASELINE_FAIL,BASELINE_FAIL,BASELINE_FAIL,BASELINE_FAIL,BASELINE_FAIL,BASELINE_FAIL,BASELINE_FAIL,BASELINE_FAIL,BASELINE_FAIL,BASELINE_FAIL,BASELINE_FAIL,BASELINE_FAIL,BASELINE_FAIL,BASELINE_FAIL,BASELINE_FAIL,BASELINE_FAIL,BASELINE_FAIL,BASELINE_FAIL,BASELINE_FAIL,BASELINE_FAIL,BASELINE_FAIL,BASELINE_FAIL,BASELINE_FAIL,BASELINE_FAIL,BASELINE_FAIL,BASELINE_FAIL,BASELINE_FAIL,BASELINE_FAIL,BASELINE_FAIL,BASELINE_FAIL,BASELINE_FAIL,BASELINE_FAIL,BASELINE_FAIL,BASELINE_FAIL,BASELINE_FAIL,BASELINE_FAIL,BASELINE_FAIL,BASELINE_FAIL,BASELINE_FAIL,BASELINE_FAIL,BASELINE_FAIL,BASELINE_FAIL,BASELINE_FAIL,BASELINE_FAIL,BASELINE_FAIL,BASELINE_FAIL,BASELINE_FAIL,BASELINE_FAIL,BASELINE_FAIL,BASELINE_FAIL,BASELINE_FAIL
Lang,Lang_1,batch04__Lang_1__containsAny__lang_1f_containsAny_line1515,lang_1f_containsAny__line1515,containsAny,m06,,BASELINE_FAIL,BASELINE_FAIL,False,False,0,0,harness/runs/batch04__Lang_1__containsAny__lang_1f_containsAny_line1515/execution/m06.log,BASELINE_FAIL,BASELINE_FAIL,BASELINE_FAIL,BASELINE_FAIL,BASELINE_FAIL,BASELINE_FAIL,BASELINE_FAIL,BASELINE_FAIL,BASELINE_FAIL,BASELINE_FAIL,BASELINE_FAIL,BASELINE_FAIL,BASELINE_FAIL,BASELINE_FAIL,BASELINE_FAIL,BASELINE_FAIL,BASELINE_FAIL,BASELINE_FAIL,BASELINE_FAIL,BASELINE_FAIL,BASELINE_FAIL,BASELINE_FAIL,BASELINE_FAIL,BASELINE_FAIL,BASELINE_FAIL,BASELINE_FAIL,BASELINE_FAIL,BASELINE_FAIL,BASELINE_FAIL,BASELINE_FAIL,BASELINE_FAIL,BASELINE_FAIL,BASELINE_FAIL,BASELINE_FAIL,BASELINE_FAIL,BASELINE_FAIL,BASELINE_FAIL,BASELINE_FAIL,BASELINE_FAIL,BASELINE_FAIL,BASELINE_FAIL,BASELINE_FAIL,BASELINE_FAIL,BASELINE_FAIL,BASELINE_FAIL,BASELINE_FAIL,BASELINE_FAIL,BASELINE_FAIL,BASELINE_FAIL,BASELINE_FAIL,BASELINE_FAIL,BASELINE_FAIL,BASELINE_FAIL,BASELINE_FAIL,BASELINE_FAIL,BASELINE_FAIL,BASELINE_FAIL,BASELINE_FAIL,BASELINE_FAIL,BASELINE_FAIL,BASELINE_FAIL,BASELINE_FAIL,BASELINE_FAIL,BASELINE_FAIL,BASELINE_FAIL,BASELINE_FAIL,BASELINE_FAIL,BASELINE_FAIL,BASELINE_FAIL,BASELINE_FAIL,BASELINE_FAIL,BASELINE_FAIL,BASELINE_FAIL,BASELINE_FAIL,BASELINE_FAIL,BASELINE_FAIL,BASELINE_FAIL,BASELINE_FAIL,BASELINE_FAIL,BASELINE_FAIL,BASELINE_FAIL,BASELINE_FAIL,BASELINE_FAIL
Lang,Lang_1,batch04__Lang_1__containsAny__lang_1f_containsAny_line1515,lang_1f_containsAny__line1515,containsAny,m07,,BASELINE_FAIL,BASELINE_FAIL,False,False,0,0,harness/runs/batch04__Lang_1__containsAny__lang_1f_containsAny_line1515/execution/m07.log,BASELINE_FAIL,BASELINE_FAIL,BASELINE_FAIL,BASELINE_FAIL,BASELINE_FAIL,BASELINE_FAIL,BASELINE_FAIL,BASELINE_FAIL,BASELINE_FAIL,BASELINE_FAIL,BASELINE_FAIL,BASELINE_FAIL,BASELINE_FAIL,BASELINE_FAIL,BASELINE_FAIL,BASELINE_FAIL,BASELINE_FAIL,BASELINE_FAIL,BASELINE_FAIL,BASELINE_FAIL,BASELINE_FAIL,BASELINE_FAIL,BASELINE_FAIL,BASELINE_FAIL,BASELINE_FAIL,BASELINE_FAIL,BASELINE_FAIL,BASELINE_FAIL,BASELINE_FAIL,BASELINE_FAIL,BASELINE_FAIL,BASELINE_FAIL,BASELINE_FAIL,BASELINE_FAIL,BASELINE_FAIL,BASELINE_FAIL,BASELINE_FAIL,BASELINE_FAIL,BASELINE_FAIL,BASELINE_FAIL,BASELINE_FAIL,BASELINE_FAIL,BASELINE_FAIL,BASELINE_FAIL,BASELINE_FAIL,BASELINE_FAIL,BASELINE_FAIL,BASELINE_FAIL,BASELINE_FAIL,BASELINE_FAIL,BASELINE_FAIL,BASELINE_FAIL,BASELINE_FAIL,BASELINE_FAIL,BASELINE_FAIL,BASELINE_FAIL,BASELINE_FAIL,BASELINE_FAIL,BASELINE_FAIL,BASELINE_FAIL,BASELINE_FAIL,BASELINE_FAIL,BASELINE_FAIL,BASELINE_FAIL,BASELINE_FAIL,BASELINE_FAIL,BASELINE_FAIL,BASELINE_FAIL,BASELINE_FAIL,BASELINE_FAIL,BASELINE_FAIL,BASELINE_FAIL,BASELINE_FAIL,BASELINE_FAIL,BASELINE_FAIL,BASELINE_FAIL,BASELINE_FAIL,BASELINE_FAIL,BASELINE_FAIL,BASELINE_FAIL,BASELINE_FAIL,BASELINE_FAIL,BASELINE_FAIL
Lang,Lang_1,batch04__Lang_1__containsAny__lang_1f_containsAny_line1515,lang_1f_containsAny__line1515,containsAny,m08,,BASELINE_FAIL,BASELINE_FAIL,False,False,0,0,harness/runs/batch04__Lang_1__containsAny__lang_1f_containsAny_line1515/execution/m08.log,BASELINE_FAIL,BASELINE_FAIL,BASELINE_FAIL,BASELINE_FAIL,BASELINE_FAIL,BASELINE_FAIL,BASELINE_FAIL,BASELINE_FAIL,BASELINE_FAIL,BASELINE_FAIL,BASELINE_FAIL,BASELINE_FAIL,BASELINE_FAIL,BASELINE_FAIL,BASELINE_FAIL,BASELINE_FAIL,BASELINE_FAIL,BASELINE_FAIL,BASELINE_FAIL,BASELINE_FAIL,BASELINE_FAIL,BASELINE_FAIL,BASELINE_FAIL,BASELINE_FAIL,BASELINE_FAIL,BASELINE_FAIL,BASELINE_FAIL,BASELINE_FAIL,BASELINE_FAIL,BASELINE_FAIL,BASELINE_FAIL,BASELINE_FAIL,BASELINE_FAIL,BASELINE_FAIL,BASELINE_FAIL,BASELINE_FAIL,BASELINE_FAIL,BASELINE_FAIL,BASELINE_FAIL,BASELINE_FAIL,BASELINE_FAIL,BASELINE_FAIL,BASELINE_FAIL,BASELINE_FAIL,BASELINE_FAIL,BASELINE_FAIL,BASELINE_FAIL,BASELINE_FAIL,BASELINE_FAIL,BASELINE_FAIL,BASELINE_FAIL,BASELINE_FAIL,BASELINE_FAIL,BASELINE_FAIL,BASELINE_FAIL,BASELINE_FAIL,BASELINE_FAIL,BASELINE_FAIL,BASELINE_FAIL,BASELINE_FAIL,BASELINE_FAIL,BASELINE_FAIL,BASELINE_FAIL,BASELINE_FAIL,BASELINE_FAIL,BASELINE_FAIL,BASELINE_FAIL,BASELINE_FAIL,BASELINE_FAIL,BASELINE_FAIL,BASELINE_FAIL,BASELINE_FAIL,BASELINE_FAIL,BASELINE_FAIL,BASELINE_FAIL,BASELINE_FAIL,BASELINE_FAIL,BASELINE_FAIL,BASELINE_FAIL,BASELINE_FAIL,BASELINE_FAIL,BASELINE_FAIL,BASELINE_FAIL
Lang,Lang_1,batch04__Lang_1__containsNone__lang_1f_containsNone_line1771,lang_1f_containsNone__line1771,containsNone,m01,,BASELINE_FAIL,BASELINE_FAIL,False,False,0,0,harness/runs/batch04__Lang_1__containsNone__lang_1f_containsNone_line1771/execution/m01.log,BASELINE_FAIL,BASELINE_FAIL,BASELINE_FAIL,BASELINE_FAIL,BASELINE_FAIL,BASELINE_FAIL,BASELINE_FAIL,BASELINE_FAIL,BASELINE_FAIL,BASELINE_FAIL,BASELINE_FAIL,BASELINE_FAIL,BASELINE_FAIL,BASELINE_FAIL,BASELINE_FAIL,BASELINE_FAIL,BASELINE_FAIL,BASELINE_FAIL,BASELINE_FAIL,BASELINE_FAIL,BASELINE_FAIL,BASELINE_FAIL,BASELINE_FAIL,BASELINE_FAIL,BASELINE_FAIL,BASELINE_FAIL,BASELINE_FAIL,BASELINE_FAIL,BASELINE_FAIL,BASELINE_FAIL,BASELINE_FAIL,BASELINE_FAIL,BASELINE_FAIL,BASELINE_FAIL,BASELINE_FAIL,BASELINE_FAIL,BASELINE_FAIL,BASELINE_FAIL,BASELINE_FAIL,BASELINE_FAIL,BASELINE_FAIL,BASELINE_FAIL,BASELINE_FAIL,BASELINE_FAIL,BASELINE_FAIL,BASELINE_FAIL,BASELINE_FAIL,BASELINE_FAIL,BASELINE_FAIL,BASELINE_FAIL,BASELINE_FAIL,BASELINE_FAIL,BASELINE_FAIL,BASELINE_FAIL,BASELINE_FAIL,BASELINE_FAIL,BASELINE_FAIL,BASELINE_FAIL,BASELINE_FAIL,BASELINE_FAIL,BASELINE_FAIL,BASELINE_FAIL,BASELINE_FAIL,BASELINE_FAIL,BASELINE_FAIL,BASELINE_FAIL,BASELINE_FAIL,BASELINE_FAIL,BASELINE_FAIL,BASELINE_FAIL,BASELINE_FAIL,BASELINE_FAIL,BASELINE_FAIL,BASELINE_FAIL,BASELINE_FAIL,BASELINE_FAIL,BASELINE_FAIL,BASELINE_FAIL,BASELINE_FAIL,BASELINE_FAIL,BASELINE_FAIL,BASELINE_FAIL,BASELINE_FAIL
Lang,Lang_1,batch04__Lang_1__containsNone__lang_1f_containsNone_line1771,lang_1f_containsNone__line1771,containsNone,m02,,BASELINE_FAIL,BASELINE_FAIL,False,False,0,0,harness/runs/batch04__Lang_1__containsNone__lang_1f_containsNone_line1771/execution/m02.log,BASELINE_FAIL,BASELINE_FAIL,BASELINE_FAIL,BASELINE_FAIL,BASELINE_FAIL,BASELINE_FAIL,BASELINE_FAIL,BASELINE_FAIL,BASELINE_FAIL,BASELINE_FAIL,BASELINE_FAIL,BASELINE_FAIL,BASELINE_FAIL,BASELINE_FAIL,BASELINE_FAIL,BASELINE_FAIL,BASELINE_FAIL,BASELINE_FAIL,BASELINE_FAIL,BASELINE_FAIL,BASELINE_FAIL,BASELINE_FAIL,BASELINE_FAIL,BASELINE_FAIL,BASELINE_FAIL,BASELINE_FAIL,BASELINE_FAIL,BASELINE_FAIL,BASELINE_FAIL,BASELINE_FAIL,BASELINE_FAIL,BASELINE_FAIL,BASELINE_FAIL,BASELINE_FAIL,BASELINE_FAIL,BASELINE_FAIL,BASELINE_FAIL,BASELINE_FAIL,BASELINE_FAIL,BASELINE_FAIL,BASELINE_FAIL,BASELINE_FAIL,BASELINE_FAIL,BASELINE_FAIL,BASELINE_FAIL,BASELINE_FAIL,BASELINE_FAIL,BASELINE_FAIL,BASELINE_FAIL,BASELINE_FAIL,BASELINE_FAIL,BASELINE_FAIL,BASELINE_FAIL,BASELINE_FAIL,BASELINE_FAIL,BASELINE_FAIL,BASELINE_FAIL,BASELINE_FAIL,BASELINE_FAIL,BASELINE_FAIL,BASELINE_FAIL,BASELINE_FAIL,BASELINE_FAIL,BASELINE_FAIL,BASELINE_FAIL,BASELINE_FAIL,BASELINE_FAIL,BASELINE_FAIL,BASELINE_FAIL,BASELINE_FAIL,BASELINE_FAIL,BASELINE_FAIL,BASELINE_FAIL,BASELINE_FAIL,BASELINE_FAIL,BASELINE_FAIL,BASELINE_FAIL,BASELINE_FAIL,BASELINE_FAIL,BASELINE_FAIL,BASELINE_FAIL,BASELINE_FAIL,BASELINE_FAIL
Lang,Lang_1,batch04__Lang_1__containsNone__lang_1f_containsNone_line1771,lang_1f_containsNone__line1771,containsNone,m03,,BASELINE_FAIL,BASELINE_FAIL,False,False,0,0,harness/runs/batch04__Lang_1__containsNone__lang_1f_containsNone_line1771/execution/m03.log,BASELINE_FAIL,BASELINE_FAIL,BASELINE_FAIL,BASELINE_FAIL,BASELINE_FAIL,BASELINE_FAIL,BASELINE_FAIL,BASELINE_FAIL,BASELINE_FAIL,BASELINE_FAIL,BASELINE_FAIL,BASELINE_FAIL,BASELINE_FAIL,BASELINE_FAIL,BASELINE_FAIL,BASELINE_FAIL,BASELINE_FAIL,BASELINE_FAIL,BASELINE_FAIL,BASELINE_FAIL,BASELINE_FAIL,BASELINE_FAIL,BASELINE_FAIL,BASELINE_FAIL,BASELINE_FAIL,BASELINE_FAIL,BASELINE_FAIL,BASELINE_FAIL,BASELINE_FAIL,BASELINE_FAIL,BASELINE_FAIL,BASELINE_FAIL,BASELINE_FAIL,BASELINE_FAIL,BASELINE_FAIL,BASELINE_FAIL,BASELINE_FAIL,BASELINE_FAIL,BASELINE_FAIL,BASELINE_FAIL,BASELINE_FAIL,BASELINE_FAIL,BASELINE_FAIL,BASELINE_FAIL,BASELINE_FAIL,BASELINE_FAIL,BASELINE_FAIL,BASELINE_FAIL,BASELINE_FAIL,BASELINE_FAIL,BASELINE_FAIL,BASELINE_FAIL,BASELINE_FAIL,BASELINE_FAIL,BASELINE_FAIL,BASELINE_FAIL,BASELINE_FAIL,BASELINE_FAIL,BASELINE_FAIL,BASELINE_FAIL,BASELINE_FAIL,BASELINE_FAIL,BASELINE_FAIL,BASELINE_FAIL,BASELINE_FAIL,BASELINE_FAIL,BASELINE_FAIL,BASELINE_FAIL,BASELINE_FAIL,BASELINE_FAIL,BASELINE_FAIL,BASELINE_FAIL,BASELINE_FAIL,BASELINE_FAIL,BASELINE_FAIL,BASELINE_FAIL,BASELINE_FAIL,BASELINE_FAIL,BASELINE_FAIL,BASELINE_FAIL,BASELINE_FAIL,BASELINE_FAIL,BASELINE_FAIL
Lang,Lang_1,batch04__Lang_1__containsNone__lang_1f_containsNone_line1771,lang_1f_containsNone__line1771,containsNone,m04,,BASELINE_FAIL,BASELINE_FAIL,False,False,0,0,harness/runs/batch04__Lang_1__containsNone__lang_1f_containsNone_line1771/execution/m04.log,BASELINE_FAIL,BASELINE_FAIL,BASELINE_FAIL,BASELINE_FAIL,BASELINE_FAIL,BASELINE_FAIL,BASELINE_FAIL,BASELINE_FAIL,BASELINE_FAIL,BASELINE_FAIL,BASELINE_FAIL,BASELINE_FAIL,BASELINE_FAIL,BASELINE_FAIL,BASELINE_FAIL,BASELINE_FAIL,BASELINE_FAIL,BASELINE_FAIL,BASELINE_FAIL,BASELINE_FAIL,BASELINE_FAIL,BASELINE_FAIL,BASELINE_FAIL,BASELINE_FAIL,BASELINE_FAIL,BASELINE_FAIL,BASELINE_FAIL,BASELINE_FAIL,BASELINE_FAIL,BASELINE_FAIL,BASELINE_FAIL,BASELINE_FAIL,BASELINE_FAIL,BASELINE_FAIL,BASELINE_FAIL,BASELINE_FAIL,BASELINE_FAIL,BASELINE_FAIL,BASELINE_FAIL,BASELINE_FAIL,BASELINE_FAIL,BASELINE_FAIL,BASELINE_FAIL,BASELINE_FAIL,BASELINE_FAIL,BASELINE_FAIL,BASELINE_FAIL,BASELINE_FAIL,BASELINE_FAIL,BASELINE_FAIL,BASELINE_FAIL,BASELINE_FAIL,BASELINE_FAIL,BASELINE_FAIL,BASELINE_FAIL,BASELINE_FAIL,BASELINE_FAIL,BASELINE_FAIL,BASELINE_FAIL,BASELINE_FAIL,BASELINE_FAIL,BASELINE_FAIL,BASELINE_FAIL,BASELINE_FAIL,BASELINE_FAIL,BASELINE_FAIL,BASELINE_FAIL,BASELINE_FAIL,BASELINE_FAIL,BASELINE_FAIL,BASELINE_FAIL,BASELINE_FAIL,BASELINE_FAIL,BASELINE_FAIL,BASELINE_FAIL,BASELINE_FAIL,BASELINE_FAIL,BASELINE_FAIL,BASELINE_FAIL,BASELINE_FAIL,BASELINE_FAIL,BASELINE_FAIL,BASELINE_FAIL
Lang,Lang_1,batch04__Lang_1__containsNone__lang_1f_containsNone_line1771,lang_1f_containsNone__line1771,containsNone,m05,,BASELINE_FAIL,BASELINE_FAIL,False,False,0,0,harness/runs/batch04__Lang_1__containsNone__lang_1f_containsNone_line1771/execution/m05.log,BASELINE_FAIL,BASELINE_FAIL,BASELINE_FAIL,BASELINE_FAIL,BASELINE_FAIL,BASELINE_FAIL,BASELINE_FAIL,BASELINE_FAIL,BASELINE_FAIL,BASELINE_FAIL,BASELINE_FAIL,BASELINE_FAIL,BASELINE_FAIL,BASELINE_FAIL,BASELINE_FAIL,BASELINE_FAIL,BASELINE_FAIL,BASELINE_FAIL,BASELINE_FAIL,BASELINE_FAIL,BASELINE_FAIL,BASELINE_FAIL,BASELINE_FAIL,BASELINE_FAIL,BASELINE_FAIL,BASELINE_FAIL,BASELINE_FAIL,BASELINE_FAIL,BASELINE_FAIL,BASELINE_FAIL,BASELINE_FAIL,BASELINE_FAIL,BASELINE_FAIL,BASELINE_FAIL,BASELINE_FAIL,BASELINE_FAIL,BASELINE_FAIL,BASELINE_FAIL,BASELINE_FAIL,BASELINE_FAIL,BASELINE_FAIL,BASELINE_FAIL,BASELINE_FAIL,BASELINE_FAIL,BASELINE_FAIL,BASELINE_FAIL,BASELINE_FAIL,BASELINE_FAIL,BASELINE_FAIL,BASELINE_FAIL,BASELINE_FAIL,BASELINE_FAIL,BASELINE_FAIL,BASELINE_FAIL,BASELINE_FAIL,BASELINE_FAIL,BASELINE_FAIL,BASELINE_FAIL,BASELINE_FAIL,BASELINE_FAIL,BASELINE_FAIL,BASELINE_FAIL,BASELINE_FAIL,BASELINE_FAIL,BASELINE_FAIL,BASELINE_FAIL,BASELINE_FAIL,BASELINE_FAIL,BASELINE_FAIL,BASELINE_FAIL,BASELINE_FAIL,BASELINE_FAIL,BASELINE_FAIL,BASELINE_FAIL,BASELINE_FAIL,BASELINE_FAIL,BASELINE_FAIL,BASELINE_FAIL,BASELINE_FAIL,BASELINE_FAIL,BASELINE_FAIL,BASELINE_FAIL,BASELINE_FAIL
Lang,Lang_1,batch04__Lang_1__containsNone__lang_1f_containsNone_line1771,lang_1f_containsNone__line1771,containsNone,m06,,BASELINE_FAIL,BASELINE_FAIL,False,False,0,0,harness/runs/batch04__Lang_1__containsNone__lang_1f_containsNone_line1771/execution/m06.log,BASELINE_FAIL,BASELINE_FAIL,BASELINE_FAIL,BASELINE_FAIL,BASELINE_FAIL,BASELINE_FAIL,BASELINE_FAIL,BASELINE_FAIL,BASELINE_FAIL,BASELINE_FAIL,BASELINE_FAIL,BASELINE_FAIL,BASELINE_FAIL,BASELINE_FAIL,BASELINE_FAIL,BASELINE_FAIL,BASELINE_FAIL,BASELINE_FAIL,BASELINE_FAIL,BASELINE_FAIL,BASELINE_FAIL,BASELINE_FAIL,BASELINE_FAIL,BASELINE_FAIL,BASELINE_FAIL,BASELINE_FAIL,BASELINE_FAIL,BASELINE_FAIL,BASELINE_FAIL,BASELINE_FAIL,BASELINE_FAIL,BASELINE_FAIL,BASELINE_FAIL,BASELINE_FAIL,BASELINE_FAIL,BASELINE_FAIL,BASELINE_FAIL,BASELINE_FAIL,BASELINE_FAIL,BASELINE_FAIL,BASELINE_FAIL,BASELINE_FAIL,BASELINE_FAIL,BASELINE_FAIL,BASELINE_FAIL,BASELINE_FAIL,BASELINE_FAIL,BASELINE_FAIL,BASELINE_FAIL,BASELINE_FAIL,BASELINE_FAIL,BASELINE_FAIL,BASELINE_FAIL,BASELINE_FAIL,BASELINE_FAIL,BASELINE_FAIL,BASELINE_FAIL,BASELINE_FAIL,BASELINE_FAIL,BASELINE_FAIL,BASELINE_FAIL,BASELINE_FAIL,BASELINE_FAIL,BASELINE_FAIL,BASELINE_FAIL,BASELINE_FAIL,BASELINE_FAIL,BASELINE_FAIL,BASELINE_FAIL,BASELINE_FAIL,BASELINE_FAIL,BASELINE_FAIL,BASELINE_FAIL,BASELINE_FAIL,BASELINE_FAIL,BASELINE_FAIL,BASELINE_FAIL,BASELINE_FAIL,BASELINE_FAIL,BASELINE_FAIL,BASELINE_FAIL,BASELINE_FAIL,BASELINE_FAIL
Lang,Lang_1,batch04__Lang_1__containsNone__lang_1f_containsNone_line1771,lang_1f_containsNone__line1771,containsNone,m07,,BASELINE_FAIL,BASELINE_FAIL,False,False,0,0,harness/runs/batch04__Lang_1__containsNone__lang_1f_containsNone_line1771/execution/m07.log,BASELINE_FAIL,BASELINE_FAIL,BASELINE_FAIL,BASELINE_FAIL,BASELINE_FAIL,BASELINE_FAIL,BASELINE_FAIL,BASELINE_FAIL,BASELINE_FAIL,BASELINE_FAIL,BASELINE_FAIL,BASELINE_FAIL,BASELINE_FAIL,BASELINE_FAIL,BASELINE_FAIL,BASELINE_FAIL,BASELINE_FAIL,BASELINE_FAIL,BASELINE_FAIL,BASELINE_FAIL,BASELINE_FAIL,BASELINE_FAIL,BASELINE_FAIL,BASELINE_FAIL,BASELINE_FAIL,BASELINE_FAIL,BASELINE_FAIL,BASELINE_FAIL,BASELINE_FAIL,BASELINE_FAIL,BASELINE_FAIL,BASELINE_FAIL,BASELINE_FAIL,BASELINE_FAIL,BASELINE_FAIL,BASELINE_FAIL,BASELINE_FAIL,BASELINE_FAIL,BASELINE_FAIL,BASELINE_FAIL,BASELINE_FAIL,BASELINE_FAIL,BASELINE_FAIL,BASELINE_FAIL,BASELINE_FAIL,BASELINE_FAIL,BASELINE_FAIL,BASELINE_FAIL,BASELINE_FAIL,BASELINE_FAIL,BASELINE_FAIL,BASELINE_FAIL,BASELINE_FAIL,BASELINE_FAIL,BASELINE_FAIL,BASELINE_FAIL,BASELINE_FAIL,BASELINE_FAIL,BASELINE_FAIL,BASELINE_FAIL,BASELINE_FAIL,BASELINE_FAIL,BASELINE_FAIL,BASELINE_FAIL,BASELINE_FAIL,BASELINE_FAIL,BASELINE_FAIL,BASELINE_FAIL,BASELINE_FAIL,BASELINE_FAIL,BASELINE_FAIL,BASELINE_FAIL,BASELINE_FAIL,BASELINE_FAIL,BASELINE_FAIL,BASELINE_FAIL,BASELINE_FAIL,BASELINE_FAIL,BASELINE_FAIL,BASELINE_FAIL,BASELINE_FAIL,BASELINE_FAIL,BASELINE_FAIL
Lang,Lang_1,batch04__Lang_1__containsNone__lang_1f_containsNone_line1771,lang_1f_containsNone__line1771,containsNone,m08,,BASELINE_FAIL,BASELINE_FAIL,False,False,0,0,harness/runs/batch04__Lang_1__containsNone__lang_1f_containsNone_line1771/execution/m08.log,BASELINE_FAIL,BASELINE_FAIL,BASELINE_FAIL,BASELINE_FAIL,BASELINE_FAIL,BASELINE_FAIL,BASELINE_FAIL,BASELINE_FAIL,BASELINE_FAIL,BASELINE_FAIL,BASELINE_FAIL,BASELINE_FAIL,BASELINE_FAIL,BASELINE_FAIL,BASELINE_FAIL,BASELINE_FAIL,BASELINE_FAIL,BASELINE_FAIL,BASELINE_FAIL,BASELINE_FAIL,BASELINE_FAIL,BASELINE_FAIL,BASELINE_FAIL,BASELINE_FAIL,BASELINE_FAIL,BASELINE_FAIL,BASELINE_FAIL,BASELINE_FAIL,BASELINE_FAIL,BASELINE_FAIL,BASELINE_FAIL,BASELINE_FAIL,BASELINE_FAIL,BASELINE_FAIL,BASELINE_FAIL,BASELINE_FAIL,BASELINE_FAIL,BASELINE_FAIL,BASELINE_FAIL,BASELINE_FAIL,BASELINE_FAIL,BASELINE_FAIL,BASELINE_FAIL,BASELINE_FAIL,BASELINE_FAIL,BASELINE_FAIL,BASELINE_FAIL,BASELINE_FAIL,BASELINE_FAIL,BASELINE_FAIL,BASELINE_FAIL,BASELINE_FAIL,BASELINE_FAIL,BASELINE_FAIL,BASELINE_FAIL,BASELINE_FAIL,BASELINE_FAIL,BASELINE_FAIL,BASELINE_FAIL,BASELINE_FAIL,BASELINE_FAIL,BASELINE_FAIL,BASELINE_FAIL,BASELINE_FAIL,BASELINE_FAIL,BASELINE_FAIL,BASELINE_FAIL,BASELINE_FAIL,BASELINE_FAIL,BASELINE_FAIL,BASELINE_FAIL,BASELINE_FAIL,BASELINE_FAIL,BASELINE_FAIL,BASELINE_FAIL,BASELINE_FAIL,BASELINE_FAIL,BASELINE_FAIL,BASELINE_FAIL,BASELINE_FAIL,BASELINE_FAIL,BASELINE_FAIL,BASELINE_FAIL
Lang,Lang_1,batch04__Lang_1__createBigInteger__lang_1f_createBigInteger_line723,lang_1f_createBigInteger__line723,createBigInteger,m01,,SUCCESS,FAIL,True,True,0,4,harness/runs/batch04__Lang_1__createBigInteger__lang_1f_createBigInteger_line723/execution/m01.log,PASS,PASS,PASS,PASS,PASS,PASS,PASS,PASS,PASS,PASS,PASS,PASS,PASS,PASS,PASS,PASS,PASS,PASS,PASS,PASS,PASS,PASS,PASS,PASS,PASS,PASS,PASS,PASS,PASS,PASS,PASS,PASS,PASS,PASS,PASS,PASS,PASS,PASS,PASS,PASS,PASS,PASS,PASS,PASS,PASS,PASS,PASS,PASS,PASS,PASS,PASS,PASS,PASS,PASS,PASS,PASS,PASS,PASS,PASS,PASS,PASS,PASS,PASS,PASS,PASS,PASS,PASS,PASS,PASS,PASS,PASS,PASS,PASS,PASS,PASS,FAIL,FAIL,FAIL,FAIL,PASS,PASS,PASS,PASS
Lang,Lang_1,batch04__Lang_1__createBigInteger__lang_1f_createBigInteger_line723,lang_1f_createBigInteger__line723,createBigInteger,m02,,SUCCESS,FAIL,True,True,0,2,harness/runs/batch04__Lang_1__createBigInteger__lang_1f_createBigInteger_line723/execution/m02.log,PASS,PASS,PASS,PASS,PASS,PASS,PASS,PASS,PASS,PASS,PASS,PASS,PASS,PASS,PASS,PASS,PASS,PASS,PASS,PASS,PASS,PASS,PASS,PASS,PASS,PASS,PASS,PASS,PASS,PASS,PASS,PASS,PASS,FAIL,PASS,PASS,PASS,PASS,PASS,PASS,PASS,PASS,PASS,PASS,PASS,PASS,PASS,PASS,PASS,PASS,PASS,PASS,PASS,PASS,PASS,PASS,PASS,PASS,PASS,PASS,PASS,PASS,PASS,PASS,PASS,PASS,PASS,PASS,PASS,PASS,PASS,PASS,PASS,PASS,PASS,PASS,FAIL,PASS,PASS,PASS,PASS,PASS,PASS
Lang,Lang_1,batch04__Lang_1__createBigInteger__lang_1f_createBigInteger_line723,lang_1f_createBigInteger__line723,createBigInteger,m03,,SUCCESS,FAIL,True,True,0,1,harness/runs/batch04__Lang_1__createBigInteger__lang_1f_createBigInteger_line723/execution/m03.log,PASS,PASS,PASS,PASS,PASS,PASS,PASS,PASS,PASS,PASS,PASS,PASS,PASS,PASS,PASS,PASS,PASS,PASS,PASS,PASS,PASS,PASS,PASS,PASS,PASS,PASS,PASS,PASS,PASS,PASS,PASS,PASS,PASS,PASS,PASS,PASS,PASS,PASS,PASS,PASS,PASS,PASS,PASS,PASS,PASS,PASS,PASS,PASS,PASS,PASS,PASS,PASS,PASS,PASS,PASS,PASS,PASS,PASS,PASS,PASS,PASS,PASS,PASS,PASS,PASS,PASS,PASS,PASS,PASS,PASS,PASS,PASS,PASS,PASS,PASS,PASS,FAIL,PASS,PASS,PASS,PASS,PASS,PASS
Lang,Lang_1,batch04__Lang_1__createBigInteger__lang_1f_createBigInteger_line723,lang_1f_createBigInteger__line723,createBigInteger,m04,,SUCCESS,FAIL,True,True,0,5,harness/runs/batch04__Lang_1__createBigInteger__lang_1f_createBigInteger_line723/execution/m04.log,PASS,PASS,PASS,PASS,PASS,PASS,PASS,PASS,PASS,PASS,PASS,PASS,PASS,PASS,PASS,PASS,PASS,PASS,PASS,PASS,PASS,PASS,PASS,PASS,PASS,PASS,PASS,PASS,PASS,PASS,PASS,PASS,PASS,FAIL,PASS,PASS,PASS,PASS,PASS,PASS,PASS,PASS,PASS,PASS,PASS,PASS,PASS,PASS,PASS,PASS,PASS,PASS,PASS,PASS,PASS,PASS,PASS,PASS,PASS,PASS,PASS,PASS,PASS,PASS,PASS,PASS,PASS,PASS,PASS,PASS,PASS,PASS,PASS,PASS,PASS,FAIL,FAIL,FAIL,FAIL,PASS,PASS,PASS,PASS
Lang,Lang_1,batch04__Lang_1__createBigInteger__lang_1f_createBigInteger_line723,lang_1f_createBigInteger__line723,createBigInteger,m05,,SUCCESS,FAIL,True,True,0,3,harness/runs/batch04__Lang_1__createBigInteger__lang_1f_createBigInteger_line723/execution/m05.log,PASS,PASS,PASS,PASS,PASS,PASS,PASS,PASS,PASS,PASS,PASS,PASS,PASS,PASS,PASS,PASS,PASS,PASS,PASS,PASS,PASS,PASS,PASS,PASS,PASS,PASS,PASS,PASS,PASS,PASS,PASS,PASS,PASS,FAIL,PASS,PASS,PASS,PASS,PASS,PASS,PASS,PASS,PASS,PASS,PASS,PASS,PASS,PASS,PASS,PASS,PASS,PASS,PASS,PASS,PASS,PASS,PASS,PASS,PASS,PASS,PASS,PASS,PASS,PASS,PASS,PASS,PASS,PASS,PASS,PASS,PASS,PASS,PASS,PASS,PASS,PASS,FAIL,PASS,FAIL,PASS,PASS,PASS,PASS
Lang,Lang_1,batch04__Lang_1__createBigInteger__lang_1f_createBigInteger_line723,lang_1f_createBigInteger__line723,createBigInteger,m07,,SUCCESS,PASS,False,True,0,0,harness/runs/batch04__Lang_1__createBigInteger__lang_1f_createBigInteger_line723/execution/m07.log,PASS,PASS,PASS,PASS,PASS,PASS,PASS,PASS,PASS,PASS,PASS,PASS,PASS,PASS,PASS,PASS,PASS,PASS,PASS,PASS,PASS,PASS,PASS,PASS,PASS,PASS,PASS,PASS,PASS,PASS,PASS,PASS,PASS,PASS,PASS,PASS,PASS,PASS,PASS,PASS,PASS,PASS,PASS,PASS,PASS,PASS,PASS,PASS,PASS,PASS,PASS,PASS,PASS,PASS,PASS,PASS,PASS,PASS,PASS,PASS,PASS,PASS,PASS,PASS,PASS,PASS,PASS,PASS,PASS,PASS,PASS,PASS,PASS,PASS,PASS,PASS,PASS,PASS,PASS,PASS,PASS,PASS,PASS
Lang,Lang_1,batch04__Lang_1__equals__lang_1f_equals_line122,lang_1f_equals__line122,equals,m01,,BASELINE_FAIL,BASELINE_FAIL,False,False,0,0,harness/runs/batch04__Lang_1__equals__lang_1f_equals_line122/execution/m01.log,BASELINE_FAIL,BASELINE_FAIL,BASELINE_FAIL,BASELINE_FAIL,BASELINE_FAIL,BASELINE_FAIL,BASELINE_FAIL,BASELINE_FAIL,BASELINE_FAIL,BASELINE_FAIL,BASELINE_FAIL,BASELINE_FAIL,BASELINE_FAIL,BASELINE_FAIL,BASELINE_FAIL,BASELINE_FAIL,BASELINE_FAIL,BASELINE_FAIL,BASELINE_FAIL,BASELINE_FAIL,BASELINE_FAIL,BASELINE_FAIL,BASELINE_FAIL,BASELINE_FAIL,BASELINE_FAIL,BASELINE_FAIL,BASELINE_FAIL,BASELINE_FAIL,BASELINE_FAIL,BASELINE_FAIL,BASELINE_FAIL,BASELINE_FAIL,BASELINE_FAIL,BASELINE_FAIL,BASELINE_FAIL,BASELINE_FAIL,BASELINE_FAIL,BASELINE_FAIL,BASELINE_FAIL,BASELINE_FAIL,BASELINE_FAIL,BASELINE_FAIL,BASELINE_FAIL,BASELINE_FAIL,BASELINE_FAIL,BASELINE_FAIL,BASELINE_FAIL,BASELINE_FAIL,BASELINE_FAIL,BASELINE_FAIL,BASELINE_FAIL,BASELINE_FAIL,BASELINE_FAIL,BASELINE_FAIL,BASELINE_FAIL,BASELINE_FAIL,BASELINE_FAIL,BASELINE_FAIL,BASELINE_FAIL,BASELINE_FAIL,BASELINE_FAIL,BASELINE_FAIL,BASELINE_FAIL,BASELINE_FAIL,BASELINE_FAIL,BASELINE_FAIL,BASELINE_FAIL,BASELINE_FAIL,BASELINE_FAIL,BASELINE_FAIL,BASELINE_FAIL,BASELINE_FAIL,BASELINE_FAIL,BASELINE_FAIL,BASELINE_FAIL,BASELINE_FAIL,BASELINE_FAIL,BASELINE_FAIL,BASELINE_FAIL,BASELINE_FAIL,BASELINE_FAIL,BASELINE_FAIL,BASELINE_FAIL
Lang,Lang_1,batch04__Lang_1__equals__lang_1f_equals_line122,lang_1f_equals__line122,equals,m02,,BASELINE_FAIL,BASELINE_FAIL,False,False,0,0,harness/runs/batch04__Lang_1__equals__lang_1f_equals_line122/execution/m02.log,BASELINE_FAIL,BASELINE_FAIL,BASELINE_FAIL,BASELINE_FAIL,BASELINE_FAIL,BASELINE_FAIL,BASELINE_FAIL,BASELINE_FAIL,BASELINE_FAIL,BASELINE_FAIL,BASELINE_FAIL,BASELINE_FAIL,BASELINE_FAIL,BASELINE_FAIL,BASELINE_FAIL,BASELINE_FAIL,BASELINE_FAIL,BASELINE_FAIL,BASELINE_FAIL,BASELINE_FAIL,BASELINE_FAIL,BASELINE_FAIL,BASELINE_FAIL,BASELINE_FAIL,BASELINE_FAIL,BASELINE_FAIL,BASELINE_FAIL,BASELINE_FAIL,BASELINE_FAIL,BASELINE_FAIL,BASELINE_FAIL,BASELINE_FAIL,BASELINE_FAIL,BASELINE_FAIL,BASELINE_FAIL,BASELINE_FAIL,BASELINE_FAIL,BASELINE_FAIL,BASELINE_FAIL,BASELINE_FAIL,BASELINE_FAIL,BASELINE_FAIL,BASELINE_FAIL,BASELINE_FAIL,BASELINE_FAIL,BASELINE_FAIL,BASELINE_FAIL,BASELINE_FAIL,BASELINE_FAIL,BASELINE_FAIL,BASELINE_FAIL,BASELINE_FAIL,BASELINE_FAIL,BASELINE_FAIL,BASELINE_FAIL,BASELINE_FAIL,BASELINE_FAIL,BASELINE_FAIL,BASELINE_FAIL,BASELINE_FAIL,BASELINE_FAIL,BASELINE_FAIL,BASELINE_FAIL,BASELINE_FAIL,BASELINE_FAIL,BASELINE_FAIL,BASELINE_FAIL,BASELINE_FAIL,BASELINE_FAIL,BASELINE_FAIL,BASELINE_FAIL,BASELINE_FAIL,BASELINE_FAIL,BASELINE_FAIL,BASELINE_FAIL,BASELINE_FAIL,BASELINE_FAIL,BASELINE_FAIL,BASELINE_FAIL,BASELINE_FAIL,BASELINE_FAIL,BASELINE_FAIL,BASELINE_FAIL
Lang,Lang_1,batch04__Lang_1__equals__lang_1f_equals_line122,lang_1f_equals__line122,equals,m04,,BASELINE_FAIL,BASELINE_FAIL,False,False,0,0,harness/runs/batch04__Lang_1__equals__lang_1f_equals_line122/execution/m04.log,BASELINE_FAIL,BASELINE_FAIL,BASELINE_FAIL,BASELINE_FAIL,BASELINE_FAIL,BASELINE_FAIL,BASELINE_FAIL,BASELINE_FAIL,BASELINE_FAIL,BASELINE_FAIL,BASELINE_FAIL,BASELINE_FAIL,BASELINE_FAIL,BASELINE_FAIL,BASELINE_FAIL,BASELINE_FAIL,BASELINE_FAIL,BASELINE_FAIL,BASELINE_FAIL,BASELINE_FAIL,BASELINE_FAIL,BASELINE_FAIL,BASELINE_FAIL,BASELINE_FAIL,BASELINE_FAIL,BASELINE_FAIL,BASELINE_FAIL,BASELINE_FAIL,BASELINE_FAIL,BASELINE_FAIL,BASELINE_FAIL,BASELINE_FAIL,BASELINE_FAIL,BASELINE_FAIL,BASELINE_FAIL,BASELINE_FAIL,BASELINE_FAIL,BASELINE_FAIL,BASELINE_FAIL,BASELINE_FAIL,BASELINE_FAIL,BASELINE_FAIL,BASELINE_FAIL,BASELINE_FAIL,BASELINE_FAIL,BASELINE_FAIL,BASELINE_FAIL,BASELINE_FAIL,BASELINE_FAIL,BASELINE_FAIL,BASELINE_FAIL,BASELINE_FAIL,BASELINE_FAIL,BASELINE_FAIL,BASELINE_FAIL,BASELINE_FAIL,BASELINE_FAIL,BASELINE_FAIL,BASELINE_FAIL,BASELINE_FAIL,BASELINE_FAIL,BASELINE_FAIL,BASELINE_FAIL,BASELINE_FAIL,BASELINE_FAIL,BASELINE_FAIL,BASELINE_FAIL,BASELINE_FAIL,BASELINE_FAIL,BASELINE_FAIL,BASELINE_FAIL,BASELINE_FAIL,BASELINE_FAIL,BASELINE_FAIL,BASELINE_FAIL,BASELINE_FAIL,BASELINE_FAIL,BASELINE_FAIL,BASELINE_FAIL,BASELINE_FAIL,BASELINE_FAIL,BASELINE_FAIL,BASELINE_FAIL
Lang,Lang_1,batch04__Lang_1__equals__lang_1f_equals_line122,lang_1f_equals__line122,equals,m05,,BASELINE_FAIL,BASELINE_FAIL,False,False,0,0,harness/runs/batch04__Lang_1__equals__lang_1f_equals_line122/execution/m05.log,BASELINE_FAIL,BASELINE_FAIL,BASELINE_FAIL,BASELINE_FAIL,BASELINE_FAIL,BASELINE_FAIL,BASELINE_FAIL,BASELINE_FAIL,BASELINE_FAIL,BASELINE_FAIL,BASELINE_FAIL,BASELINE_FAIL,BASELINE_FAIL,BASELINE_FAIL,BASELINE_FAIL,BASELINE_FAIL,BASELINE_FAIL,BASELINE_FAIL,BASELINE_FAIL,BASELINE_FAIL,BASELINE_FAIL,BASELINE_FAIL,BASELINE_FAIL,BASELINE_FAIL,BASELINE_FAIL,BASELINE_FAIL,BASELINE_FAIL,BASELINE_FAIL,BASELINE_FAIL,BASELINE_FAIL,BASELINE_FAIL,BASELINE_FAIL,BASELINE_FAIL,BASELINE_FAIL,BASELINE_FAIL,BASELINE_FAIL,BASELINE_FAIL,BASELINE_FAIL,BASELINE_FAIL,BASELINE_FAIL,BASELINE_FAIL,BASELINE_FAIL,BASELINE_FAIL,BASELINE_FAIL,BASELINE_FAIL,BASELINE_FAIL,BASELINE_FAIL,BASELINE_FAIL,BASELINE_FAIL,BASELINE_FAIL,BASELINE_FAIL,BASELINE_FAIL,BASELINE_FAIL,BASELINE_FAIL,BASELINE_FAIL,BASELINE_FAIL,BASELINE_FAIL,BASELINE_FAIL,BASELINE_FAIL,BASELINE_FAIL,BASELINE_FAIL,BASELINE_FAIL,BASELINE_FAIL,BASELINE_FAIL,BASELINE_FAIL,BASELINE_FAIL,BASELINE_FAIL,BASELINE_FAIL,BASELINE_FAIL,BASELINE_FAIL,BASELINE_FAIL,BASELINE_FAIL,BASELINE_FAIL,BASELINE_FAIL,BASELINE_FAIL,BASELINE_FAIL,BASELINE_FAIL,BASELINE_FAIL,BASELINE_FAIL,BASELINE_FAIL,BASELINE_FAIL,BASELINE_FAIL,BASELINE_FAIL
Lang,Lang_1,batch04__Lang_1__equals__lang_1f_equals_line122,lang_1f_equals__line122,equals,m06,,BASELINE_FAIL,BASELINE_FAIL,False,False,0,0,harness/runs/batch04__Lang_1__equals__lang_1f_equals_line122/execution/m06.log,BASELINE_FAIL,BASELINE_FAIL,BASELINE_FAIL,BASELINE_FAIL,BASELINE_FAIL,BASELINE_FAIL,BASELINE_FAIL,BASELINE_FAIL,BASELINE_FAIL,BASELINE_FAIL,BASELINE_FAIL,BASELINE_FAIL,BASELINE_FAIL,BASELINE_FAIL,BASELINE_FAIL,BASELINE_FAIL,BASELINE_FAIL,BASELINE_FAIL,BASELINE_FAIL,BASELINE_FAIL,BASELINE_FAIL,BASELINE_FAIL,BASELINE_FAIL,BASELINE_FAIL,BASELINE_FAIL,BASELINE_FAIL,BASELINE_FAIL,BASELINE_FAIL,BASELINE_FAIL,BASELINE_FAIL,BASELINE_FAIL,BASELINE_FAIL,BASELINE_FAIL,BASELINE_FAIL,BASELINE_FAIL,BASELINE_FAIL,BASELINE_FAIL,BASELINE_FAIL,BASELINE_FAIL,BASELINE_FAIL,BASELINE_FAIL,BASELINE_FAIL,BASELINE_FAIL,BASELINE_FAIL,BASELINE_FAIL,BASELINE_FAIL,BASELINE_FAIL,BASELINE_FAIL,BASELINE_FAIL,BASELINE_FAIL,BASELINE_FAIL,BASELINE_FAIL,BASELINE_FAIL,BASELINE_FAIL,BASELINE_FAIL,BASELINE_FAIL,BASELINE_FAIL,BASELINE_FAIL,BASELINE_FAIL,BASELINE_FAIL,BASELINE_FAIL,BASELINE_FAIL,BASELINE_FAIL,BASELINE_FAIL,BASELINE_FAIL,BASELINE_FAIL,BASELINE_FAIL,BASELINE_FAIL,BASELINE_FAIL,BASELINE_FAIL,BASELINE_FAIL,BASELINE_FAIL,BASELINE_FAIL,BASELINE_FAIL,BASELINE_FAIL,BASELINE_FAIL,BASELINE_FAIL,BASELINE_FAIL,BASELINE_FAIL,BASELINE_FAIL,BASELINE_FAIL,BASELINE_FAIL,BASELINE_FAIL
Lang,Lang_1,batch04__Lang_1__equals__lang_1f_equals_line122,lang_1f_equals__line122,equals,m07,,BASELINE_FAIL,BASELINE_FAIL,False,False,0,0,harness/runs/batch04__Lang_1__equals__lang_1f_equals_line122/execution/m07.log,BASELINE_FAIL,BASELINE_FAIL,BASELINE_FAIL,BASELINE_FAIL,BASELINE_FAIL,BASELINE_FAIL,BASELINE_FAIL,BASELINE_FAIL,BASELINE_FAIL,BASELINE_FAIL,BASELINE_FAIL,BASELINE_FAIL,BASELINE_FAIL,BASELINE_FAIL,BASELINE_FAIL,BASELINE_FAIL,BASELINE_FAIL,BASELINE_FAIL,BASELINE_FAIL,BASELINE_FAIL,BASELINE_FAIL,BASELINE_FAIL,BASELINE_FAIL,BASELINE_FAIL,BASELINE_FAIL,BASELINE_FAIL,BASELINE_FAIL,BASELINE_FAIL,BASELINE_FAIL,BASELINE_FAIL,BASELINE_FAIL,BASELINE_FAIL,BASELINE_FAIL,BASELINE_FAIL,BASELINE_FAIL,BASELINE_FAIL,BASELINE_FAIL,BASELINE_FAIL,BASELINE_FAIL,BASELINE_FAIL,BASELINE_FAIL,BASELINE_FAIL,BASELINE_FAIL,BASELINE_FAIL,BASELINE_FAIL,BASELINE_FAIL,BASELINE_FAIL,BASELINE_FAIL,BASELINE_FAIL,BASELINE_FAIL,BASELINE_FAIL,BASELINE_FAIL,BASELINE_FAIL,BASELINE_FAIL,BASELINE_FAIL,BASELINE_FAIL,BASELINE_FAIL,BASELINE_FAIL,BASELINE_FAIL,BASELINE_FAIL,BASELINE_FAIL,BASELINE_FAIL,BASELINE_FAIL,BASELINE_FAIL,BASELINE_FAIL,BASELINE_FAIL,BASELINE_FAIL,BASELINE_FAIL,BASELINE_FAIL,BASELINE_FAIL,BASELINE_FAIL,BASELINE_FAIL,BASELINE_FAIL,BASELINE_FAIL,BASELINE_FAIL,BASELINE_FAIL,BASELINE_FAIL,BASELINE_FAIL,BASELINE_FAIL,BASELINE_FAIL,BASELINE_FAIL,BASELINE_FAIL,BASELINE_FAIL
Lang,Lang_1,batch04__Lang_1__lastIndexOf__lang_1f_lastIndexOf_line1687,lang_1f_lastIndexOf__line1687,lastIndexOf,m02,,SUCCESS,FAIL,True,True,0,2,harness/runs/batch04__Lang_1__lastIndexOf__lang_1f_lastIndexOf_line1687/execution/m02.log,PASS,PASS,PASS,PASS,PASS,PASS,PASS,FAIL,FAIL,PASS,PASS,PASS,PASS,PASS,PASS,PASS,PASS,PASS,PASS,PASS,PASS,PASS,PASS,PASS,PASS,PASS,PASS,PASS,PASS,PASS,PASS,PASS,PASS,PASS,PASS,PASS,PASS,PASS,PASS,PASS,PASS,PASS,PASS,PASS,PASS,PASS,PASS,PASS,PASS,PASS,PASS,PASS,PASS,PASS,PASS,PASS,PASS,PASS,PASS,PASS,PASS,PASS,PASS,PASS,PASS,PASS,PASS,PASS,PASS,PASS,PASS,PASS,PASS,PASS,PASS,PASS,PASS,PASS,PASS,PASS,PASS,PASS,PASS
Lang,Lang_1,batch04__Lang_1__lastIndexOf__lang_1f_lastIndexOf_line1687,lang_1f_lastIndexOf__line1687,lastIndexOf,m03,,SUCCESS,FAIL,True,True,0,1,harness/runs/batch04__Lang_1__lastIndexOf__lang_1f_lastIndexOf_line1687/execution/m03.log,PASS,PASS,PASS,PASS,PASS,PASS,PASS,PASS,PASS,PASS,PASS,PASS,PASS,PASS,PASS,PASS,PASS,PASS,PASS,PASS,PASS,PASS,PASS,PASS,PASS,PASS,PASS,PASS,PASS,PASS,PASS,PASS,PASS,FAIL,PASS,PASS,PASS,PASS,PASS,PASS,PASS,PASS,PASS,PASS,PASS,PASS,PASS,PASS,PASS,PASS,PASS,PASS,PASS,PASS,PASS,PASS,PASS,PASS,PASS,PASS,PASS,PASS,PASS,PASS,PASS,PASS,PASS,PASS,PASS,PASS,PASS,PASS,PASS,PASS,PASS,PASS,PASS,PASS,PASS,PASS,PASS,PASS,PASS
Lang,Lang_1,batch04__Lang_1__lastIndexOf__lang_1f_lastIndexOf_line1687,lang_1f_lastIndexOf__line1687,lastIndexOf,m05,,SUCCESS,FAIL,True,True,0,1,harness/runs/batch04__Lang_1__lastIndexOf__lang_1f_lastIndexOf_line1687/execution/m05.log,PASS,PASS,PASS,PASS,PASS,PASS,PASS,PASS,FAIL,PASS,PASS,PASS,PASS,PASS,PASS,PASS,PASS,PASS,PASS,PASS,PASS,PASS,PASS,PASS,PASS,PASS,PASS,PASS,PASS,PASS,PASS,PASS,PASS,PASS,PASS,PASS,PASS,PASS,PASS,PASS,PASS,PASS,PASS,PASS,PASS,PASS,PASS,PASS,PASS,PASS,PASS,PASS,PASS,PASS,PASS,PASS,PASS,PASS,PASS,PASS,PASS,PASS,PASS,PASS,PASS,PASS,PASS,PASS,PASS,PASS,PASS,PASS,PASS,PASS,PASS,PASS,PASS,PASS,PASS,PASS,PASS,PASS,PASS
Lang,Lang_1,batch04__Lang_1__lastIndexOf__lang_1f_lastIndexOf_line1687,lang_1f_lastIndexOf__line1687,lastIndexOf,m06,,SUCCESS,FAIL,True,True,0,1,harness/runs/batch04__Lang_1__lastIndexOf__lang_1f_lastIndexOf_line1687/execution/m06.log,PASS,PASS,PASS,PASS,PASS,PASS,PASS,PASS,PASS,PASS,PASS,PASS,PASS,PASS,PASS,PASS,PASS,PASS,PASS,PASS,PASS,PASS,PASS,PASS,PASS,PASS,PASS,PASS,PASS,PASS,PASS,PASS,PASS,FAIL,PASS,PASS,PASS,PASS,PASS,PASS,PASS,PASS,PASS,PASS,PASS,PASS,PASS,PASS,PASS,PASS,PASS,PASS,PASS,PASS,PASS,PASS,PASS,PASS,PASS,PASS,PASS,PASS,PASS,PASS,PASS,PASS,PASS,PASS,PASS,PASS,PASS,PASS,PASS,PASS,PASS,PASS,PASS,PASS,PASS,PASS,PASS,PASS,PASS
Lang,Lang_1,batch04__Lang_1__lastIndexOf__lang_1f_lastIndexOf_line1687,lang_1f_lastIndexOf__line1687,lastIndexOf,m08,,SUCCESS,FAIL,True,True,0,1,harness/runs/batch04__Lang_1__lastIndexOf__lang_1f_lastIndexOf_line1687/execution/m08.log,PASS,PASS,PASS,PASS,PASS,PASS,PASS,PASS,PASS,PASS,PASS,PASS,PASS,PASS,PASS,PASS,PASS,PASS,PASS,PASS,PASS,PASS,PASS,PASS,PASS,PASS,PASS,PASS,PASS,PASS,PASS,PASS,PASS,PASS,PASS,PASS,PASS,PASS,PASS,PASS,PASS,PASS,PASS,PASS,PASS,PASS,PASS,PASS,PASS,PASS,PASS,PASS,PASS,PASS,PASS,PASS,PASS,PASS,PASS,PASS,PASS,PASS,PASS,PASS,PASS,PASS,PASS,PASS,PASS,PASS,PASS,PASS,PASS,PASS,PASS,PASS,PASS,PASS,PASS,PASS,PASS,PASS,FAIL
Lang,Lang_1,batch04__Lang_1__pow__lang_1f_pow_line546,lang_1f_pow__line546,pow,m01,,SUCCESS,FAIL,True,True,0,2,harness/runs/batch04__Lang_1__pow__lang_1f_pow_line546/execution/m01.log,PASS,PASS,PASS,PASS,PASS,PASS,PASS,PASS,PASS,PASS,PASS,PASS,PASS,PASS,PASS,PASS,PASS,PASS,PASS,PASS,PASS,PASS,PASS,PASS,PASS,PASS,PASS,PASS,PASS,PASS,PASS,PASS,PASS,FAIL,PASS,PASS,PASS,PASS,PASS,PASS,PASS,PASS,PASS,PASS,PASS,PASS,PASS,PASS,PASS,PASS,PASS,PASS,PASS,PASS,PASS,PASS,PASS,PASS,PASS,PASS,PASS,PASS,PASS,PASS,PASS,PASS,PASS,PASS,PASS,PASS,PASS,PASS,PASS,PASS,FAIL,PASS,PASS,PASS,PASS,PASS,PASS,PASS,PASS
Lang,Lang_1,batch04__Lang_1__pow__lang_1f_pow_line546,lang_1f_pow__line546,pow,m02,,SUCCESS,FAIL,True,True,0,1,harness/runs/batch04__Lang_1__pow__lang_1f_pow_line546/execution/m02.log,PASS,PASS,PASS,PASS,PASS,PASS,PASS,PASS,PASS,PASS,PASS,PASS,PASS,PASS,PASS,PASS,PASS,PASS,PASS,PASS,PASS,PASS,PASS,PASS,PASS,PASS,PASS,PASS,PASS,PASS,PASS,PASS,PASS,FAIL,PASS,PASS,PASS,PASS,PASS,PASS,PASS,PASS,PASS,PASS,PASS,PASS,PASS,PASS,PASS,PASS,PASS,PASS,PASS,PASS,PASS,PASS,PASS,PASS,PASS,PASS,PASS,PASS,PASS,PASS,PASS,PASS,PASS,PASS,PASS,PASS,PASS,PASS,PASS,PASS,PASS,PASS,PASS,PASS,PASS,PASS,PASS,PASS,PASS
Lang,Lang_1,batch04__Lang_1__pow__lang_1f_pow_line546,lang_1f_pow__line546,pow,m04,,SUCCESS,FAIL,True,True,0,2,harness/runs/batch04__Lang_1__pow__lang_1f_pow_line546/execution/m04.log,PASS,PASS,PASS,PASS,PASS,PASS,PASS,PASS,PASS,PASS,PASS,PASS,PASS,PASS,PASS,PASS,PASS,PASS,PASS,PASS,PASS,PASS,PASS,PASS,PASS,PASS,PASS,PASS,PASS,PASS,PASS,PASS,PASS,FAIL,PASS,PASS,PASS,PASS,PASS,PASS,PASS,PASS,PASS,PASS,PASS,PASS,PASS,PASS,PASS,PASS,PASS,PASS,PASS,PASS,PASS,PASS,PASS,PASS,PASS,PASS,PASS,PASS,PASS,PASS,PASS,PASS,PASS,PASS,PASS,PASS,PASS,PASS,PASS,PASS,FAIL,PASS,PASS,PASS,PASS,PASS,PASS,PASS,PASS
Lang,Lang_1,batch04__Lang_1__pow__lang_1f_pow_line546,lang_1f_pow__line546,pow,m05,,SUCCESS,FAIL,True,True,0,1,harness/runs/batch04__Lang_1__pow__lang_1f_pow_line546/execution/m05.log,PASS,PASS,PASS,PASS,PASS,PASS,PASS,PASS,PASS,PASS,PASS,PASS,PASS,PASS,PASS,PASS,PASS,PASS,PASS,PASS,PASS,PASS,PASS,PASS,PASS,PASS,PASS,PASS,PASS,PASS,PASS,PASS,PASS,PASS,PASS,PASS,PASS,PASS,PASS,PASS,PASS,PASS,PASS,PASS,PASS,PASS,PASS,PASS,PASS,PASS,PASS,PASS,PASS,PASS,PASS,PASS,PASS,PASS,PASS,PASS,PASS,PASS,PASS,PASS,PASS,PASS,PASS,PASS,PASS,PASS,PASS,PASS,PASS,PASS,FAIL,PASS,PASS,PASS,PASS,PASS,PASS,PASS,PASS
Lang,Lang_1,batch04__Lang_1__pow__lang_1f_pow_line546,lang_1f_pow__line546,pow,m07,,SUCCESS,FAIL,True,True,0,1,harness/runs/batch04__Lang_1__pow__lang_1f_pow_line546/execution/m07.log,PASS,PASS,PASS,PASS,PASS,PASS,PASS,PASS,PASS,PASS,PASS,PASS,PASS,PASS,PASS,PASS,PASS,PASS,PASS,PASS,PASS,PASS,PASS,PASS,PASS,PASS,PASS,PASS,PASS,PASS,PASS,PASS,PASS,PASS,PASS,PASS,PASS,PASS,PASS,PASS,PASS,PASS,PASS,PASS,PASS,PASS,PASS,PASS,PASS,PASS,PASS,PASS,PASS,PASS,PASS,PASS,PASS,PASS,PASS,PASS,PASS,PASS,PASS,PASS,PASS,PASS,PASS,PASS,PASS,PASS,PASS,PASS,PASS,PASS,FAIL,PASS,PASS,PASS,PASS,PASS,PASS,PASS,PASS
Lang,Lang_1,batch04__Lang_1__toMap__lang_1f_toMap_line234,lang_1f_toMap__line234,toMap,m01,,BASELINE_FAIL,BASELINE_FAIL,False,False,0,0,harness/runs/batch04__Lang_1__toMap__lang_1f_toMap_line234/execution/m01.log,BASELINE_FAIL,BASELINE_FAIL,BASELINE_FAIL,BASELINE_FAIL,BASELINE_FAIL,BASELINE_FAIL,BASELINE_FAIL,BASELINE_FAIL,BASELINE_FAIL,BASELINE_FAIL,BASELINE_FAIL,BASELINE_FAIL,BASELINE_FAIL,BASELINE_FAIL,BASELINE_FAIL,BASELINE_FAIL,BASELINE_FAIL,BASELINE_FAIL,BASELINE_FAIL,BASELINE_FAIL,BASELINE_FAIL,BASELINE_FAIL,BASELINE_FAIL,BASELINE_FAIL,BASELINE_FAIL,BASELINE_FAIL,BASELINE_FAIL,BASELINE_FAIL,BASELINE_FAIL,BASELINE_FAIL,BASELINE_FAIL,BASELINE_FAIL,BASELINE_FAIL,BASELINE_FAIL,BASELINE_FAIL,BASELINE_FAIL,BASELINE_FAIL,BASELINE_FAIL,BASELINE_FAIL,BASELINE_FAIL,BASELINE_FAIL,BASELINE_FAIL,BASELINE_FAIL,BASELINE_FAIL,BASELINE_FAIL,BASELINE_FAIL,BASELINE_FAIL,BASELINE_FAIL,BASELINE_FAIL,BASELINE_FAIL,BASELINE_FAIL,BASELINE_FAIL,BASELINE_FAIL,BASELINE_FAIL,BASELINE_FAIL,BASELINE_FAIL,BASELINE_FAIL,BASELINE_FAIL,BASELINE_FAIL,BASELINE_FAIL,BASELINE_FAIL,BASELINE_FAIL,BASELINE_FAIL,BASELINE_FAIL,BASELINE_FAIL,BASELINE_FAIL,BASELINE_FAIL,BASELINE_FAIL,BASELINE_FAIL,BASELINE_FAIL,BASELINE_FAIL,BASELINE_FAIL,BASELINE_FAIL,BASELINE_FAIL,BASELINE_FAIL,BASELINE_FAIL,BASELINE_FAIL,BASELINE_FAIL,BASELINE_FAIL,BASELINE_FAIL,BASELINE_FAIL,BASELINE_FAIL,BASELINE_FAIL
Lang,Lang_1,batch04__Lang_1__toMap__lang_1f_toMap_line234,lang_1f_toMap__line234,toMap,m02,,BASELINE_FAIL,BASELINE_FAIL,False,False,0,0,harness/runs/batch04__Lang_1__toMap__lang_1f_toMap_line234/execution/m02.log,BASELINE_FAIL,BASELINE_FAIL,BASELINE_FAIL,BASELINE_FAIL,BASELINE_FAIL,BASELINE_FAIL,BASELINE_FAIL,BASELINE_FAIL,BASELINE_FAIL,BASELINE_FAIL,BASELINE_FAIL,BASELINE_FAIL,BASELINE_FAIL,BASELINE_FAIL,BASELINE_FAIL,BASELINE_FAIL,BASELINE_FAIL,BASELINE_FAIL,BASELINE_FAIL,BASELINE_FAIL,BASELINE_FAIL,BASELINE_FAIL,BASELINE_FAIL,BASELINE_FAIL,BASELINE_FAIL,BASELINE_FAIL,BASELINE_FAIL,BASELINE_FAIL,BASELINE_FAIL,BASELINE_FAIL,BASELINE_FAIL,BASELINE_FAIL,BASELINE_FAIL,BASELINE_FAIL,BASELINE_FAIL,BASELINE_FAIL,BASELINE_FAIL,BASELINE_FAIL,BASELINE_FAIL,BASELINE_FAIL,BASELINE_FAIL,BASELINE_FAIL,BASELINE_FAIL,BASELINE_FAIL,BASELINE_FAIL,BASELINE_FAIL,BASELINE_FAIL,BASELINE_FAIL,BASELINE_FAIL,BASELINE_FAIL,BASELINE_FAIL,BASELINE_FAIL,BASELINE_FAIL,BASELINE_FAIL,BASELINE_FAIL,BASELINE_FAIL,BASELINE_FAIL,BASELINE_FAIL,BASELINE_FAIL,BASELINE_FAIL,BASELINE_FAIL,BASELINE_FAIL,BASELINE_FAIL,BASELINE_FAIL,BASELINE_FAIL,BASELINE_FAIL,BASELINE_FAIL,BASELINE_FAIL,BASELINE_FAIL,BASELINE_FAIL,BASELINE_FAIL,BASELINE_FAIL,BASELINE_FAIL,BASELINE_FAIL,BASELINE_FAIL,BASELINE_FAIL,BASELINE_FAIL,BASELINE_FAIL,BASELINE_FAIL,BASELINE_FAIL,BASELINE_FAIL,BASELINE_FAIL,BASELINE_FAIL
Lang,Lang_1,batch04__Lang_1__toMap__lang_1f_toMap_line234,lang_1f_toMap__line234,toMap,m03,,BASELINE_FAIL,BASELINE_FAIL,False,False,0,0,harness/runs/batch04__Lang_1__toMap__lang_1f_toMap_line234/execution/m03.log,BASELINE_FAIL,BASELINE_FAIL,BASELINE_FAIL,BASELINE_FAIL,BASELINE_FAIL,BASELINE_FAIL,BASELINE_FAIL,BASELINE_FAIL,BASELINE_FAIL,BASELINE_FAIL,BASELINE_FAIL,BASELINE_FAIL,BASELINE_FAIL,BASELINE_FAIL,BASELINE_FAIL,BASELINE_FAIL,BASELINE_FAIL,BASELINE_FAIL,BASELINE_FAIL,BASELINE_FAIL,BASELINE_FAIL,BASELINE_FAIL,BASELINE_FAIL,BASELINE_FAIL,BASELINE_FAIL,BASELINE_FAIL,BASELINE_FAIL,BASELINE_FAIL,BASELINE_FAIL,BASELINE_FAIL,BASELINE_FAIL,BASELINE_FAIL,BASELINE_FAIL,BASELINE_FAIL,BASELINE_FAIL,BASELINE_FAIL,BASELINE_FAIL,BASELINE_FAIL,BASELINE_FAIL,BASELINE_FAIL,BASELINE_FAIL,BASELINE_FAIL,BASELINE_FAIL,BASELINE_FAIL,BASELINE_FAIL,BASELINE_FAIL,BASELINE_FAIL,BASELINE_FAIL,BASELINE_FAIL,BASELINE_FAIL,BASELINE_FAIL,BASELINE_FAIL,BASELINE_FAIL,BASELINE_FAIL,BASELINE_FAIL,BASELINE_FAIL,BASELINE_FAIL,BASELINE_FAIL,BASELINE_FAIL,BASELINE_FAIL,BASELINE_FAIL,BASELINE_FAIL,BASELINE_FAIL,BASELINE_FAIL,BASELINE_FAIL,BASELINE_FAIL,BASELINE_FAIL,BASELINE_FAIL,BASELINE_FAIL,BASELINE_FAIL,BASELINE_FAIL,BASELINE_FAIL,BASELINE_FAIL,BASELINE_FAIL,BASELINE_FAIL,BASELINE_FAIL,BASELINE_FAIL,BASELINE_FAIL,BASELINE_FAIL,BASELINE_FAIL,BASELINE_FAIL,BASELINE_FAIL,BASELINE_FAIL
Lang,Lang_1,batch04__Lang_1__toMap__lang_1f_toMap_line234,lang_1f_toMap__line234,toMap,m04,,BASELINE_FAIL,BASELINE_FAIL,False,False,0,0,harness/runs/batch04__Lang_1__toMap__lang_1f_toMap_line234/execution/m04.log,BASELINE_FAIL,BASELINE_FAIL,BASELINE_FAIL,BASELINE_FAIL,BASELINE_FAIL,BASELINE_FAIL,BASELINE_FAIL,BASELINE_FAIL,BASELINE_FAIL,BASELINE_FAIL,BASELINE_FAIL,BASELINE_FAIL,BASELINE_FAIL,BASELINE_FAIL,BASELINE_FAIL,BASELINE_FAIL,BASELINE_FAIL,BASELINE_FAIL,BASELINE_FAIL,BASELINE_FAIL,BASELINE_FAIL,BASELINE_FAIL,BASELINE_FAIL,BASELINE_FAIL,BASELINE_FAIL,BASELINE_FAIL,BASELINE_FAIL,BASELINE_FAIL,BASELINE_FAIL,BASELINE_FAIL,BASELINE_FAIL,BASELINE_FAIL,BASELINE_FAIL,BASELINE_FAIL,BASELINE_FAIL,BASELINE_FAIL,BASELINE_FAIL,BASELINE_FAIL,BASELINE_FAIL,BASELINE_FAIL,BASELINE_FAIL,BASELINE_FAIL,BASELINE_FAIL,BASELINE_FAIL,BASELINE_FAIL,BASELINE_FAIL,BASELINE_FAIL,BASELINE_FAIL,BASELINE_FAIL,BASELINE_FAIL,BASELINE_FAIL,BASELINE_FAIL,BASELINE_FAIL,BASELINE_FAIL,BASELINE_FAIL,BASELINE_FAIL,BASELINE_FAIL,BASELINE_FAIL,BASELINE_FAIL,BASELINE_FAIL,BASELINE_FAIL,BASELINE_FAIL,BASELINE_FAIL,BASELINE_FAIL,BASELINE_FAIL,BASELINE_FAIL,BASELINE_FAIL,BASELINE_FAIL,BASELINE_FAIL,BASELINE_FAIL,BASELINE_FAIL,BASELINE_FAIL,BASELINE_FAIL,BASELINE_FAIL,BASELINE_FAIL,BASELINE_FAIL,BASELINE_FAIL,BASELINE_FAIL,BASELINE_FAIL,BASELINE_FAIL,BASELINE_FAIL,BASELINE_FAIL,BASELINE_FAIL
Lang,Lang_1,batch04__Lang_1__toMap__lang_1f_toMap_line234,lang_1f_toMap__line234,toMap,m05,,BASELINE_FAIL,BASELINE_FAIL,False,False,0,0,harness/runs/batch04__Lang_1__toMap__lang_1f_toMap_line234/execution/m05.log,BASELINE_FAIL,BASELINE_FAIL,BASELINE_FAIL,BASELINE_FAIL,BASELINE_FAIL,BASELINE_FAIL,BASELINE_FAIL,BASELINE_FAIL,BASELINE_FAIL,BASELINE_FAIL,BASELINE_FAIL,BASELINE_FAIL,BASELINE_FAIL,BASELINE_FAIL,BASELINE_FAIL,BASELINE_FAIL,BASELINE_FAIL,BASELINE_FAIL,BASELINE_FAIL,BASELINE_FAIL,BASELINE_FAIL,BASELINE_FAIL,BASELINE_FAIL,BASELINE_FAIL,BASELINE_FAIL,BASELINE_FAIL,BASELINE_FAIL,BASELINE_FAIL,BASELINE_FAIL,BASELINE_FAIL,BASELINE_FAIL,BASELINE_FAIL,BASELINE_FAIL,BASELINE_FAIL,BASELINE_FAIL,BASELINE_FAIL,BASELINE_FAIL,BASELINE_FAIL,BASELINE_FAIL,BASELINE_FAIL,BASELINE_FAIL,BASELINE_FAIL,BASELINE_FAIL,BASELINE_FAIL,BASELINE_FAIL,BASELINE_FAIL,BASELINE_FAIL,BASELINE_FAIL,BASELINE_FAIL,BASELINE_FAIL,BASELINE_FAIL,BASELINE_FAIL,BASELINE_FAIL,BASELINE_FAIL,BASELINE_FAIL,BASELINE_FAIL,BASELINE_FAIL,BASELINE_FAIL,BASELINE_FAIL,BASELINE_FAIL,BASELINE_FAIL,BASELINE_FAIL,BASELINE_FAIL,BASELINE_FAIL,BASELINE_FAIL,BASELINE_FAIL,BASELINE_FAIL,BASELINE_FAIL,BASELINE_FAIL,BASELINE_FAIL,BASELINE_FAIL,BASELINE_FAIL,BASELINE_FAIL,BASELINE_FAIL,BASELINE_FAIL,BASELINE_FAIL,BASELINE_FAIL,BASELINE_FAIL,BASELINE_FAIL,BASELINE_FAIL,BASELINE_FAIL,BASELINE_FAIL,BASELINE_FAIL
Lang,Lang_1,batch04__Lang_1__toMap__lang_1f_toMap_line234,lang_1f_toMap__line234,toMap,m06,,BASELINE_FAIL,BASELINE_FAIL,False,False,0,0,harness/runs/batch04__Lang_1__toMap__lang_1f_toMap_line234/execution/m06.log,BASELINE_FAIL,BASELINE_FAIL,BASELINE_FAIL,BASELINE_FAIL,BASELINE_FAIL,BASELINE_FAIL,BASELINE_FAIL,BASELINE_FAIL,BASELINE_FAIL,BASELINE_FAIL,BASELINE_FAIL,BASELINE_FAIL,BASELINE_FAIL,BASELINE_FAIL,BASELINE_FAIL,BASELINE_FAIL,BASELINE_FAIL,BASELINE_FAIL,BASELINE_FAIL,BASELINE_FAIL,BASELINE_FAIL,BASELINE_FAIL,BASELINE_FAIL,BASELINE_FAIL,BASELINE_FAIL,BASELINE_FAIL,BASELINE_FAIL,BASELINE_FAIL,BASELINE_FAIL,BASELINE_FAIL,BASELINE_FAIL,BASELINE_FAIL,BASELINE_FAIL,BASELINE_FAIL,BASELINE_FAIL,BASELINE_FAIL,BASELINE_FAIL,BASELINE_FAIL,BASELINE_FAIL,BASELINE_FAIL,BASELINE_FAIL,BASELINE_FAIL,BASELINE_FAIL,BASELINE_FAIL,BASELINE_FAIL,BASELINE_FAIL,BASELINE_FAIL,BASELINE_FAIL,BASELINE_FAIL,BASELINE_FAIL,BASELINE_FAIL,BASELINE_FAIL,BASELINE_FAIL,BASELINE_FAIL,BASELINE_FAIL,BASELINE_FAIL,BASELINE_FAIL,BASELINE_FAIL,BASELINE_FAIL,BASELINE_FAIL,BASELINE_FAIL,BASELINE_FAIL,BASELINE_FAIL,BASELINE_FAIL,BASELINE_FAIL,BASELINE_FAIL,BASELINE_FAIL,BASELINE_FAIL,BASELINE_FAIL,BASELINE_FAIL,BASELINE_FAIL,BASELINE_FAIL,BASELINE_FAIL,BASELINE_FAIL,BASELINE_FAIL,BASELINE_FAIL,BASELINE_FAIL,BASELINE_FAIL,BASELINE_FAIL,BASELINE_FAIL,BASELINE_FAIL,BASELINE_FAIL,BASELINE_FAIL
Lang,Lang_1,batch04__Lang_1__toMap__lang_1f_toMap_line234,lang_1f_toMap__line234,toMap,m08,,BASELINE_FAIL,BASELINE_FAIL,False,False,0,0,harness/runs/batch04__Lang_1__toMap__lang_1f_toMap_line234/execution/m08.log,BASELINE_FAIL,BASELINE_FAIL,BASELINE_FAIL,BASELINE_FAIL,BASELINE_FAIL,BASELINE_FAIL,BASELINE_FAIL,BASELINE_FAIL,BASELINE_FAIL,BASELINE_FAIL,BASELINE_FAIL,BASELINE_FAIL,BASELINE_FAIL,BASELINE_FAIL,BASELINE_FAIL,BASELINE_FAIL,BASELINE_FAIL,BASELINE_FAIL,BASELINE_FAIL,BASELINE_FAIL,BASELINE_FAIL,BASELINE_FAIL,BASELINE_FAIL,BASELINE_FAIL,BASELINE_FAIL,BASELINE_FAIL,BASELINE_FAIL,BASELINE_FAIL,BASELINE_FAIL,BASELINE_FAIL,BASELINE_FAIL,BASELINE_FAIL,BASELINE_FAIL,BASELINE_FAIL,BASELINE_FAIL,BASELINE_FAIL,BASELINE_FAIL,BASELINE_FAIL,BASELINE_FAIL,BASELINE_FAIL,BASELINE_FAIL,BASELINE_FAIL,BASELINE_FAIL,BASELINE_FAIL,BASELINE_FAIL,BASELINE_FAIL,BASELINE_FAIL,BASELINE_FAIL,BASELINE_FAIL,BASELINE_FAIL,BASELINE_FAIL,BASELINE_FAIL,BASELINE_FAIL,BASELINE_FAIL,BASELINE_FAIL,BASELINE_FAIL,BASELINE_FAIL,BASELINE_FAIL,BASELINE_FAIL,BASELINE_FAIL,BASELINE_FAIL,BASELINE_FAIL,BASELINE_FAIL,BASELINE_FAIL,BASELINE_FAIL,BASELINE_FAIL,BASELINE_FAIL,BASELINE_FAIL,BASELINE_FAIL,BASELINE_FAIL,BASELINE_FAIL,BASELINE_FAIL,BASELINE_FAIL,BASELINE_FAIL,BASELINE_FAIL,BASELINE_FAIL,BASELINE_FAIL,BASELINE_FAIL,BASELINE_FAIL,BASELINE_FAIL,BASELINE_FAIL,BASELINE_FAIL,BASELINE_FAIL
Lang,Lang_1,batch05__Lang_1__append__lang_1f_append_line821,lang_1f_append__line821,append,m01,,SUCCESS,FAIL,True,True,0,18,harness/runs/batch05__Lang_1__append__lang_1f_append_line821/execution/m01.log,PASS,PASS,PASS,PASS,PASS,PASS,FAIL,PASS,PASS,PASS,PASS,PASS,PASS,PASS,PASS,PASS,PASS,PASS,PASS,PASS,PASS,PASS,PASS,PASS,PASS,PASS,PASS,PASS,PASS,PASS,PASS,PASS,PASS,PASS,PASS,PASS,PASS,PASS,PASS,PASS,PASS,PASS,PASS,PASS,PASS,PASS,PASS,PASS,PASS,PASS,PASS,PASS,PASS,PASS,PASS,FAIL,FAIL,FAIL,FAIL,FAIL,FAIL,FAIL,FAIL,FAIL,FAIL,FAIL,FAIL,FAIL,FAIL,FAIL,PASS,FAIL,FAIL,PASS,PASS,PASS,PASS,PASS,PASS,PASS,PASS,PASS,PASS
Lang,Lang_1,batch05__Lang_1__append__lang_1f_append_line821,lang_1f_append__line821,append,m03,,SUCCESS,FAIL,True,True,0,2,harness/runs/batch05__Lang_1__append__lang_1f_append_line821/execution/m03.log,PASS,PASS,PASS,PASS,PASS,PASS,FAIL,PASS,PASS,PASS,PASS,PASS,PASS,PASS,PASS,PASS,PASS,PASS,PASS,PASS,PASS,PASS,PASS,PASS,PASS,PASS,PASS,PASS,PASS,PASS,PASS,PASS,PASS,PASS,PASS,PASS,PASS,PASS,PASS,PASS,PASS,PASS,PASS,PASS,PASS,PASS,PASS,PASS,PASS,PASS,PASS,PASS,PASS,PASS,PASS,PASS,PASS,PASS,PASS,PASS,PASS,PASS,PASS,PASS,PASS,FAIL,PASS,PASS,PASS,PASS,PASS,PASS,PASS,PASS,PASS,PASS,PASS,PASS,PASS,PASS,PASS,PASS,PASS
Lang,Lang_1,batch05__Lang_1__append__lang_1f_append_line821,lang_1f_append__line821,append,m04,,SUCCESS,FAIL,True,True,0,11,harness/runs/batch05__Lang_1__append__lang_1f_append_line821/execution/m04.log,PASS,PASS,PASS,PASS,PASS,PASS,FAIL,PASS,PASS,PASS,PASS,PASS,PASS,PASS,PASS,PASS,PASS,PASS,PASS,PASS,PASS,PASS,PASS,PASS,PASS,PASS,PASS,PASS,PASS,PASS,PASS,PASS,PASS,PASS,PASS,PASS,PASS,PASS,PASS,PASS,PASS,PASS,PASS,PASS,PASS,PASS,PASS,PASS,PASS,PASS,PASS,PASS,PASS,PASS,PASS,FAIL,FAIL,FAIL,FAIL,FAIL,FAIL,FAIL,FAIL,PASS,PASS,FAIL,PASS,PASS,PASS,PASS,PASS,FAIL,PASS,PASS,PASS,PASS,PASS,PASS,PASS,PASS,PASS,PASS,PASS
Lang,Lang_1,batch05__Lang_1__append__lang_1f_append_line821,lang_1f_append__line821,append,m05,,FAIL,NOT_RUN,False,False,0,0,harness/runs/batch05__Lang_1__append__lang_1f_append_line821/execution/m05.log,BUILD_FAIL,BUILD_FAIL,BUILD_FAIL,BUILD_FAIL,BUILD_FAIL,BUILD_FAIL,BUILD_FAIL,BUILD_FAIL,BUILD_FAIL,BUILD_FAIL,BUILD_FAIL,BUILD_FAIL,BUILD_FAIL,BUILD_FAIL,BUILD_FAIL,BUILD_FAIL,BUILD_FAIL,BUILD_FAIL,BUILD_FAIL,BUILD_FAIL,BUILD_FAIL,BUILD_FAIL,BUILD_FAIL,BUILD_FAIL,BUILD_FAIL,BUILD_FAIL,BUILD_FAIL,BUILD_FAIL,BUILD_FAIL,BUILD_FAIL,BUILD_FAIL,BUILD_FAIL,BUILD_FAIL,BUILD_FAIL,BUILD_FAIL,BUILD_FAIL,BUILD_FAIL,BUILD_FAIL,BUILD_FAIL,BUILD_FAIL,BUILD_FAIL,BUILD_FAIL,BUILD_FAIL,BUILD_FAIL,BUILD_FAIL,BUILD_FAIL,BUILD_FAIL,BUILD_FAIL,BUILD_FAIL,BUILD_FAIL,BUILD_FAIL,BUILD_FAIL,BUILD_FAIL,BUILD_FAIL,BUILD_FAIL,BUILD_FAIL,BUILD_FAIL,BUILD_FAIL,BUILD_FAIL,BUILD_FAIL,BUILD_FAIL,BUILD_FAIL,BUILD_FAIL,BUILD_FAIL,BUILD_FAIL,BUILD_FAIL,BUILD_FAIL,BUILD_FAIL,BUILD_FAIL,BUILD_FAIL,BUILD_FAIL,BUILD_FAIL,BUILD_FAIL,BUILD_FAIL,BUILD_FAIL,BUILD_FAIL,BUILD_FAIL,BUILD_FAIL,BUILD_FAIL,BUILD_FAIL,BUILD_FAIL,BUILD_FAIL,BUILD_FAIL
Lang,Lang_1,batch05__Lang_1__append__lang_1f_append_line821,lang_1f_append__line821,append,m06,,FAIL,NOT_RUN,False,False,0,0,harness/runs/batch05__Lang_1__append__lang_1f_append_line821/execution/m06.log,BUILD_FAIL,BUILD_FAIL,BUILD_FAIL,BUILD_FAIL,BUILD_FAIL,BUILD_FAIL,BUILD_FAIL,BUILD_FAIL,BUILD_FAIL,BUILD_FAIL,BUILD_FAIL,BUILD_FAIL,BUILD_FAIL,BUILD_FAIL,BUILD_FAIL,BUILD_FAIL,BUILD_FAIL,BUILD_FAIL,BUILD_FAIL,BUILD_FAIL,BUILD_FAIL,BUILD_FAIL,BUILD_FAIL,BUILD_FAIL,BUILD_FAIL,BUILD_FAIL,BUILD_FAIL,BUILD_FAIL,BUILD_FAIL,BUILD_FAIL,BUILD_FAIL,BUILD_FAIL,BUILD_FAIL,BUILD_FAIL,BUILD_FAIL,BUILD_FAIL,BUILD_FAIL,BUILD_FAIL,BUILD_FAIL,BUILD_FAIL,BUILD_FAIL,BUILD_FAIL,BUILD_FAIL,BUILD_FAIL,BUILD_FAIL,BUILD_FAIL,BUILD_FAIL,BUILD_FAIL,BUILD_FAIL,BUILD_FAIL,BUILD_FAIL,BUILD_FAIL,BUILD_FAIL,BUILD_FAIL,BUILD_FAIL,BUILD_FAIL,BUILD_FAIL,BUILD_FAIL,BUILD_FAIL,BUILD_FAIL,BUILD_FAIL,BUILD_FAIL,BUILD_FAIL,BUILD_FAIL,BUILD_FAIL,BUILD_FAIL,BUILD_FAIL,BUILD_FAIL,BUILD_FAIL,BUILD_FAIL,BUILD_FAIL,BUILD_FAIL,BUILD_FAIL,BUILD_FAIL,BUILD_FAIL,BUILD_FAIL,BUILD_FAIL,BUILD_FAIL,BUILD_FAIL,BUILD_FAIL,BUILD_FAIL,BUILD_FAIL,BUILD_FAIL
Lang,Lang_1,batch05__Lang_1__append__lang_1f_append_line821,lang_1f_append__line821,append,m07,,SUCCESS,FAIL,True,True,0,8,harness/runs/batch05__Lang_1__append__lang_1f_append_line821/execution/m07.log,PASS,PASS,PASS,PASS,PASS,PASS,PASS,PASS,PASS,PASS,PASS,PASS,PASS,PASS,PASS,PASS,PASS,PASS,PASS,PASS,PASS,PASS,PASS,PASS,PASS,PASS,PASS,PASS,PASS,PASS,PASS,PASS,PASS,PASS,PASS,PASS,PASS,PASS,PASS,PASS,PASS,PASS,PASS,PASS,PASS,PASS,PASS,PASS,PASS,PASS,PASS,PASS,PASS,PASS,PASS,PASS,PASS,PASS,PASS,PASS,PASS,PASS,PASS,FAIL,FAIL,FAIL,FAIL,FAIL,FAIL,FAIL,PASS,PASS,FAIL,PASS,PASS,PASS,PASS,PASS,PASS,PASS,PASS,PASS,PASS
Lang,Lang_1,batch05__Lang_1__arrayMemberEquals__lang_1f_arrayMemberEquals_line287,lang_1f_arrayMemberEquals__line287,arrayMemberEquals,m01,,SUCCESS,FAIL,True,True,0,2,harness/runs/batch05__Lang_1__arrayMemberEquals__lang_1f_arrayMemberEquals_line287/execution/m01.log,PASS,PASS,FAIL,PASS,FAIL,PASS,PASS,PASS,PASS,PASS,PASS,PASS,PASS,PASS,PASS,PASS,PASS,PASS,PASS,PASS,PASS,PASS,PASS,PASS,PASS,PASS,PASS,PASS,PASS,PASS,PASS,PASS,PASS,PASS,PASS,PASS,PASS,PASS,PASS,PASS,PASS,PASS,PASS,PASS,PASS,PASS,PASS,PASS,PASS,PASS,PASS,PASS,PASS,PASS,PASS,PASS,PASS,PASS,PASS,PASS,PASS,PASS,PASS,PASS,PASS,PASS,PASS,PASS,PASS,PASS,PASS,PASS,PASS,PASS,PASS,PASS,PASS,PASS,PASS,PASS,PASS,PASS,PASS
Lang,Lang_1,batch05__Lang_1__arrayMemberEquals__lang_1f_arrayMemberEquals_line287,lang_1f_arrayMemberEquals__line287,arrayMemberEquals,m02,,SUCCESS,FAIL,True,True,0,2,harness/runs/batch05__Lang_1__arrayMemberEquals__lang_1f_arrayMemberEquals_line287/execution/m02.log,PASS,PASS,FAIL,PASS,FAIL,PASS,PASS,PASS,PASS,PASS,PASS,PASS,PASS,PASS,PASS,PASS,PASS,PASS,PASS,PASS,PASS,PASS,PASS,PASS,PASS,PASS,PASS,PASS,PASS,PASS,PASS,PASS,PASS,PASS,PASS,PASS,PASS,PASS,PASS,PASS,PASS,PASS,PASS,PASS,PASS,PASS,PASS,PASS,PASS,PASS,PASS,PASS,PASS,PASS,PASS,PASS,PASS,PASS,PASS,PASS,PASS,PASS,PASS,PASS,PASS,PASS,PASS,PASS,PASS,PASS,PASS,PASS,PASS,PASS,PASS,PASS,PASS,PASS,PASS,PASS,PASS,PASS,PASS
Lang,Lang_1,batch05__Lang_1__arrayMemberEquals__lang_1f_arrayMemberEquals_line287,lang_1f_arrayMemberEquals__line287,arrayMemberEquals,m03,,SUCCESS,FAIL,True,True,0,2,harness/runs/batch05__Lang_1__arrayMemberEquals__lang_1f_arrayMemberEquals_line287/execution/m03.log,PASS,PASS,FAIL,PASS,FAIL,PASS,PASS,PASS,PASS,PASS,PASS,PASS,PASS,PASS,PASS,PASS,PASS,PASS,PASS,PASS,PASS,PASS,PASS,PASS,PASS,PASS,PASS,PASS,PASS,PASS,PASS,PASS,PASS,PASS,PASS,PASS,PASS,PASS,PASS,PASS,PASS,PASS,PASS,PASS,PASS,PASS,PASS,PASS,PASS,PASS,PASS,PASS,PASS,PASS,PASS,PASS,PASS,PASS,PASS,PASS,PASS,PASS,PASS,PASS,PASS,PASS,PASS,PASS,PASS,PASS,PASS,PASS,PASS,PASS,PASS,PASS,PASS,PASS,PASS,PASS,PASS,PASS,PASS
Lang,Lang_1,batch05__Lang_1__arrayMemberEquals__lang_1f_arrayMemberEquals_line287,lang_1f_arrayMemberEquals__line287,arrayMemberEquals,m04,,SUCCESS,FAIL,True,True,0,2,harness/runs/batch05__Lang_1__arrayMemberEquals__lang_1f_arrayMemberEquals_line287/execution/m04.log,PASS,PASS,FAIL,PASS,FAIL,PASS,PASS,PASS,PASS,PASS,PASS,PASS,PASS,PASS,PASS,PASS,PASS,PASS,PASS,PASS,PASS,PASS,PASS,PASS,PASS,PASS,PASS,PASS,PASS,PASS,PASS,PASS,PASS,PASS,PASS,PASS,PASS,PASS,PASS,PASS,PASS,PASS,PASS,PASS,PASS,PASS,PASS,PASS,PASS,PASS,PASS,PASS,PASS,PASS,PASS,PASS,PASS,PASS,PASS,PASS,PASS,PASS,PASS,PASS,PASS,PASS,PASS,PASS,PASS,PASS,PASS,PASS,PASS,PASS,PASS,PASS,PASS,PASS,PASS,PASS,PASS,PASS,PASS
Lang,Lang_1,batch05__Lang_1__arrayMemberEquals__lang_1f_arrayMemberEquals_line287,lang_1f_arrayMemberEquals__line287,arrayMemberEquals,m05,,SUCCESS,FAIL,True,True,0,2,harness/runs/batch05__Lang_1__arrayMemberEquals__lang_1f_arrayMemberEquals_line287/execution/m05.log,PASS,PASS,FAIL,PASS,FAIL,PASS,PASS,PASS,PASS,PASS,PASS,PASS,PASS,PASS,PASS,PASS,PASS,PASS,PASS,PASS,PASS,PASS,PASS,PASS,PASS,PASS,PASS,PASS,PASS,PASS,PASS,PASS,PASS,PASS,PASS,PASS,PASS,PASS,PASS,PASS,PASS,PASS,PASS,PASS,PASS,PASS,PASS,PASS,PASS,PASS,PASS,PASS,PASS,PASS,PASS,PASS,PASS,PASS,PASS,PASS,PASS,PASS,PASS,PASS,PASS,PASS,PASS,PASS,PASS,PASS,PASS,PASS,PASS,PASS,PASS,PASS,PASS,PASS,PASS,PASS,PASS,PASS,PASS
Lang,Lang_1,batch05__Lang_1__arrayMemberEquals__lang_1f_arrayMemberEquals_line287,lang_1f_arrayMemberEquals__line287,arrayMemberEquals,m06,,SUCCESS,FAIL,True,True,0,1,harness/runs/batch05__Lang_1__arrayMemberEquals__lang_1f_arrayMemberEquals_line287/execution/m06.log,PASS,PASS,FAIL,PASS,PASS,PASS,PASS,PASS,PASS,PASS,PASS,PASS,PASS,PASS,PASS,PASS,PASS,PASS,PASS,PASS,PASS,PASS,PASS,PASS,PASS,PASS,PASS,PASS,PASS,PASS,PASS,PASS,PASS,PASS,PASS,PASS,PASS,PASS,PASS,PASS,PASS,PASS,PASS,PASS,PASS,PASS,PASS,PASS,PASS,PASS,PASS,PASS,PASS,PASS,PASS,PASS,PASS,PASS,PASS,PASS,PASS,PASS,PASS,PASS,PASS,PASS,PASS,PASS,PASS,PASS,PASS,PASS,PASS,PASS,PASS,PASS,PASS,PASS,PASS,PASS,PASS,PASS,PASS
Lang,Lang_1,batch05__Lang_1__arrayMemberEquals__lang_1f_arrayMemberEquals_line287,lang_1f_arrayMemberEquals__line287,arrayMemberEquals,m07,,SUCCESS,FAIL,True,True,0,2,harness/runs/batch05__Lang_1__arrayMemberEquals__lang_1f_arrayMemberEquals_line287/execution/m07.log,PASS,PASS,FAIL,PASS,FAIL,PASS,PASS,PASS,PASS,PASS,PASS,PASS,PASS,PASS,PASS,PASS,PASS,PASS,PASS,PASS,PASS,PASS,PASS,PASS,PASS,PASS,PASS,PASS,PASS,PASS,PASS,PASS,PASS,PASS,PASS,PASS,PASS,PASS,PASS,PASS,PASS,PASS,PASS,PASS,PASS,PASS,PASS,PASS,PASS,PASS,PASS,PASS,PASS,PASS,PASS,PASS,PASS,PASS,PASS,PASS,PASS,PASS,PASS,PASS,PASS,PASS,PASS,PASS,PASS,PASS,PASS,PASS,PASS,PASS,PASS,PASS,PASS,PASS,PASS,PASS,PASS,PASS,PASS
Lang,Lang_1,batch05__Lang_1__arrayMemberEquals__lang_1f_arrayMemberEquals_line287,lang_1f_arrayMemberEquals__line287,arrayMemberEquals,m08,,SUCCESS,FAIL,True,True,0,2,harness/runs/batch05__Lang_1__arrayMemberEquals__lang_1f_arrayMemberEquals_line287/execution/m08.log,PASS,PASS,FAIL,PASS,FAIL,PASS,PASS,PASS,PASS,PASS,PASS,PASS,PASS,PASS,PASS,PASS,PASS,PASS,PASS,PASS,PASS,PASS,PASS,PASS,PASS,PASS,PASS,PASS,PASS,PASS,PASS,PASS,PASS,PASS,PASS,PASS,PASS,PASS,PASS,PASS,PASS,PASS,PASS,PASS,PASS,PASS,PASS,PASS,PASS,PASS,PASS,PASS,PASS,PASS,PASS,PASS,PASS,PASS,PASS,PASS,PASS,PASS,PASS,PASS,PASS,PASS,PASS,PASS,PASS,PASS,PASS,PASS,PASS,PASS,PASS,PASS,PASS,PASS,PASS,PASS,PASS,PASS,PASS
Lang,Lang_1,batch05__Lang_1__containsNone__lang_1f_containsNone_line1771,lang_1f_containsNone__line1771,containsNone,m01,,SUCCESS,FAIL,True,True,0,4,harness/runs/batch05__Lang_1__containsNone__lang_1f_containsNone_line1771/execution/m01.log,PASS,PASS,PASS,PASS,PASS,PASS,PASS,PASS,PASS,PASS,PASS,PASS,PASS,PASS,PASS,PASS,PASS,PASS,PASS,PASS,PASS,PASS,PASS,PASS,PASS,PASS,PASS,PASS,PASS,PASS,PASS,PASS,PASS,PASS,PASS,PASS,PASS,PASS,PASS,PASS,PASS,PASS,PASS,PASS,PASS,FAIL,FAIL,PASS,FAIL,FAIL,PASS,PASS,PASS,PASS,PASS,PASS,PASS,PASS,PASS,PASS,PASS,PASS,PASS,PASS,PASS,PASS,PASS,PASS,PASS,PASS,PASS,PASS,PASS,PASS,PASS,PASS,PASS,PASS,PASS,PASS,PASS,PASS,PASS
Lang,Lang_1,batch05__Lang_1__containsNone__lang_1f_containsNone_line1771,lang_1f_containsNone__line1771,containsNone,m02,,SUCCESS,FAIL,True,True,0,9,harness/runs/batch05__Lang_1__containsNone__lang_1f_containsNone_line1771/execution/m02.log,PASS,PASS,PASS,PASS,PASS,PASS,PASS,PASS,PASS,PASS,PASS,PASS,PASS,PASS,PASS,PASS,PASS,PASS,PASS,PASS,PASS,PASS,PASS,PASS,PASS,PASS,PASS,PASS,PASS,PASS,PASS,PASS,PASS,PASS,FAIL,FAIL,PASS,PASS,PASS,PASS,PASS,PASS,PASS,PASS,FAIL,FAIL,FAIL,FAIL,FAIL,FAIL,FAIL,PASS,PASS,PASS,PASS,PASS,PASS,PASS,PASS,PASS,PASS,PASS,PASS,PASS,PASS,PASS,PASS,PASS,PASS,PASS,PASS,PASS,PASS,PASS,PASS,PASS,PASS,PASS,PASS,PASS,PASS,PASS,PASS
Lang,Lang_1,batch05__Lang_1__containsNone__lang_1f_containsNone_line1771,lang_1f_containsNone__line1771,containsNone,m03,,FAIL,NOT_RUN,False,False,0,0,harness/runs/batch05__Lang_1__containsNone__lang_1f_containsNone_line1771/execution/m03.log,BUILD_FAIL,BUILD_FAIL,BUILD_FAIL,BUILD_FAIL,BUILD_FAIL,BUILD_FAIL,BUILD_FAIL,BUILD_FAIL,BUILD_FAIL,BUILD_FAIL,BUILD_FAIL,BUILD_FAIL,BUILD_FAIL,BUILD_FAIL,BUILD_FAIL,BUILD_FAIL,BUILD_FAIL,BUILD_FAIL,BUILD_FAIL,BUILD_FAIL,BUILD_FAIL,BUILD_FAIL,BUILD_FAIL,BUILD_FAIL,BUILD_FAIL,BUILD_FAIL,BUILD_FAIL,BUILD_FAIL,BUILD_FAIL,BUILD_FAIL,BUILD_FAIL,BUILD_FAIL,BUILD_FAIL,BUILD_FAIL,BUILD_FAIL,BUILD_FAIL,BUILD_FAIL,BUILD_FAIL,BUILD_FAIL,BUILD_FAIL,BUILD_FAIL,BUILD_FAIL,BUILD_FAIL,BUILD_FAIL,BUILD_FAIL,BUILD_FAIL,BUILD_FAIL,BUILD_FAIL,BUILD_FAIL,BUILD_FAIL,BUILD_FAIL,BUILD_FAIL,BUILD_FAIL,BUILD_FAIL,BUILD_FAIL,BUILD_FAIL,BUILD_FAIL,BUILD_FAIL,BUILD_FAIL,BUILD_FAIL,BUILD_FAIL,BUILD_FAIL,BUILD_FAIL,BUILD_FAIL,BUILD_FAIL,BUILD_FAIL,BUILD_FAIL,BUILD_FAIL,BUILD_FAIL,BUILD_FAIL,BUILD_FAIL,BUILD_FAIL,BUILD_FAIL,BUILD_FAIL,BUILD_FAIL,BUILD_FAIL,BUILD_FAIL,BUILD_FAIL,BUILD_FAIL,BUILD_FAIL,BUILD_FAIL,BUILD_FAIL,BUILD_FAIL
Lang,Lang_1,batch05__Lang_1__containsNone__lang_1f_containsNone_line1771,lang_1f_containsNone__line1771,containsNone,m04,,SUCCESS,PASS,False,True,0,0,harness/runs/batch05__Lang_1__containsNone__lang_1f_containsNone_line1771/execution/m04.log,PASS,PASS,PASS,PASS,PASS,PASS,PASS,PASS,PASS,PASS,PASS,PASS,PASS,PASS,PASS,PASS,PASS,PASS,PASS,PASS,PASS,PASS,PASS,PASS,PASS,PASS,PASS,PASS,PASS,PASS,PASS,PASS,PASS,PASS,PASS,PASS,PASS,PASS,PASS,PASS,PASS,PASS,PASS,PASS,PASS,PASS,PASS,PASS,PASS,PASS,PASS,PASS,PASS,PASS,PASS,PASS,PASS,PASS,PASS,PASS,PASS,PASS,PASS,PASS,PASS,PASS,PASS,PASS,PASS,PASS,PASS,PASS,PASS,PASS,PASS,PASS,PASS,PASS,PASS,PASS,PASS,PASS,PASS
Lang,Lang_1,batch05__Lang_1__containsNone__lang_1f_containsNone_line1771,lang_1f_containsNone__line1771,containsNone,m05,,FAIL,NOT_RUN,False,False,0,0,harness/runs/batch05__Lang_1__containsNone__lang_1f_containsNone_line1771/execution/m05.log,BUILD_FAIL,BUILD_FAIL,BUILD_FAIL,BUILD_FAIL,BUILD_FAIL,BUILD_FAIL,BUILD_FAIL,BUILD_FAIL,BUILD_FAIL,BUILD_FAIL,BUILD_FAIL,BUILD_FAIL,BUILD_FAIL,BUILD_FAIL,BUILD_FAIL,BUILD_FAIL,BUILD_FAIL,BUILD_FAIL,BUILD_FAIL,BUILD_FAIL,BUILD_FAIL,BUILD_FAIL,BUILD_FAIL,BUILD_FAIL,BUILD_FAIL,BUILD_FAIL,BUILD_FAIL,BUILD_FAIL,BUILD_FAIL,BUILD_FAIL,BUILD_FAIL,BUILD_FAIL,BUILD_FAIL,BUILD_FAIL,BUILD_FAIL,BUILD_FAIL,BUILD_FAIL,BUILD_FAIL,BUILD_FAIL,BUILD_FAIL,BUILD_FAIL,BUILD_FAIL,BUILD_FAIL,BUILD_FAIL,BUILD_FAIL,BUILD_FAIL,BUILD_FAIL,BUILD_FAIL,BUILD_FAIL,BUILD_FAIL,BUILD_FAIL,BUILD_FAIL,BUILD_FAIL,BUILD_FAIL,BUILD_FAIL,BUILD_FAIL,BUILD_FAIL,BUILD_FAIL,BUILD_FAIL,BUILD_FAIL,BUILD_FAIL,BUILD_FAIL,BUILD_FAIL,BUILD_FAIL,BUILD_FAIL,BUILD_FAIL,BUILD_FAIL,BUILD_FAIL,BUILD_FAIL,BUILD_FAIL,BUILD_FAIL,BUILD_FAIL,BUILD_FAIL,BUILD_FAIL,BUILD_FAIL,BUILD_FAIL,BUILD_FAIL,BUILD_FAIL,BUILD_FAIL,BUILD_FAIL,BUILD_FAIL,BUILD_FAIL,BUILD_FAIL
Lang,Lang_1,batch05__Lang_1__containsNone__lang_1f_containsNone_line1771,lang_1f_containsNone__line1771,containsNone,m06,,SUCCESS,FAIL,True,True,0,1,harness/runs/batch05__Lang_1__containsNone__lang_1f_containsNone_line1771/execution/m06.log,PASS,PASS,PASS,PASS,PASS,PASS,PASS,PASS,PASS,PASS,PASS,PASS,PASS,PASS,PASS,PASS,PASS,PASS,PASS,PASS,PASS,PASS,PASS,PASS,PASS,PASS,PASS,PASS,PASS,PASS,PASS,PASS,PASS,PASS,PASS,PASS,PASS,PASS,PASS,PASS,PASS,PASS,PASS,PASS,FAIL,PASS,PASS,PASS,PASS,PASS,PASS,PASS,PASS,PASS,PASS,PASS,PASS,PASS,PASS,PASS,PASS,PASS,PASS,PASS,PASS,PASS,PASS,PASS,PASS,PASS,PASS,PASS,PASS,PASS,PASS,PASS,PASS,PASS,PASS,PASS,PASS,PASS,PASS
Lang,Lang_1,batch05__Lang_1__containsNone__lang_1f_containsNone_line1771,lang_1f_containsNone__line1771,containsNone,m07,,FAIL,NOT_RUN,False,False,0,0,harness/runs/batch05__Lang_1__containsNone__lang_1f_containsNone_line1771/execution/m07.log,BUILD_FAIL,BUILD_FAIL,BUILD_FAIL,BUILD_FAIL,BUILD_FAIL,BUILD_FAIL,BUILD_FAIL,BUILD_FAIL,BUILD_FAIL,BUILD_FAIL,BUILD_FAIL,BUILD_FAIL,BUILD_FAIL,BUILD_FAIL,BUILD_FAIL,BUILD_FAIL,BUILD_FAIL,BUILD_FAIL,BUILD_FAIL,BUILD_FAIL,BUILD_FAIL,BUILD_FAIL,BUILD_FAIL,BUILD_FAIL,BUILD_FAIL,BUILD_FAIL,BUILD_FAIL,BUILD_FAIL,BUILD_FAIL,BUILD_FAIL,BUILD_FAIL,BUILD_FAIL,BUILD_FAIL,BUILD_FAIL,BUILD_FAIL,BUILD_FAIL,BUILD_FAIL,BUILD_FAIL,BUILD_FAIL,BUILD_FAIL,BUILD_FAIL,BUILD_FAIL,BUILD_FAIL,BUILD_FAIL,BUILD_FAIL,BUILD_FAIL,BUILD_FAIL,BUILD_FAIL,BUILD_FAIL,BUILD_FAIL,BUILD_FAIL,BUILD_FAIL,BUILD_FAIL,BUILD_FAIL,BUILD_FAIL,BUILD_FAIL,BUILD_FAIL,BUILD_FAIL,BUILD_FAIL,BUILD_FAIL,BUILD_FAIL,BUILD_FAIL,BUILD_FAIL,BUILD_FAIL,BUILD_FAIL,BUILD_FAIL,BUILD_FAIL,BUILD_FAIL,BUILD_FAIL,BUILD_FAIL,BUILD_FAIL,BUILD_FAIL,BUILD_FAIL,BUILD_FAIL,BUILD_FAIL,BUILD_FAIL,BUILD_FAIL,BUILD_FAIL,BUILD_FAIL,BUILD_FAIL,BUILD_FAIL,BUILD_FAIL,BUILD_FAIL
Lang,Lang_1,batch05__Lang_1__containsNone__lang_1f_containsNone_line1771,lang_1f_containsNone__line1771,containsNone,m08,,FAIL,NOT_RUN,False,False,0,0,harness/runs/batch05__Lang_1__containsNone__lang_1f_containsNone_line1771/execution/m08.log,BUILD_FAIL,BUILD_FAIL,BUILD_FAIL,BUILD_FAIL,BUILD_FAIL,BUILD_FAIL,BUILD_FAIL,BUILD_FAIL,BUILD_FAIL,BUILD_FAIL,BUILD_FAIL,BUILD_FAIL,BUILD_FAIL,BUILD_FAIL,BUILD_FAIL,BUILD_FAIL,BUILD_FAIL,BUILD_FAIL,BUILD_FAIL,BUILD_FAIL,BUILD_FAIL,BUILD_FAIL,BUILD_FAIL,BUILD_FAIL,BUILD_FAIL,BUILD_FAIL,BUILD_FAIL,BUILD_FAIL,BUILD_FAIL,BUILD_FAIL,BUILD_FAIL,BUILD_FAIL,BUILD_FAIL,BUILD_FAIL,BUILD_FAIL,BUILD_FAIL,BUILD_FAIL,BUILD_FAIL,BUILD_FAIL,BUILD_FAIL,BUILD_FAIL,BUILD_FAIL,BUILD_FAIL,BUILD_FAIL,BUILD_FAIL,BUILD_FAIL,BUILD_FAIL,BUILD_FAIL,BUILD_FAIL,BUILD_FAIL,BUILD_FAIL,BUILD_FAIL,BUILD_FAIL,BUILD_FAIL,BUILD_FAIL,BUILD_FAIL,BUILD_FAIL,BUILD_FAIL,BUILD_FAIL,BUILD_FAIL,BUILD_FAIL,BUILD_FAIL,BUILD_FAIL,BUILD_FAIL,BUILD_FAIL,BUILD_FAIL,BUILD_FAIL,BUILD_FAIL,BUILD_FAIL,BUILD_FAIL,BUILD_FAIL,BUILD_FAIL,BUILD_FAIL,BUILD_FAIL,BUILD_FAIL,BUILD_FAIL,BUILD_FAIL,BUILD_FAIL,BUILD_FAIL,BUILD_FAIL,BUILD_FAIL,BUILD_FAIL,BUILD_FAIL
Lang,Lang_1,batch05__Lang_1__createBigInteger__lang_1f_createBigInteger_line723,lang_1f_createBigInteger__line723,createBigInteger,m01,,FAIL,NOT_RUN,False,False,0,0,harness/runs/batch05__Lang_1__createBigInteger__lang_1f_createBigInteger_line723/execution/m01.log,BUILD_FAIL,BUILD_FAIL,BUILD_FAIL,BUILD_FAIL,BUILD_FAIL,BUILD_FAIL,BUILD_FAIL,BUILD_FAIL,BUILD_FAIL,BUILD_FAIL,BUILD_FAIL,BUILD_FAIL,BUILD_FAIL,BUILD_FAIL,BUILD_FAIL,BUILD_FAIL,BUILD_FAIL,BUILD_FAIL,BUILD_FAIL,BUILD_FAIL,BUILD_FAIL,BUILD_FAIL,BUILD_FAIL,BUILD_FAIL,BUILD_FAIL,BUILD_FAIL,BUILD_FAIL,BUILD_FAIL,BUILD_FAIL,BUILD_FAIL,BUILD_FAIL,BUILD_FAIL,BUILD_FAIL,BUILD_FAIL,BUILD_FAIL,BUILD_FAIL,BUILD_FAIL,BUILD_FAIL,BUILD_FAIL,BUILD_FAIL,BUILD_FAIL,BUILD_FAIL,BUILD_FAIL,BUILD_FAIL,BUILD_FAIL,BUILD_FAIL,BUILD_FAIL,BUILD_FAIL,BUILD_FAIL,BUILD_FAIL,BUILD_FAIL,BUILD_FAIL,BUILD_FAIL,BUILD_FAIL,BUILD_FAIL,BUILD_FAIL,BUILD_FAIL,BUILD_FAIL,BUILD_FAIL,BUILD_FAIL,BUILD_FAIL,BUILD_FAIL,BUILD_FAIL,BUILD_FAIL,BUILD_FAIL,BUILD_FAIL,BUILD_FAIL,BUILD_FAIL,BUILD_FAIL,BUILD_FAIL,BUILD_FAIL,BUILD_FAIL,BUILD_FAIL,BUILD_FAIL,BUILD_FAIL,BUILD_FAIL,BUILD_FAIL,BUILD_FAIL,BUILD_FAIL,BUILD_FAIL,BUILD_FAIL,BUILD_FAIL,BUILD_FAIL
Lang,Lang_1,batch05__Lang_1__createBigInteger__lang_1f_createBigInteger_line723,lang_1f_createBigInteger__line723,createBigInteger,m02,,SUCCESS,FAIL,True,True,0,2,harness/runs/batch05__Lang_1__createBigInteger__lang_1f_createBigInteger_line723/execution/m02.log,PASS,PASS,PASS,PASS,PASS,PASS,PASS,PASS,PASS,PASS,PASS,PASS,PASS,PASS,PASS,PASS,PASS,PASS,PASS,PASS,PASS,PASS,PASS,PASS,PASS,PASS,PASS,PASS,PASS,PASS,PASS,PASS,PASS,PASS,PASS,PASS,PASS,PASS,PASS,PASS,PASS,PASS,PASS,PASS,PASS,PASS,PASS,PASS,PASS,PASS,PASS,PASS,PASS,PASS,PASS,PASS,PASS,PASS,PASS,PASS,PASS,PASS,PASS,PASS,PASS,PASS,PASS,PASS,PASS,PASS,PASS,PASS,PASS,PASS,PASS,PASS,FAIL,PASS,FAIL,PASS,PASS,PASS,PASS
Lang,Lang_1,batch05__Lang_1__createBigInteger__lang_1f_createBigInteger_line723,lang_1f_createBigInteger__line723,createBigInteger,m03,,FAIL,NOT_RUN,False,False,0,0,harness/runs/batch05__Lang_1__createBigInteger__lang_1f_createBigInteger_line723/execution/m03.log,BUILD_FAIL,BUILD_FAIL,BUILD_FAIL,BUILD_FAIL,BUILD_FAIL,BUILD_FAIL,BUILD_FAIL,BUILD_FAIL,BUILD_FAIL,BUILD_FAIL,BUILD_FAIL,BUILD_FAIL,BUILD_FAIL,BUILD_FAIL,BUILD_FAIL,BUILD_FAIL,BUILD_FAIL,BUILD_FAIL,BUILD_FAIL,BUILD_FAIL,BUILD_FAIL,BUILD_FAIL,BUILD_FAIL,BUILD_FAIL,BUILD_FAIL,BUILD_FAIL,BUILD_FAIL,BUILD_FAIL,BUILD_FAIL,BUILD_FAIL,BUILD_FAIL,BUILD_FAIL,BUILD_FAIL,BUILD_FAIL,BUILD_FAIL,BUILD_FAIL,BUILD_FAIL,BUILD_FAIL,BUILD_FAIL,BUILD_FAIL,BUILD_FAIL,BUILD_FAIL,BUILD_FAIL,BUILD_FAIL,BUILD_FAIL,BUILD_FAIL,BUILD_FAIL,BUILD_FAIL,BUILD_FAIL,BUILD_FAIL,BUILD_FAIL,BUILD_FAIL,BUILD_FAIL,BUILD_FAIL,BUILD_FAIL,BUILD_FAIL,BUILD_FAIL,BUILD_FAIL,BUILD_FAIL,BUILD_FAIL,BUILD_FAIL,BUILD_FAIL,BUILD_FAIL,BUILD_FAIL,BUILD_FAIL,BUILD_FAIL,BUILD_FAIL,BUILD_FAIL,BUILD_FAIL,BUILD_FAIL,BUILD_FAIL,BUILD_FAIL,BUILD_FAIL,BUILD_FAIL,BUILD_FAIL,BUILD_FAIL,BUILD_FAIL,BUILD_FAIL,BUILD_FAIL,BUILD_FAIL,BUILD_FAIL,BUILD_FAIL,BUILD_FAIL
Lang,Lang_1,batch05__Lang_1__createBigInteger__lang_1f_createBigInteger_line723,lang_1f_createBigInteger__line723,createBigInteger,m04,,SUCCESS,PASS,False,True,0,0,harness/runs/batch05__Lang_1__createBigInteger__lang_1f_createBigInteger_line723/execution/m04.log,PASS,PASS,PASS,PASS,PASS,PASS,PASS,PASS,PASS,PASS,PASS,PASS,PASS,PASS,PASS,PASS,PASS,PASS,PASS,PASS,PASS,PASS,PASS,PASS,PASS,PASS,PASS,PASS,PASS,PASS,PASS,PASS,PASS,PASS,PASS,PASS,PASS,PASS,PASS,PASS,PASS,PASS,PASS,PASS,PASS,PASS,PASS,PASS,PASS,PASS,PASS,PASS,PASS,PASS,PASS,PASS,PASS,PASS,PASS,PASS,PASS,PASS,PASS,PASS,PASS,PASS,PASS,PASS,PASS,PASS,PASS,PASS,PASS,PASS,PASS,PASS,PASS,PASS,PASS,PASS,PASS,PASS,PASS
Lang,Lang_1,batch05__Lang_1__createBigInteger__lang_1f_createBigInteger_line723,lang_1f_createBigInteger__line723,createBigInteger,m05,,FAIL,NOT_RUN,False,False,0,0,harness/runs/batch05__Lang_1__createBigInteger__lang_1f_createBigInteger_line723/execution/m05.log,BUILD_FAIL,BUILD_FAIL,BUILD_FAIL,BUILD_FAIL,BUILD_FAIL,BUILD_FAIL,BUILD_FAIL,BUILD_FAIL,BUILD_FAIL,BUILD_FAIL,BUILD_FAIL,BUILD_FAIL,BUILD_FAIL,BUILD_FAIL,BUILD_FAIL,BUILD_FAIL,BUILD_FAIL,BUILD_FAIL,BUILD_FAIL,BUILD_FAIL,BUILD_FAIL,BUILD_FAIL,BUILD_FAIL,BUILD_FAIL,BUILD_FAIL,BUILD_FAIL,BUILD_FAIL,BUILD_FAIL,BUILD_FAIL,BUILD_FAIL,BUILD_FAIL,BUILD_FAIL,BUILD_FAIL,BUILD_FAIL,BUILD_FAIL,BUILD_FAIL,BUILD_FAIL,BUILD_FAIL,BUILD_FAIL,BUILD_FAIL,BUILD_FAIL,BUILD_FAIL,BUILD_FAIL,BUILD_FAIL,BUILD_FAIL,BUILD_FAIL,BUILD_FAIL,BUILD_FAIL,BUILD_FAIL,BUILD_FAIL,BUILD_FAIL,BUILD_FAIL,BUILD_FAIL,BUILD_FAIL,BUILD_FAIL,BUILD_FAIL,BUILD_FAIL,BUILD_FAIL,BUILD_FAIL,BUILD_FAIL,BUILD_FAIL,BUILD_FAIL,BUILD_FAIL,BUILD_FAIL,BUILD_FAIL,BUILD_FAIL,BUILD_FAIL,BUILD_FAIL,BUILD_FAIL,BUILD_FAIL,BUILD_FAIL,BUILD_FAIL,BUILD_FAIL,BUILD_FAIL,BUILD_FAIL,BUILD_FAIL,BUILD_FAIL,BUILD_FAIL,BUILD_FAIL,BUILD_FAIL,BUILD_FAIL,BUILD_FAIL,BUILD_FAIL
Lang,Lang_1,batch05__Lang_1__createBigInteger__lang_1f_createBigInteger_line723,lang_1f_createBigInteger__line723,createBigInteger,m06,,SUCCESS,FAIL,True,True,0,5,harness/runs/batch05__Lang_1__createBigInteger__lang_1f_createBigInteger_line723/execution/m06.log,PASS,PASS,PASS,PASS,PASS,PASS,PASS,PASS,PASS,PASS,PASS,PASS,PASS,PASS,PASS,PASS,PASS,PASS,PASS,PASS,PASS,PASS,PASS,PASS,PASS,PASS,PASS,PASS,PASS,PASS,PASS,PASS,PASS,PASS,PASS,PASS,PASS,PASS,PASS,PASS,PASS,PASS,PASS,PASS,PASS,PASS,PASS,PASS,PASS,PASS,PASS,PASS,PASS,PASS,PASS,PASS,PASS,PASS,PASS,PASS,PASS,PASS,PASS,PASS,PASS,PASS,PASS,PASS,PASS,PASS,PASS,PASS,PASS,PASS,PASS,FAIL,FAIL,FAIL,FAIL,FAIL,PASS,PASS,PASS
Lang,Lang_1,batch05__Lang_1__createBigInteger__lang_1f_createBigInteger_line723,lang_1f_createBigInteger__line723,createBigInteger,m08,,SUCCESS,FAIL,True,True,0,4,harness/runs/batch05__Lang_1__createBigInteger__lang_1f_createBigInteger_line723/execution/m08.log,PASS,PASS,PASS,PASS,PASS,PASS,PASS,PASS,PASS,PASS,PASS,PASS,PASS,PASS,PASS,PASS,PASS,PASS,PASS,PASS,PASS,PASS,PASS,PASS,PASS,PASS,PASS,PASS,PASS,PASS,PASS,PASS,PASS,PASS,PASS,PASS,PASS,PASS,PASS,PASS,PASS,PASS,PASS,PASS,PASS,PASS,PASS,PASS,PASS,PASS,PASS,PASS,PASS,PASS,PASS,PASS,PASS,PASS,PASS,PASS,PASS,PASS,PASS,PASS,PASS,PASS,PASS,PASS,PASS,PASS,PASS,PASS,PASS,PASS,PASS,FAIL,FAIL,FAIL,FAIL,PASS,PASS,PASS,PASS
Lang,Lang_1,batch05__Lang_1__equals__lang_1f_equals_line122,lang_1f_equals__line122,equals,m01,,SUCCESS,FAIL,True,True,0,2,harness/runs/batch05__Lang_1__equals__lang_1f_equals_line122/execution/m01.log,PASS,PASS,FAIL,FAIL,PASS,PASS,PASS,PASS,PASS,PASS,PASS,PASS,PASS,PASS,PASS,PASS,PASS,PASS,PASS,PASS,PASS,PASS,PASS,PASS,PASS,PASS,PASS,PASS,PASS,PASS,PASS,PASS,PASS,PASS,PASS,PASS,PASS,PASS,PASS,PASS,PASS,PASS,PASS,PASS,PASS,PASS,PASS,PASS,PASS,PASS,PASS,PASS,PASS,PASS,PASS,PASS,PASS,PASS,PASS,PASS,PASS,PASS,PASS,PASS,PASS,PASS,PASS,PASS,PASS,PASS,PASS,PASS,PASS,PASS,PASS,PASS,PASS,PASS,PASS,PASS,PASS,PASS,PASS
Lang,Lang_1,batch05__Lang_1__equals__lang_1f_equals_line122,lang_1f_equals__line122,equals,m02,,SUCCESS,FAIL,True,True,0,2,harness/runs/batch05__Lang_1__equals__lang_1f_equals_line122/execution/m02.log,FAIL,PASS,PASS,PASS,PASS,FAIL,PASS,PASS,PASS,PASS,PASS,PASS,PASS,PASS,PASS,PASS,PASS,PASS,PASS,PASS,PASS,PASS,PASS,PASS,PASS,PASS,PASS,PASS,PASS,PASS,PASS,PASS,PASS,PASS,PASS,PASS,PASS,PASS,PASS,PASS,PASS,PASS,PASS,PASS,PASS,PASS,PASS,PASS,PASS,PASS,PASS,PASS,PASS,PASS,PASS,PASS,PASS,PASS,PASS,PASS,PASS,PASS,PASS,PASS,PASS,PASS,PASS,PASS,PASS,PASS,PASS,PASS,PASS,PASS,PASS,PASS,PASS,PASS,PASS,PASS,PASS,PASS,PASS
Lang,Lang_1,batch05__Lang_1__equals__lang_1f_equals_line122,lang_1f_equals__line122,equals,m03,,SUCCESS,PASS,False,True,0,0,harness/runs/batch05__Lang_1__equals__lang_1f_equals_line122/execution/m03.log,PASS,PASS,PASS,PASS,PASS,PASS,PASS,PASS,PASS,PASS,PASS,PASS,PASS,PASS,PASS,PASS,PASS,PASS,PASS,PASS,PASS,PASS,PASS,PASS,PASS,PASS,PASS,PASS,PASS,PASS,PASS,PASS,PASS,PASS,PASS,PASS,PASS,PASS,PASS,PASS,PASS,PASS,PASS,PASS,PASS,PASS,PASS,PASS,PASS,PASS,PASS,PASS,PASS,PASS,PASS,PASS,PASS,PASS,PASS,PASS,PASS,PASS,PASS,PASS,PASS,PASS,PASS,PASS,PASS,PASS,PASS,PASS,PASS,PASS,PASS,PASS,PASS,PASS,PASS,PASS,PASS,PASS,PASS
Lang,Lang_1,batch05__Lang_1__equals__lang_1f_equals_line122,lang_1f_equals__line122,equals,m04,,SUCCESS,PASS,False,True,0,0,harness/runs/batch05__Lang_1__equals__lang_1f_equals_line122/execution/m04.log,PASS,PASS,PASS,PASS,PASS,PASS,PASS,PASS,PASS,PASS,PASS,PASS,PASS,PASS,PASS,PASS,PASS,PASS,PASS,PASS,PASS,PASS,PASS,PASS,PASS,PASS,PASS,PASS,PASS,PASS,PASS,PASS,PASS,PASS,PASS,PASS,PASS,PASS,PASS,PASS,PASS,PASS,PASS,PASS,PASS,PASS,PASS,PASS,PASS,PASS,PASS,PASS,PASS,PASS,PASS,PASS,PASS,PASS,PASS,PASS,PASS,PASS,PASS,PASS,PASS,PASS,PASS,PASS,PASS,PASS,PASS,PASS,PASS,PASS,PASS,PASS,PASS,PASS,PASS,PASS,PASS,PASS,PASS
Lang,Lang_1,batch05__Lang_1__equals__lang_1f_equals_line122,lang_1f_equals__line122,equals,m08,,SUCCESS,FAIL,True,True,0,2,harness/runs/batch05__Lang_1__equals__lang_1f_equals_line122/execution/m08.log,PASS,PASS,FAIL,FAIL,PASS,PASS,PASS,PASS,PASS,PASS,PASS,PASS,PASS,PASS,PASS,PASS,PASS,PASS,PASS,PASS,PASS,PASS,PASS,PASS,PASS,PASS,PASS,PASS,PASS,PASS,PASS,PASS,PASS,PASS,PASS,PASS,PASS,PASS,PASS,PASS,PASS,PASS,PASS,PASS,PASS,PASS,PASS,PASS,PASS,PASS,PASS,PASS,PASS,PASS,PASS,PASS,PASS,PASS,PASS,PASS,PASS,PASS,PASS,PASS,PASS,PASS,PASS,PASS,PASS,PASS,PASS,PASS,PASS,PASS,PASS,PASS,PASS,PASS,PASS,PASS,PASS,PASS,PASS
Lang,Lang_1,batch05__Lang_1__lastIndexOf__lang_1f_lastIndexOf_line1687,lang_1f_lastIndexOf__line1687,lastIndexOf,m01,,FAIL,NOT_RUN,False,False,0,0,harness/runs/batch05__Lang_1__lastIndexOf__lang_1f_lastIndexOf_line1687/execution/m01.log,BUILD_FAIL,BUILD_FAIL,BUILD_FAIL,BUILD_FAIL,BUILD_FAIL,BUILD_FAIL,BUILD_FAIL,BUILD_FAIL,BUILD_FAIL,BUILD_FAIL,BUILD_FAIL,BUILD_FAIL,BUILD_FAIL,BUILD_FAIL,BUILD_FAIL,BUILD_FAIL,BUILD_FAIL,BUILD_FAIL,BUILD_FAIL,BUILD_FAIL,BUILD_FAIL,BUILD_FAIL,BUILD_FAIL,BUILD_FAIL,BUILD_FAIL,BUILD_FAIL,BUILD_FAIL,BUILD_FAIL,BUILD_FAIL,BUILD_FAIL,BUILD_FAIL,BUILD_FAIL,BUILD_FAIL,BUILD_FAIL,BUILD_FAIL,BUILD_FAIL,BUILD_FAIL,BUILD_FAIL,BUILD_FAIL,BUILD_FAIL,BUILD_FAIL,BUILD_FAIL,BUILD_FAIL,BUILD_FAIL,BUILD_FAIL,BUILD_FAIL,BUILD_FAIL,BUILD_FAIL,BUILD_FAIL,BUILD_FAIL,BUILD_FAIL,BUILD_FAIL,BUILD_FAIL,BUILD_FAIL,BUILD_FAIL,BUILD_FAIL,BUILD_FAIL,BUILD_FAIL,BUILD_FAIL,BUILD_FAIL,BUILD_FAIL,BUILD_FAIL,BUILD_FAIL,BUILD_FAIL,BUILD_FAIL,BUILD_FAIL,BUILD_FAIL,BUILD_FAIL,BUILD_FAIL,BUILD_FAIL,BUILD_FAIL,BUILD_FAIL,BUILD_FAIL,BUILD_FAIL,BUILD_FAIL,BUILD_FAIL,BUILD_FAIL,BUILD_FAIL,BUILD_FAIL,BUILD_FAIL,BUILD_FAIL,BUILD_FAIL,BUILD_FAIL
Lang,Lang_1,batch05__Lang_1__lastIndexOf__lang_1f_lastIndexOf_line1687,lang_1f_lastIndexOf__line1687,lastIndexOf,m02,,SUCCESS,PASS,False,True,0,0,harness/runs/batch05__Lang_1__lastIndexOf__lang_1f_lastIndexOf_line1687/execution/m02.log,PASS,PASS,PASS,PASS,PASS,PASS,PASS,PASS,PASS,PASS,PASS,PASS,PASS,PASS,PASS,PASS,PASS,PASS,PASS,PASS,PASS,PASS,PASS,PASS,PASS,PASS,PASS,PASS,PASS,PASS,PASS,PASS,PASS,PASS,PASS,PASS,PASS,PASS,PASS,PASS,PASS,PASS,PASS,PASS,PASS,PASS,PASS,PASS,PASS,PASS,PASS,PASS,PASS,PASS,PASS,PASS,PASS,PASS,PASS,PASS,PASS,PASS,PASS,PASS,PASS,PASS,PASS,PASS,PASS,PASS,PASS,PASS,PASS,PASS,PASS,PASS,PASS,PASS,PASS,PASS,PASS,PASS,PASS
Lang,Lang_1,batch05__Lang_1__lastIndexOf__lang_1f_lastIndexOf_line1687,lang_1f_lastIndexOf__line1687,lastIndexOf,m03,,FAIL,NOT_RUN,False,False,0,0,harness/runs/batch05__Lang_1__lastIndexOf__lang_1f_lastIndexOf_line1687/execution/m03.log,BUILD_FAIL,BUILD_FAIL,BUILD_FAIL,BUILD_FAIL,BUILD_FAIL,BUILD_FAIL,BUILD_FAIL,BUILD_FAIL,BUILD_FAIL,BUILD_FAIL,BUILD_FAIL,BUILD_FAIL,BUILD_FAIL,BUILD_FAIL,BUILD_FAIL,BUILD_FAIL,BUILD_FAIL,BUILD_FAIL,BUILD_FAIL,BUILD_FAIL,BUILD_FAIL,BUILD_FAIL,BUILD_FAIL,BUILD_FAIL,BUILD_FAIL,BUILD_FAIL,BUILD_FAIL,BUILD_FAIL,BUILD_FAIL,BUILD_FAIL,BUILD_FAIL,BUILD_FAIL,BUILD_FAIL,BUILD_FAIL,BUILD_FAIL,BUILD_FAIL,BUILD_FAIL,BUILD_FAIL,BUILD_FAIL,BUILD_FAIL,BUILD_FAIL,BUILD_FAIL,BUILD_FAIL,BUILD_FAIL,BUILD_FAIL,BUILD_FAIL,BUILD_FAIL,BUILD_FAIL,BUILD_FAIL,BUILD_FAIL,BUILD_FAIL,BUILD_FAIL,BUILD_FAIL,BUILD_FAIL,BUILD_FAIL,BUILD_FAIL,BUILD_FAIL,BUILD_FAIL,BUILD_FAIL,BUILD_FAIL,BUILD_FAIL,BUILD_FAIL,BUILD_FAIL,BUILD_FAIL,BUILD_FAIL,BUILD_FAIL,BUILD_FAIL,BUILD_FAIL,BUILD_FAIL,BUILD_FAIL,BUILD_FAIL,BUILD_FAIL,BUILD_FAIL,BUILD_FAIL,BUILD_FAIL,BUILD_FAIL,BUILD_FAIL,BUILD_FAIL,BUILD_FAIL,BUILD_FAIL,BUILD_FAIL,BUILD_FAIL,BUILD_FAIL
Lang,Lang_1,batch05__Lang_1__lastIndexOf__lang_1f_lastIndexOf_line1687,lang_1f_lastIndexOf__line1687,lastIndexOf,m04,,SUCCESS,FAIL,True,True,0,2,harness/runs/batch05__Lang_1__lastIndexOf__lang_1f_lastIndexOf_line1687/execution/m04.log,PASS,PASS,PASS,PASS,PASS,PASS,PASS,FAIL,FAIL,PASS,PASS,PASS,PASS,PASS,PASS,PASS,PASS,PASS,PASS,PASS,PASS,PASS,PASS,PASS,PASS,PASS,PASS,PASS,PASS,PASS,PASS,PASS,PASS,PASS,PASS,PASS,PASS,PASS,PASS,PASS,PASS,PASS,PASS,PASS,PASS,PASS,PASS,PASS,PASS,PASS,PASS,PASS,PASS,PASS,PASS,PASS,PASS,PASS,PASS,PASS,PASS,PASS,PASS,PASS,PASS,PASS,PASS,PASS,PASS,PASS,PASS,PASS,PASS,PASS,PASS,PASS,PASS,PASS,PASS,PASS,PASS,PASS,PASS
Lang,Lang_1,batch05__Lang_1__lastIndexOf__lang_1f_lastIndexOf_line1687,lang_1f_lastIndexOf__line1687,lastIndexOf,m05,,SUCCESS,FAIL,True,True,0,2,harness/runs/batch05__Lang_1__lastIndexOf__lang_1f_lastIndexOf_line1687/execution/m05.log,PASS,PASS,PASS,PASS,PASS,PASS,PASS,FAIL,FAIL,PASS,PASS,PASS,PASS,PASS,PASS,PASS,PASS,PASS,PASS,PASS,PASS,PASS,PASS,PASS,PASS,PASS,PASS,PASS,PASS,PASS,PASS,PASS,PASS,PASS,PASS,PASS,PASS,PASS,PASS,PASS,PASS,PASS,PASS,PASS,PASS,PASS,PASS,PASS,PASS,PASS,PASS,PASS,PASS,PASS,PASS,PASS,PASS,PASS,PASS,PASS,PASS,PASS,PASS,PASS,PASS,PASS,PASS,PASS,PASS,PASS,PASS,PASS,PASS,PASS,PASS,PASS,PASS,PASS,PASS,PASS,PASS,PASS,PASS
Lang,Lang_1,batch05__Lang_1__lastIndexOf__lang_1f_lastIndexOf_line1687,lang_1f_lastIndexOf__line1687,lastIndexOf,m06,,SUCCESS,PASS,False,True,0,0,harness/runs/batch05__Lang_1__lastIndexOf__lang_1f_lastIndexOf_line1687/execution/m06.log,PASS,PASS,PASS,PASS,PASS,PASS,PASS,PASS,PASS,PASS,PASS,PASS,PASS,PASS,PASS,PASS,PASS,PASS,PASS,PASS,PASS,PASS,PASS,PASS,PASS,PASS,PASS,PASS,PASS,PASS,PASS,PASS,PASS,PASS,PASS,PASS,PASS,PASS,PASS,PASS,PASS,PASS,PASS,PASS,PASS,PASS,PASS,PASS,PASS,PASS,PASS,PASS,PASS,PASS,PASS,PASS,PASS,PASS,PASS,PASS,PASS,PASS,PASS,PASS,PASS,PASS,PASS,PASS,PASS,PASS,PASS,PASS,PASS,PASS,PASS,PASS,PASS,PASS,PASS,PASS,PASS,PASS,PASS
Lang,Lang_1,batch05__Lang_1__lastIndexOf__lang_1f_lastIndexOf_line1687,lang_1f_lastIndexOf__line1687,lastIndexOf,m07,,SUCCESS,PASS,False,True,0,0,harness/runs/batch05__Lang_1__lastIndexOf__lang_1f_lastIndexOf_line1687/execution/m07.log,PASS,PASS,PASS,PASS,PASS,PASS,PASS,PASS,PASS,PASS,PASS,PASS,PASS,PASS,PASS,PASS,PASS,PASS,PASS,PASS,PASS,PASS,PASS,PASS,PASS,PASS,PASS,PASS,PASS,PASS,PASS,PASS,PASS,PASS,PASS,PASS,PASS,PASS,PASS,PASS,PASS,PASS,PASS,PASS,PASS,PASS,PASS,PASS,PASS,PASS,PASS,PASS,PASS,PASS,PASS,PASS,PASS,PASS,PASS,PASS,PASS,PASS,PASS,PASS,PASS,PASS,PASS,PASS,PASS,PASS,PASS,PASS,PASS,PASS,PASS,PASS,PASS,PASS,PASS,PASS,PASS,PASS,PASS
Lang,Lang_1,batch05__Lang_1__lastIndexOf__lang_1f_lastIndexOf_line1687,lang_1f_lastIndexOf__line1687,lastIndexOf,m08,,SUCCESS,FAIL,True,True,0,2,harness/runs/batch05__Lang_1__lastIndexOf__lang_1f_lastIndexOf_line1687/execution/m08.log,PASS,PASS,PASS,PASS,PASS,PASS,PASS,FAIL,FAIL,PASS,PASS,PASS,PASS,PASS,PASS,PASS,PASS,PASS,PASS,PASS,PASS,PASS,PASS,PASS,PASS,PASS,PASS,PASS,PASS,PASS,PASS,PASS,PASS,PASS,PASS,PASS,PASS,PASS,PASS,PASS,PASS,PASS,PASS,PASS,PASS,PASS,PASS,PASS,PASS,PASS,PASS,PASS,PASS,PASS,PASS,PASS,PASS,PASS,PASS,PASS,PASS,PASS,PASS,PASS,PASS,PASS,PASS,PASS,PASS,PASS,PASS,PASS,PASS,PASS,PASS,PASS,PASS,PASS,PASS,PASS,PASS,PASS,PASS
Lang,Lang_1,batch05__Lang_1__pow__lang_1f_pow_line546,lang_1f_pow__line546,pow,m01,,SUCCESS,FAIL,True,True,0,1,harness/runs/batch05__Lang_1__pow__lang_1f_pow_line546/execution/m01.log,PASS,PASS,PASS,PASS,PASS,PASS,PASS,PASS,PASS,PASS,PASS,PASS,PASS,PASS,PASS,PASS,PASS,PASS,PASS,PASS,PASS,PASS,PASS,PASS,PASS,PASS,PASS,PASS,PASS,PASS,PASS,PASS,PASS,PASS,PASS,PASS,PASS,PASS,PASS,PASS,PASS,PASS,PASS,PASS,PASS,PASS,PASS,PASS,PASS,PASS,PASS,PASS,PASS,PASS,PASS,PASS,PASS,PASS,PASS,PASS,PASS,PASS,PASS,PASS,PASS,PASS,PASS,PASS,PASS,PASS,PASS,PASS,PASS,PASS,FAIL,PASS,PASS,PASS,PASS,PASS,PASS,PASS,PASS
Lang,Lang_1,batch05__Lang_1__pow__lang_1f_pow_line546,lang_1f_pow__line546,pow,m02,,FAIL,NOT_RUN,False,False,0,0,harness/runs/batch05__Lang_1__pow__lang_1f_pow_line546/execution/m02.log,BUILD_FAIL,BUILD_FAIL,BUILD_FAIL,BUILD_FAIL,BUILD_FAIL,BUILD_FAIL,BUILD_FAIL,BUILD_FAIL,BUILD_FAIL,BUILD_FAIL,BUILD_FAIL,BUILD_FAIL,BUILD_FAIL,BUILD_FAIL,BUILD_FAIL,BUILD_FAIL,BUILD_FAIL,BUILD_FAIL,BUILD_FAIL,BUILD_FAIL,BUILD_FAIL,BUILD_FAIL,BUILD_FAIL,BUILD_FAIL,BUILD_FAIL,BUILD_FAIL,BUILD_FAIL,BUILD_FAIL,BUILD_FAIL,BUILD_FAIL,BUILD_FAIL,BUILD_FAIL,BUILD_FAIL,BUILD_FAIL,BUILD_FAIL,BUILD_FAIL,BUILD_FAIL,BUILD_FAIL,BUILD_FAIL,BUILD_FAIL,BUILD_FAIL,BUILD_FAIL,BUILD_FAIL,BUILD_FAIL,BUILD_FAIL,BUILD_FAIL,BUILD_FAIL,BUILD_FAIL,BUILD_FAIL,BUILD_FAIL,BUILD_FAIL,BUILD_FAIL,BUILD_FAIL,BUILD_FAIL,BUILD_FAIL,BUILD_FAIL,BUILD_FAIL,BUILD_FAIL,BUILD_FAIL,BUILD_FAIL,BUILD_FAIL,BUILD_FAIL,BUILD_FAIL,BUILD_FAIL,BUILD_FAIL,BUILD_FAIL,BUILD_FAIL,BUILD_FAIL,BUILD_FAIL,BUILD_FAIL,BUILD_FAIL,BUILD_FAIL,BUILD_FAIL,BUILD_FAIL,BUILD_FAIL,BUILD_FAIL,BUILD_FAIL,BUILD_FAIL,BUILD_FAIL,BUILD_FAIL,BUILD_FAIL,BUILD_FAIL,BUILD_FAIL
Lang,Lang_1,batch05__Lang_1__pow__lang_1f_pow_line546,lang_1f_pow__line546,pow,m03,,FAIL,NOT_RUN,False,False,0,0,harness/runs/batch05__Lang_1__pow__lang_1f_pow_line546/execution/m03.log,BUILD_FAIL,BUILD_FAIL,BUILD_FAIL,BUILD_FAIL,BUILD_FAIL,BUILD_FAIL,BUILD_FAIL,BUILD_FAIL,BUILD_FAIL,BUILD_FAIL,BUILD_FAIL,BUILD_FAIL,BUILD_FAIL,BUILD_FAIL,BUILD_FAIL,BUILD_FAIL,BUILD_FAIL,BUILD_FAIL,BUILD_FAIL,BUILD_FAIL,BUILD_FAIL,BUILD_FAIL,BUILD_FAIL,BUILD_FAIL,BUILD_FAIL,BUILD_FAIL,BUILD_FAIL,BUILD_FAIL,BUILD_FAIL,BUILD_FAIL,BUILD_FAIL,BUILD_FAIL,BUILD_FAIL,BUILD_FAIL,BUILD_FAIL,BUILD_FAIL,BUILD_FAIL,BUILD_FAIL,BUILD_FAIL,BUILD_FAIL,BUILD_FAIL,BUILD_FAIL,BUILD_FAIL,BUILD_FAIL,BUILD_FAIL,BUILD_FAIL,BUILD_FAIL,BUILD_FAIL,BUILD_FAIL,BUILD_FAIL,BUILD_FAIL,BUILD_FAIL,BUILD_FAIL,BUILD_FAIL,BUILD_FAIL,BUILD_FAIL,BUILD_FAIL,BUILD_FAIL,BUILD_FAIL,BUILD_FAIL,BUILD_FAIL,BUILD_FAIL,BUILD_FAIL,BUILD_FAIL,BUILD_FAIL,BUILD_FAIL,BUILD_FAIL,BUILD_FAIL,BUILD_FAIL,BUILD_FAIL,BUILD_FAIL,BUILD_FAIL,BUILD_FAIL,BUILD_FAIL,BUILD_FAIL,BUILD_FAIL,BUILD_FAIL,BUILD_FAIL,BUILD_FAIL,BUILD_FAIL,BUILD_FAIL,BUILD_FAIL,BUILD_FAIL
Lang,Lang_1,batch05__Lang_1__pow__lang_1f_pow_line546,lang_1f_pow__line546,pow,m04,,FAIL,NOT_RUN,False,False,0,0,harness/runs/batch05__Lang_1__pow__lang_1f_pow_line546/execution/m04.log,BUILD_FAIL,BUILD_FAIL,BUILD_FAIL,BUILD_FAIL,BUILD_FAIL,BUILD_FAIL,BUILD_FAIL,BUILD_FAIL,BUILD_FAIL,BUILD_FAIL,BUILD_FAIL,BUILD_FAIL,BUILD_FAIL,BUILD_FAIL,BUILD_FAIL,BUILD_FAIL,BUILD_FAIL,BUILD_FAIL,BUILD_FAIL,BUILD_FAIL,BUILD_FAIL,BUILD_FAIL,BUILD_FAIL,BUILD_FAIL,BUILD_FAIL,BUILD_FAIL,BUILD_FAIL,BUILD_FAIL,BUILD_FAIL,BUILD_FAIL,BUILD_FAIL,BUILD_FAIL,BUILD_FAIL,BUILD_FAIL,BUILD_FAIL,BUILD_FAIL,BUILD_FAIL,BUILD_FAIL,BUILD_FAIL,BUILD_FAIL,BUILD_FAIL,BUILD_FAIL,BUILD_FAIL,BUILD_FAIL,BUILD_FAIL,BUILD_FAIL,BUILD_FAIL,BUILD_FAIL,BUILD_FAIL,BUILD_FAIL,BUILD_FAIL,BUILD_FAIL,BUILD_FAIL,BUILD_FAIL,BUILD_FAIL,BUILD_FAIL,BUILD_FAIL,BUILD_FAIL,BUILD_FAIL,BUILD_FAIL,BUILD_FAIL,BUILD_FAIL,BUILD_FAIL,BUILD_FAIL,BUILD_FAIL,BUILD_FAIL,BUILD_FAIL,BUILD_FAIL,BUILD_FAIL,BUILD_FAIL,BUILD_FAIL,BUILD_FAIL,BUILD_FAIL,BUILD_FAIL,BUILD_FAIL,BUILD_FAIL,BUILD_FAIL,BUILD_FAIL,BUILD_FAIL,BUILD_FAIL,BUILD_FAIL,BUILD_FAIL,BUILD_FAIL
Lang,Lang_1,batch05__Lang_1__pow__lang_1f_pow_line546,lang_1f_pow__line546,pow,m05,,FAIL,NOT_RUN,False,False,0,0,harness/runs/batch05__Lang_1__pow__lang_1f_pow_line546/execution/m05.log,BUILD_FAIL,BUILD_FAIL,BUILD_FAIL,BUILD_FAIL,BUILD_FAIL,BUILD_FAIL,BUILD_FAIL,BUILD_FAIL,BUILD_FAIL,BUILD_FAIL,BUILD_FAIL,BUILD_FAIL,BUILD_FAIL,BUILD_FAIL,BUILD_FAIL,BUILD_FAIL,BUILD_FAIL,BUILD_FAIL,BUILD_FAIL,BUILD_FAIL,BUILD_FAIL,BUILD_FAIL,BUILD_FAIL,BUILD_FAIL,BUILD_FAIL,BUILD_FAIL,BUILD_FAIL,BUILD_FAIL,BUILD_FAIL,BUILD_FAIL,BUILD_FAIL,BUILD_FAIL,BUILD_FAIL,BUILD_FAIL,BUILD_FAIL,BUILD_FAIL,BUILD_FAIL,BUILD_FAIL,BUILD_FAIL,BUILD_FAIL,BUILD_FAIL,BUILD_FAIL,BUILD_FAIL,BUILD_FAIL,BUILD_FAIL,BUILD_FAIL,BUILD_FAIL,BUILD_FAIL,BUILD_FAIL,BUILD_FAIL,BUILD_FAIL,BUILD_FAIL,BUILD_FAIL,BUILD_FAIL,BUILD_FAIL,BUILD_FAIL,BUILD_FAIL,BUILD_FAIL,BUILD_FAIL,BUILD_FAIL,BUILD_FAIL,BUILD_FAIL,BUILD_FAIL,BUILD_FAIL,BUILD_FAIL,BUILD_FAIL,BUILD_FAIL,BUILD_FAIL,BUILD_FAIL,BUILD_FAIL,BUILD_FAIL,BUILD_FAIL,BUILD_FAIL,BUILD_FAIL,BUILD_FAIL,BUILD_FAIL,BUILD_FAIL,BUILD_FAIL,BUILD_FAIL,BUILD_FAIL,BUILD_FAIL,BUILD_FAIL,BUILD_FAIL
Lang,Lang_1,batch05__Lang_1__pow__lang_1f_pow_line546,lang_1f_pow__line546,pow,m06,,FAIL,NOT_RUN,False,False,0,0,harness/runs/batch05__Lang_1__pow__lang_1f_pow_line546/execution/m06.log,BUILD_FAIL,BUILD_FAIL,BUILD_FAIL,BUILD_FAIL,BUILD_FAIL,BUILD_FAIL,BUILD_FAIL,BUILD_FAIL,BUILD_FAIL,BUILD_FAIL,BUILD_FAIL,BUILD_FAIL,BUILD_FAIL,BUILD_FAIL,BUILD_FAIL,BUILD_FAIL,BUILD_FAIL,BUILD_FAIL,BUILD_FAIL,BUILD_FAIL,BUILD_FAIL,BUILD_FAIL,BUILD_FAIL,BUILD_FAIL,BUILD_FAIL,BUILD_FAIL,BUILD_FAIL,BUILD_FAIL,BUILD_FAIL,BUILD_FAIL,BUILD_FAIL,BUILD_FAIL,BUILD_FAIL,BUILD_FAIL,BUILD_FAIL,BUILD_FAIL,BUILD_FAIL,BUILD_FAIL,BUILD_FAIL,BUILD_FAIL,BUILD_FAIL,BUILD_FAIL,BUILD_FAIL,BUILD_FAIL,BUILD_FAIL,BUILD_FAIL,BUILD_FAIL,BUILD_FAIL,BUILD_FAIL,BUILD_FAIL,BUILD_FAIL,BUILD_FAIL,BUILD_FAIL,BUILD_FAIL,BUILD_FAIL,BUILD_FAIL,BUILD_FAIL,BUILD_FAIL,BUILD_FAIL,BUILD_FAIL,BUILD_FAIL,BUILD_FAIL,BUILD_FAIL,BUILD_FAIL,BUILD_FAIL,BUILD_FAIL,BUILD_FAIL,BUILD_FAIL,BUILD_FAIL,BUILD_FAIL,BUILD_FAIL,BUILD_FAIL,BUILD_FAIL,BUILD_FAIL,BUILD_FAIL,BUILD_FAIL,BUILD_FAIL,BUILD_FAIL,BUILD_FAIL,BUILD_FAIL,BUILD_FAIL,BUILD_FAIL,BUILD_FAIL
Lang,Lang_1,batch05__Lang_1__pow__lang_1f_pow_line546,lang_1f_pow__line546,pow,m07,,FAIL,NOT_RUN,False,False,0,0,harness/runs/batch05__Lang_1__pow__lang_1f_pow_line546/execution/m07.log,BUILD_FAIL,BUILD_FAIL,BUILD_FAIL,BUILD_FAIL,BUILD_FAIL,BUILD_FAIL,BUILD_FAIL,BUILD_FAIL,BUILD_FAIL,BUILD_FAIL,BUILD_FAIL,BUILD_FAIL,BUILD_FAIL,BUILD_FAIL,BUILD_FAIL,BUILD_FAIL,BUILD_FAIL,BUILD_FAIL,BUILD_FAIL,BUILD_FAIL,BUILD_FAIL,BUILD_FAIL,BUILD_FAIL,BUILD_FAIL,BUILD_FAIL,BUILD_FAIL,BUILD_FAIL,BUILD_FAIL,BUILD_FAIL,BUILD_FAIL,BUILD_FAIL,BUILD_FAIL,BUILD_FAIL,BUILD_FAIL,BUILD_FAIL,BUILD_FAIL,BUILD_FAIL,BUILD_FAIL,BUILD_FAIL,BUILD_FAIL,BUILD_FAIL,BUILD_FAIL,BUILD_FAIL,BUILD_FAIL,BUILD_FAIL,BUILD_FAIL,BUILD_FAIL,BUILD_FAIL,BUILD_FAIL,BUILD_FAIL,BUILD_FAIL,BUILD_FAIL,BUILD_FAIL,BUILD_FAIL,BUILD_FAIL,BUILD_FAIL,BUILD_FAIL,BUILD_FAIL,BUILD_FAIL,BUILD_FAIL,BUILD_FAIL,BUILD_FAIL,BUILD_FAIL,BUILD_FAIL,BUILD_FAIL,BUILD_FAIL,BUILD_FAIL,BUILD_FAIL,BUILD_FAIL,BUILD_FAIL,BUILD_FAIL,BUILD_FAIL,BUILD_FAIL,BUILD_FAIL,BUILD_FAIL,BUILD_FAIL,BUILD_FAIL,BUILD_FAIL,BUILD_FAIL,BUILD_FAIL,BUILD_FAIL,BUILD_FAIL,BUILD_FAIL
Lang,Lang_1,batch06__Lang_1__add__lang_1f_add_line173,lang_1f_add__line173,add,m01,,SUCCESS,FAIL,True,True,0,23,harness/runs/batch06__Lang_1__add__lang_1f_add_line173/execution/m01.log,PASS,PASS,PASS,PASS,PASS,PASS,PASS,PASS,PASS,PASS,FAIL,FAIL,FAIL,FAIL,FAIL,FAIL,FAIL,FAIL,FAIL,FAIL,FAIL,FAIL,FAIL,FAIL,FAIL,FAIL,FAIL,FAIL,FAIL,FAIL,FAIL,FAIL,FAIL,PASS,PASS,PASS,PASS,PASS,PASS,PASS,PASS,PASS,PASS,PASS,PASS,PASS,PASS,PASS,PASS,PASS,PASS,PASS,PASS,PASS,PASS,PASS,PASS,PASS,PASS,PASS,PASS,PASS,PASS,PASS,PASS,PASS,PASS,PASS,PASS,PASS,PASS,PASS,PASS,PASS,PASS,PASS,PASS,PASS,PASS,PASS,PASS,PASS,PASS
Lang,Lang_1,batch06__Lang_1__add__lang_1f_add_line173,lang_1f_add__line173,add,m02,,SUCCESS,FAIL,True,True,0,23,harness/runs/batch06__Lang_1__add__lang_1f_add_line173/execution/m02.log,PASS,PASS,PASS,PASS,PASS,PASS,PASS,PASS,PASS,PASS,FAIL,FAIL,FAIL,FAIL,FAIL,FAIL,FAIL,FAIL,FAIL,FAIL,FAIL,FAIL,FAIL,FAIL,FAIL,FAIL,FAIL,FAIL,FAIL,FAIL,FAIL,FAIL,FAIL,PASS,PASS,PASS,PASS,PASS,PASS,PASS,PASS,PASS,PASS,PASS,PASS,PASS,PASS,PASS,PASS,PASS,PASS,PASS,PASS,PASS,PASS,PASS,PASS,PASS,PASS,PASS,PASS,PASS,PASS,PASS,PASS,PASS,PASS,PASS,PASS,PASS,PASS,PASS,PASS,PASS,PASS,PASS,PASS,PASS,PASS,PASS,PASS,PASS,PASS
Lang,Lang_1,batch06__Lang_1__add__lang_1f_add_line173,lang_1f_add__line173,add,m03,,SUCCESS,FAIL,True,True,0,4,harness/runs/batch06__Lang_1__add__lang_1f_add_line173/execution/m03.log,PASS,PASS,PASS,PASS,PASS,PASS,PASS,PASS,PASS,PASS,PASS,PASS,FAIL,PASS,FAIL,FAIL,FAIL,PASS,PASS,PASS,PASS,PASS,PASS,PASS,PASS,PASS,PASS,PASS,PASS,PASS,PASS,PASS,PASS,PASS,PASS,PASS,PASS,PASS,PASS,PASS,PASS,PASS,PASS,PASS,PASS,PASS,PASS,PASS,PASS,PASS,PASS,PASS,PASS,PASS,PASS,PASS,PASS,PASS,PASS,PASS,PASS,PASS,PASS,PASS,PASS,PASS,PASS,PASS,PASS,PASS,PASS,PASS,PASS,PASS,PASS,PASS,PASS,PASS,PASS,PASS,PASS,PASS,PASS
Lang,Lang_1,batch06__Lang_1__add__lang_1f_add_line173,lang_1f_add__line173,add,m04,,SUCCESS,FAIL,True,True,0,14,harness/runs/batch06__Lang_1__add__lang_1f_add_line173/execution/m04.log,PASS,PASS,PASS,PASS,PASS,PASS,PASS,PASS,PASS,PASS,FAIL,PASS,FAIL,FAIL,PASS,FAIL,FAIL,PASS,PASS,FAIL,PASS,PASS,FAIL,PASS,FAIL,FAIL,FAIL,FAIL,FAIL,FAIL,FAIL,PASS,PASS,PASS,PASS,PASS,PASS,PASS,PASS,PASS,PASS,PASS,PASS,PASS,PASS,PASS,PASS,PASS,PASS,PASS,PASS,PASS,PASS,PASS,PASS,PASS,PASS,PASS,PASS,PASS,PASS,PASS,PASS,PASS,PASS,PASS,PASS,PASS,PASS,PASS,PASS,PASS,PASS,PASS,PASS,PASS,PASS,PASS,PASS,PASS,PASS,PASS,PASS
Lang,Lang_1,batch06__Lang_1__add__lang_1f_add_line173,lang_1f_add__line173,add,m05,,SUCCESS,FAIL,True,True,0,4,harness/runs/batch06__Lang_1__add__lang_1f_add_line173/execution/m05.log,PASS,PASS,PASS,PASS,PASS,PASS,PASS,PASS,PASS,PASS,PASS,FAIL,PASS,PASS,FAIL,FAIL,PASS,PASS,PASS,PASS,PASS,PASS,PASS,PASS,PASS,PASS,PASS,PASS,PASS,PASS,PASS,FAIL,PASS,PASS,PASS,PASS,PASS,PASS,PASS,PASS,PASS,PASS,PASS,PASS,PASS,PASS,PASS,PASS,PASS,PASS,PASS,PASS,PASS,PASS,PASS,PASS,PASS,PASS,PASS,PASS,PASS,PASS,PASS,PASS,PASS,PASS,PASS,PASS,PASS,PASS,PASS,PASS,PASS,PASS,PASS,PASS,PASS,PASS,PASS,PASS,PASS,PASS,PASS
Lang,Lang_1,batch06__Lang_1__add__lang_1f_add_line173,lang_1f_add__line173,add,m06,,SUCCESS,FAIL,True,True,0,5,harness/runs/batch06__Lang_1__add__lang_1f_add_line173/execution/m06.log,PASS,PASS,PASS,PASS,PASS,PASS,PASS,PASS,PASS,PASS,PASS,FAIL,FAIL,PASS,FAIL,FAIL,FAIL,PASS,PASS,PASS,PASS,PASS,PASS,PASS,PASS,PASS,PASS,PASS,PASS,PASS,PASS,PASS,PASS,PASS,PASS,PASS,PASS,PASS,PASS,PASS,PASS,PASS,PASS,PASS,PASS,PASS,PASS,PASS,PASS,PASS,PASS,PASS,PASS,PASS,PASS,PASS,PASS,PASS,PASS,PASS,PASS,PASS,PASS,PASS,PASS,PASS,PASS,PASS,PASS,PASS,PASS,PASS,PASS,PASS,PASS,PASS,PASS,PASS,PASS,PASS,PASS,PASS,PASS
Lang,Lang_1,batch06__Lang_1__add__lang_1f_add_line173,lang_1f_add__line173,add,m07,,SUCCESS,FAIL,True,True,0,15,harness/runs/batch06__Lang_1__add__lang_1f_add_line173/execution/m07.log,PASS,PASS,PASS,PASS,PASS,PASS,PASS,PASS,PASS,PASS,FAIL,PASS,FAIL,FAIL,PASS,FAIL,FAIL,PASS,PASS,FAIL,PASS,PASS,FAIL,FAIL,FAIL,FAIL,FAIL,FAIL,FAIL,FAIL,FAIL,PASS,PASS,PASS,PASS,PASS,PASS,PASS,PASS,PASS,PASS,PASS,PASS,PASS,PASS,PASS,PASS,PASS,PASS,PASS,PASS,PASS,PASS,PASS,PASS,PASS,PASS,PASS,PASS,PASS,PASS,PASS,PASS,PASS,PASS,PASS,PASS,PASS,PASS,PASS,PASS,PASS,PASS,PASS,PASS,PASS,PASS,PASS,PASS,PASS,PASS,PASS,PASS
Lang,Lang_1,batch06__Lang_1__add__lang_1f_add_line173,lang_1f_add__line173,add,m08,,SUCCESS,FAIL,True,True,0,4,harness/runs/batch06__Lang_1__add__lang_1f_add_line173/execution/m08.log,PASS,PASS,PASS,PASS,PASS,PASS,PASS,PASS,PASS,PASS,PASS,FAIL,PASS,PASS,FAIL,FAIL,PASS,PASS,PASS,PASS,PASS,PASS,PASS,PASS,PASS,PASS,PASS,PASS,PASS,PASS,PASS,FAIL,PASS,PASS,PASS,PASS,PASS,PASS,PASS,PASS,PASS,PASS,PASS,PASS,PASS,PASS,PASS,PASS,PASS,PASS,PASS,PASS,PASS,PASS,PASS,PASS,PASS,PASS,PASS,PASS,PASS,PASS,PASS,PASS,PASS,PASS,PASS,PASS,PASS,PASS,PASS,PASS,PASS,PASS,PASS,PASS,PASS,PASS,PASS,PASS,PASS,PASS,PASS
Lang,Lang_1,batch06__Lang_1__append__lang_1f_append_line821,lang_1f_append__line821,append,m01,,SUCCESS,FAIL,True,True,0,18,harness/runs/batch06__Lang_1__append__lang_1f_append_line821/execution/m01.log,PASS,PASS,PASS,PASS,PASS,PASS,FAIL,PASS,PASS,PASS,PASS,PASS,PASS,PASS,PASS,PASS,PASS,PASS,PASS,PASS,PASS,PASS,PASS,PASS,PASS,PASS,PASS,PASS,PASS,PASS,PASS,PASS,PASS,PASS,PASS,PASS,PASS,PASS,PASS,PASS,PASS,PASS,PASS,PASS,PASS,PASS,PASS,PASS,PASS,PASS,PASS,PASS,PASS,PASS,PASS,FAIL,FAIL,FAIL,FAIL,FAIL,FAIL,FAIL,FAIL,FAIL,FAIL,FAIL,FAIL,FAIL,FAIL,FAIL,PASS,FAIL,FAIL,PASS,PASS,PASS,PASS,PASS,PASS,PASS,PASS,PASS,PASS
Lang,Lang_1,batch06__Lang_1__append__lang_1f_append_line821,lang_1f_append__line821,append,m02,,SUCCESS,FAIL,True,True,0,5,harness/runs/batch06__Lang_1__append__lang_1f_append_line821/execution/m02.log,PASS,PASS,PASS,PASS,PASS,PASS,PASS,PASS,PASS,PASS,PASS,PASS,PASS,PASS,PASS,PASS,PASS,PASS,PASS,PASS,PASS,PASS,PASS,PASS,PASS,PASS,PASS,PASS,PASS,PASS,PASS,PASS,PASS,PASS,PASS,PASS,PASS,PASS,PASS,PASS,PASS,PASS,PASS,PASS,PASS,PASS,PASS,PASS,PASS,PASS,PASS,PASS,PASS,PASS,PASS,PASS,FAIL,PASS,PASS,PASS,PASS,PASS,PASS,FAIL,FAIL,FAIL,FAIL,PASS,PASS,PASS,PASS,PASS,PASS,PASS,PASS,PASS,PASS,PASS,PASS,PASS,PASS,PASS,PASS
Lang,Lang_1,batch06__Lang_1__append__lang_1f_append_line821,lang_1f_append__line821,append,m03,,SUCCESS,FAIL,True,True,0,24,harness/runs/batch06__Lang_1__append__lang_1f_append_line821/execution/m03.log,PASS,PASS,PASS,PASS,PASS,PASS,FAIL,PASS,PASS,PASS,PASS,PASS,PASS,PASS,PASS,PASS,PASS,PASS,PASS,PASS,PASS,PASS,PASS,PASS,PASS,PASS,PASS,PASS,PASS,PASS,PASS,PASS,PASS,PASS,PASS,PASS,PASS,PASS,PASS,PASS,PASS,PASS,PASS,PASS,PASS,PASS,PASS,PASS,PASS,PASS,PASS,FAIL,FAIL,FAIL,FAIL,FAIL,FAIL,FAIL,FAIL,FAIL,FAIL,FAIL,FAIL,FAIL,FAIL,FAIL,FAIL,FAIL,FAIL,FAIL,FAIL,FAIL,FAIL,FAIL,PASS,PASS,PASS,PASS,PASS,PASS,PASS,PASS,PASS
Lang,Lang_1,batch06__Lang_1__append__lang_1f_append_line821,lang_1f_append__line821,append,m04,,SUCCESS,FAIL,True,True,0,3,harness/runs/batch06__Lang_1__append__lang_1f_append_line821/execution/m04.log,PASS,PASS,PASS,PASS,PASS,PASS,FAIL,PASS,PASS,PASS,PASS,PASS,PASS,PASS,PASS,PASS,PASS,PASS,PASS,PASS,PASS,PASS,PASS,PASS,PASS,PASS,PASS,PASS,PASS,PASS,PASS,PASS,PASS,PASS,PASS,PASS,PASS,PASS,PASS,PASS,PASS,PASS,PASS,PASS,PASS,PASS,PASS,PASS,PASS,PASS,PASS,PASS,PASS,PASS,PASS,PASS,PASS,PASS,PASS,PASS,PASS,FAIL,FAIL,PASS,PASS,PASS,PASS,PASS,PASS,PASS,PASS,PASS,PASS,PASS,PASS,PASS,PASS,PASS,PASS,PASS,PASS,PASS,PASS
Lang,Lang_1,batch06__Lang_1__append__lang_1f_append_line821,lang_1f_append__line821,append,m05,,SUCCESS,FAIL,True,True,0,2,harness/runs/batch06__Lang_1__append__lang_1f_append_line821/execution/m05.log,PASS,PASS,PASS,PASS,PASS,PASS,FAIL,PASS,PASS,PASS,PASS,PASS,PASS,PASS,PASS,PASS,PASS,PASS,PASS,PASS,PASS,PASS,PASS,PASS,PASS,PASS,PASS,PASS,PASS,PASS,PASS,PASS,PASS,PASS,PASS,PASS,PASS,PASS,PASS,PASS,PASS,PASS,PASS,PASS,PASS,PASS,PASS,PASS,PASS,PASS,PASS,PASS,PASS,PASS,PASS,PASS,PASS,PASS,PASS,PASS,PASS,PASS,FAIL,PASS,PASS,PASS,PASS,PASS,PASS,PASS,PASS,PASS,PASS,PASS,PASS,PASS,PASS,PASS,PASS,PASS,PASS,PASS,PASS
Lang,Lang_1,batch06__Lang_1__append__lang_1f_append_line821,lang_1f_append__line821,append,m06,,SUCCESS,FAIL,True,True,0,2,harness/runs/batch06__Lang_1__append__lang_1f_append_line821/execution/m06.log,PASS,PASS,PASS,PASS,PASS,PASS,FAIL,PASS,PASS,PASS,PASS,PASS,PASS,PASS,PASS,PASS,PASS,PASS,PASS,PASS,PASS,PASS,PASS,PASS,PASS,PASS,PASS,PASS,PASS,PASS,PASS,PASS,PASS,PASS,PASS,PASS,PASS,PASS,PASS,PASS,PASS,PASS,PASS,PASS,PASS,PASS,PASS,PASS,PASS,PASS,PASS,PASS,PASS,PASS,PASS,PASS,PASS,PASS,PASS,PASS,PASS,PASS,PASS,PASS,PASS,FAIL,PASS,PASS,PASS,PASS,PASS,PASS,PASS,PASS,PASS,PASS,PASS,PASS,PASS,PASS,PASS,PASS,PASS
Lang,Lang_1,batch06__Lang_1__append__lang_1f_append_line821,lang_1f_append__line821,append,m07,,SUCCESS,FAIL,True,True,0,8,harness/runs/batch06__Lang_1__append__lang_1f_append_line821/execution/m07.log,PASS,PASS,PASS,PASS,PASS,PASS,PASS,PASS,PASS,PASS,PASS,PASS,PASS,PASS,PASS,PASS,PASS,PASS,PASS,PASS,PASS,PASS,PASS,PASS,PASS,PASS,PASS,PASS,PASS,PASS,PASS,PASS,PASS,PASS,PASS,PASS,PASS,PASS,PASS,PASS,PASS,PASS,PASS,PASS,PASS,PASS,PASS,PASS,PASS,PASS,PASS,PASS,PASS,PASS,PASS,PASS,PASS,PASS,PASS,PASS,PASS,PASS,PASS,FAIL,FAIL,FAIL,FAIL,FAIL,FAIL,FAIL,PASS,PASS,FAIL,PASS,PASS,PASS,PASS,PASS,PASS,PASS,PASS,PASS,PASS
Lang,Lang_1,batch06__Lang_1__append__lang_1f_append_line821,lang_1f_append__line821,append,m08,,SUCCESS,FAIL,True,True,0,14,harness/runs/batch06__Lang_1__append__lang_1f_append_line821/execution/m08.log,PASS,PASS,PASS,PASS,PASS,PASS,FAIL,PASS,PASS,PASS,PASS,PASS,PASS,PASS,PASS,PASS,PASS,PASS,PASS,PASS,PASS,PASS,PASS,PASS,PASS,PASS,PASS,PASS,PASS,PASS,PASS,PASS,PASS,PASS,PASS,PASS,PASS,PASS,PASS,PASS,PASS,PASS,PASS,PASS,PASS,PASS,PASS,PASS,PASS,PASS,PASS,PASS,PASS,PASS,PASS,FAIL,PASS,FAIL,FAIL,FAIL,FAIL,FAIL,FAIL,FAIL,PASS,FAIL,FAIL,PASS,PASS,PASS,PASS,FAIL,FAIL,FAIL,PASS,PASS,PASS,PASS,PASS,PASS,PASS,PASS,PASS
Lang,Lang_1,batch06__Lang_1__arrayMemberEquals__lang_1f_arrayMemberEquals_line287,lang_1f_arrayMemberEquals__line287,arrayMemberEquals,m01,,SUCCESS,FAIL,True,True,0,2,harness/runs/batch06__Lang_1__arrayMemberEquals__lang_1f_arrayMemberEquals_line287/execution/m01.log,PASS,PASS,FAIL,PASS,FAIL,PASS,PASS,PASS,PASS,PASS,PASS,PASS,PASS,PASS,PASS,PASS,PASS,PASS,PASS,PASS,PASS,PASS,PASS,PASS,PASS,PASS,PASS,PASS,PASS,PASS,PASS,PASS,PASS,PASS,PASS,PASS,PASS,PASS,PASS,PASS,PASS,PASS,PASS,PASS,PASS,PASS,PASS,PASS,PASS,PASS,PASS,PASS,PASS,PASS,PASS,PASS,PASS,PASS,PASS,PASS,PASS,PASS,PASS,PASS,PASS,PASS,PASS,PASS,PASS,PASS,PASS,PASS,PASS,PASS,PASS,PASS,PASS,PASS,PASS,PASS,PASS,PASS,PASS
Lang,Lang_1,batch06__Lang_1__arrayMemberEquals__lang_1f_arrayMemberEquals_line287,lang_1f_arrayMemberEquals__line287,arrayMemberEquals,m02,,SUCCESS,FAIL,True,True,0,2,harness/runs/batch06__Lang_1__arrayMemberEquals__lang_1f_arrayMemberEquals_line287/execution/m02.log,PASS,PASS,FAIL,PASS,FAIL,PASS,PASS,PASS,PASS,PASS,PASS,PASS,PASS,PASS,PASS,PASS,PASS,PASS,PASS,PASS,PASS,PASS,PASS,PASS,PASS,PASS,PASS,PASS,PASS,PASS,PASS,PASS,PASS,PASS,PASS,PASS,PASS,PASS,PASS,PASS,PASS,PASS,PASS,PASS,PASS,PASS,PASS,PASS,PASS,PASS,PASS,PASS,PASS,PASS,PASS,PASS,PASS,PASS,PASS,PASS,PASS,PASS,PASS,PASS,PASS,PASS,PASS,PASS,PASS,PASS,PASS,PASS,PASS,PASS,PASS,PASS,PASS,PASS,PASS,PASS,PASS,PASS,PASS
Lang,Lang_1,batch06__Lang_1__arrayMemberEquals__lang_1f_arrayMemberEquals_line287,lang_1f_arrayMemberEquals__line287,arrayMemberEquals,m03,,SUCCESS,FAIL,True,True,0,2,harness/runs/batch06__Lang_1__arrayMemberEquals__lang_1f_arrayMemberEquals_line287/execution/m03.log,PASS,PASS,FAIL,PASS,FAIL,PASS,PASS,PASS,PASS,PASS,PASS,PASS,PASS,PASS,PASS,PASS,PASS,PASS,PASS,PASS,PASS,PASS,PASS,PASS,PASS,PASS,PASS,PASS,PASS,PASS,PASS,PASS,PASS,PASS,PASS,PASS,PASS,PASS,PASS,PASS,PASS,PASS,PASS,PASS,PASS,PASS,PASS,PASS,PASS,PASS,PASS,PASS,PASS,PASS,PASS,PASS,PASS,PASS,PASS,PASS,PASS,PASS,PASS,PASS,PASS,PASS,PASS,PASS,PASS,PASS,PASS,PASS,PASS,PASS,PASS,PASS,PASS,PASS,PASS,PASS,PASS,PASS,PASS
Lang,Lang_1,batch06__Lang_1__arrayMemberEquals__lang_1f_arrayMemberEquals_line287,lang_1f_arrayMemberEquals__line287,arrayMemberEquals,m04,,SUCCESS,FAIL,True,True,0,1,harness/runs/batch06__Lang_1__arrayMemberEquals__lang_1f_arrayMemberEquals_line287/execution/m04.log,PASS,PASS,FAIL,PASS,PASS,PASS,PASS,PASS,PASS,PASS,PASS,PASS,PASS,PASS,PASS,PASS,PASS,PASS,PASS,PASS,PASS,PASS,PASS,PASS,PASS,PASS,PASS,PASS,PASS,PASS,PASS,PASS,PASS,PASS,PASS,PASS,PASS,PASS,PASS,PASS,PASS,PASS,PASS,PASS,PASS,PASS,PASS,PASS,PASS,PASS,PASS,PASS,PASS,PASS,PASS,PASS,PASS,PASS,PASS,PASS,PASS,PASS,PASS,PASS,PASS,PASS,PASS,PASS,PASS,PASS,PASS,PASS,PASS,PASS,PASS,PASS,PASS,PASS,PASS,PASS,PASS,PASS,PASS
Lang,Lang_1,batch06__Lang_1__arrayMemberEquals__lang_1f_arrayMemberEquals_line287,lang_1f_arrayMemberEquals__line287,arrayMemberEquals,m05,,SUCCESS,PASS,False,True,0,0,harness/runs/batch06__Lang_1__arrayMemberEquals__lang_1f_arrayMemberEquals_line287/execution/m05.log,PASS,PASS,PASS,PASS,PASS,PASS,PASS,PASS,PASS,PASS,PASS,PASS,PASS,PASS,PASS,PASS,PASS,PASS,PASS,PASS,PASS,PASS,PASS,PASS,PASS,PASS,PASS,PASS,PASS,PASS,PASS,PASS,PASS,PASS,PASS,PASS,PASS,PASS,PASS,PASS,PASS,PASS,PASS,PASS,PASS,PASS,PASS,PASS,PASS,PASS,PASS,PASS,PASS,PASS,PASS,PASS,PASS,PASS,PASS,PASS,PASS,PASS,PASS,PASS,PASS,PASS,PASS,PASS,PASS,PASS,PASS,PASS,PASS,PASS,PASS,PASS,PASS,PASS,PASS,PASS,PASS,PASS,PASS
Lang,Lang_1,batch06__Lang_1__arrayMemberEquals__lang_1f_arrayMemberEquals_line287,lang_1f_arrayMemberEquals__line287,arrayMemberEquals,m06,,SUCCESS,FAIL,True,True,0,1,harness/runs/batch06__Lang_1__arrayMemberEquals__lang_1f_arrayMemberEquals_line287/execution/m06.log,PASS,PASS,FAIL,PASS,PASS,PASS,PASS,PASS,PASS,PASS,PASS,PASS,PASS,PASS,PASS,PASS,PASS,PASS,PASS,PASS,PASS,PASS,PASS,PASS,PASS,PASS,PASS,PASS,PASS,PASS,PASS,PASS,PASS,PASS,PASS,PASS,PASS,PASS,PASS,PASS,PASS,PASS,PASS,PASS,PASS,PASS,PASS,PASS,PASS,PASS,PASS,PASS,PASS,PASS,PASS,PASS,PASS,PASS,PASS,PASS,PASS,PASS,PASS,PASS,PASS,PASS,PASS,PASS,PASS,PASS,PASS,PASS,PASS,PASS,PASS,PASS,PASS,PASS,PASS,PASS,PASS,PASS,PASS
Lang,Lang_1,batch06__Lang_1__arrayMemberEquals__lang_1f_arrayMemberEquals_line287,lang_1f_arrayMemberEquals__line287,arrayMemberEquals,m07,,SUCCESS,FAIL,True,True,0,1,harness/runs/batch06__Lang_1__arrayMemberEquals__lang_1f_arrayMemberEquals_line287/execution/m07.log,PASS,PASS,FAIL,PASS,PASS,PASS,PASS,PASS,PASS,PASS,PASS,PASS,PASS,PASS,PASS,PASS,PASS,PASS,PASS,PASS,PASS,PASS,PASS,PASS,PASS,PASS,PASS,PASS,PASS,PASS,PASS,PASS,PASS,PASS,PASS,PASS,PASS,PASS,PASS,PASS,PASS,PASS,PASS,PASS,PASS,PASS,PASS,PASS,PASS,PASS,PASS,PASS,PASS,PASS,PASS,PASS,PASS,PASS,PASS,PASS,PASS,PASS,PASS,PASS,PASS,PASS,PASS,PASS,PASS,PASS,PASS,PASS,PASS,PASS,PASS,PASS,PASS,PASS,PASS,PASS,PASS,PASS,PASS
Lang,Lang_1,batch06__Lang_1__arrayMemberEquals__lang_1f_arrayMemberEquals_line287,lang_1f_arrayMemberEquals__line287,arrayMemberEquals,m08,,SUCCESS,FAIL,True,True,0,2,harness/runs/batch06__Lang_1__arrayMemberEquals__lang_1f_arrayMemberEquals_line287/execution/m08.log,PASS,PASS,FAIL,PASS,FAIL,PASS,PASS,PASS,PASS,PASS,PASS,PASS,PASS,PASS,PASS,PASS,PASS,PASS,PASS,PASS,PASS,PASS,PASS,PASS,PASS,PASS,PASS,PASS,PASS,PASS,PASS,PASS,PASS,PASS,PASS,PASS,PASS,PASS,PASS,PASS,PASS,PASS,PASS,PASS,PASS,PASS,PASS,PASS,PASS,PASS,PASS,PASS,PASS,PASS,PASS,PASS,PASS,PASS,PASS,PASS,PASS,PASS,PASS,PASS,PASS,PASS,PASS,PASS,PASS,PASS,PASS,PASS,PASS,PASS,PASS,PASS,PASS,PASS,PASS,PASS,PASS,PASS,PASS
Lang,Lang_1,batch06__Lang_1__containsAny__lang_1f_containsAny_line1515,lang_1f_containsAny__line1515,containsAny,m01,,SUCCESS,FAIL,True,True,0,2,harness/runs/batch06__Lang_1__containsAny__lang_1f_containsAny_line1515/execution/m01.log,PASS,PASS,PASS,PASS,PASS,PASS,PASS,PASS,PASS,PASS,PASS,PASS,PASS,PASS,PASS,PASS,PASS,PASS,PASS,PASS,PASS,PASS,PASS,PASS,PASS,PASS,PASS,PASS,PASS,PASS,PASS,PASS,PASS,PASS,PASS,PASS,PASS,PASS,FAIL,PASS,PASS,FAIL,PASS,PASS,PASS,PASS,PASS,PASS,PASS,PASS,PASS,PASS,PASS,PASS,PASS,PASS,PASS,PASS,PASS,PASS,PASS,PASS,PASS,PASS,PASS,PASS,PASS,PASS,PASS,PASS,PASS,PASS,PASS,PASS,PASS,PASS,PASS,PASS,PASS,PASS,PASS,PASS,PASS
Lang,Lang_1,batch06__Lang_1__containsAny__lang_1f_containsAny_line1515,lang_1f_containsAny__line1515,containsAny,m02,,SUCCESS,FAIL,True,True,0,1,harness/runs/batch06__Lang_1__containsAny__lang_1f_containsAny_line1515/execution/m02.log,PASS,PASS,PASS,PASS,PASS,PASS,PASS,PASS,PASS,PASS,PASS,PASS,PASS,PASS,PASS,PASS,PASS,PASS,PASS,PASS,PASS,PASS,PASS,PASS,PASS,PASS,PASS,PASS,PASS,PASS,PASS,PASS,PASS,PASS,PASS,PASS,PASS,PASS,FAIL,PASS,PASS,PASS,PASS,PASS,PASS,PASS,PASS,PASS,PASS,PASS,PASS,PASS,PASS,PASS,PASS,PASS,PASS,PASS,PASS,PASS,PASS,PASS,PASS,PASS,PASS,PASS,PASS,PASS,PASS,PASS,PASS,PASS,PASS,PASS,PASS,PASS,PASS,PASS,PASS,PASS,PASS,PASS,PASS
Lang,Lang_1,batch06__Lang_1__containsAny__lang_1f_containsAny_line1515,lang_1f_containsAny__line1515,containsAny,m03,,SUCCESS,FAIL,True,True,0,1,harness/runs/batch06__Lang_1__containsAny__lang_1f_containsAny_line1515/execution/m03.log,PASS,PASS,PASS,PASS,PASS,PASS,PASS,PASS,PASS,PASS,PASS,PASS,PASS,PASS,PASS,PASS,PASS,PASS,PASS,PASS,PASS,PASS,PASS,PASS,PASS,PASS,PASS,PASS,PASS,PASS,PASS,PASS,PASS,PASS,PASS,PASS,PASS,PASS,PASS,PASS,FAIL,PASS,PASS,PASS,PASS,PASS,PASS,PASS,PASS,PASS,PASS,PASS,PASS,PASS,PASS,PASS,PASS,PASS,PASS,PASS,PASS,PASS,PASS,PASS,PASS,PASS,PASS,PASS,PASS,PASS,PASS,PASS,PASS,PASS,PASS,PASS,PASS,PASS,PASS,PASS,PASS,PASS,PASS
Lang,Lang_1,batch06__Lang_1__containsAny__lang_1f_containsAny_line1515,lang_1f_containsAny__line1515,containsAny,m04,,SUCCESS,FAIL,True,True,0,5,harness/runs/batch06__Lang_1__containsAny__lang_1f_containsAny_line1515/execution/m04.log,PASS,PASS,PASS,PASS,PASS,PASS,PASS,PASS,PASS,PASS,PASS,PASS,PASS,PASS,PASS,PASS,PASS,PASS,PASS,PASS,PASS,PASS,PASS,PASS,PASS,PASS,PASS,PASS,PASS,PASS,PASS,PASS,PASS,PASS,PASS,PASS,FAIL,FAIL,PASS,FAIL,FAIL,PASS,FAIL,PASS,PASS,PASS,PASS,PASS,PASS,PASS,PASS,PASS,PASS,PASS,PASS,PASS,PASS,PASS,PASS,PASS,PASS,PASS,PASS,PASS,PASS,PASS,PASS,PASS,PASS,PASS,PASS,PASS,PASS,PASS,PASS,PASS,PASS,PASS,PASS,PASS,PASS,PASS,PASS
Lang,Lang_1,batch06__Lang_1__containsAny__lang_1f_containsAny_line1515,lang_1f_containsAny__line1515,containsAny,m05,,SUCCESS,FAIL,True,True,0,8,harness/runs/batch06__Lang_1__containsAny__lang_1f_containsAny_line1515/execution/m05.log,PASS,PASS,PASS,PASS,PASS,PASS,PASS,PASS,PASS,PASS,PASS,PASS,PASS,PASS,PASS,PASS,PASS,PASS,PASS,PASS,PASS,PASS,PASS,PASS,PASS,PASS,PASS,PASS,PASS,PASS,PASS,PASS,PASS,PASS,PASS,PASS,FAIL,FAIL,FAIL,FAIL,FAIL,FAIL,FAIL,FAIL,PASS,PASS,PASS,PASS,PASS,PASS,PASS,PASS,PASS,PASS,PASS,PASS,PASS,PASS,PASS,PASS,PASS,PASS,PASS,PASS,PASS,PASS,PASS,PASS,PASS,PASS,PASS,PASS,PASS,PASS,PASS,PASS,PASS,PASS,PASS,PASS,PASS,PASS,PASS
Lang,Lang_1,batch06__Lang_1__containsAny__lang_1f_containsAny_line1515,lang_1f_containsAny__line1515,containsAny,m06,,SUCCESS,FAIL,True,True,0,6,harness/runs/batch06__Lang_1__containsAny__lang_1f_containsAny_line1515/execution/m06.log,PASS,PASS,PASS,PASS,PASS,PASS,PASS,PASS,PASS,PASS,PASS,PASS,PASS,PASS,PASS,PASS,PASS,PASS,PASS,PASS,PASS,PASS,PASS,PASS,PASS,PASS,PASS,PASS,PASS,PASS,PASS,PASS,PASS,PASS,PASS,PASS,FAIL,FAIL,PASS,FAIL,FAIL,PASS,FAIL,FAIL,PASS,PASS,PASS,PASS,PASS,PASS,PASS,PASS,PASS,PASS,PASS,PASS,PASS,PASS,PASS,PASS,PASS,PASS,PASS,PASS,PASS,PASS,PASS,PASS,PASS,PASS,PASS,PASS,PASS,PASS,PASS,PASS,PASS,PASS,PASS,PASS,PASS,PASS,PASS
Lang,Lang_1,batch06__Lang_1__containsAny__lang_1f_containsAny_line1515,lang_1f_containsAny__line1515,containsAny,m07,,SUCCESS,FAIL,True,True,0,2,harness/runs/batch06__Lang_1__containsAny__lang_1f_containsAny_line1515/execution/m07.log,PASS,PASS,PASS,PASS,PASS,PASS,PASS,PASS,PASS,PASS,PASS,PASS,PASS,PASS,PASS,PASS,PASS,PASS,PASS,PASS,PASS,PASS,PASS,PASS,PASS,PASS,PASS,PASS,PASS,PASS,PASS,PASS,PASS,PASS,PASS,PASS,PASS,PASS,PASS,PASS,FAIL,PASS,PASS,FAIL,PASS,PASS,PASS,PASS,PASS,PASS,PASS,PASS,PASS,PASS,PASS,PASS,PASS,PASS,PASS,PASS,PASS,PASS,PASS,PASS,PASS,PASS,PASS,PASS,PASS,PASS,PASS,PASS,PASS,PASS,PASS,PASS,PASS,PASS,PASS,PASS,PASS,PASS,PASS
Lang,Lang_1,batch06__Lang_1__containsAny__lang_1f_containsAny_line1515,lang_1f_containsAny__line1515,containsAny,m08,,SUCCESS,FAIL,True,True,0,8,harness/runs/batch06__Lang_1__containsAny__lang_1f_containsAny_line1515/execution/m08.log,PASS,PASS,PASS,PASS,PASS,PASS,PASS,PASS,PASS,PASS,PASS,PASS,PASS,PASS,PASS,PASS,PASS,PASS,PASS,PASS,PASS,PASS,PASS,PASS,PASS,PASS,PASS,PASS,PASS,PASS,PASS,PASS,PASS,PASS,PASS,PASS,FAIL,FAIL,FAIL,FAIL,FAIL,FAIL,FAIL,FAIL,PASS,PASS,PASS,PASS,PASS,PASS,PASS,PASS,PASS,PASS,PASS,PASS,PASS,PASS,PASS,PASS,PASS,PASS,PASS,PASS,PASS,PASS,PASS,PASS,PASS,PASS,PASS,PASS,PASS,PASS,PASS,PASS,PASS,PASS,PASS,PASS,PASS,PASS,PASS
Lang,Lang_1,batch06__Lang_1__containsNone__lang_1f_containsNone_line1771,lang_1f_containsNone__line1771,containsNone,m01,,SUCCESS,FAIL,True,True,0,8,harness/runs/batch06__Lang_1__containsNone__lang_1f_containsNone_line1771/execution/m01.log,PASS,PASS,PASS,PASS,PASS,PASS,PASS,PASS,PASS,PASS,PASS,PASS,PASS,PASS,PASS,PASS,PASS,PASS,PASS,PASS,PASS,PASS,PASS,PASS,PASS,PASS,PASS,PASS,PASS,PASS,PASS,PASS,PASS,PASS,FAIL,FAIL,PASS,PASS,PASS,PASS,PASS,PASS,PASS,PASS,FAIL,FAIL,FAIL,FAIL,FAIL,FAIL,PASS,PASS,PASS,PASS,PASS,PASS,PASS,PASS,PASS,PASS,PASS,PASS,PASS,PASS,PASS,PASS,PASS,PASS,PASS,PASS,PASS,PASS,PASS,PASS,PASS,PASS,PASS,PASS,PASS,PASS,PASS,PASS,PASS
Lang,Lang_1,batch06__Lang_1__containsNone__lang_1f_containsNone_line1771,lang_1f_containsNone__line1771,containsNone,m02,,SUCCESS,FAIL,True,True,0,1,harness/runs/batch06__Lang_1__containsNone__lang_1f_containsNone_line1771/execution/m02.log,PASS,PASS,PASS,PASS,PASS,PASS,PASS,PASS,PASS,PASS,PASS,PASS,PASS,PASS,PASS,PASS,PASS,PASS,PASS,PASS,PASS,PASS,PASS,PASS,PASS,PASS,PASS,PASS,PASS,PASS,PASS,PASS,PASS,PASS,PASS,PASS,PASS,PASS,PASS,PASS,PASS,PASS,PASS,PASS,FAIL,PASS,PASS,PASS,PASS,PASS,PASS,PASS,PASS,PASS,PASS,PASS,PASS,PASS,PASS,PASS,PASS,PASS,PASS,PASS,PASS,PASS,PASS,PASS,PASS,PASS,PASS,PASS,PASS,PASS,PASS,PASS,PASS,PASS,PASS,PASS,PASS,PASS,PASS
Lang,Lang_1,batch06__Lang_1__containsNone__lang_1f_containsNone_line1771,lang_1f_containsNone__line1771,containsNone,m03,,SUCCESS,FAIL,True,True,0,9,harness/runs/batch06__Lang_1__containsNone__lang_1f_containsNone_line1771/execution/m03.log,PASS,PASS,PASS,PASS,PASS,PASS,PASS,PASS,PASS,PASS,PASS,PASS,PASS,PASS,PASS,PASS,PASS,PASS,PASS,PASS,PASS,PASS,PASS,PASS,PASS,PASS,PASS,PASS,PASS,PASS,PASS,PASS,PASS,PASS,FAIL,FAIL,PASS,PASS,PASS,PASS,PASS,PASS,PASS,PASS,FAIL,FAIL,FAIL,FAIL,FAIL,FAIL,FAIL,PASS,PASS,PASS,PASS,PASS,PASS,PASS,PASS,PASS,PASS,PASS,PASS,PASS,PASS,PASS,PASS,PASS,PASS,PASS,PASS,PASS,PASS,PASS,PASS,PASS,PASS,PASS,PASS,PASS,PASS,PASS,PASS
Lang,Lang_1,batch06__Lang_1__containsNone__lang_1f_containsNone_line1771,lang_1f_containsNone__line1771,containsNone,m04,,SUCCESS,FAIL,True,True,0,9,harness/runs/batch06__Lang_1__containsNone__lang_1f_containsNone_line1771/execution/m04.log,PASS,PASS,PASS,PASS,PASS,PASS,PASS,PASS,PASS,PASS,PASS,PASS,PASS,PASS,PASS,PASS,PASS,PASS,PASS,PASS,PASS,PASS,PASS,PASS,PASS,PASS,PASS,PASS,PASS,PASS,PASS,PASS,PASS,PASS,FAIL,FAIL,PASS,PASS,PASS,PASS,PASS,PASS,PASS,PASS,FAIL,FAIL,FAIL,FAIL,FAIL,FAIL,FAIL,PASS,PASS,PASS,PASS,PASS,PASS,PASS,PASS,PASS,PASS,PASS,PASS,PASS,PASS,PASS,PASS,PASS,PASS,PASS,PASS,PASS,PASS,PASS,PASS,PASS,PASS,PASS,PASS,PASS,PASS,PASS,PASS
Lang,Lang_1,batch06__Lang_1__containsNone__lang_1f_containsNone_line1771,lang_1f_containsNone__line1771,containsNone,m05,,SUCCESS,FAIL,True,True,0,9,harness/runs/batch06__Lang_1__containsNone__lang_1f_containsNone_line1771/execution/m05.log,PASS,PASS,PASS,PASS,PASS,PASS,PASS,PASS,PASS,PASS,PASS,PASS,PASS,PASS,PASS,PASS,PASS,PASS,PASS,PASS,PASS,PASS,PASS,PASS,PASS,PASS,PASS,PASS,PASS,PASS,PASS,PASS,PASS,PASS,FAIL,FAIL,PASS,PASS,PASS,PASS,PASS,PASS,PASS,PASS,FAIL,FAIL,FAIL,FAIL,FAIL,FAIL,FAIL,PASS,PASS,PASS,PASS,PASS,PASS,PASS,PASS,PASS,PASS,PASS,PASS,PASS,PASS,PASS,PASS,PASS,PASS,PASS,PASS,PASS,PASS,PASS,PASS,PASS,PASS,PASS,PASS,PASS,PASS,PASS,PASS
Lang,Lang_1,batch06__Lang_1__containsNone__lang_1f_containsNone_line1771,lang_1f_containsNone__line1771,containsNone,m06,,SUCCESS,FAIL,True,True,0,6,harness/runs/batch06__Lang_1__containsNone__lang_1f_containsNone_line1771/execution/m06.log,PASS,PASS,PASS,PASS,PASS,PASS,PASS,PASS,PASS,PASS,PASS,PASS,PASS,PASS,PASS,PASS,PASS,PASS,PASS,PASS,PASS,PASS,PASS,PASS,PASS,PASS,PASS,PASS,PASS,PASS,PASS,PASS,PASS,PASS,FAIL,FAIL,PASS,PASS,PASS,PASS,PASS,PASS,PASS,PASS,PASS,FAIL,FAIL,PASS,FAIL,FAIL,PASS,PASS,PASS,PASS,PASS,PASS,PASS,PASS,PASS,PASS,PASS,PASS,PASS,PASS,PASS,PASS,PASS,PASS,PASS,PASS,PASS,PASS,PASS,PASS,PASS,PASS,PASS,PASS,PASS,PASS,PASS,PASS,PASS
Lang,Lang_1,batch06__Lang_1__containsNone__lang_1f_containsNone_line1771,lang_1f_containsNone__line1771,containsNone,m07,,SUCCESS,PASS,False,True,0,0,harness/runs/batch06__Lang_1__containsNone__lang_1f_containsNone_line1771/execution/m07.log,PASS,PASS,PASS,PASS,PASS,PASS,PASS,PASS,PASS,PASS,PASS,PASS,PASS,PASS,PASS,PASS,PASS,PASS,PASS,PASS,PASS,PASS,PASS,PASS,PASS,PASS,PASS,PASS,PASS,PASS,PASS,PASS,PASS,PASS,PASS,PASS,PASS,PASS,PASS,PASS,PASS,PASS,PASS,PASS,PASS,PASS,PASS,PASS,PASS,PASS,PASS,PASS,PASS,PASS,PASS,PASS,PASS,PASS,PASS,PASS,PASS,PASS,PASS,PASS,PASS,PASS,PASS,PASS,PASS,PASS,PASS,PASS,PASS,PASS,PASS,PASS,PASS,PASS,PASS,PASS,PASS,PASS,PASS
Lang,Lang_1,batch06__Lang_1__containsNone__lang_1f_containsNone_line1771,lang_1f_containsNone__line1771,containsNone,m08,,SUCCESS,FAIL,True,True,0,2,harness/runs/batch06__Lang_1__containsNone__lang_1f_containsNone_line1771/execution/m08.log,PASS,PASS,PASS,PASS,PASS,PASS,PASS,PASS,PASS,PASS,PASS,PASS,PASS,PASS,PASS,PASS,PASS,PASS,PASS,PASS,PASS,PASS,PASS,PASS,PASS,PASS,PASS,PASS,PASS,PASS,PASS,PASS,PASS,PASS,PASS,PASS,PASS,PASS,PASS,PASS,PASS,PASS,PASS,PASS,PASS,PASS,FAIL,PASS,PASS,FAIL,PASS,PASS,PASS,PASS,PASS,PASS,PASS,PASS,PASS,PASS,PASS,PASS,PASS,PASS,PASS,PASS,PASS,PASS,PASS,PASS,PASS,PASS,PASS,PASS,PASS,PASS,PASS,PASS,PASS,PASS,PASS,PASS,PASS
Lang,Lang_1,batch06__Lang_1__createBigInteger__lang_1f_createBigInteger_line723,lang_1f_createBigInteger__line723,createBigInteger,m01,,SUCCESS,FAIL,True,True,0,1,harness/runs/batch06__Lang_1__createBigInteger__lang_1f_createBigInteger_line723/execution/m01.log,PASS,PASS,PASS,PASS,PASS,PASS,PASS,PASS,PASS,PASS,PASS,PASS,PASS,PASS,PASS,PASS,PASS,PASS,PASS,PASS,PASS,PASS,PASS,PASS,PASS,PASS,PASS,PASS,PASS,PASS,PASS,PASS,PASS,PASS,PASS,PASS,PASS,PASS,PASS,PASS,PASS,PASS,PASS,PASS,PASS,PASS,PASS,PASS,PASS,PASS,PASS,PASS,PASS,PASS,PASS,PASS,PASS,PASS,PASS,PASS,PASS,PASS,PASS,PASS,PASS,PASS,PASS,PASS,PASS,PASS,PASS,PASS,PASS,PASS,PASS,PASS,FAIL,PASS,PASS,PASS,PASS,PASS,PASS
Lang,Lang_1,batch06__Lang_1__createBigInteger__lang_1f_createBigInteger_line723,lang_1f_createBigInteger__line723,createBigInteger,m02,,SUCCESS,FAIL,True,True,0,2,harness/runs/batch06__Lang_1__createBigInteger__lang_1f_createBigInteger_line723/execution/m02.log,PASS,PASS,PASS,PASS,PASS,PASS,PASS,PASS,PASS,PASS,PASS,PASS,PASS,PASS,PASS,PASS,PASS,PASS,PASS,PASS,PASS,PASS,PASS,PASS,PASS,PASS,PASS,PASS,PASS,PASS,PASS,PASS,PASS,PASS,PASS,PASS,PASS,PASS,PASS,PASS,PASS,PASS,PASS,PASS,PASS,PASS,PASS,PASS,PASS,PASS,PASS,PASS,PASS,PASS,PASS,PASS,PASS,PASS,PASS,PASS,PASS,PASS,PASS,PASS,PASS,PASS,PASS,PASS,PASS,PASS,PASS,PASS,PASS,PASS,PASS,PASS,FAIL,FAIL,PASS,PASS,PASS,PASS,PASS
Lang,Lang_1,batch06__Lang_1__createBigInteger__lang_1f_createBigInteger_line723,lang_1f_createBigInteger__line723,createBigInteger,m03,,SUCCESS,FAIL,True,True,0,1,harness/runs/batch06__Lang_1__createBigInteger__lang_1f_createBigInteger_line723/execution/m03.log,PASS,PASS,PASS,PASS,PASS,PASS,PASS,PASS,PASS,PASS,PASS,PASS,PASS,PASS,PASS,PASS,PASS,PASS,PASS,PASS,PASS,PASS,PASS,PASS,PASS,PASS,PASS,PASS,PASS,PASS,PASS,PASS,PASS,PASS,PASS,PASS,PASS,PASS,PASS,PASS,PASS,PASS,PASS,PASS,PASS,PASS,PASS,PASS,PASS,PASS,PASS,PASS,PASS,PASS,PASS,PASS,PASS,PASS,PASS,PASS,PASS,PASS,PASS,PASS,PASS,PASS,PASS,PASS,PASS,PASS,PASS,PASS,PASS,PASS,PASS,PASS,FAIL,PASS,PASS,PASS,PASS,PASS,PASS
Lang,Lang_1,batch06__Lang_1__createBigInteger__lang_1f_createBigInteger_line723,lang_1f_createBigInteger__line723,createBigInteger,m04,,SUCCESS,PASS,False,True,0,0,harness/runs/batch06__Lang_1__createBigInteger__lang_1f_createBigInteger_line723/execution/m04.log,PASS,PASS,PASS,PASS,PASS,PASS,PASS,PASS,PASS,PASS,PASS,PASS,PASS,PASS,PASS,PASS,PASS,PASS,PASS,PASS,PASS,PASS,PASS,PASS,PASS,PASS,PASS,PASS,PASS,PASS,PASS,PASS,PASS,PASS,PASS,PASS,PASS,PASS,PASS,PASS,PASS,PASS,PASS,PASS,PASS,PASS,PASS,PASS,PASS,PASS,PASS,PASS,PASS,PASS,PASS,PASS,PASS,PASS,PASS,PASS,PASS,PASS,PASS,PASS,PASS,PASS,PASS,PASS,PASS,PASS,PASS,PASS,PASS,PASS,PASS,PASS,PASS,PASS,PASS,PASS,PASS,PASS,PASS
Lang,Lang_1,batch06__Lang_1__createBigInteger__lang_1f_createBigInteger_line723,lang_1f_createBigInteger__line723,createBigInteger,m05,,SUCCESS,FAIL,True,True,0,2,harness/runs/batch06__Lang_1__createBigInteger__lang_1f_createBigInteger_line723/execution/m05.log,PASS,PASS,PASS,PASS,PASS,PASS,PASS,PASS,PASS,PASS,PASS,PASS,PASS,PASS,PASS,PASS,PASS,PASS,PASS,PASS,PASS,PASS,PASS,PASS,PASS,PASS,PASS,PASS,PASS,PASS,PASS,PASS,PASS,PASS,PASS,PASS,PASS,PASS,PASS,PASS,PASS,PASS,PASS,PASS,PASS,PASS,PASS,PASS,PASS,PASS,PASS,PASS,PASS,PASS,PASS,PASS,PASS,PASS,PASS,PASS,PASS,PASS,PASS,PASS,PASS,PASS,PASS,PASS,PASS,PASS,PASS,PASS,PASS,PASS,PASS,PASS,FAIL,PASS,FAIL,PASS,PASS,PASS,PASS
Lang,Lang_1,batch06__Lang_1__createBigInteger__lang_1f_createBigInteger_line723,lang_1f_createBigInteger__line723,createBigInteger,m06,,SUCCESS,FAIL,True,True,0,1,harness/runs/batch06__Lang_1__createBigInteger__lang_1f_createBigInteger_line723/execution/m06.log,PASS,PASS,PASS,PASS,PASS,PASS,PASS,PASS,PASS,PASS,PASS,PASS,PASS,PASS,PASS,PASS,PASS,PASS,PASS,PASS,PASS,PASS,PASS,PASS,PASS,PASS,PASS,PASS,PASS,PASS,PASS,PASS,PASS,PASS,PASS,PASS,PASS,PASS,PASS,PASS,PASS,PASS,PASS,PASS,PASS,PASS,PASS,PASS,PASS,PASS,PASS,PASS,PASS,PASS,PASS,PASS,PASS,PASS,PASS,PASS,PASS,PASS,PASS,PASS,PASS,PASS,PASS,PASS,PASS,PASS,PASS,PASS,PASS,PASS,PASS,PASS,FAIL,PASS,PASS,PASS,PASS,PASS,PASS
Lang,Lang_1,batch06__Lang_1__createBigInteger__lang_1f_createBigInteger_line723,lang_1f_createBigInteger__line723,createBigInteger,m07,,SUCCESS,FAIL,True,True,0,2,harness/runs/batch06__Lang_1__createBigInteger__lang_1f_createBigInteger_line723/execution/m07.log,PASS,PASS,PASS,PASS,PASS,PASS,PASS,PASS,PASS,PASS,PASS,PASS,PASS,PASS,PASS,PASS,PASS,PASS,PASS,PASS,PASS,PASS,PASS,PASS,PASS,PASS,PASS,PASS,PASS,PASS,PASS,PASS,PASS,PASS,PASS,PASS,PASS,PASS,PASS,PASS,PASS,PASS,PASS,PASS,PASS,PASS,PASS,PASS,PASS,PASS,PASS,PASS,PASS,PASS,PASS,PASS,PASS,PASS,PASS,PASS,PASS,PASS,PASS,PASS,PASS,PASS,PASS,PASS,PASS,PASS,PASS,PASS,PASS,PASS,PASS,PASS,FAIL,PASS,FAIL,PASS,PASS,PASS,PASS
Lang,Lang_1,batch06__Lang_1__createBigInteger__lang_1f_createBigInteger_line723,lang_1f_createBigInteger__line723,createBigInteger,m08,,SUCCESS,FAIL,True,True,0,1,harness/runs/batch06__Lang_1__createBigInteger__lang_1f_createBigInteger_line723/execution/m08.log,PASS,PASS,PASS,PASS,PASS,PASS,PASS,PASS,PASS,PASS,PASS,PASS,PASS,PASS,PASS,PASS,PASS,PASS,PASS,PASS,PASS,PASS,PASS,PASS,PASS,PASS,PASS,PASS,PASS,PASS,PASS,PASS,PASS,PASS,PASS,PASS,PASS,PASS,PASS,PASS,PASS,PASS,PASS,PASS,PASS,PASS,PASS,PASS,PASS,PASS,PASS,PASS,PASS,PASS,PASS,PASS,PASS,PASS,PASS,PASS,PASS,PASS,PASS,PASS,PASS,PASS,PASS,PASS,PASS,PASS,PASS,PASS,PASS,PASS,PASS,PASS,FAIL,PASS,PASS,PASS,PASS,PASS,PASS
Lang,Lang_1,batch06__Lang_1__equals__lang_1f_equals_line122,lang_1f_equals__line122,equals,m01,,SUCCESS,FAIL,True,True,0,4,harness/runs/batch06__Lang_1__equals__lang_1f_equals_line122/execution/m01.log,FAIL,FAIL,PASS,PASS,FAIL,FAIL,PASS,PASS,PASS,PASS,PASS,PASS,PASS,PASS,PASS,PASS,PASS,PASS,PASS,PASS,PASS,PASS,PASS,PASS,PASS,PASS,PASS,PASS,PASS,PASS,PASS,PASS,PASS,PASS,PASS,PASS,PASS,PASS,PASS,PASS,PASS,PASS,PASS,PASS,PASS,PASS,PASS,PASS,PASS,PASS,PASS,PASS,PASS,PASS,PASS,PASS,PASS,PASS,PASS,PASS,PASS,PASS,PASS,PASS,PASS,PASS,PASS,PASS,PASS,PASS,PASS,PASS,PASS,PASS,PASS,PASS,PASS,PASS,PASS,PASS,PASS,PASS,PASS
Lang,Lang_1,batch06__Lang_1__equals__lang_1f_equals_line122,lang_1f_equals__line122,equals,m02,,SUCCESS,FAIL,True,True,0,2,harness/runs/batch06__Lang_1__equals__lang_1f_equals_line122/execution/m02.log,FAIL,PASS,PASS,PASS,PASS,FAIL,PASS,PASS,PASS,PASS,PASS,PASS,PASS,PASS,PASS,PASS,PASS,PASS,PASS,PASS,PASS,PASS,PASS,PASS,PASS,PASS,PASS,PASS,PASS,PASS,PASS,PASS,PASS,PASS,PASS,PASS,PASS,PASS,PASS,PASS,PASS,PASS,PASS,PASS,PASS,PASS,PASS,PASS,PASS,PASS,PASS,PASS,PASS,PASS,PASS,PASS,PASS,PASS,PASS,PASS,PASS,PASS,PASS,PASS,PASS,PASS,PASS,PASS,PASS,PASS,PASS,PASS,PASS,PASS,PASS,PASS,PASS,PASS,PASS,PASS,PASS,PASS,PASS
Lang,Lang_1,batch06__Lang_1__equals__lang_1f_equals_line122,lang_1f_equals__line122,equals,m03,,SUCCESS,FAIL,True,True,0,2,harness/runs/batch06__Lang_1__equals__lang_1f_equals_line122/execution/m03.log,PASS,PASS,FAIL,FAIL,PASS,PASS,PASS,PASS,PASS,PASS,PASS,PASS,PASS,PASS,PASS,PASS,PASS,PASS,PASS,PASS,PASS,PASS,PASS,PASS,PASS,PASS,PASS,PASS,PASS,PASS,PASS,PASS,PASS,PASS,PASS,PASS,PASS,PASS,PASS,PASS,PASS,PASS,PASS,PASS,PASS,PASS,PASS,PASS,PASS,PASS,PASS,PASS,PASS,PASS,PASS,PASS,PASS,PASS,PASS,PASS,PASS,PASS,PASS,PASS,PASS,PASS,PASS,PASS,PASS,PASS,PASS,PASS,PASS,PASS,PASS,PASS,PASS,PASS,PASS,PASS,PASS,PASS,PASS
Lang,Lang_1,batch06__Lang_1__equals__lang_1f_equals_line122,lang_1f_equals__line122,equals,m04,,SUCCESS,FAIL,True,True,0,1,harness/runs/batch06__Lang_1__equals__lang_1f_equals_line122/execution/m04.log,PASS,PASS,PASS,PASS,FAIL,PASS,PASS,PASS,PASS,PASS,PASS,PASS,PASS,PASS,PASS,PASS,PASS,PASS,PASS,PASS,PASS,PASS,PASS,PASS,PASS,PASS,PASS,PASS,PASS,PASS,PASS,PASS,PASS,PASS,PASS,PASS,PASS,PASS,PASS,PASS,PASS,PASS,PASS,PASS,PASS,PASS,PASS,PASS,PASS,PASS,PASS,PASS,PASS,PASS,PASS,PASS,PASS,PASS,PASS,PASS,PASS,PASS,PASS,PASS,PASS,PASS,PASS,PASS,PASS,PASS,PASS,PASS,PASS,PASS,PASS,PASS,PASS,PASS,PASS,PASS,PASS,PASS,PASS
Lang,Lang_1,batch06__Lang_1__equals__lang_1f_equals_line122,lang_1f_equals__line122,equals,m05,,SUCCESS,FAIL,True,True,0,2,harness/runs/batch06__Lang_1__equals__lang_1f_equals_line122/execution/m05.log,PASS,PASS,FAIL,FAIL,PASS,PASS,PASS,PASS,PASS,PASS,PASS,PASS,PASS,PASS,PASS,PASS,PASS,PASS,PASS,PASS,PASS,PASS,PASS,PASS,PASS,PASS,PASS,PASS,PASS,PASS,PASS,PASS,PASS,PASS,PASS,PASS,PASS,PASS,PASS,PASS,PASS,PASS,PASS,PASS,PASS,PASS,PASS,PASS,PASS,PASS,PASS,PASS,PASS,PASS,PASS,PASS,PASS,PASS,PASS,PASS,PASS,PASS,PASS,PASS,PASS,PASS,PASS,PASS,PASS,PASS,PASS,PASS,PASS,PASS,PASS,PASS,PASS,PASS,PASS,PASS,PASS,PASS,PASS
Lang,Lang_1,batch06__Lang_1__equals__lang_1f_equals_line122,lang_1f_equals__line122,equals,m06,,SUCCESS,FAIL,True,True,0,1,harness/runs/batch06__Lang_1__equals__lang_1f_equals_line122/execution/m06.log,PASS,PASS,PASS,PASS,FAIL,PASS,PASS,PASS,PASS,PASS,PASS,PASS,PASS,PASS,PASS,PASS,PASS,PASS,PASS,PASS,PASS,PASS,PASS,PASS,PASS,PASS,PASS,PASS,PASS,PASS,PASS,PASS,PASS,PASS,PASS,PASS,PASS,PASS,PASS,PASS,PASS,PASS,PASS,PASS,PASS,PASS,PASS,PASS,PASS,PASS,PASS,PASS,PASS,PASS,PASS,PASS,PASS,PASS,PASS,PASS,PASS,PASS,PASS,PASS,PASS,PASS,PASS,PASS,PASS,PASS,PASS,PASS,PASS,PASS,PASS,PASS,PASS,PASS,PASS,PASS,PASS,PASS,PASS
Lang,Lang_1,batch06__Lang_1__equals__lang_1f_equals_line122,lang_1f_equals__line122,equals,m07,,SUCCESS,PASS,False,True,0,0,harness/runs/batch06__Lang_1__equals__lang_1f_equals_line122/execution/m07.log,PASS,PASS,PASS,PASS,PASS,PASS,PASS,PASS,PASS,PASS,PASS,PASS,PASS,PASS,PASS,PASS,PASS,PASS,PASS,PASS,PASS,PASS,PASS,PASS,PASS,PASS,PASS,PASS,PASS,PASS,PASS,PASS,PASS,PASS,PASS,PASS,PASS,PASS,PASS,PASS,PASS,PASS,PASS,PASS,PASS,PASS,PASS,PASS,PASS,PASS,PASS,PASS,PASS,PASS,PASS,PASS,PASS,PASS,PASS,PASS,PASS,PASS,PASS,PASS,PASS,PASS,PASS,PASS,PASS,PASS,PASS,PASS,PASS,PASS,PASS,PASS,PASS,PASS,PASS,PASS,PASS,PASS,PASS
Lang,Lang_1,batch06__Lang_1__equals__lang_1f_equals_line122,lang_1f_equals__line122,equals,m08,,SUCCESS,FAIL,True,True,0,2,harness/runs/batch06__Lang_1__equals__lang_1f_equals_line122/execution/m08.log,PASS,PASS,FAIL,FAIL,PASS,PASS,PASS,PASS,PASS,PASS,PASS,PASS,PASS,PASS,PASS,PASS,PASS,PASS,PASS,PASS,PASS,PASS,PASS,PASS,PASS,PASS,PASS,PASS,PASS,PASS,PASS,PASS,PASS,PASS,PASS,PASS,PASS,PASS,PASS,PASS,PASS,PASS,PASS,PASS,PASS,PASS,PASS,PASS,PASS,PASS,PASS,PASS,PASS,PASS,PASS,PASS,PASS,PASS,PASS,PASS,PASS,PASS,PASS,PASS,PASS,PASS,PASS,PASS,PASS,PASS,PASS,PASS,PASS,PASS,PASS,PASS,PASS,PASS,PASS,PASS,PASS,PASS,PASS
Lang,Lang_1,batch06__Lang_1__lastIndexOf__lang_1f_lastIndexOf_line1687,lang_1f_lastIndexOf__line1687,lastIndexOf,m01,,SUCCESS,FAIL,True,True,0,2,harness/runs/batch06__Lang_1__lastIndexOf__lang_1f_lastIndexOf_line1687/execution/m01.log,PASS,PASS,PASS,PASS,PASS,PASS,PASS,FAIL,FAIL,PASS,PASS,PASS,PASS,PASS,PASS,PASS,PASS,PASS,PASS,PASS,PASS,PASS,PASS,PASS,PASS,PASS,PASS,PASS,PASS,PASS,PASS,PASS,PASS,PASS,PASS,PASS,PASS,PASS,PASS,PASS,PASS,PASS,PASS,PASS,PASS,PASS,PASS,PASS,PASS,PASS,PASS,PASS,PASS,PASS,PASS,PASS,PASS,PASS,PASS,PASS,PASS,PASS,PASS,PASS,PASS,PASS,PASS,PASS,PASS,PASS,PASS,PASS,PASS,PASS,PASS,PASS,PASS,PASS,PASS,PASS,PASS,PASS,PASS
Lang,Lang_1,batch06__Lang_1__lastIndexOf__lang_1f_lastIndexOf_line1687,lang_1f_lastIndexOf__line1687,lastIndexOf,m02,,SUCCESS,FAIL,True,True,0,1,harness/runs/batch06__Lang_1__lastIndexOf__lang_1f_lastIndexOf_line1687/execution/m02.log,PASS,PASS,PASS,PASS,PASS,PASS,PASS,PASS,FAIL,PASS,PASS,PASS,PASS,PASS,PASS,PASS,PASS,PASS,PASS,PASS,PASS,PASS,PASS,PASS,PASS,PASS,PASS,PASS,PASS,PASS,PASS,PASS,PASS,PASS,PASS,PASS,PASS,PASS,PASS,PASS,PASS,PASS,PASS,PASS,PASS,PASS,PASS,PASS,PASS,PASS,PASS,PASS,PASS,PASS,PASS,PASS,PASS,PASS,PASS,PASS,PASS,PASS,PASS,PASS,PASS,PASS,PASS,PASS,PASS,PASS,PASS,PASS,PASS,PASS,PASS,PASS,PASS,PASS,PASS,PASS,PASS,PASS,PASS
Lang,Lang_1,batch06__Lang_1__lastIndexOf__lang_1f_lastIndexOf_line1687,lang_1f_lastIndexOf__line1687,lastIndexOf,m03,,SUCCESS,FAIL,True,True,0,2,harness/runs/batch06__Lang_1__lastIndexOf__lang_1f_lastIndexOf_line1687/execution/m03.log,PASS,PASS,PASS,PASS,PASS,PASS,PASS,FAIL,FAIL,PASS,PASS,PASS,PASS,PASS,PASS,PASS,PASS,PASS,PASS,PASS,PASS,PASS,PASS,PASS,PASS,PASS,PASS,PASS,PASS,PASS,PASS,PASS,PASS,PASS,PASS,PASS,PASS,PASS,PASS,PASS,PASS,PASS,PASS,PASS,PASS,PASS,PASS,PASS,PASS,PASS,PASS,PASS,PASS,PASS,PASS,PASS,PASS,PASS,PASS,PASS,PASS,PASS,PASS,PASS,PASS,PASS,PASS,PASS,PASS,PASS,PASS,PASS,PASS,PASS,PASS,PASS,PASS,PASS,PASS,PASS,PASS,PASS,PASS
Lang,Lang_1,batch06__Lang_1__lastIndexOf__lang_1f_lastIndexOf_line1687,lang_1f_lastIndexOf__line1687,lastIndexOf,m04,,SUCCESS,FAIL,True,True,0,2,harness/runs/batch06__Lang_1__lastIndexOf__lang_1f_lastIndexOf_line1687/execution/m04.log,PASS,PASS,PASS,PASS,PASS,PASS,PASS,FAIL,FAIL,PASS,PASS,PASS,PASS,PASS,PASS,PASS,PASS,PASS,PASS,PASS,PASS,PASS,PASS,PASS,PASS,PASS,PASS,PASS,PASS,PASS,PASS,PASS,PASS,PASS,PASS,PASS,PASS,PASS,PASS,PASS,PASS,PASS,PASS,PASS,PASS,PASS,PASS,PASS,PASS,PASS,PASS,PASS,PASS,PASS,PASS,PASS,PASS,PASS,PASS,PASS,PASS,PASS,PASS,PASS,PASS,PASS,PASS,PASS,PASS,PASS,PASS,PASS,PASS,PASS,PASS,PASS,PASS,PASS,PASS,PASS,PASS,PASS,PASS
Lang,Lang_1,batch06__Lang_1__lastIndexOf__lang_1f_lastIndexOf_line1687,lang_1f_lastIndexOf__line1687,lastIndexOf,m05,,SUCCESS,FAIL,True,True,0,2,harness/runs/batch06__Lang_1__lastIndexOf__lang_1f_lastIndexOf_line1687/execution/m05.log,PASS,PASS,PASS,PASS,PASS,PASS,PASS,FAIL,FAIL,PASS,PASS,PASS,PASS,PASS,PASS,PASS,PASS,PASS,PASS,PASS,PASS,PASS,PASS,PASS,PASS,PASS,PASS,PASS,PASS,PASS,PASS,PASS,PASS,PASS,PASS,PASS,PASS,PASS,PASS,PASS,PASS,PASS,PASS,PASS,PASS,PASS,PASS,PASS,PASS,PASS,PASS,PASS,PASS,PASS,PASS,PASS,PASS,PASS,PASS,PASS,PASS,PASS,PASS,PASS,PASS,PASS,PASS,PASS,PASS,PASS,PASS,PASS,PASS,PASS,PASS,PASS,PASS,PASS,PASS,PASS,PASS,PASS,PASS
Lang,Lang_1,batch06__Lang_1__lastIndexOf__lang_1f_lastIndexOf_line1687,lang_1f_lastIndexOf__line1687,lastIndexOf,m06,,SUCCESS,FAIL,True,True,0,2,harness/runs/batch06__Lang_1__lastIndexOf__lang_1f_lastIndexOf_line1687/execution/m06.log,PASS,PASS,PASS,PASS,PASS,PASS,PASS,FAIL,FAIL,PASS,PASS,PASS,PASS,PASS,PASS,PASS,PASS,PASS,PASS,PASS,PASS,PASS,PASS,PASS,PASS,PASS,PASS,PASS,PASS,PASS,PASS,PASS,PASS,PASS,PASS,PASS,PASS,PASS,PASS,PASS,PASS,PASS,PASS,PASS,PASS,PASS,PASS,PASS,PASS,PASS,PASS,PASS,PASS,PASS,PASS,PASS,PASS,PASS,PASS,PASS,PASS,PASS,PASS,PASS,PASS,PASS,PASS,PASS,PASS,PASS,PASS,PASS,PASS,PASS,PASS,PASS,PASS,PASS,PASS,PASS,PASS,PASS,PASS
Lang,Lang_1,batch06__Lang_1__lastIndexOf__lang_1f_lastIndexOf_line1687,lang_1f_lastIndexOf__line1687,lastIndexOf,m07,,SUCCESS,FAIL,True,True,0,2,harness/runs/batch06__Lang_1__lastIndexOf__lang_1f_lastIndexOf_line1687/execution/m07.log,PASS,PASS,PASS,PASS,PASS,PASS,PASS,FAIL,FAIL,PASS,PASS,PASS,PASS,PASS,PASS,PASS,PASS,PASS,PASS,PASS,PASS,PASS,PASS,PASS,PASS,PASS,PASS,PASS,PASS,PASS,PASS,PASS,PASS,PASS,PASS,PASS,PASS,PASS,PASS,PASS,PASS,PASS,PASS,PASS,PASS,PASS,PASS,PASS,PASS,PASS,PASS,PASS,PASS,PASS,PASS,PASS,PASS,PASS,PASS,PASS,PASS,PASS,PASS,PASS,PASS,PASS,PASS,PASS,PASS,PASS,PASS,PASS,PASS,PASS,PASS,PASS,PASS,PASS,PASS,PASS,PASS,PASS,PASS
Lang,Lang_1,batch06__Lang_1__lastIndexOf__lang_1f_lastIndexOf_line1687,lang_1f_lastIndexOf__line1687,lastIndexOf,m08,,SUCCESS,PASS,False,True,0,0,harness/runs/batch06__Lang_1__lastIndexOf__lang_1f_lastIndexOf_line1687/execution/m08.log,PASS,PASS,PASS,PASS,PASS,PASS,PASS,PASS,PASS,PASS,PASS,PASS,PASS,PASS,PASS,PASS,PASS,PASS,PASS,PASS,PASS,PASS,PASS,PASS,PASS,PASS,PASS,PASS,PASS,PASS,PASS,PASS,PASS,PASS,PASS,PASS,PASS,PASS,PASS,PASS,PASS,PASS,PASS,PASS,PASS,PASS,PASS,PASS,PASS,PASS,PASS,PASS,PASS,PASS,PASS,PASS,PASS,PASS,PASS,PASS,PASS,PASS,PASS,PASS,PASS,PASS,PASS,PASS,PASS,PASS,PASS,PASS,PASS,PASS,PASS,PASS,PASS,PASS,PASS,PASS,PASS,PASS,PASS
Lang,Lang_1,batch06__Lang_1__pow__lang_1f_pow_line546,lang_1f_pow__line546,pow,m01,,SUCCESS,FAIL,True,True,0,1,harness/runs/batch06__Lang_1__pow__lang_1f_pow_line546/execution/m01.log,PASS,PASS,PASS,PASS,PASS,PASS,PASS,PASS,PASS,PASS,PASS,PASS,PASS,PASS,PASS,PASS,PASS,PASS,PASS,PASS,PASS,PASS,PASS,PASS,PASS,PASS,PASS,PASS,PASS,PASS,PASS,PASS,PASS,PASS,PASS,PASS,PASS,PASS,PASS,PASS,PASS,PASS,PASS,PASS,PASS,PASS,PASS,PASS,PASS,PASS,PASS,PASS,PASS,PASS,PASS,PASS,PASS,PASS,PASS,PASS,PASS,PASS,PASS,PASS,PASS,PASS,PASS,PASS,PASS,PASS,PASS,PASS,PASS,PASS,FAIL,PASS,PASS,PASS,PASS,PASS,PASS,PASS,PASS
Lang,Lang_1,batch06__Lang_1__pow__lang_1f_pow_line546,lang_1f_pow__line546,pow,m02,,SUCCESS,FAIL,True,True,0,1,harness/runs/batch06__Lang_1__pow__lang_1f_pow_line546/execution/m02.log,PASS,PASS,PASS,PASS,PASS,PASS,PASS,PASS,PASS,PASS,PASS,PASS,PASS,PASS,PASS,PASS,PASS,PASS,PASS,PASS,PASS,PASS,PASS,PASS,PASS,PASS,PASS,PASS,PASS,PASS,PASS,PASS,PASS,PASS,PASS,PASS,PASS,PASS,PASS,PASS,PASS,PASS,PASS,PASS,PASS,PASS,PASS,PASS,PASS,PASS,PASS,PASS,PASS,PASS,PASS,PASS,PASS,PASS,PASS,PASS,PASS,PASS,PASS,PASS,PASS,PASS,PASS,PASS,PASS,PASS,PASS,PASS,PASS,PASS,FAIL,PASS,PASS,PASS,PASS,PASS,PASS,PASS,PASS
Lang,Lang_1,batch06__Lang_1__pow__lang_1f_pow_line546,lang_1f_pow__line546,pow,m03,,SUCCESS,FAIL,True,True,0,1,harness/runs/batch06__Lang_1__pow__lang_1f_pow_line546/execution/m03.log,PASS,PASS,PASS,PASS,PASS,PASS,PASS,PASS,PASS,PASS,PASS,PASS,PASS,PASS,PASS,PASS,PASS,PASS,PASS,PASS,PASS,PASS,PASS,PASS,PASS,PASS,PASS,PASS,PASS,PASS,PASS,PASS,PASS,PASS,PASS,PASS,PASS,PASS,PASS,PASS,PASS,PASS,PASS,PASS,PASS,PASS,PASS,PASS,PASS,PASS,PASS,PASS,PASS,PASS,PASS,PASS,PASS,PASS,PASS,PASS,PASS,PASS,PASS,PASS,PASS,PASS,PASS,PASS,PASS,PASS,PASS,PASS,PASS,PASS,FAIL,PASS,PASS,PASS,PASS,PASS,PASS,PASS,PASS
Lang,Lang_1,batch06__Lang_1__pow__lang_1f_pow_line546,lang_1f_pow__line546,pow,m04,,SUCCESS,FAIL,True,True,0,1,harness/runs/batch06__Lang_1__pow__lang_1f_pow_line546/execution/m04.log,PASS,PASS,PASS,PASS,PASS,PASS,PASS,PASS,PASS,PASS,PASS,PASS,PASS,PASS,PASS,PASS,PASS,PASS,PASS,PASS,PASS,PASS,PASS,PASS,PASS,PASS,PASS,PASS,PASS,PASS,PASS,PASS,PASS,PASS,PASS,PASS,PASS,PASS,PASS,PASS,PASS,PASS,PASS,PASS,PASS,PASS,PASS,PASS,PASS,PASS,PASS,PASS,PASS,PASS,PASS,PASS,PASS,PASS,PASS,PASS,PASS,PASS,PASS,PASS,PASS,PASS,PASS,PASS,PASS,PASS,PASS,PASS,PASS,PASS,FAIL,PASS,PASS,PASS,PASS,PASS,PASS,PASS,PASS
Lang,Lang_1,batch06__Lang_1__pow__lang_1f_pow_line546,lang_1f_pow__line546,pow,m05,,SUCCESS,FAIL,True,True,0,1,harness/runs/batch06__Lang_1__pow__lang_1f_pow_line546/execution/m05.log,PASS,PASS,PASS,PASS,PASS,PASS,PASS,PASS,PASS,PASS,PASS,PASS,PASS,PASS,PASS,PASS,PASS,PASS,PASS,PASS,PASS,PASS,PASS,PASS,PASS,PASS,PASS,PASS,PASS,PASS,PASS,PASS,PASS,PASS,PASS,PASS,PASS,PASS,PASS,PASS,PASS,PASS,PASS,PASS,PASS,PASS,PASS,PASS,PASS,PASS,PASS,PASS,PASS,PASS,PASS,PASS,PASS,PASS,PASS,PASS,PASS,PASS,PASS,PASS,PASS,PASS,PASS,PASS,PASS,PASS,PASS,PASS,PASS,PASS,FAIL,PASS,PASS,PASS,PASS,PASS,PASS,PASS,PASS
Lang,Lang_1,batch06__Lang_1__pow__lang_1f_pow_line546,lang_1f_pow__line546,pow,m06,,SUCCESS,FAIL,True,True,0,1,harness/runs/batch06__Lang_1__pow__lang_1f_pow_line546/execution/m06.log,PASS,PASS,PASS,PASS,PASS,PASS,PASS,PASS,PASS,PASS,PASS,PASS,PASS,PASS,PASS,PASS,PASS,PASS,PASS,PASS,PASS,PASS,PASS,PASS,PASS,PASS,PASS,PASS,PASS,PASS,PASS,PASS,PASS,PASS,PASS,PASS,PASS,PASS,PASS,PASS,PASS,PASS,PASS,PASS,PASS,PASS,PASS,PASS,PASS,PASS,PASS,PASS,PASS,PASS,PASS,PASS,PASS,PASS,PASS,PASS,PASS,PASS,PASS,PASS,PASS,PASS,PASS,PASS,PASS,PASS,PASS,PASS,PASS,PASS,FAIL,PASS,PASS,PASS,PASS,PASS,PASS,PASS,PASS
Lang,Lang_1,batch06__Lang_1__pow__lang_1f_pow_line546,lang_1f_pow__line546,pow,m07,,SUCCESS,FAIL,True,True,0,1,harness/runs/batch06__Lang_1__pow__lang_1f_pow_line546/execution/m07.log,PASS,PASS,PASS,PASS,PASS,PASS,PASS,PASS,PASS,PASS,PASS,PASS,PASS,PASS,PASS,PASS,PASS,PASS,PASS,PASS,PASS,PASS,PASS,PASS,PASS,PASS,PASS,PASS,PASS,PASS,PASS,PASS,PASS,PASS,PASS,PASS,PASS,PASS,PASS,PASS,PASS,PASS,PASS,PASS,PASS,PASS,PASS,PASS,PASS,PASS,PASS,PASS,PASS,PASS,PASS,PASS,PASS,PASS,PASS,PASS,PASS,PASS,PASS,PASS,PASS,PASS,PASS,PASS,PASS,PASS,PASS,PASS,PASS,PASS,FAIL,PASS,PASS,PASS,PASS,PASS,PASS,PASS,PASS
Lang,Lang_1,batch06__Lang_1__pow__lang_1f_pow_line546,lang_1f_pow__line546,pow,m08,,SUCCESS,FAIL,True,True,0,1,harness/runs/batch06__Lang_1__pow__lang_1f_pow_line546/execution/m08.log,PASS,PASS,PASS,PASS,PASS,PASS,PASS,PASS,PASS,PASS,PASS,PASS,PASS,PASS,PASS,PASS,PASS,PASS,PASS,PASS,PASS,PASS,PASS,PASS,PASS,PASS,PASS,PASS,PASS,PASS,PASS,PASS,PASS,PASS,PASS,PASS,PASS,PASS,PASS,PASS,PASS,PASS,PASS,PASS,PASS,PASS,PASS,PASS,PASS,PASS,PASS,PASS,PASS,PASS,PASS,PASS,PASS,PASS,PASS,PASS,PASS,PASS,PASS,PASS,PASS,PASS,PASS,PASS,PASS,PASS,PASS,PASS,PASS,PASS,FAIL,PASS,PASS,PASS,PASS,PASS,PASS,PASS,PASS
Lang,Lang_1,batch06__Lang_1__toMap__lang_1f_toMap_line234,lang_1f_toMap__line234,toMap,m01,,SUCCESS,FAIL,True,True,0,1,harness/runs/batch06__Lang_1__toMap__lang_1f_toMap_line234/execution/m01.log,PASS,PASS,PASS,PASS,PASS,PASS,PASS,PASS,PASS,FAIL,PASS,PASS,PASS,PASS,PASS,PASS,PASS,PASS,PASS,PASS,PASS,PASS,PASS,PASS,PASS,PASS,PASS,PASS,PASS,PASS,PASS,PASS,PASS,PASS,PASS,PASS,PASS,PASS,PASS,PASS,PASS,PASS,PASS,PASS,PASS,PASS,PASS,PASS,PASS,PASS,PASS,PASS,PASS,PASS,PASS,PASS,PASS,PASS,PASS,PASS,PASS,PASS,PASS,PASS,PASS,PASS,PASS,PASS,PASS,PASS,PASS,PASS,PASS,PASS,PASS,PASS,PASS,PASS,PASS,PASS,PASS,PASS,PASS
Lang,Lang_1,batch06__Lang_1__toMap__lang_1f_toMap_line234,lang_1f_toMap__line234,toMap,m02,,SUCCESS,PASS,False,True,0,0,harness/runs/batch06__Lang_1__toMap__lang_1f_toMap_line234/execution/m02.log,PASS,PASS,PASS,PASS,PASS,PASS,PASS,PASS,PASS,PASS,PASS,PASS,PASS,PASS,PASS,PASS,PASS,PASS,PASS,PASS,PASS,PASS,PASS,PASS,PASS,PASS,PASS,PASS,PASS,PASS,PASS,PASS,PASS,PASS,PASS,PASS,PASS,PASS,PASS,PASS,PASS,PASS,PASS,PASS,PASS,PASS,PASS,PASS,PASS,PASS,PASS,PASS,PASS,PASS,PASS,PASS,PASS,PASS,PASS,PASS,PASS,PASS,PASS,PASS,PASS,PASS,PASS,PASS,PASS,PASS,PASS,PASS,PASS,PASS,PASS,PASS,PASS,PASS,PASS,PASS,PASS,PASS,PASS
Lang,Lang_1,batch06__Lang_1__toMap__lang_1f_toMap_line234,lang_1f_toMap__line234,toMap,m03,,SUCCESS,FAIL,True,True,0,1,harness/runs/batch06__Lang_1__toMap__lang_1f_toMap_line234/execution/m03.log,PASS,PASS,PASS,PASS,PASS,PASS,PASS,PASS,PASS,FAIL,PASS,PASS,PASS,PASS,PASS,PASS,PASS,PASS,PASS,PASS,PASS,PASS,PASS,PASS,PASS,PASS,PASS,PASS,PASS,PASS,PASS,PASS,PASS,PASS,PASS,PASS,PASS,PASS,PASS,PASS,PASS,PASS,PASS,PASS,PASS,PASS,PASS,PASS,PASS,PASS,PASS,PASS,PASS,PASS,PASS,PASS,PASS,PASS,PASS,PASS,PASS,PASS,PASS,PASS,PASS,PASS,PASS,PASS,PASS,PASS,PASS,PASS,PASS,PASS,PASS,PASS,PASS,PASS,PASS,PASS,PASS,PASS,PASS
Lang,Lang_1,batch06__Lang_1__toMap__lang_1f_toMap_line234,lang_1f_toMap__line234,toMap,m04,,SUCCESS,FAIL,True,True,0,1,harness/runs/batch06__Lang_1__toMap__lang_1f_toMap_line234/execution/m04.log,PASS,PASS,PASS,PASS,PASS,PASS,PASS,PASS,PASS,FAIL,PASS,PASS,PASS,PASS,PASS,PASS,PASS,PASS,PASS,PASS,PASS,PASS,PASS,PASS,PASS,PASS,PASS,PASS,PASS,PASS,PASS,PASS,PASS,PASS,PASS,PASS,PASS,PASS,PASS,PASS,PASS,PASS,PASS,PASS,PASS,PASS,PASS,PASS,PASS,PASS,PASS,PASS,PASS,PASS,PASS,PASS,PASS,PASS,PASS,PASS,PASS,PASS,PASS,PASS,PASS,PASS,PASS,PASS,PASS,PASS,PASS,PASS,PASS,PASS,PASS,PASS,PASS,PASS,PASS,PASS,PASS,PASS,PASS
Lang,Lang_1,batch06__Lang_1__toMap__lang_1f_toMap_line234,lang_1f_toMap__line234,toMap,m05,,SUCCESS,FAIL,True,True,0,1,harness/runs/batch06__Lang_1__toMap__lang_1f_toMap_line234/execution/m05.log,PASS,PASS,PASS,PASS,PASS,PASS,PASS,PASS,PASS,FAIL,PASS,PASS,PASS,PASS,PASS,PASS,PASS,PASS,PASS,PASS,PASS,PASS,PASS,PASS,PASS,PASS,PASS,PASS,PASS,PASS,PASS,PASS,PASS,PASS,PASS,PASS,PASS,PASS,PASS,PASS,PASS,PASS,PASS,PASS,PASS,PASS,PASS,PASS,PASS,PASS,PASS,PASS,PASS,PASS,PASS,PASS,PASS,PASS,PASS,PASS,PASS,PASS,PASS,PASS,PASS,PASS,PASS,PASS,PASS,PASS,PASS,PASS,PASS,PASS,PASS,PASS,PASS,PASS,PASS,PASS,PASS,PASS,PASS
Lang,Lang_1,batch06__Lang_1__toMap__lang_1f_toMap_line234,lang_1f_toMap__line234,toMap,m06,,SUCCESS,FAIL,True,True,0,1,harness/runs/batch06__Lang_1__toMap__lang_1f_toMap_line234/execution/m06.log,PASS,PASS,PASS,PASS,PASS,PASS,PASS,PASS,PASS,FAIL,PASS,PASS,PASS,PASS,PASS,PASS,PASS,PASS,PASS,PASS,PASS,PASS,PASS,PASS,PASS,PASS,PASS,PASS,PASS,PASS,PASS,PASS,PASS,PASS,PASS,PASS,PASS,PASS,PASS,PASS,PASS,PASS,PASS,PASS,PASS,PASS,PASS,PASS,PASS,PASS,PASS,PASS,PASS,PASS,PASS,PASS,PASS,PASS,PASS,PASS,PASS,PASS,PASS,PASS,PASS,PASS,PASS,PASS,PASS,PASS,PASS,PASS,PASS,PASS,PASS,PASS,PASS,PASS,PASS,PASS,PASS,PASS,PASS
Lang,Lang_1,batch06__Lang_1__toMap__lang_1f_toMap_line234,lang_1f_toMap__line234,toMap,m08,,SUCCESS,FAIL,True,True,0,1,harness/runs/batch06__Lang_1__toMap__lang_1f_toMap_line234/execution/m08.log,PASS,PASS,PASS,PASS,PASS,PASS,PASS,PASS,PASS,FAIL,PASS,PASS,PASS,PASS,PASS,PASS,PASS,PASS,PASS,PASS,PASS,PASS,PASS,PASS,PASS,PASS,PASS,PASS,PASS,PASS,PASS,PASS,PASS,PASS,PASS,PASS,PASS,PASS,PASS,PASS,PASS,PASS,PASS,PASS,PASS,PASS,PASS,PASS,PASS,PASS,PASS,PASS,PASS,PASS,PASS,PASS,PASS,PASS,PASS,PASS,PASS,PASS,PASS,PASS,PASS,PASS,PASS,PASS,PASS,PASS,PASS,PASS,PASS,PASS,PASS,PASS,PASS,PASS,PASS,PASS,PASS,PASS,PASS
Lang,Lang_1,batch07__Lang_1__add__lang_1f_add_line173,lang_1f_add__line173,add,m02,,FAIL,NOT_RUN,False,False,0,0,harness/runs/batch07__Lang_1__add__lang_1f_add_line173/execution/m02.log,BUILD_FAIL,BUILD_FAIL,BUILD_FAIL,BUILD_FAIL,BUILD_FAIL,BUILD_FAIL,BUILD_FAIL,BUILD_FAIL,BUILD_FAIL,BUILD_FAIL,BUILD_FAIL,BUILD_FAIL,BUILD_FAIL,BUILD_FAIL,BUILD_FAIL,BUILD_FAIL,BUILD_FAIL,BUILD_FAIL,BUILD_FAIL,BUILD_FAIL,BUILD_FAIL,BUILD_FAIL,BUILD_FAIL,BUILD_FAIL,BUILD_FAIL,BUILD_FAIL,BUILD_FAIL,BUILD_FAIL,BUILD_FAIL,BUILD_FAIL,BUILD_FAIL,BUILD_FAIL,BUILD_FAIL,BUILD_FAIL,BUILD_FAIL,BUILD_FAIL,BUILD_FAIL,BUILD_FAIL,BUILD_FAIL,BUILD_FAIL,BUILD_FAIL,BUILD_FAIL,BUILD_FAIL,BUILD_FAIL,BUILD_FAIL,BUILD_FAIL,BUILD_FAIL,BUILD_FAIL,BUILD_FAIL,BUILD_FAIL,BUILD_FAIL,BUILD_FAIL,BUILD_FAIL,BUILD_FAIL,BUILD_FAIL,BUILD_FAIL,BUILD_FAIL,BUILD_FAIL,BUILD_FAIL,BUILD_FAIL,BUILD_FAIL,BUILD_FAIL,BUILD_FAIL,BUILD_FAIL,BUILD_FAIL,BUILD_FAIL,BUILD_FAIL,BUILD_FAIL,BUILD_FAIL,BUILD_FAIL,BUILD_FAIL,BUILD_FAIL,BUILD_FAIL,BUILD_FAIL,BUILD_FAIL,BUILD_FAIL,BUILD_FAIL,BUILD_FAIL,BUILD_FAIL,BUILD_FAIL,BUILD_FAIL,BUILD_FAIL,BUILD_FAIL
Lang,Lang_1,batch07__Lang_1__add__lang_1f_add_line173,lang_1f_add__line173,add,m03,,SUCCESS,FAIL,True,True,0,0,harness/runs/batch07__Lang_1__add__lang_1f_add_line173/execution/m03.log,PASS,PASS,PASS,PASS,PASS,PASS,PASS,PASS,PASS,PASS,PASS,PASS,PASS,PASS,PASS,PASS,PASS,PASS,PASS,PASS,PASS,PASS,PASS,PASS,PASS,PASS,PASS,PASS,PASS,PASS,PASS,PASS,PASS,PASS,PASS,PASS,PASS,PASS,PASS,PASS,PASS,PASS,PASS,PASS,PASS,PASS,PASS,PASS,PASS,PASS,PASS,PASS,PASS,PASS,PASS,PASS,PASS,PASS,PASS,PASS,PASS,PASS,PASS,PASS,PASS,PASS,PASS,PASS,PASS,PASS,PASS,PASS,PASS,PASS,PASS,PASS,PASS,PASS,PASS,PASS,PASS,PASS,PASS
Lang,Lang_1,batch07__Lang_1__add__lang_1f_add_line173,lang_1f_add__line173,add,m05,,SUCCESS,FAIL,True,True,0,5,harness/runs/batch07__Lang_1__add__lang_1f_add_line173/execution/m05.log,PASS,PASS,PASS,PASS,PASS,PASS,PASS,PASS,PASS,PASS,PASS,FAIL,FAIL,PASS,FAIL,FAIL,FAIL,PASS,PASS,PASS,PASS,PASS,PASS,PASS,PASS,PASS,PASS,PASS,PASS,PASS,PASS,PASS,PASS,PASS,PASS,PASS,PASS,PASS,PASS,PASS,PASS,PASS,PASS,PASS,PASS,PASS,PASS,PASS,PASS,PASS,PASS,PASS,PASS,PASS,PASS,PASS,PASS,PASS,PASS,PASS,PASS,PASS,PASS,PASS,PASS,PASS,PASS,PASS,PASS,PASS,PASS,PASS,PASS,PASS,PASS,PASS,PASS,PASS,PASS,PASS,PASS,PASS,PASS
Lang,Lang_1,batch07__Lang_1__add__lang_1f_add_line173,lang_1f_add__line173,add,m06,,SUCCESS,FAIL,True,True,0,4,harness/runs/batch07__Lang_1__add__lang_1f_add_line173/execution/m06.log,PASS,PASS,PASS,PASS,PASS,PASS,PASS,PASS,PASS,PASS,PASS,FAIL,PASS,PASS,FAIL,FAIL,PASS,PASS,PASS,PASS,PASS,PASS,PASS,PASS,PASS,PASS,PASS,PASS,PASS,PASS,PASS,FAIL,PASS,PASS,PASS,PASS,PASS,PASS,PASS,PASS,PASS,PASS,PASS,PASS,PASS,PASS,PASS,PASS,PASS,PASS,PASS,PASS,PASS,PASS,PASS,PASS,PASS,PASS,PASS,PASS,PASS,PASS,PASS,PASS,PASS,PASS,PASS,PASS,PASS,PASS,PASS,PASS,PASS,PASS,PASS,PASS,PASS,PASS,PASS,PASS,PASS,PASS,PASS
Lang,Lang_1,batch07__Lang_1__add__lang_1f_add_line173,lang_1f_add__line173,add,m07,,SUCCESS,FAIL,True,True,0,6,harness/runs/batch07__Lang_1__add__lang_1f_add_line173/execution/m07.log,PASS,PASS,PASS,PASS,PASS,PASS,PASS,PASS,PASS,PASS,FAIL,PASS,PASS,FAIL,PASS,FAIL,FAIL,PASS,PASS,FAIL,PASS,PASS,FAIL,PASS,PASS,PASS,PASS,PASS,PASS,PASS,PASS,PASS,PASS,PASS,PASS,PASS,PASS,PASS,PASS,PASS,PASS,PASS,PASS,PASS,PASS,PASS,PASS,PASS,PASS,PASS,PASS,PASS,PASS,PASS,PASS,PASS,PASS,PASS,PASS,PASS,PASS,PASS,PASS,PASS,PASS,PASS,PASS,PASS,PASS,PASS,PASS,PASS,PASS,PASS,PASS,PASS,PASS,PASS,PASS,PASS,PASS,PASS,PASS
Lang,Lang_1,batch07__Lang_1__add__lang_1f_add_line173,lang_1f_add__line173,add,m08,,SUCCESS,FAIL,True,True,0,0,harness/runs/batch07__Lang_1__add__lang_1f_add_line173/execution/m08.log,PASS,PASS,PASS,PASS,PASS,PASS,PASS,PASS,PASS,PASS,PASS,PASS,PASS,PASS,PASS,PASS,PASS,PASS,PASS,PASS,PASS,PASS,PASS,PASS,PASS,PASS,PASS,PASS,PASS,PASS,PASS,PASS,PASS,PASS,PASS,PASS,PASS,PASS,PASS,PASS,PASS,PASS,PASS,PASS,PASS,PASS,PASS,PASS,PASS,PASS,PASS,PASS,PASS,PASS,PASS,PASS,PASS,PASS,PASS,PASS,PASS,PASS,PASS,PASS,PASS,PASS,PASS,PASS,PASS,PASS,PASS,PASS,PASS,PASS,PASS,PASS,PASS,PASS,PASS,PASS,PASS,PASS,PASS
Lang,Lang_1,batch07__Lang_1__append__lang_1f_append_line821,lang_1f_append__line821,append,m01,,SUCCESS,FAIL,True,True,0,5,harness/runs/batch07__Lang_1__append__lang_1f_append_line821/execution/m01.log,PASS,PASS,PASS,PASS,PASS,PASS,PASS,PASS,PASS,PASS,PASS,PASS,PASS,PASS,PASS,PASS,PASS,PASS,PASS,PASS,PASS,PASS,PASS,PASS,PASS,PASS,PASS,PASS,PASS,PASS,PASS,PASS,PASS,PASS,PASS,PASS,PASS,PASS,PASS,PASS,PASS,PASS,PASS,PASS,PASS,PASS,PASS,PASS,PASS,PASS,PASS,PASS,PASS,PASS,PASS,PASS,FAIL,PASS,PASS,PASS,PASS,PASS,PASS,FAIL,FAIL,FAIL,FAIL,PASS,PASS,PASS,PASS,PASS,PASS,PASS,PASS,PASS,PASS,PASS,PASS,PASS,PASS,PASS,PASS
Lang,Lang_1,batch07__Lang_1__append__lang_1f_append_line821,lang_1f_append__line821,append,m02,,SUCCESS,FAIL,True,True,0,11,harness/runs/batch07__Lang_1__append__lang_1f_append_line821/execution/m02.log,PASS,PASS,PASS,PASS,PASS,PASS,FAIL,PASS,PASS,PASS,PASS,PASS,PASS,PASS,PASS,PASS,PASS,PASS,PASS,PASS,PASS,PASS,PASS,PASS,PASS,PASS,PASS,PASS,PASS,PASS,PASS,PASS,PASS,PASS,PASS,PASS,PASS,PASS,PASS,PASS,PASS,PASS,PASS,PASS,PASS,PASS,PASS,PASS,PASS,PASS,PASS,PASS,PASS,PASS,PASS,FAIL,FAIL,FAIL,FAIL,FAIL,FAIL,FAIL,FAIL,PASS,PASS,FAIL,PASS,PASS,PASS,PASS,PASS,FAIL,PASS,PASS,PASS,PASS,PASS,PASS,PASS,PASS,PASS,PASS,PASS
Lang,Lang_1,batch07__Lang_1__append__lang_1f_append_line821,lang_1f_append__line821,append,m03,,FAIL,NOT_RUN,False,False,0,0,harness/runs/batch07__Lang_1__append__lang_1f_append_line821/execution/m03.log,BUILD_FAIL,BUILD_FAIL,BUILD_FAIL,BUILD_FAIL,BUILD_FAIL,BUILD_FAIL,BUILD_FAIL,BUILD_FAIL,BUILD_FAIL,BUILD_FAIL,BUILD_FAIL,BUILD_FAIL,BUILD_FAIL,BUILD_FAIL,BUILD_FAIL,BUILD_FAIL,BUILD_FAIL,BUILD_FAIL,BUILD_FAIL,BUILD_FAIL,BUILD_FAIL,BUILD_FAIL,BUILD_FAIL,BUILD_FAIL,BUILD_FAIL,BUILD_FAIL,BUILD_FAIL,BUILD_FAIL,BUILD_FAIL,BUILD_FAIL,BUILD_FAIL,BUILD_FAIL,BUILD_FAIL,BUILD_FAIL,BUILD_FAIL,BUILD_FAIL,BUILD_FAIL,BUILD_FAIL,BUILD_FAIL,BUILD_FAIL,BUILD_FAIL,BUILD_FAIL,BUILD_FAIL,BUILD_FAIL,BUILD_FAIL,BUILD_FAIL,BUILD_FAIL,BUILD_FAIL,BUILD_FAIL,BUILD_FAIL,BUILD_FAIL,BUILD_FAIL,BUILD_FAIL,BUILD_FAIL,BUILD_FAIL,BUILD_FAIL,BUILD_FAIL,BUILD_FAIL,BUILD_FAIL,BUILD_FAIL,BUILD_FAIL,BUILD_FAIL,BUILD_FAIL,BUILD_FAIL,BUILD_FAIL,BUILD_FAIL,BUILD_FAIL,BUILD_FAIL,BUILD_FAIL,BUILD_FAIL,BUILD_FAIL,BUILD_FAIL,BUILD_FAIL,BUILD_FAIL,BUILD_FAIL,BUILD_FAIL,BUILD_FAIL,BUILD_FAIL,BUILD_FAIL,BUILD_FAIL,BUILD_FAIL,BUILD_FAIL,BUILD_FAIL
Lang,Lang_1,batch07__Lang_1__append__lang_1f_append_line821,lang_1f_append__line821,append,m04,,SUCCESS,FAIL,True,True,0,8,harness/runs/batch07__Lang_1__append__lang_1f_append_line821/execution/m04.log,PASS,PASS,PASS,PASS,PASS,PASS,PASS,PASS,PASS,PASS,PASS,PASS,PASS,PASS,PASS,PASS,PASS,PASS,PASS,PASS,PASS,PASS,PASS,PASS,PASS,PASS,PASS,PASS,PASS,PASS,PASS,PASS,PASS,PASS,PASS,PASS,PASS,PASS,PASS,PASS,PASS,PASS,PASS,PASS,PASS,PASS,PASS,PASS,PASS,PASS,PASS,PASS,PASS,PASS,PASS,PASS,PASS,PASS,PASS,PASS,PASS,PASS,PASS,FAIL,FAIL,FAIL,FAIL,FAIL,FAIL,FAIL,PASS,PASS,FAIL,PASS,PASS,PASS,PASS,PASS,PASS,PASS,PASS,PASS,PASS
Lang,Lang_1,batch07__Lang_1__append__lang_1f_append_line821,lang_1f_append__line821,append,m05,,SUCCESS,FAIL,True,True,0,2,harness/runs/batch07__Lang_1__append__lang_1f_append_line821/execution/m05.log,PASS,PASS,PASS,PASS,PASS,PASS,FAIL,PASS,PASS,PASS,PASS,PASS,PASS,PASS,PASS,PASS,PASS,PASS,PASS,PASS,PASS,PASS,PASS,PASS,PASS,PASS,PASS,PASS,PASS,PASS,PASS,PASS,PASS,PASS,PASS,PASS,PASS,PASS,PASS,PASS,PASS,PASS,PASS,PASS,PASS,PASS,PASS,PASS,PASS,PASS,PASS,PASS,PASS,PASS,PASS,PASS,PASS,PASS,PASS,PASS,PASS,PASS,FAIL,PASS,PASS,PASS,PASS,PASS,PASS,PASS,PASS,PASS,PASS,PASS,PASS,PASS,PASS,PASS,PASS,PASS,PASS,PASS,PASS
Lang,Lang_1,batch07__Lang_1__append__lang_1f_append_line821,lang_1f_append__line821,append,m06,,SUCCESS,FAIL,True,True,0,1,harness/runs/batch07__Lang_1__append__lang_1f_append_line821/execution/m06.log,PASS,PASS,PASS,PASS,PASS,PASS,PASS,PASS,PASS,PASS,PASS,PASS,PASS,PASS,PASS,PASS,PASS,PASS,PASS,PASS,PASS,PASS,PASS,PASS,PASS,PASS,PASS,PASS,PASS,PASS,PASS,PASS,PASS,PASS,PASS,PASS,PASS,PASS,PASS,PASS,PASS,PASS,PASS,PASS,PASS,PASS,PASS,PASS,PASS,PASS,PASS,PASS,PASS,PASS,PASS,PASS,PASS,PASS,PASS,PASS,PASS,PASS,PASS,PASS,PASS,PASS,PASS,PASS,PASS,PASS,PASS,FAIL,PASS,PASS,PASS,PASS,PASS,PASS,PASS,PASS,PASS,PASS,PASS
Lang,Lang_1,batch07__Lang_1__append__lang_1f_append_line821,lang_1f_append__line821,append,m07,,SUCCESS,FAIL,True,True,0,8,harness/runs/batch07__Lang_1__append__lang_1f_append_line821/execution/m07.log,PASS,PASS,PASS,PASS,PASS,PASS,PASS,PASS,PASS,PASS,PASS,PASS,PASS,PASS,PASS,PASS,PASS,PASS,PASS,PASS,PASS,PASS,PASS,PASS,PASS,PASS,PASS,PASS,PASS,PASS,PASS,PASS,PASS,PASS,PASS,PASS,PASS,PASS,PASS,PASS,PASS,PASS,PASS,PASS,PASS,PASS,PASS,PASS,PASS,PASS,PASS,PASS,PASS,PASS,PASS,PASS,PASS,PASS,PASS,PASS,PASS,PASS,PASS,FAIL,FAIL,FAIL,FAIL,FAIL,FAIL,FAIL,PASS,PASS,FAIL,PASS,PASS,PASS,PASS,PASS,PASS,PASS,PASS,PASS,PASS
Lang,Lang_1,batch07__Lang_1__append__lang_1f_append_line821,lang_1f_append__line821,append,m08,,SUCCESS,FAIL,True,True,0,2,harness/runs/batch07__Lang_1__append__lang_1f_append_line821/execution/m08.log,PASS,PASS,PASS,PASS,PASS,PASS,FAIL,PASS,PASS,PASS,PASS,PASS,PASS,PASS,PASS,PASS,PASS,PASS,PASS,PASS,PASS,PASS,PASS,PASS,PASS,PASS,PASS,PASS,PASS,PASS,PASS,PASS,PASS,PASS,PASS,PASS,PASS,PASS,PASS,PASS,PASS,PASS,PASS,PASS,PASS,PASS,PASS,PASS,PASS,PASS,PASS,PASS,PASS,PASS,PASS,PASS,PASS,PASS,PASS,PASS,PASS,PASS,PASS,PASS,PASS,FAIL,PASS,PASS,PASS,PASS,PASS,PASS,PASS,PASS,PASS,PASS,PASS,PASS,PASS,PASS,PASS,PASS,PASS
Lang,Lang_1,batch07__Lang_1__arrayMemberEquals__lang_1f_arrayMemberEquals_line287,lang_1f_arrayMemberEquals__line287,arrayMemberEquals,m01,,SUCCESS,FAIL,True,True,0,2,harness/runs/batch07__Lang_1__arrayMemberEquals__lang_1f_arrayMemberEquals_line287/execution/m01.log,PASS,PASS,FAIL,PASS,FAIL,PASS,PASS,PASS,PASS,PASS,PASS,PASS,PASS,PASS,PASS,PASS,PASS,PASS,PASS,PASS,PASS,PASS,PASS,PASS,PASS,PASS,PASS,PASS,PASS,PASS,PASS,PASS,PASS,PASS,PASS,PASS,PASS,PASS,PASS,PASS,PASS,PASS,PASS,PASS,PASS,PASS,PASS,PASS,PASS,PASS,PASS,PASS,PASS,PASS,PASS,PASS,PASS,PASS,PASS,PASS,PASS,PASS,PASS,PASS,PASS,PASS,PASS,PASS,PASS,PASS,PASS,PASS,PASS,PASS,PASS,PASS,PASS,PASS,PASS,PASS,PASS,PASS,PASS
Lang,Lang_1,batch07__Lang_1__arrayMemberEquals__lang_1f_arrayMemberEquals_line287,lang_1f_arrayMemberEquals__line287,arrayMemberEquals,m02,,SUCCESS,FAIL,True,True,0,2,harness/runs/batch07__Lang_1__arrayMemberEquals__lang_1f_arrayMemberEquals_line287/execution/m02.log,PASS,PASS,FAIL,PASS,FAIL,PASS,PASS,PASS,PASS,PASS,PASS,PASS,PASS,PASS,PASS,PASS,PASS,PASS,PASS,PASS,PASS,PASS,PASS,PASS,PASS,PASS,PASS,PASS,PASS,PASS,PASS,PASS,PASS,PASS,PASS,PASS,PASS,PASS,PASS,PASS,PASS,PASS,PASS,PASS,PASS,PASS,PASS,PASS,PASS,PASS,PASS,PASS,PASS,PASS,PASS,PASS,PASS,PASS,PASS,PASS,PASS,PASS,PASS,PASS,PASS,PASS,PASS,PASS,PASS,PASS,PASS,PASS,PASS,PASS,PASS,PASS,PASS,PASS,PASS,PASS,PASS,PASS,PASS
Lang,Lang_1,batch07__Lang_1__arrayMemberEquals__lang_1f_arrayMemberEquals_line287,lang_1f_arrayMemberEquals__line287,arrayMemberEquals,m03,,SUCCESS,FAIL,True,True,0,1,harness/runs/batch07__Lang_1__arrayMemberEquals__lang_1f_arrayMemberEquals_line287/execution/m03.log,PASS,PASS,FAIL,PASS,PASS,PASS,PASS,PASS,PASS,PASS,PASS,PASS,PASS,PASS,PASS,PASS,PASS,PASS,PASS,PASS,PASS,PASS,PASS,PASS,PASS,PASS,PASS,PASS,PASS,PASS,PASS,PASS,PASS,PASS,PASS,PASS,PASS,PASS,PASS,PASS,PASS,PASS,PASS,PASS,PASS,PASS,PASS,PASS,PASS,PASS,PASS,PASS,PASS,PASS,PASS,PASS,PASS,PASS,PASS,PASS,PASS,PASS,PASS,PASS,PASS,PASS,PASS,PASS,PASS,PASS,PASS,PASS,PASS,PASS,PASS,PASS,PASS,PASS,PASS,PASS,PASS,PASS,PASS
Lang,Lang_1,batch07__Lang_1__arrayMemberEquals__lang_1f_arrayMemberEquals_line287,lang_1f_arrayMemberEquals__line287,arrayMemberEquals,m04,,SUCCESS,FAIL,True,True,0,2,harness/runs/batch07__Lang_1__arrayMemberEquals__lang_1f_arrayMemberEquals_line287/execution/m04.log,PASS,PASS,FAIL,PASS,FAIL,PASS,PASS,PASS,PASS,PASS,PASS,PASS,PASS,PASS,PASS,PASS,PASS,PASS,PASS,PASS,PASS,PASS,PASS,PASS,PASS,PASS,PASS,PASS,PASS,PASS,PASS,PASS,PASS,PASS,PASS,PASS,PASS,PASS,PASS,PASS,PASS,PASS,PASS,PASS,PASS,PASS,PASS,PASS,PASS,PASS,PASS,PASS,PASS,PASS,PASS,PASS,PASS,PASS,PASS,PASS,PASS,PASS,PASS,PASS,PASS,PASS,PASS,PASS,PASS,PASS,PASS,PASS,PASS,PASS,PASS,PASS,PASS,PASS,PASS,PASS,PASS,PASS,PASS
Lang,Lang_1,batch07__Lang_1__arrayMemberEquals__lang_1f_arrayMemberEquals_line287,lang_1f_arrayMemberEquals__line287,arrayMemberEquals,m05,,SUCCESS,FAIL,True,True,0,1,harness/runs/batch07__Lang_1__arrayMemberEquals__lang_1f_arrayMemberEquals_line287/execution/m05.log,PASS,PASS,FAIL,PASS,PASS,PASS,PASS,PASS,PASS,PASS,PASS,PASS,PASS,PASS,PASS,PASS,PASS,PASS,PASS,PASS,PASS,PASS,PASS,PASS,PASS,PASS,PASS,PASS,PASS,PASS,PASS,PASS,PASS,PASS,PASS,PASS,PASS,PASS,PASS,PASS,PASS,PASS,PASS,PASS,PASS,PASS,PASS,PASS,PASS,PASS,PASS,PASS,PASS,PASS,PASS,PASS,PASS,PASS,PASS,PASS,PASS,PASS,PASS,PASS,PASS,PASS,PASS,PASS,PASS,PASS,PASS,PASS,PASS,PASS,PASS,PASS,PASS,PASS,PASS,PASS,PASS,PASS,PASS
Lang,Lang_1,batch07__Lang_1__arrayMemberEquals__lang_1f_arrayMemberEquals_line287,lang_1f_arrayMemberEquals__line287,arrayMemberEquals,m06,,SUCCESS,FAIL,True,True,0,1,harness/runs/batch07__Lang_1__arrayMemberEquals__lang_1f_arrayMemberEquals_line287/execution/m06.log,PASS,PASS,FAIL,PASS,PASS,PASS,PASS,PASS,PASS,PASS,PASS,PASS,PASS,PASS,PASS,PASS,PASS,PASS,PASS,PASS,PASS,PASS,PASS,PASS,PASS,PASS,PASS,PASS,PASS,PASS,PASS,PASS,PASS,PASS,PASS,PASS,PASS,PASS,PASS,PASS,PASS,PASS,PASS,PASS,PASS,PASS,PASS,PASS,PASS,PASS,PASS,PASS,PASS,PASS,PASS,PASS,PASS,PASS,PASS,PASS,PASS,PASS,PASS,PASS,PASS,PASS,PASS,PASS,PASS,PASS,PASS,PASS,PASS,PASS,PASS,PASS,PASS,PASS,PASS,PASS,PASS,PASS,PASS
Lang,Lang_1,batch07__Lang_1__arrayMemberEquals__lang_1f_arrayMemberEquals_line287,lang_1f_arrayMemberEquals__line287,arrayMemberEquals,m07,,SUCCESS,FAIL,True,True,0,2,harness/runs/batch07__Lang_1__arrayMemberEquals__lang_1f_arrayMemberEquals_line287/execution/m07.log,PASS,PASS,FAIL,PASS,FAIL,PASS,PASS,PASS,PASS,PASS,PASS,PASS,PASS,PASS,PASS,PASS,PASS,PASS,PASS,PASS,PASS,PASS,PASS,PASS,PASS,PASS,PASS,PASS,PASS,PASS,PASS,PASS,PASS,PASS,PASS,PASS,PASS,PASS,PASS,PASS,PASS,PASS,PASS,PASS,PASS,PASS,PASS,PASS,PASS,PASS,PASS,PASS,PASS,PASS,PASS,PASS,PASS,PASS,PASS,PASS,PASS,PASS,PASS,PASS,PASS,PASS,PASS,PASS,PASS,PASS,PASS,PASS,PASS,PASS,PASS,PASS,PASS,PASS,PASS,PASS,PASS,PASS,PASS
Lang,Lang_1,batch07__Lang_1__arrayMemberEquals__lang_1f_arrayMemberEquals_line287,lang_1f_arrayMemberEquals__line287,arrayMemberEquals,m08,,SUCCESS,PASS,False,True,0,0,harness/runs/batch07__Lang_1__arrayMemberEquals__lang_1f_arrayMemberEquals_line287/execution/m08.log,PASS,PASS,PASS,PASS,PASS,PASS,PASS,PASS,PASS,PASS,PASS,PASS,PASS,PASS,PASS,PASS,PASS,PASS,PASS,PASS,PASS,PASS,PASS,PASS,PASS,PASS,PASS,PASS,PASS,PASS,PASS,PASS,PASS,PASS,PASS,PASS,PASS,PASS,PASS,PASS,PASS,PASS,PASS,PASS,PASS,PASS,PASS,PASS,PASS,PASS,PASS,PASS,PASS,PASS,PASS,PASS,PASS,PASS,PASS,PASS,PASS,PASS,PASS,PASS,PASS,PASS,PASS,PASS,PASS,PASS,PASS,PASS,PASS,PASS,PASS,PASS,PASS,PASS,PASS,PASS,PASS,PASS,PASS
Lang,Lang_1,batch07__Lang_1__containsAny__lang_1f_containsAny_line1515,lang_1f_containsAny__line1515,containsAny,m01,,SUCCESS,FAIL,True,True,0,8,harness/runs/batch07__Lang_1__containsAny__lang_1f_containsAny_line1515/execution/m01.log,PASS,PASS,PASS,PASS,PASS,PASS,PASS,PASS,PASS,PASS,PASS,PASS,PASS,PASS,PASS,PASS,PASS,PASS,PASS,PASS,PASS,PASS,PASS,PASS,PASS,PASS,PASS,PASS,PASS,PASS,PASS,PASS,PASS,PASS,PASS,PASS,FAIL,FAIL,FAIL,FAIL,FAIL,FAIL,FAIL,FAIL,PASS,PASS,PASS,PASS,PASS,PASS,PASS,PASS,PASS,PASS,PASS,PASS,PASS,PASS,PASS,PASS,PASS,PASS,PASS,PASS,PASS,PASS,PASS,PASS,PASS,PASS,PASS,PASS,PASS,PASS,PASS,PASS,PASS,PASS,PASS,PASS,PASS,PASS,PASS
Lang,Lang_1,batch07__Lang_1__containsAny__lang_1f_containsAny_line1515,lang_1f_containsAny__line1515,containsAny,m02,,SUCCESS,FAIL,True,True,0,2,harness/runs/batch07__Lang_1__containsAny__lang_1f_containsAny_line1515/execution/m02.log,PASS,PASS,PASS,PASS,PASS,PASS,PASS,PASS,PASS,PASS,PASS,PASS,PASS,PASS,PASS,PASS,PASS,PASS,PASS,PASS,PASS,PASS,PASS,PASS,PASS,PASS,PASS,PASS,PASS,PASS,PASS,PASS,PASS,PASS,PASS,PASS,PASS,PASS,FAIL,PASS,PASS,FAIL,PASS,PASS,PASS,PASS,PASS,PASS,PASS,PASS,PASS,PASS,PASS,PASS,PASS,PASS,PASS,PASS,PASS,PASS,PASS,PASS,PASS,PASS,PASS,PASS,PASS,PASS,PASS,PASS,PASS,PASS,PASS,PASS,PASS,PASS,PASS,PASS,PASS,PASS,PASS,PASS,PASS
Lang,Lang_1,batch07__Lang_1__containsAny__lang_1f_containsAny_line1515,lang_1f_containsAny__line1515,containsAny,m03,,SUCCESS,FAIL,True,True,0,2,harness/runs/batch07__Lang_1__containsAny__lang_1f_containsAny_line1515/execution/m03.log,PASS,PASS,PASS,PASS,PASS,PASS,PASS,PASS,PASS,PASS,PASS,PASS,PASS,PASS,PASS,PASS,PASS,PASS,PASS,PASS,PASS,PASS,PASS,PASS,PASS,PASS,PASS,PASS,PASS,PASS,PASS,PASS,PASS,PASS,PASS,PASS,PASS,PASS,PASS,FAIL,PASS,PASS,FAIL,PASS,PASS,PASS,PASS,PASS,PASS,PASS,PASS,PASS,PASS,PASS,PASS,PASS,PASS,PASS,PASS,PASS,PASS,PASS,PASS,PASS,PASS,PASS,PASS,PASS,PASS,PASS,PASS,PASS,PASS,PASS,PASS,PASS,PASS,PASS,PASS,PASS,PASS,PASS,PASS
Lang,Lang_1,batch07__Lang_1__containsAny__lang_1f_containsAny_line1515,lang_1f_containsAny__line1515,containsAny,m04,,SUCCESS,PASS,False,True,0,0,harness/runs/batch07__Lang_1__containsAny__lang_1f_containsAny_line1515/execution/m04.log,PASS,PASS,PASS,PASS,PASS,PASS,PASS,PASS,PASS,PASS,PASS,PASS,PASS,PASS,PASS,PASS,PASS,PASS,PASS,PASS,PASS,PASS,PASS,PASS,PASS,PASS,PASS,PASS,PASS,PASS,PASS,PASS,PASS,PASS,PASS,PASS,PASS,PASS,PASS,PASS,PASS,PASS,PASS,PASS,PASS,PASS,PASS,PASS,PASS,PASS,PASS,PASS,PASS,PASS,PASS,PASS,PASS,PASS,PASS,PASS,PASS,PASS,PASS,PASS,PASS,PASS,PASS,PASS,PASS,PASS,PASS,PASS,PASS,PASS,PASS,PASS,PASS,PASS,PASS,PASS,PASS,PASS,PASS
Lang,Lang_1,batch07__Lang_1__containsAny__lang_1f_containsAny_line1515,lang_1f_containsAny__line1515,containsAny,m05,,FAIL,NOT_RUN,False,False,0,0,harness/runs/batch07__Lang_1__containsAny__lang_1f_containsAny_line1515/execution/m05.log,BUILD_FAIL,BUILD_FAIL,BUILD_FAIL,BUILD_FAIL,BUILD_FAIL,BUILD_FAIL,BUILD_FAIL,BUILD_FAIL,BUILD_FAIL,BUILD_FAIL,BUILD_FAIL,BUILD_FAIL,BUILD_FAIL,BUILD_FAIL,BUILD_FAIL,BUILD_FAIL,BUILD_FAIL,BUILD_FAIL,BUILD_FAIL,BUILD_FAIL,BUILD_FAIL,BUILD_FAIL,BUILD_FAIL,BUILD_FAIL,BUILD_FAIL,BUILD_FAIL,BUILD_FAIL,BUILD_FAIL,BUILD_FAIL,BUILD_FAIL,BUILD_FAIL,BUILD_FAIL,BUILD_FAIL,BUILD_FAIL,BUILD_FAIL,BUILD_FAIL,BUILD_FAIL,BUILD_FAIL,BUILD_FAIL,BUILD_FAIL,BUILD_FAIL,BUILD_FAIL,BUILD_FAIL,BUILD_FAIL,BUILD_FAIL,BUILD_FAIL,BUILD_FAIL,BUILD_FAIL,BUILD_FAIL,BUILD_FAIL,BUILD_FAIL,BUILD_FAIL,BUILD_FAIL,BUILD_FAIL,BUILD_FAIL,BUILD_FAIL,BUILD_FAIL,BUILD_FAIL,BUILD_FAIL,BUILD_FAIL,BUILD_FAIL,BUILD_FAIL,BUILD_FAIL,BUILD_FAIL,BUILD_FAIL,BUILD_FAIL,BUILD_FAIL,BUILD_FAIL,BUILD_FAIL,BUILD_FAIL,BUILD_FAIL,BUILD_FAIL,BUILD_FAIL,BUILD_FAIL,BUILD_FAIL,BUILD_FAIL,BUILD_FAIL,BUILD_FAIL,BUILD_FAIL,BUILD_FAIL,BUILD_FAIL,BUILD_FAIL,BUILD_FAIL
Lang,Lang_1,batch07__Lang_1__containsAny__lang_1f_containsAny_line1515,lang_1f_containsAny__line1515,containsAny,m06,,SUCCESS,FAIL,True,True,0,6,harness/runs/batch07__Lang_1__containsAny__lang_1f_containsAny_line1515/execution/m06.log,PASS,PASS,PASS,PASS,PASS,PASS,PASS,PASS,PASS,PASS,PASS,PASS,PASS,PASS,PASS,PASS,PASS,PASS,PASS,PASS,PASS,PASS,PASS,PASS,PASS,PASS,PASS,PASS,PASS,PASS,PASS,PASS,PASS,PASS,PASS,PASS,FAIL,FAIL,PASS,FAIL,FAIL,PASS,FAIL,FAIL,PASS,PASS,PASS,PASS,PASS,PASS,PASS,PASS,PASS,PASS,PASS,PASS,PASS,PASS,PASS,PASS,PASS,PASS,PASS,PASS,PASS,PASS,PASS,PASS,PASS,PASS,PASS,PASS,PASS,PASS,PASS,PASS,PASS,PASS,PASS,PASS,PASS,PASS,PASS
Lang,Lang_1,batch07__Lang_1__containsAny__lang_1f_containsAny_line1515,lang_1f_containsAny__line1515,containsAny,m07,,SUCCESS,FAIL,True,True,0,8,harness/runs/batch07__Lang_1__containsAny__lang_1f_containsAny_line1515/execution/m07.log,PASS,PASS,PASS,PASS,PASS,PASS,PASS,PASS,PASS,PASS,PASS,PASS,PASS,PASS,PASS,PASS,PASS,PASS,PASS,PASS,PASS,PASS,PASS,PASS,PASS,PASS,PASS,PASS,PASS,PASS,PASS,PASS,PASS,PASS,PASS,PASS,FAIL,FAIL,FAIL,FAIL,FAIL,FAIL,FAIL,FAIL,PASS,PASS,PASS,PASS,PASS,PASS,PASS,PASS,PASS,PASS,PASS,PASS,PASS,PASS,PASS,PASS,PASS,PASS,PASS,PASS,PASS,PASS,PASS,PASS,PASS,PASS,PASS,PASS,PASS,PASS,PASS,PASS,PASS,PASS,PASS,PASS,PASS,PASS,PASS
Lang,Lang_1,batch07__Lang_1__containsAny__lang_1f_containsAny_line1515,lang_1f_containsAny__line1515,containsAny,m08,,SUCCESS,FAIL,True,True,0,8,harness/runs/batch07__Lang_1__containsAny__lang_1f_containsAny_line1515/execution/m08.log,PASS,PASS,PASS,PASS,PASS,PASS,PASS,PASS,PASS,PASS,PASS,PASS,PASS,PASS,PASS,PASS,PASS,PASS,PASS,PASS,PASS,PASS,PASS,PASS,PASS,PASS,PASS,PASS,PASS,PASS,PASS,PASS,PASS,PASS,PASS,PASS,FAIL,FAIL,FAIL,FAIL,FAIL,FAIL,FAIL,FAIL,PASS,PASS,PASS,PASS,PASS,PASS,PASS,PASS,PASS,PASS,PASS,PASS,PASS,PASS,PASS,PASS,PASS,PASS,PASS,PASS,PASS,PASS,PASS,PASS,PASS,PASS,PASS,PASS,PASS,PASS,PASS,PASS,PASS,PASS,PASS,PASS,PASS,PASS,PASS
Lang,Lang_1,batch07__Lang_1__containsNone__lang_1f_containsNone_line1771,lang_1f_containsNone__line1771,containsNone,m01,,SUCCESS,FAIL,True,True,0,1,harness/runs/batch07__Lang_1__containsNone__lang_1f_containsNone_line1771/execution/m01.log,PASS,PASS,PASS,PASS,PASS,PASS,PASS,PASS,PASS,PASS,PASS,PASS,PASS,PASS,PASS,PASS,PASS,PASS,PASS,PASS,PASS,PASS,PASS,PASS,PASS,PASS,PASS,PASS,PASS,PASS,PASS,PASS,PASS,PASS,PASS,PASS,PASS,PASS,PASS,PASS,PASS,PASS,PASS,PASS,FAIL,PASS,PASS,PASS,PASS,PASS,PASS,PASS,PASS,PASS,PASS,PASS,PASS,PASS,PASS,PASS,PASS,PASS,PASS,PASS,PASS,PASS,PASS,PASS,PASS,PASS,PASS,PASS,PASS,PASS,PASS,PASS,PASS,PASS,PASS,PASS,PASS,PASS,PASS
Lang,Lang_1,batch07__Lang_1__containsNone__lang_1f_containsNone_line1771,lang_1f_containsNone__line1771,containsNone,m02,,SUCCESS,FAIL,True,True,0,7,harness/runs/batch07__Lang_1__containsNone__lang_1f_containsNone_line1771/execution/m02.log,PASS,PASS,PASS,PASS,PASS,PASS,PASS,PASS,PASS,PASS,PASS,PASS,PASS,PASS,PASS,PASS,PASS,PASS,PASS,PASS,PASS,PASS,PASS,PASS,PASS,PASS,PASS,PASS,PASS,PASS,PASS,PASS,PASS,PASS,PASS,PASS,PASS,PASS,PASS,PASS,PASS,PASS,PASS,PASS,FAIL,FAIL,FAIL,FAIL,FAIL,FAIL,FAIL,PASS,PASS,PASS,PASS,PASS,PASS,PASS,PASS,PASS,PASS,PASS,PASS,PASS,PASS,PASS,PASS,PASS,PASS,PASS,PASS,PASS,PASS,PASS,PASS,PASS,PASS,PASS,PASS,PASS,PASS,PASS,PASS
Lang,Lang_1,batch07__Lang_1__containsNone__lang_1f_containsNone_line1771,lang_1f_containsNone__line1771,containsNone,m03,,FAIL,NOT_RUN,False,False,0,0,harness/runs/batch07__Lang_1__containsNone__lang_1f_containsNone_line1771/execution/m03.log,BUILD_FAIL,BUILD_FAIL,BUILD_FAIL,BUILD_FAIL,BUILD_FAIL,BUILD_FAIL,BUILD_FAIL,BUILD_FAIL,BUILD_FAIL,BUILD_FAIL,BUILD_FAIL,BUILD_FAIL,BUILD_FAIL,BUILD_FAIL,BUILD_FAIL,BUILD_FAIL,BUILD_FAIL,BUILD_FAIL,BUILD_FAIL,BUILD_FAIL,BUILD_FAIL,BUILD_FAIL,BUILD_FAIL,BUILD_FAIL,BUILD_FAIL,BUILD_FAIL,BUILD_FAIL,BUILD_FAIL,BUILD_FAIL,BUILD_FAIL,BUILD_FAIL,BUILD_FAIL,BUILD_FAIL,BUILD_FAIL,BUILD_FAIL,BUILD_FAIL,BUILD_FAIL,BUILD_FAIL,BUILD_FAIL,BUILD_FAIL,BUILD_FAIL,BUILD_FAIL,BUILD_FAIL,BUILD_FAIL,BUILD_FAIL,BUILD_FAIL,BUILD_FAIL,BUILD_FAIL,BUILD_FAIL,BUILD_FAIL,BUILD_FAIL,BUILD_FAIL,BUILD_FAIL,BUILD_FAIL,BUILD_FAIL,BUILD_FAIL,BUILD_FAIL,BUILD_FAIL,BUILD_FAIL,BUILD_FAIL,BUILD_FAIL,BUILD_FAIL,BUILD_FAIL,BUILD_FAIL,BUILD_FAIL,BUILD_FAIL,BUILD_FAIL,BUILD_FAIL,BUILD_FAIL,BUILD_FAIL,BUILD_FAIL,BUILD_FAIL,BUILD_FAIL,BUILD_FAIL,BUILD_FAIL,BUILD_FAIL,BUILD_FAIL,BUILD_FAIL,BUILD_FAIL,BUILD_FAIL,BUILD_FAIL,BUILD_FAIL,BUILD_FAIL
Lang,Lang_1,batch07__Lang_1__containsNone__lang_1f_containsNone_line1771,lang_1f_containsNone__line1771,containsNone,m04,,SUCCESS,FAIL,True,True,0,4,harness/runs/batch07__Lang_1__containsNone__lang_1f_containsNone_line1771/execution/m04.log,PASS,PASS,PASS,PASS,PASS,PASS,PASS,PASS,PASS,PASS,PASS,PASS,PASS,PASS,PASS,PASS,PASS,PASS,PASS,PASS,PASS,PASS,PASS,PASS,PASS,PASS,PASS,PASS,PASS,PASS,PASS,PASS,PASS,PASS,PASS,PASS,PASS,PASS,PASS,PASS,PASS,PASS,PASS,PASS,PASS,FAIL,FAIL,PASS,FAIL,FAIL,PASS,PASS,PASS,PASS,PASS,PASS,PASS,PASS,PASS,PASS,PASS,PASS,PASS,PASS,PASS,PASS,PASS,PASS,PASS,PASS,PASS,PASS,PASS,PASS,PASS,PASS,PASS,PASS,PASS,PASS,PASS,PASS,PASS
Lang,Lang_1,batch07__Lang_1__containsNone__lang_1f_containsNone_line1771,lang_1f_containsNone__line1771,containsNone,m05,,FAIL,NOT_RUN,False,False,0,0,harness/runs/batch07__Lang_1__containsNone__lang_1f_containsNone_line1771/execution/m05.log,BUILD_FAIL,BUILD_FAIL,BUILD_FAIL,BUILD_FAIL,BUILD_FAIL,BUILD_FAIL,BUILD_FAIL,BUILD_FAIL,BUILD_FAIL,BUILD_FAIL,BUILD_FAIL,BUILD_FAIL,BUILD_FAIL,BUILD_FAIL,BUILD_FAIL,BUILD_FAIL,BUILD_FAIL,BUILD_FAIL,BUILD_FAIL,BUILD_FAIL,BUILD_FAIL,BUILD_FAIL,BUILD_FAIL,BUILD_FAIL,BUILD_FAIL,BUILD_FAIL,BUILD_FAIL,BUILD_FAIL,BUILD_FAIL,BUILD_FAIL,BUILD_FAIL,BUILD_FAIL,BUILD_FAIL,BUILD_FAIL,BUILD_FAIL,BUILD_FAIL,BUILD_FAIL,BUILD_FAIL,BUILD_FAIL,BUILD_FAIL,BUILD_FAIL,BUILD_FAIL,BUILD_FAIL,BUILD_FAIL,BUILD_FAIL,BUILD_FAIL,BUILD_FAIL,BUILD_FAIL,BUILD_FAIL,BUILD_FAIL,BUILD_FAIL,BUILD_FAIL,BUILD_FAIL,BUILD_FAIL,BUILD_FAIL,BUILD_FAIL,BUILD_FAIL,BUILD_FAIL,BUILD_FAIL,BUILD_FAIL,BUILD_FAIL,BUILD_FAIL,BUILD_FAIL,BUILD_FAIL,BUILD_FAIL,BUILD_FAIL,BUILD_FAIL,BUILD_FAIL,BUILD_FAIL,BUILD_FAIL,BUILD_FAIL,BUILD_FAIL,BUILD_FAIL,BUILD_FAIL,BUILD_FAIL,BUILD_FAIL,BUILD_FAIL,BUILD_FAIL,BUILD_FAIL,BUILD_FAIL,BUILD_FAIL,BUILD_FAIL,BUILD_FAIL
Lang,Lang_1,batch07__Lang_1__containsNone__lang_1f_containsNone_line1771,lang_1f_containsNone__line1771,containsNone,m06,,SUCCESS,FAIL,True,True,0,4,harness/runs/batch07__Lang_1__containsNone__lang_1f_containsNone_line1771/execution/m06.log,PASS,PASS,PASS,PASS,PASS,PASS,PASS,PASS,PASS,PASS,PASS,PASS,PASS,PASS,PASS,PASS,PASS,PASS,PASS,PASS,PASS,PASS,PASS,PASS,PASS,PASS,PASS,PASS,PASS,PASS,PASS,PASS,PASS,PASS,FAIL,FAIL,PASS,PASS,PASS,PASS,PASS,PASS,PASS,PASS,FAIL,PASS,PASS,FAIL,PASS,PASS,PASS,PASS,PASS,PASS,PASS,PASS,PASS,PASS,PASS,PASS,PASS,PASS,PASS,PASS,PASS,PASS,PASS,PASS,PASS,PASS,PASS,PASS,PASS,PASS,PASS,PASS,PASS,PASS,PASS,PASS,PASS,PASS,PASS
Lang,Lang_1,batch07__Lang_1__containsNone__lang_1f_containsNone_line1771,lang_1f_containsNone__line1771,containsNone,m07,,SUCCESS,FAIL,True,True,0,6,harness/runs/batch07__Lang_1__containsNone__lang_1f_containsNone_line1771/execution/m07.log,PASS,PASS,PASS,PASS,PASS,PASS,PASS,PASS,PASS,PASS,PASS,PASS,PASS,PASS,PASS,PASS,PASS,PASS,PASS,PASS,PASS,PASS,PASS,PASS,PASS,PASS,PASS,PASS,PASS,PASS,PASS,PASS,PASS,PASS,FAIL,FAIL,PASS,PASS,PASS,PASS,PASS,PASS,PASS,PASS,PASS,FAIL,FAIL,PASS,FAIL,FAIL,PASS,PASS,PASS,PASS,PASS,PASS,PASS,PASS,PASS,PASS,PASS,PASS,PASS,PASS,PASS,PASS,PASS,PASS,PASS,PASS,PASS,PASS,PASS,PASS,PASS,PASS,PASS,PASS,PASS,PASS,PASS,PASS,PASS
Lang,Lang_1,batch07__Lang_1__containsNone__lang_1f_containsNone_line1771,lang_1f_containsNone__line1771,containsNone,m08,,FAIL,NOT_RUN,False,False,0,0,harness/runs/batch07__Lang_1__containsNone__lang_1f_containsNone_line1771/execution/m08.log,BUILD_FAIL,BUILD_FAIL,BUILD_FAIL,BUILD_FAIL,BUILD_FAIL,BUILD_FAIL,BUILD_FAIL,BUILD_FAIL,BUILD_FAIL,BUILD_FAIL,BUILD_FAIL,BUILD_FAIL,BUILD_FAIL,BUILD_FAIL,BUILD_FAIL,BUILD_FAIL,BUILD_FAIL,BUILD_FAIL,BUILD_FAIL,BUILD_FAIL,BUILD_FAIL,BUILD_FAIL,BUILD_FAIL,BUILD_FAIL,BUILD_FAIL,BUILD_FAIL,BUILD_FAIL,BUILD_FAIL,BUILD_FAIL,BUILD_FAIL,BUILD_FAIL,BUILD_FAIL,BUILD_FAIL,BUILD_FAIL,BUILD_FAIL,BUILD_FAIL,BUILD_FAIL,BUILD_FAIL,BUILD_FAIL,BUILD_FAIL,BUILD_FAIL,BUILD_FAIL,BUILD_FAIL,BUILD_FAIL,BUILD_FAIL,BUILD_FAIL,BUILD_FAIL,BUILD_FAIL,BUILD_FAIL,BUILD_FAIL,BUILD_FAIL,BUILD_FAIL,BUILD_FAIL,BUILD_FAIL,BUILD_FAIL,BUILD_FAIL,BUILD_FAIL,BUILD_FAIL,BUILD_FAIL,BUILD_FAIL,BUILD_FAIL,BUILD_FAIL,BUILD_FAIL,BUILD_FAIL,BUILD_FAIL,BUILD_FAIL,BUILD_FAIL,BUILD_FAIL,BUILD_FAIL,BUILD_FAIL,BUILD_FAIL,BUILD_FAIL,BUILD_FAIL,BUILD_FAIL,BUILD_FAIL,BUILD_FAIL,BUILD_FAIL,BUILD_FAIL,BUILD_FAIL,BUILD_FAIL,BUILD_FAIL,BUILD_FAIL,BUILD_FAIL
Lang,Lang_1,batch07__Lang_1__createBigInteger__lang_1f_createBigInteger_line723,lang_1f_createBigInteger__line723,createBigInteger,m01,,FAIL,NOT_RUN,False,False,0,0,harness/runs/batch07__Lang_1__createBigInteger__lang_1f_createBigInteger_line723/execution/m01.log,BUILD_FAIL,BUILD_FAIL,BUILD_FAIL,BUILD_FAIL,BUILD_FAIL,BUILD_FAIL,BUILD_FAIL,BUILD_FAIL,BUILD_FAIL,BUILD_FAIL,BUILD_FAIL,BUILD_FAIL,BUILD_FAIL,BUILD_FAIL,BUILD_FAIL,BUILD_FAIL,BUILD_FAIL,BUILD_FAIL,BUILD_FAIL,BUILD_FAIL,BUILD_FAIL,BUILD_FAIL,BUILD_FAIL,BUILD_FAIL,BUILD_FAIL,BUILD_FAIL,BUILD_FAIL,BUILD_FAIL,BUILD_FAIL,BUILD_FAIL,BUILD_FAIL,BUILD_FAIL,BUILD_FAIL,BUILD_FAIL,BUILD_FAIL,BUILD_FAIL,BUILD_FAIL,BUILD_FAIL,BUILD_FAIL,BUILD_FAIL,BUILD_FAIL,BUILD_FAIL,BUILD_FAIL,BUILD_FAIL,BUILD_FAIL,BUILD_FAIL,BUILD_FAIL,BUILD_FAIL,BUILD_FAIL,BUILD_FAIL,BUILD_FAIL,BUILD_FAIL,BUILD_FAIL,BUILD_FAIL,BUILD_FAIL,BUILD_FAIL,BUILD_FAIL,BUILD_FAIL,BUILD_FAIL,BUILD_FAIL,BUILD_FAIL,BUILD_FAIL,BUILD_FAIL,BUILD_FAIL,BUILD_FAIL,BUILD_FAIL,BUILD_FAIL,BUILD_FAIL,BUILD_FAIL,BUILD_FAIL,BUILD_FAIL,BUILD_FAIL,BUILD_FAIL,BUILD_FAIL,BUILD_FAIL,BUILD_FAIL,BUILD_FAIL,BUILD_FAIL,BUILD_FAIL,BUILD_FAIL,BUILD_FAIL,BUILD_FAIL,BUILD_FAIL
Lang,Lang_1,batch07__Lang_1__createBigInteger__lang_1f_createBigInteger_line723,lang_1f_createBigInteger__line723,createBigInteger,m02,,SUCCESS,FAIL,True,True,0,1,harness/runs/batch07__Lang_1__createBigInteger__lang_1f_createBigInteger_line723/execution/m02.log,PASS,PASS,PASS,PASS,PASS,PASS,PASS,PASS,PASS,PASS,PASS,PASS,PASS,PASS,PASS,PASS,PASS,PASS,PASS,PASS,PASS,PASS,PASS,PASS,PASS,PASS,PASS,PASS,PASS,PASS,PASS,PASS,PASS,PASS,PASS,PASS,PASS,PASS,PASS,PASS,PASS,PASS,PASS,PASS,PASS,PASS,PASS,PASS,PASS,PASS,PASS,PASS,PASS,PASS,PASS,PASS,PASS,PASS,PASS,PASS,PASS,PASS,PASS,PASS,PASS,PASS,PASS,PASS,PASS,PASS,PASS,PASS,PASS,PASS,PASS,PASS,FAIL,PASS,PASS,PASS,PASS,PASS,PASS
Lang,Lang_1,batch07__Lang_1__createBigInteger__lang_1f_createBigInteger_line723,lang_1f_createBigInteger__line723,createBigInteger,m03,,SUCCESS,FAIL,True,True,0,1,harness/runs/batch07__Lang_1__createBigInteger__lang_1f_createBigInteger_line723/execution/m03.log,PASS,PASS,PASS,PASS,PASS,PASS,PASS,PASS,PASS,PASS,PASS,PASS,PASS,PASS,PASS,PASS,PASS,PASS,PASS,PASS,PASS,PASS,PASS,PASS,PASS,PASS,PASS,PASS,PASS,PASS,PASS,PASS,PASS,PASS,PASS,PASS,PASS,PASS,PASS,PASS,PASS,PASS,PASS,PASS,PASS,PASS,PASS,PASS,PASS,PASS,PASS,PASS,PASS,PASS,PASS,PASS,PASS,PASS,PASS,PASS,PASS,PASS,PASS,PASS,PASS,PASS,PASS,PASS,PASS,PASS,PASS,PASS,PASS,PASS,PASS,PASS,FAIL,PASS,PASS,PASS,PASS,PASS,PASS
Lang,Lang_1,batch07__Lang_1__createBigInteger__lang_1f_createBigInteger_line723,lang_1f_createBigInteger__line723,createBigInteger,m04,,FAIL,NOT_RUN,False,False,0,0,harness/runs/batch07__Lang_1__createBigInteger__lang_1f_createBigInteger_line723/execution/m04.log,BUILD_FAIL,BUILD_FAIL,BUILD_FAIL,BUILD_FAIL,BUILD_FAIL,BUILD_FAIL,BUILD_FAIL,BUILD_FAIL,BUILD_FAIL,BUILD_FAIL,BUILD_FAIL,BUILD_FAIL,BUILD_FAIL,BUILD_FAIL,BUILD_FAIL,BUILD_FAIL,BUILD_FAIL,BUILD_FAIL,BUILD_FAIL,BUILD_FAIL,BUILD_FAIL,BUILD_FAIL,BUILD_FAIL,BUILD_FAIL,BUILD_FAIL,BUILD_FAIL,BUILD_FAIL,BUILD_FAIL,BUILD_FAIL,BUILD_FAIL,BUILD_FAIL,BUILD_FAIL,BUILD_FAIL,BUILD_FAIL,BUILD_FAIL,BUILD_FAIL,BUILD_FAIL,BUILD_FAIL,BUILD_FAIL,BUILD_FAIL,BUILD_FAIL,BUILD_FAIL,BUILD_FAIL,BUILD_FAIL,BUILD_FAIL,BUILD_FAIL,BUILD_FAIL,BUILD_FAIL,BUILD_FAIL,BUILD_FAIL,BUILD_FAIL,BUILD_FAIL,BUILD_FAIL,BUILD_FAIL,BUILD_FAIL,BUILD_FAIL,BUILD_FAIL,BUILD_FAIL,BUILD_FAIL,BUILD_FAIL,BUILD_FAIL,BUILD_FAIL,BUILD_FAIL,BUILD_FAIL,BUILD_FAIL,BUILD_FAIL,BUILD_FAIL,BUILD_FAIL,BUILD_FAIL,BUILD_FAIL,BUILD_FAIL,BUILD_FAIL,BUILD_FAIL,BUILD_FAIL,BUILD_FAIL,BUILD_FAIL,BUILD_FAIL,BUILD_FAIL,BUILD_FAIL,BUILD_FAIL,BUILD_FAIL,BUILD_FAIL,BUILD_FAIL
Lang,Lang_1,batch07__Lang_1__createBigInteger__lang_1f_createBigInteger_line723,lang_1f_createBigInteger__line723,createBigInteger,m05,,SUCCESS,FAIL,True,True,0,3,harness/runs/batch07__Lang_1__createBigInteger__lang_1f_createBigInteger_line723/execution/m05.log,PASS,PASS,PASS,PASS,PASS,PASS,PASS,PASS,PASS,PASS,PASS,PASS,PASS,PASS,PASS,PASS,PASS,PASS,PASS,PASS,PASS,PASS,PASS,PASS,PASS,PASS,PASS,PASS,PASS,PASS,PASS,PASS,PASS,PASS,PASS,PASS,PASS,PASS,PASS,PASS,PASS,PASS,PASS,PASS,PASS,PASS,PASS,PASS,PASS,PASS,PASS,PASS,PASS,PASS,PASS,PASS,PASS,PASS,PASS,PASS,PASS,PASS,PASS,PASS,PASS,PASS,PASS,PASS,PASS,PASS,PASS,PASS,PASS,PASS,PASS,FAIL,FAIL,PASS,FAIL,PASS,PASS,PASS,PASS
Lang,Lang_1,batch07__Lang_1__createBigInteger__lang_1f_createBigInteger_line723,lang_1f_createBigInteger__line723,createBigInteger,m06,,SUCCESS,FAIL,True,True,0,1,harness/runs/batch07__Lang_1__createBigInteger__lang_1f_createBigInteger_line723/execution/m06.log,PASS,PASS,PASS,PASS,PASS,PASS,PASS,PASS,PASS,PASS,PASS,PASS,PASS,PASS,PASS,PASS,PASS,PASS,PASS,PASS,PASS,PASS,PASS,PASS,PASS,PASS,PASS,PASS,PASS,PASS,PASS,PASS,PASS,PASS,PASS,PASS,PASS,PASS,PASS,PASS,PASS,PASS,PASS,PASS,PASS,PASS,PASS,PASS,PASS,PASS,PASS,PASS,PASS,PASS,PASS,PASS,PASS,PASS,PASS,PASS,PASS,PASS,PASS,PASS,PASS,PASS,PASS,PASS,PASS,PASS,PASS,PASS,PASS,PASS,PASS,PASS,FAIL,PASS,PASS,PASS,PASS,PASS,PASS
Lang,Lang_1,batch07__Lang_1__createBigInteger__lang_1f_createBigInteger_line723,lang_1f_createBigInteger__line723,createBigInteger,m08,,SUCCESS,FAIL,True,True,0,4,harness/runs/batch07__Lang_1__createBigInteger__lang_1f_createBigInteger_line723/execution/m08.log,PASS,PASS,PASS,PASS,PASS,PASS,PASS,PASS,PASS,PASS,PASS,PASS,PASS,PASS,PASS,PASS,PASS,PASS,PASS,PASS,PASS,PASS,PASS,PASS,PASS,PASS,PASS,PASS,PASS,PASS,PASS,PASS,PASS,PASS,PASS,PASS,PASS,PASS,PASS,PASS,PASS,PASS,PASS,PASS,PASS,PASS,PASS,PASS,PASS,PASS,PASS,PASS,PASS,PASS,PASS,PASS,PASS,PASS,PASS,PASS,PASS,PASS,PASS,PASS,PASS,PASS,PASS,PASS,PASS,PASS,PASS,PASS,PASS,PASS,PASS,FAIL,FAIL,FAIL,FAIL,PASS,PASS,PASS,PASS
Lang,Lang_1,batch07__Lang_1__equals__lang_1f_equals_line122,lang_1f_equals__line122,equals,m01,,SUCCESS,FAIL,True,True,0,2,harness/runs/batch07__Lang_1__equals__lang_1f_equals_line122/execution/m01.log,PASS,PASS,FAIL,FAIL,PASS,PASS,PASS,PASS,PASS,PASS,PASS,PASS,PASS,PASS,PASS,PASS,PASS,PASS,PASS,PASS,PASS,PASS,PASS,PASS,PASS,PASS,PASS,PASS,PASS,PASS,PASS,PASS,PASS,PASS,PASS,PASS,PASS,PASS,PASS,PASS,PASS,PASS,PASS,PASS,PASS,PASS,PASS,PASS,PASS,PASS,PASS,PASS,PASS,PASS,PASS,PASS,PASS,PASS,PASS,PASS,PASS,PASS,PASS,PASS,PASS,PASS,PASS,PASS,PASS,PASS,PASS,PASS,PASS,PASS,PASS,PASS,PASS,PASS,PASS,PASS,PASS,PASS,PASS
Lang,Lang_1,batch07__Lang_1__equals__lang_1f_equals_line122,lang_1f_equals__line122,equals,m02,,SUCCESS,PASS,False,True,0,0,harness/runs/batch07__Lang_1__equals__lang_1f_equals_line122/execution/m02.log,PASS,PASS,PASS,PASS,PASS,PASS,PASS,PASS,PASS,PASS,PASS,PASS,PASS,PASS,PASS,PASS,PASS,PASS,PASS,PASS,PASS,PASS,PASS,PASS,PASS,PASS,PASS,PASS,PASS,PASS,PASS,PASS,PASS,PASS,PASS,PASS,PASS,PASS,PASS,PASS,PASS,PASS,PASS,PASS,PASS,PASS,PASS,PASS,PASS,PASS,PASS,PASS,PASS,PASS,PASS,PASS,PASS,PASS,PASS,PASS,PASS,PASS,PASS,PASS,PASS,PASS,PASS,PASS,PASS,PASS,PASS,PASS,PASS,PASS,PASS,PASS,PASS,PASS,PASS,PASS,PASS,PASS,PASS
Lang,Lang_1,batch07__Lang_1__equals__lang_1f_equals_line122,lang_1f_equals__line122,equals,m03,,SUCCESS,PASS,False,True,0,0,harness/runs/batch07__Lang_1__equals__lang_1f_equals_line122/execution/m03.log,PASS,PASS,PASS,PASS,PASS,PASS,PASS,PASS,PASS,PASS,PASS,PASS,PASS,PASS,PASS,PASS,PASS,PASS,PASS,PASS,PASS,PASS,PASS,PASS,PASS,PASS,PASS,PASS,PASS,PASS,PASS,PASS,PASS,PASS,PASS,PASS,PASS,PASS,PASS,PASS,PASS,PASS,PASS,PASS,PASS,PASS,PASS,PASS,PASS,PASS,PASS,PASS,PASS,PASS,PASS,PASS,PASS,PASS,PASS,PASS,PASS,PASS,PASS,PASS,PASS,PASS,PASS,PASS,PASS,PASS,PASS,PASS,PASS,PASS,PASS,PASS,PASS,PASS,PASS,PASS,PASS,PASS,PASS
Lang,Lang_1,batch07__Lang_1__equals__lang_1f_equals_line122,lang_1f_equals__line122,equals,m04,,SUCCESS,FAIL,True,True,0,2,harness/runs/batch07__Lang_1__equals__lang_1f_equals_line122/execution/m04.log,PASS,PASS,FAIL,FAIL,PASS,PASS,PASS,PASS,PASS,PASS,PASS,PASS,PASS,PASS,PASS,PASS,PASS,PASS,PASS,PASS,PASS,PASS,PASS,PASS,PASS,PASS,PASS,PASS,PASS,PASS,PASS,PASS,PASS,PASS,PASS,PASS,PASS,PASS,PASS,PASS,PASS,PASS,PASS,PASS,PASS,PASS,PASS,PASS,PASS,PASS,PASS,PASS,PASS,PASS,PASS,PASS,PASS,PASS,PASS,PASS,PASS,PASS,PASS,PASS,PASS,PASS,PASS,PASS,PASS,PASS,PASS,PASS,PASS,PASS,PASS,PASS,PASS,PASS,PASS,PASS,PASS,PASS,PASS
Lang,Lang_1,batch07__Lang_1__equals__lang_1f_equals_line122,lang_1f_equals__line122,equals,m05,,SUCCESS,FAIL,True,True,0,2,harness/runs/batch07__Lang_1__equals__lang_1f_equals_line122/execution/m05.log,PASS,PASS,FAIL,FAIL,PASS,PASS,PASS,PASS,PASS,PASS,PASS,PASS,PASS,PASS,PASS,PASS,PASS,PASS,PASS,PASS,PASS,PASS,PASS,PASS,PASS,PASS,PASS,PASS,PASS,PASS,PASS,PASS,PASS,PASS,PASS,PASS,PASS,PASS,PASS,PASS,PASS,PASS,PASS,PASS,PASS,PASS,PASS,PASS,PASS,PASS,PASS,PASS,PASS,PASS,PASS,PASS,PASS,PASS,PASS,PASS,PASS,PASS,PASS,PASS,PASS,PASS,PASS,PASS,PASS,PASS,PASS,PASS,PASS,PASS,PASS,PASS,PASS,PASS,PASS,PASS,PASS,PASS,PASS
Lang,Lang_1,batch07__Lang_1__equals__lang_1f_equals_line122,lang_1f_equals__line122,equals,m06,,FAIL,NOT_RUN,False,False,0,0,harness/runs/batch07__Lang_1__equals__lang_1f_equals_line122/execution/m06.log,BUILD_FAIL,BUILD_FAIL,BUILD_FAIL,BUILD_FAIL,BUILD_FAIL,BUILD_FAIL,BUILD_FAIL,BUILD_FAIL,BUILD_FAIL,BUILD_FAIL,BUILD_FAIL,BUILD_FAIL,BUILD_FAIL,BUILD_FAIL,BUILD_FAIL,BUILD_FAIL,BUILD_FAIL,BUILD_FAIL,BUILD_FAIL,BUILD_FAIL,BUILD_FAIL,BUILD_FAIL,BUILD_FAIL,BUILD_FAIL,BUILD_FAIL,BUILD_FAIL,BUILD_FAIL,BUILD_FAIL,BUILD_FAIL,BUILD_FAIL,BUILD_FAIL,BUILD_FAIL,BUILD_FAIL,BUILD_FAIL,BUILD_FAIL,BUILD_FAIL,BUILD_FAIL,BUILD_FAIL,BUILD_FAIL,BUILD_FAIL,BUILD_FAIL,BUILD_FAIL,BUILD_FAIL,BUILD_FAIL,BUILD_FAIL,BUILD_FAIL,BUILD_FAIL,BUILD_FAIL,BUILD_FAIL,BUILD_FAIL,BUILD_FAIL,BUILD_FAIL,BUILD_FAIL,BUILD_FAIL,BUILD_FAIL,BUILD_FAIL,BUILD_FAIL,BUILD_FAIL,BUILD_FAIL,BUILD_FAIL,BUILD_FAIL,BUILD_FAIL,BUILD_FAIL,BUILD_FAIL,BUILD_FAIL,BUILD_FAIL,BUILD_FAIL,BUILD_FAIL,BUILD_FAIL,BUILD_FAIL,BUILD_FAIL,BUILD_FAIL,BUILD_FAIL,BUILD_FAIL,BUILD_FAIL,BUILD_FAIL,BUILD_FAIL,BUILD_FAIL,BUILD_FAIL,BUILD_FAIL,BUILD_FAIL,BUILD_FAIL,BUILD_FAIL
Lang,Lang_1,batch07__Lang_1__equals__lang_1f_equals_line122,lang_1f_equals__line122,equals,m07,,FAIL,NOT_RUN,False,False,0,0,harness/runs/batch07__Lang_1__equals__lang_1f_equals_line122/execution/m07.log,BUILD_FAIL,BUILD_FAIL,BUILD_FAIL,BUILD_FAIL,BUILD_FAIL,BUILD_FAIL,BUILD_FAIL,BUILD_FAIL,BUILD_FAIL,BUILD_FAIL,BUILD_FAIL,BUILD_FAIL,BUILD_FAIL,BUILD_FAIL,BUILD_FAIL,BUILD_FAIL,BUILD_FAIL,BUILD_FAIL,BUILD_FAIL,BUILD_FAIL,BUILD_FAIL,BUILD_FAIL,BUILD_FAIL,BUILD_FAIL,BUILD_FAIL,BUILD_FAIL,BUILD_FAIL,BUILD_FAIL,BUILD_FAIL,BUILD_FAIL,BUILD_FAIL,BUILD_FAIL,BUILD_FAIL,BUILD_FAIL,BUILD_FAIL,BUILD_FAIL,BUILD_FAIL,BUILD_FAIL,BUILD_FAIL,BUILD_FAIL,BUILD_FAIL,BUILD_FAIL,BUILD_FAIL,BUILD_FAIL,BUILD_FAIL,BUILD_FAIL,BUILD_FAIL,BUILD_FAIL,BUILD_FAIL,BUILD_FAIL,BUILD_FAIL,BUILD_FAIL,BUILD_FAIL,BUILD_FAIL,BUILD_FAIL,BUILD_FAIL,BUILD_FAIL,BUILD_FAIL,BUILD_FAIL,BUILD_FAIL,BUILD_FAIL,BUILD_FAIL,BUILD_FAIL,BUILD_FAIL,BUILD_FAIL,BUILD_FAIL,BUILD_FAIL,BUILD_FAIL,BUILD_FAIL,BUILD_FAIL,BUILD_FAIL,BUILD_FAIL,BUILD_FAIL,BUILD_FAIL,BUILD_FAIL,BUILD_FAIL,BUILD_FAIL,BUILD_FAIL,BUILD_FAIL,BUILD_FAIL,BUILD_FAIL,BUILD_FAIL,BUILD_FAIL
Lang,Lang_1,batch07__Lang_1__equals__lang_1f_equals_line122,lang_1f_equals__line122,equals,m08,,FAIL,NOT_RUN,False,False,0,0,harness/runs/batch07__Lang_1__equals__lang_1f_equals_line122/execution/m08.log,BUILD_FAIL,BUILD_FAIL,BUILD_FAIL,BUILD_FAIL,BUILD_FAIL,BUILD_FAIL,BUILD_FAIL,BUILD_FAIL,BUILD_FAIL,BUILD_FAIL,BUILD_FAIL,BUILD_FAIL,BUILD_FAIL,BUILD_FAIL,BUILD_FAIL,BUILD_FAIL,BUILD_FAIL,BUILD_FAIL,BUILD_FAIL,BUILD_FAIL,BUILD_FAIL,BUILD_FAIL,BUILD_FAIL,BUILD_FAIL,BUILD_FAIL,BUILD_FAIL,BUILD_FAIL,BUILD_FAIL,BUILD_FAIL,BUILD_FAIL,BUILD_FAIL,BUILD_FAIL,BUILD_FAIL,BUILD_FAIL,BUILD_FAIL,BUILD_FAIL,BUILD_FAIL,BUILD_FAIL,BUILD_FAIL,BUILD_FAIL,BUILD_FAIL,BUILD_FAIL,BUILD_FAIL,BUILD_FAIL,BUILD_FAIL,BUILD_FAIL,BUILD_FAIL,BUILD_FAIL,BUILD_FAIL,BUILD_FAIL,BUILD_FAIL,BUILD_FAIL,BUILD_FAIL,BUILD_FAIL,BUILD_FAIL,BUILD_FAIL,BUILD_FAIL,BUILD_FAIL,BUILD_FAIL,BUILD_FAIL,BUILD_FAIL,BUILD_FAIL,BUILD_FAIL,BUILD_FAIL,BUILD_FAIL,BUILD_FAIL,BUILD_FAIL,BUILD_FAIL,BUILD_FAIL,BUILD_FAIL,BUILD_FAIL,BUILD_FAIL,BUILD_FAIL,BUILD_FAIL,BUILD_FAIL,BUILD_FAIL,BUILD_FAIL,BUILD_FAIL,BUILD_FAIL,BUILD_FAIL,BUILD_FAIL,BUILD_FAIL,BUILD_FAIL
Lang,Lang_1,batch07__Lang_1__lastIndexOf__lang_1f_lastIndexOf_line1687,lang_1f_lastIndexOf__line1687,lastIndexOf,m01,,SUCCESS,PASS,False,True,0,0,harness/runs/batch07__Lang_1__lastIndexOf__lang_1f_lastIndexOf_line1687/execution/m01.log,PASS,PASS,PASS,PASS,PASS,PASS,PASS,PASS,PASS,PASS,PASS,PASS,PASS,PASS,PASS,PASS,PASS,PASS,PASS,PASS,PASS,PASS,PASS,PASS,PASS,PASS,PASS,PASS,PASS,PASS,PASS,PASS,PASS,PASS,PASS,PASS,PASS,PASS,PASS,PASS,PASS,PASS,PASS,PASS,PASS,PASS,PASS,PASS,PASS,PASS,PASS,PASS,PASS,PASS,PASS,PASS,PASS,PASS,PASS,PASS,PASS,PASS,PASS,PASS,PASS,PASS,PASS,PASS,PASS,PASS,PASS,PASS,PASS,PASS,PASS,PASS,PASS,PASS,PASS,PASS,PASS,PASS,PASS
Lang,Lang_1,batch07__Lang_1__lastIndexOf__lang_1f_lastIndexOf_line1687,lang_1f_lastIndexOf__line1687,lastIndexOf,m02,,SUCCESS,PASS,False,True,0,0,harness/runs/batch07__Lang_1__lastIndexOf__lang_1f_lastIndexOf_line1687/execution/m02.log,PASS,PASS,PASS,PASS,PASS,PASS,PASS,PASS,PASS,PASS,PASS,PASS,PASS,PASS,PASS,PASS,PASS,PASS,PASS,PASS,PASS,PASS,PASS,PASS,PASS,PASS,PASS,PASS,PASS,PASS,PASS,PASS,PASS,PASS,PASS,PASS,PASS,PASS,PASS,PASS,PASS,PASS,PASS,PASS,PASS,PASS,PASS,PASS,PASS,PASS,PASS,PASS,PASS,PASS,PASS,PASS,PASS,PASS,PASS,PASS,PASS,PASS,PASS,PASS,PASS,PASS,PASS,PASS,PASS,PASS,PASS,PASS,PASS,PASS,PASS,PASS,PASS,PASS,PASS,PASS,PASS,PASS,PASS
Lang,Lang_1,batch07__Lang_1__lastIndexOf__lang_1f_lastIndexOf_line1687,lang_1f_lastIndexOf__line1687,lastIndexOf,m03,,SUCCESS,FAIL,True,True,0,2,harness/runs/batch07__Lang_1__lastIndexOf__lang_1f_lastIndexOf_line1687/execution/m03.log,PASS,PASS,PASS,PASS,PASS,PASS,PASS,FAIL,FAIL,PASS,PASS,PASS,PASS,PASS,PASS,PASS,PASS,PASS,PASS,PASS,PASS,PASS,PASS,PASS,PASS,PASS,PASS,PASS,PASS,PASS,PASS,PASS,PASS,PASS,PASS,PASS,PASS,PASS,PASS,PASS,PASS,PASS,PASS,PASS,PASS,PASS,PASS,PASS,PASS,PASS,PASS,PASS,PASS,PASS,PASS,PASS,PASS,PASS,PASS,PASS,PASS,PASS,PASS,PASS,PASS,PASS,PASS,PASS,PASS,PASS,PASS,PASS,PASS,PASS,PASS,PASS,PASS,PASS,PASS,PASS,PASS,PASS,PASS
Lang,Lang_1,batch07__Lang_1__lastIndexOf__lang_1f_lastIndexOf_line1687,lang_1f_lastIndexOf__line1687,lastIndexOf,m04,,SUCCESS,FAIL,True,True,0,2,harness/runs/batch07__Lang_1__lastIndexOf__lang_1f_lastIndexOf_line1687/execution/m04.log,PASS,PASS,PASS,PASS,PASS,PASS,PASS,FAIL,FAIL,PASS,PASS,PASS,PASS,PASS,PASS,PASS,PASS,PASS,PASS,PASS,PASS,PASS,PASS,PASS,PASS,PASS,PASS,PASS,PASS,PASS,PASS,PASS,PASS,PASS,PASS,PASS,PASS,PASS,PASS,PASS,PASS,PASS,PASS,PASS,PASS,PASS,PASS,PASS,PASS,PASS,PASS,PASS,PASS,PASS,PASS,PASS,PASS,PASS,PASS,PASS,PASS,PASS,PASS,PASS,PASS,PASS,PASS,PASS,PASS,PASS,PASS,PASS,PASS,PASS,PASS,PASS,PASS,PASS,PASS,PASS,PASS,PASS,PASS
Lang,Lang_1,batch07__Lang_1__lastIndexOf__lang_1f_lastIndexOf_line1687,lang_1f_lastIndexOf__line1687,lastIndexOf,m05,,SUCCESS,FAIL,True,True,0,2,harness/runs/batch07__Lang_1__lastIndexOf__lang_1f_lastIndexOf_line1687/execution/m05.log,PASS,PASS,PASS,PASS,PASS,PASS,PASS,FAIL,FAIL,PASS,PASS,PASS,PASS,PASS,PASS,PASS,PASS,PASS,PASS,PASS,PASS,PASS,PASS,PASS,PASS,PASS,PASS,PASS,PASS,PASS,PASS,PASS,PASS,PASS,PASS,PASS,PASS,PASS,PASS,PASS,PASS,PASS,PASS,PASS,PASS,PASS,PASS,PASS,PASS,PASS,PASS,PASS,PASS,PASS,PASS,PASS,PASS,PASS,PASS,PASS,PASS,PASS,PASS,PASS,PASS,PASS,PASS,PASS,PASS,PASS,PASS,PASS,PASS,PASS,PASS,PASS,PASS,PASS,PASS,PASS,PASS,PASS,PASS
Lang,Lang_1,batch07__Lang_1__lastIndexOf__lang_1f_lastIndexOf_line1687,lang_1f_lastIndexOf__line1687,lastIndexOf,m06,,SUCCESS,FAIL,True,True,0,2,harness/runs/batch07__Lang_1__lastIndexOf__lang_1f_lastIndexOf_line1687/execution/m06.log,PASS,PASS,PASS,PASS,PASS,PASS,PASS,FAIL,FAIL,PASS,PASS,PASS,PASS,PASS,PASS,PASS,PASS,PASS,PASS,PASS,PASS,PASS,PASS,PASS,PASS,PASS,PASS,PASS,PASS,PASS,PASS,PASS,PASS,PASS,PASS,PASS,PASS,PASS,PASS,PASS,PASS,PASS,PASS,PASS,PASS,PASS,PASS,PASS,PASS,PASS,PASS,PASS,PASS,PASS,PASS,PASS,PASS,PASS,PASS,PASS,PASS,PASS,PASS,PASS,PASS,PASS,PASS,PASS,PASS,PASS,PASS,PASS,PASS,PASS,PASS,PASS,PASS,PASS,PASS,PASS,PASS,PASS,PASS
Lang,Lang_1,batch07__Lang_1__lastIndexOf__lang_1f_lastIndexOf_line1687,lang_1f_lastIndexOf__line1687,lastIndexOf,m07,,SUCCESS,PASS,False,True,0,0,harness/runs/batch07__Lang_1__lastIndexOf__lang_1f_lastIndexOf_line1687/execution/m07.log,PASS,PASS,PASS,PASS,PASS,PASS,PASS,PASS,PASS,PASS,PASS,PASS,PASS,PASS,PASS,PASS,PASS,PASS,PASS,PASS,PASS,PASS,PASS,PASS,PASS,PASS,PASS,PASS,PASS,PASS,PASS,PASS,PASS,PASS,PASS,PASS,PASS,PASS,PASS,PASS,PASS,PASS,PASS,PASS,PASS,PASS,PASS,PASS,PASS,PASS,PASS,PASS,PASS,PASS,PASS,PASS,PASS,PASS,PASS,PASS,PASS,PASS,PASS,PASS,PASS,PASS,PASS,PASS,PASS,PASS,PASS,PASS,PASS,PASS,PASS,PASS,PASS,PASS,PASS,PASS,PASS,PASS,PASS
Lang,Lang_1,batch07__Lang_1__lastIndexOf__lang_1f_lastIndexOf_line1687,lang_1f_lastIndexOf__line1687,lastIndexOf,m08,,SUCCESS,FAIL,True,True,0,2,harness/runs/batch07__Lang_1__lastIndexOf__lang_1f_lastIndexOf_line1687/execution/m08.log,PASS,PASS,PASS,PASS,PASS,PASS,PASS,FAIL,FAIL,PASS,PASS,PASS,PASS,PASS,PASS,PASS,PASS,PASS,PASS,PASS,PASS,PASS,PASS,PASS,PASS,PASS,PASS,PASS,PASS,PASS,PASS,PASS,PASS,PASS,PASS,PASS,PASS,PASS,PASS,PASS,PASS,PASS,PASS,PASS,PASS,PASS,PASS,PASS,PASS,PASS,PASS,PASS,PASS,PASS,PASS,PASS,PASS,PASS,PASS,PASS,PASS,PASS,PASS,PASS,PASS,PASS,PASS,PASS,PASS,PASS,PASS,PASS,PASS,PASS,PASS,PASS,PASS,PASS,PASS,PASS,PASS,PASS,PASS
Lang,Lang_1,batch07__Lang_1__pow__lang_1f_pow_line546,lang_1f_pow__line546,pow,m03,,SUCCESS,FAIL,True,True,0,1,harness/runs/batch07__Lang_1__pow__lang_1f_pow_line546/execution/m03.log,PASS,PASS,PASS,PASS,PASS,PASS,PASS,PASS,PASS,PASS,PASS,PASS,PASS,PASS,PASS,PASS,PASS,PASS,PASS,PASS,PASS,PASS,PASS,PASS,PASS,PASS,PASS,PASS,PASS,PASS,PASS,PASS,PASS,PASS,PASS,PASS,PASS,PASS,PASS,PASS,PASS,PASS,PASS,PASS,PASS,PASS,PASS,PASS,PASS,PASS,PASS,PASS,PASS,PASS,PASS,PASS,PASS,PASS,PASS,PASS,PASS,PASS,PASS,PASS,PASS,PASS,PASS,PASS,PASS,PASS,PASS,PASS,PASS,PASS,FAIL,PASS,PASS,PASS,PASS,PASS,PASS,PASS,PASS
Lang,Lang_1,batch07__Lang_1__pow__lang_1f_pow_line546,lang_1f_pow__line546,pow,m04,,SUCCESS,FAIL,True,True,0,1,harness/runs/batch07__Lang_1__pow__lang_1f_pow_line546/execution/m04.log,PASS,PASS,PASS,PASS,PASS,PASS,PASS,PASS,PASS,PASS,PASS,PASS,PASS,PASS,PASS,PASS,PASS,PASS,PASS,PASS,PASS,PASS,PASS,PASS,PASS,PASS,PASS,PASS,PASS,PASS,PASS,PASS,PASS,PASS,PASS,PASS,PASS,PASS,PASS,PASS,PASS,PASS,PASS,PASS,PASS,PASS,PASS,PASS,PASS,PASS,PASS,PASS,PASS,PASS,PASS,PASS,PASS,PASS,PASS,PASS,PASS,PASS,PASS,PASS,PASS,PASS,PASS,PASS,PASS,PASS,PASS,PASS,PASS,PASS,FAIL,PASS,PASS,PASS,PASS,PASS,PASS,PASS,PASS
Lang,Lang_1,batch07__Lang_1__pow__lang_1f_pow_line546,lang_1f_pow__line546,pow,m05,,SUCCESS,FAIL,True,True,0,1,harness/runs/batch07__Lang_1__pow__lang_1f_pow_line546/execution/m05.log,PASS,PASS,PASS,PASS,PASS,PASS,PASS,PASS,PASS,PASS,PASS,PASS,PASS,PASS,PASS,PASS,PASS,PASS,PASS,PASS,PASS,PASS,PASS,PASS,PASS,PASS,PASS,PASS,PASS,PASS,PASS,PASS,PASS,PASS,PASS,PASS,PASS,PASS,PASS,PASS,PASS,PASS,PASS,PASS,PASS,PASS,PASS,PASS,PASS,PASS,PASS,PASS,PASS,PASS,PASS,PASS,PASS,PASS,PASS,PASS,PASS,PASS,PASS,PASS,PASS,PASS,PASS,PASS,PASS,PASS,PASS,PASS,PASS,PASS,FAIL,PASS,PASS,PASS,PASS,PASS,PASS,PASS,PASS
Lang,Lang_1,batch07__Lang_1__pow__lang_1f_pow_line546,lang_1f_pow__line546,pow,m07,,SUCCESS,FAIL,True,True,0,1,harness/runs/batch07__Lang_1__pow__lang_1f_pow_line546/execution/m07.log,PASS,PASS,PASS,PASS,PASS,PASS,PASS,PASS,PASS,PASS,PASS,PASS,PASS,PASS,PASS,PASS,PASS,PASS,PASS,PASS,PASS,PASS,PASS,PASS,PASS,PASS,PASS,PASS,PASS,PASS,PASS,PASS,PASS,PASS,PASS,PASS,PASS,PASS,PASS,PASS,PASS,PASS,PASS,PASS,PASS,PASS,PASS,PASS,PASS,PASS,PASS,PASS,PASS,PASS,PASS,PASS,PASS,PASS,PASS,PASS,PASS,PASS,PASS,PASS,PASS,PASS,PASS,PASS,PASS,PASS,PASS,PASS,PASS,PASS,FAIL,PASS,PASS,PASS,PASS,PASS,PASS,PASS,PASS
Lang,Lang_1,batch07__Lang_1__pow__lang_1f_pow_line546,lang_1f_pow__line546,pow,m08,,FAIL,NOT_RUN,False,False,0,0,harness/runs/batch07__Lang_1__pow__lang_1f_pow_line546/execution/m08.log,BUILD_FAIL,BUILD_FAIL,BUILD_FAIL,BUILD_FAIL,BUILD_FAIL,BUILD_FAIL,BUILD_FAIL,BUILD_FAIL,BUILD_FAIL,BUILD_FAIL,BUILD_FAIL,BUILD_FAIL,BUILD_FAIL,BUILD_FAIL,BUILD_FAIL,BUILD_FAIL,BUILD_FAIL,BUILD_FAIL,BUILD_FAIL,BUILD_FAIL,BUILD_FAIL,BUILD_FAIL,BUILD_FAIL,BUILD_FAIL,BUILD_FAIL,BUILD_FAIL,BUILD_FAIL,BUILD_FAIL,BUILD_FAIL,BUILD_FAIL,BUILD_FAIL,BUILD_FAIL,BUILD_FAIL,BUILD_FAIL,BUILD_FAIL,BUILD_FAIL,BUILD_FAIL,BUILD_FAIL,BUILD_FAIL,BUILD_FAIL,BUILD_FAIL,BUILD_FAIL,BUILD_FAIL,BUILD_FAIL,BUILD_FAIL,BUILD_FAIL,BUILD_FAIL,BUILD_FAIL,BUILD_FAIL,BUILD_FAIL,BUILD_FAIL,BUILD_FAIL,BUILD_FAIL,BUILD_FAIL,BUILD_FAIL,BUILD_FAIL,BUILD_FAIL,BUILD_FAIL,BUILD_FAIL,BUILD_FAIL,BUILD_FAIL,BUILD_FAIL,BUILD_FAIL,BUILD_FAIL,BUILD_FAIL,BUILD_FAIL,BUILD_FAIL,BUILD_FAIL,BUILD_FAIL,BUILD_FAIL,BUILD_FAIL,BUILD_FAIL,BUILD_FAIL,BUILD_FAIL,BUILD_FAIL,BUILD_FAIL,BUILD_FAIL,BUILD_FAIL,BUILD_FAIL,BUILD_FAIL,BUILD_FAIL,BUILD_FAIL,BUILD_FAIL
Lang,Lang_1,batch08__Lang_1__equals__lang_1f_equals_line122,lang_1f_equals__line122,equals,m01,,SUCCESS,FAIL,True,True,0,2,harness/runs/batch08__Lang_1__equals__lang_1f_equals_line122/execution/m01.log,PASS,FAIL,PASS,PASS,FAIL,PASS,PASS,PASS,PASS,PASS,PASS,PASS,PASS,PASS,PASS,PASS,PASS,PASS,PASS,PASS,PASS,PASS,PASS,PASS,PASS,PASS,PASS,PASS,PASS,PASS,PASS,PASS,PASS,PASS,PASS,PASS,PASS,PASS,PASS,PASS,PASS,PASS,PASS,PASS,PASS,PASS,PASS,PASS,PASS,PASS,PASS,PASS,PASS,PASS,PASS,PASS,PASS,PASS,PASS,PASS,PASS,PASS,PASS,PASS,PASS,PASS,PASS,PASS,PASS,PASS,PASS,PASS,PASS,PASS,PASS,PASS,PASS,PASS,PASS,PASS,PASS,PASS,PASS
Lang,Lang_1,batch09__Lang_1__add__lang_1f_add_line173,lang_1f_add__line173,add,m01,,SUCCESS,FAIL,True,True,0,23,harness/runs/batch09__Lang_1__add__lang_1f_add_line173/execution/m01.log,PASS,PASS,PASS,PASS,PASS,PASS,PASS,PASS,PASS,PASS,FAIL,FAIL,FAIL,FAIL,FAIL,FAIL,FAIL,FAIL,FAIL,FAIL,FAIL,FAIL,FAIL,FAIL,FAIL,FAIL,FAIL,FAIL,FAIL,FAIL,FAIL,FAIL,FAIL,PASS,PASS,PASS,PASS,PASS,PASS,PASS,PASS,PASS,PASS,PASS,PASS,PASS,PASS,PASS,PASS,PASS,PASS,PASS,PASS,PASS,PASS,PASS,PASS,PASS,PASS,PASS,PASS,PASS,PASS,PASS,PASS,PASS,PASS,PASS,PASS,PASS,PASS,PASS,PASS,PASS,PASS,PASS,PASS,PASS,PASS,PASS,PASS,PASS,PASS
Lang,Lang_1,batch09__Lang_1__add__lang_1f_add_line173,lang_1f_add__line173,add,m02,,SUCCESS,FAIL,True,True,0,5,harness/runs/batch09__Lang_1__add__lang_1f_add_line173/execution/m02.log,PASS,PASS,PASS,PASS,PASS,PASS,PASS,PASS,PASS,PASS,PASS,FAIL,FAIL,PASS,FAIL,FAIL,FAIL,PASS,PASS,PASS,PASS,PASS,PASS,PASS,PASS,PASS,PASS,PASS,PASS,PASS,PASS,PASS,PASS,PASS,PASS,PASS,PASS,PASS,PASS,PASS,PASS,PASS,PASS,PASS,PASS,PASS,PASS,PASS,PASS,PASS,PASS,PASS,PASS,PASS,PASS,PASS,PASS,PASS,PASS,PASS,PASS,PASS,PASS,PASS,PASS,PASS,PASS,PASS,PASS,PASS,PASS,PASS,PASS,PASS,PASS,PASS,PASS,PASS,PASS,PASS,PASS,PASS,PASS
Lang,Lang_1,batch09__Lang_1__add__lang_1f_add_line173,lang_1f_add__line173,add,m03,,SUCCESS,FAIL,True,True,0,6,harness/runs/batch09__Lang_1__add__lang_1f_add_line173/execution/m03.log,PASS,PASS,PASS,PASS,PASS,PASS,PASS,PASS,PASS,PASS,PASS,FAIL,FAIL,PASS,FAIL,FAIL,FAIL,FAIL,PASS,PASS,PASS,PASS,PASS,PASS,PASS,PASS,PASS,PASS,PASS,PASS,PASS,PASS,PASS,PASS,PASS,PASS,PASS,PASS,PASS,PASS,PASS,PASS,PASS,PASS,PASS,PASS,PASS,PASS,PASS,PASS,PASS,PASS,PASS,PASS,PASS,PASS,PASS,PASS,PASS,PASS,PASS,PASS,PASS,PASS,PASS,PASS,PASS,PASS,PASS,PASS,PASS,PASS,PASS,PASS,PASS,PASS,PASS,PASS,PASS,PASS,PASS,PASS,PASS
Lang,Lang_1,batch09__Lang_1__add__lang_1f_add_line173,lang_1f_add__line173,add,m05,,SUCCESS,FAIL,True,True,0,4,harness/runs/batch09__Lang_1__add__lang_1f_add_line173/execution/m05.log,PASS,PASS,PASS,PASS,PASS,PASS,PASS,PASS,PASS,PASS,PASS,FAIL,PASS,PASS,FAIL,FAIL,PASS,PASS,PASS,PASS,PASS,PASS,PASS,PASS,PASS,PASS,PASS,PASS,PASS,PASS,PASS,FAIL,PASS,PASS,PASS,PASS,PASS,PASS,PASS,PASS,PASS,PASS,PASS,PASS,PASS,PASS,PASS,PASS,PASS,PASS,PASS,PASS,PASS,PASS,PASS,PASS,PASS,PASS,PASS,PASS,PASS,PASS,PASS,PASS,PASS,PASS,PASS,PASS,PASS,PASS,PASS,PASS,PASS,PASS,PASS,PASS,PASS,PASS,PASS,PASS,PASS,PASS,PASS
Lang,Lang_1,batch09__Lang_1__add__lang_1f_add_line173,lang_1f_add__line173,add,m06,,SUCCESS,FAIL,True,True,0,10,harness/runs/batch09__Lang_1__add__lang_1f_add_line173/execution/m06.log,PASS,PASS,PASS,PASS,PASS,PASS,PASS,PASS,PASS,PASS,FAIL,FAIL,PASS,FAIL,FAIL,PASS,FAIL,PASS,PASS,PASS,PASS,PASS,PASS,PASS,PASS,PASS,FAIL,PASS,FAIL,FAIL,FAIL,PASS,FAIL,PASS,PASS,PASS,PASS,PASS,PASS,PASS,PASS,PASS,PASS,PASS,PASS,PASS,PASS,PASS,PASS,PASS,PASS,PASS,PASS,PASS,PASS,PASS,PASS,PASS,PASS,PASS,PASS,PASS,PASS,PASS,PASS,PASS,PASS,PASS,PASS,PASS,PASS,PASS,PASS,PASS,PASS,PASS,PASS,PASS,PASS,PASS,PASS,PASS,PASS
Lang,Lang_1,batch09__Lang_1__add__lang_1f_add_line173,lang_1f_add__line173,add,m08,,SUCCESS,FAIL,True,True,0,5,harness/runs/batch09__Lang_1__add__lang_1f_add_line173/execution/m08.log,PASS,PASS,PASS,PASS,PASS,PASS,PASS,PASS,PASS,PASS,PASS,FAIL,FAIL,PASS,FAIL,FAIL,FAIL,PASS,PASS,PASS,PASS,PASS,PASS,PASS,PASS,PASS,PASS,PASS,PASS,PASS,PASS,PASS,PASS,PASS,PASS,PASS,PASS,PASS,PASS,PASS,PASS,PASS,PASS,PASS,PASS,PASS,PASS,PASS,PASS,PASS,PASS,PASS,PASS,PASS,PASS,PASS,PASS,PASS,PASS,PASS,PASS,PASS,PASS,PASS,PASS,PASS,PASS,PASS,PASS,PASS,PASS,PASS,PASS,PASS,PASS,PASS,PASS,PASS,PASS,PASS,PASS,PASS,PASS
Lang,Lang_1,batch09__Lang_1__append__lang_1f_append_line821,lang_1f_append__line821,append,m01,,SUCCESS,FAIL,True,True,0,18,harness/runs/batch09__Lang_1__append__lang_1f_append_line821/execution/m01.log,PASS,PASS,PASS,PASS,PASS,PASS,FAIL,PASS,PASS,PASS,PASS,PASS,PASS,PASS,PASS,PASS,PASS,PASS,PASS,PASS,PASS,PASS,PASS,PASS,PASS,PASS,PASS,PASS,PASS,PASS,PASS,PASS,PASS,PASS,PASS,PASS,PASS,PASS,PASS,PASS,PASS,PASS,PASS,PASS,PASS,PASS,PASS,PASS,PASS,PASS,PASS,PASS,PASS,PASS,PASS,FAIL,FAIL,FAIL,FAIL,FAIL,FAIL,FAIL,FAIL,FAIL,FAIL,FAIL,FAIL,FAIL,FAIL,FAIL,PASS,FAIL,FAIL,PASS,PASS,PASS,PASS,PASS,PASS,PASS,PASS,PASS,PASS
Lang,Lang_1,batch09__Lang_1__append__lang_1f_append_line821,lang_1f_append__line821,append,m02,,SUCCESS,FAIL,True,True,0,11,harness/runs/batch09__Lang_1__append__lang_1f_append_line821/execution/m02.log,PASS,PASS,PASS,PASS,PASS,PASS,FAIL,PASS,PASS,PASS,PASS,PASS,PASS,PASS,PASS,PASS,PASS,PASS,PASS,PASS,PASS,PASS,PASS,PASS,PASS,PASS,PASS,PASS,PASS,PASS,PASS,PASS,PASS,PASS,PASS,PASS,PASS,PASS,PASS,PASS,PASS,PASS,PASS,PASS,PASS,PASS,PASS,PASS,PASS,PASS,PASS,PASS,PASS,PASS,PASS,FAIL,FAIL,FAIL,FAIL,FAIL,FAIL,FAIL,FAIL,PASS,PASS,FAIL,PASS,PASS,PASS,PASS,PASS,FAIL,PASS,PASS,PASS,PASS,PASS,PASS,PASS,PASS,PASS,PASS,PASS
Lang,Lang_1,batch09__Lang_1__append__lang_1f_append_line821,lang_1f_append__line821,append,m03,,SUCCESS,FAIL,True,True,0,2,harness/runs/batch09__Lang_1__append__lang_1f_append_line821/execution/m03.log,PASS,PASS,PASS,PASS,PASS,PASS,FAIL,PASS,PASS,PASS,PASS,PASS,PASS,PASS,PASS,PASS,PASS,PASS,PASS,PASS,PASS,PASS,PASS,PASS,PASS,PASS,PASS,PASS,PASS,PASS,PASS,PASS,PASS,PASS,PASS,PASS,PASS,PASS,PASS,PASS,PASS,PASS,PASS,PASS,PASS,PASS,PASS,PASS,PASS,PASS,PASS,PASS,PASS,PASS,PASS,PASS,PASS,PASS,PASS,PASS,PASS,PASS,FAIL,PASS,PASS,PASS,PASS,PASS,PASS,PASS,PASS,PASS,PASS,PASS,PASS,PASS,PASS,PASS,PASS,PASS,PASS,PASS,PASS
Lang,Lang_1,batch09__Lang_1__append__lang_1f_append_line821,lang_1f_append__line821,append,m04,,SUCCESS,FAIL,True,True,0,8,harness/runs/batch09__Lang_1__append__lang_1f_append_line821/execution/m04.log,PASS,PASS,PASS,PASS,PASS,PASS,PASS,PASS,PASS,PASS,PASS,PASS,PASS,PASS,PASS,PASS,PASS,PASS,PASS,PASS,PASS,PASS,PASS,PASS,PASS,PASS,PASS,PASS,PASS,PASS,PASS,PASS,PASS,PASS,PASS,PASS,PASS,PASS,PASS,PASS,PASS,PASS,PASS,PASS,PASS,PASS,PASS,PASS,PASS,PASS,PASS,PASS,PASS,PASS,PASS,PASS,PASS,PASS,PASS,PASS,PASS,PASS,PASS,FAIL,FAIL,FAIL,FAIL,FAIL,FAIL,FAIL,PASS,PASS,FAIL,PASS,PASS,PASS,PASS,PASS,PASS,PASS,PASS,PASS,PASS
Lang,Lang_1,batch09__Lang_1__append__lang_1f_append_line821,lang_1f_append__line821,append,m05,,SUCCESS,FAIL,True,True,0,5,harness/runs/batch09__Lang_1__append__lang_1f_append_line821/execution/m05.log,PASS,PASS,PASS,PASS,PASS,PASS,PASS,PASS,PASS,PASS,PASS,PASS,PASS,PASS,PASS,PASS,PASS,PASS,PASS,PASS,PASS,PASS,PASS,PASS,PASS,PASS,PASS,PASS,PASS,PASS,PASS,PASS,PASS,PASS,PASS,PASS,PASS,PASS,PASS,PASS,PASS,PASS,PASS,PASS,PASS,PASS,PASS,PASS,PASS,PASS,PASS,PASS,PASS,PASS,PASS,PASS,FAIL,PASS,PASS,PASS,PASS,PASS,PASS,FAIL,FAIL,FAIL,FAIL,PASS,PASS,PASS,PASS,PASS,PASS,PASS,PASS,PASS,PASS,PASS,PASS,PASS,PASS,PASS,PASS
Lang,Lang_1,batch09__Lang_1__append__lang_1f_append_line821,lang_1f_append__line821,append,m06,,SUCCESS,FAIL,True,True,0,3,harness/runs/batch09__Lang_1__append__lang_1f_append_line821/execution/m06.log,PASS,PASS,PASS,PASS,PASS,PASS,FAIL,PASS,PASS,PASS,PASS,PASS,PASS,PASS,PASS,PASS,PASS,PASS,PASS,PASS,PASS,PASS,PASS,PASS,PASS,PASS,PASS,PASS,PASS,PASS,PASS,PASS,PASS,PASS,PASS,PASS,PASS,PASS,PASS,PASS,PASS,PASS,PASS,PASS,PASS,PASS,PASS,PASS,PASS,PASS,PASS,PASS,PASS,PASS,PASS,FAIL,FAIL,PASS,PASS,PASS,PASS,PASS,PASS,PASS,PASS,PASS,PASS,PASS,PASS,PASS,PASS,PASS,PASS,PASS,PASS,PASS,PASS,PASS,PASS,PASS,PASS,PASS,PASS
Lang,Lang_1,batch09__Lang_1__append__lang_1f_append_line821,lang_1f_append__line821,append,m07,,SUCCESS,FAIL,True,True,0,2,harness/runs/batch09__Lang_1__append__lang_1f_append_line821/execution/m07.log,PASS,PASS,PASS,PASS,PASS,PASS,FAIL,PASS,PASS,PASS,PASS,PASS,PASS,PASS,PASS,PASS,PASS,PASS,PASS,PASS,PASS,PASS,PASS,PASS,PASS,PASS,PASS,PASS,PASS,PASS,PASS,PASS,PASS,PASS,PASS,PASS,PASS,PASS,PASS,PASS,PASS,PASS,PASS,PASS,PASS,PASS,PASS,PASS,PASS,PASS,PASS,PASS,PASS,PASS,PASS,PASS,PASS,PASS,PASS,PASS,PASS,PASS,PASS,PASS,PASS,FAIL,PASS,PASS,PASS,PASS,PASS,PASS,PASS,PASS,PASS,PASS,PASS,PASS,PASS,PASS,PASS,PASS,PASS
Lang,Lang_1,batch09__Lang_1__append__lang_1f_append_line821,lang_1f_append__line821,append,m08,,SUCCESS,FAIL,True,True,0,5,harness/runs/batch09__Lang_1__append__lang_1f_append_line821/execution/m08.log,PASS,PASS,PASS,PASS,PASS,PASS,PASS,PASS,PASS,PASS,PASS,PASS,PASS,PASS,PASS,PASS,PASS,PASS,PASS,PASS,PASS,PASS,PASS,PASS,PASS,PASS,PASS,PASS,PASS,PASS,PASS,PASS,PASS,PASS,PASS,PASS,PASS,PASS,PASS,PASS,PASS,PASS,PASS,PASS,PASS,PASS,PASS,PASS,PASS,PASS,PASS,PASS,PASS,PASS,PASS,PASS,FAIL,PASS,PASS,PASS,PASS,PASS,PASS,FAIL,FAIL,FAIL,FAIL,PASS,PASS,PASS,PASS,PASS,PASS,PASS,PASS,PASS,PASS,PASS,PASS,PASS,PASS,PASS,PASS
Lang,Lang_1,batch09__Lang_1__arrayMemberEquals__lang_1f_arrayMemberEquals_line287,lang_1f_arrayMemberEquals__line287,arrayMemberEquals,m01,,SUCCESS,PASS,False,True,0,0,harness/runs/batch09__Lang_1__arrayMemberEquals__lang_1f_arrayMemberEquals_line287/execution/m01.log,PASS,PASS,PASS,PASS,PASS,PASS,PASS,PASS,PASS,PASS,PASS,PASS,PASS,PASS,PASS,PASS,PASS,PASS,PASS,PASS,PASS,PASS,PASS,PASS,PASS,PASS,PASS,PASS,PASS,PASS,PASS,PASS,PASS,PASS,PASS,PASS,PASS,PASS,PASS,PASS,PASS,PASS,PASS,PASS,PASS,PASS,PASS,PASS,PASS,PASS,PASS,PASS,PASS,PASS,PASS,PASS,PASS,PASS,PASS,PASS,PASS,PASS,PASS,PASS,PASS,PASS,PASS,PASS,PASS,PASS,PASS,PASS,PASS,PASS,PASS,PASS,PASS,PASS,PASS,PASS,PASS,PASS,PASS
Lang,Lang_1,batch09__Lang_1__containsAny__lang_1f_containsAny_line1515,lang_1f_containsAny__line1515,containsAny,m01,,SUCCESS,FAIL,True,True,0,8,harness/runs/batch09__Lang_1__containsAny__lang_1f_containsAny_line1515/execution/m01.log,PASS,PASS,PASS,PASS,PASS,PASS,PASS,PASS,PASS,PASS,PASS,PASS,PASS,PASS,PASS,PASS,PASS,PASS,PASS,PASS,PASS,PASS,PASS,PASS,PASS,PASS,PASS,PASS,PASS,PASS,PASS,PASS,PASS,PASS,PASS,PASS,FAIL,FAIL,FAIL,FAIL,FAIL,FAIL,FAIL,FAIL,PASS,PASS,PASS,PASS,PASS,PASS,PASS,PASS,PASS,PASS,PASS,PASS,PASS,PASS,PASS,PASS,PASS,PASS,PASS,PASS,PASS,PASS,PASS,PASS,PASS,PASS,PASS,PASS,PASS,PASS,PASS,PASS,PASS,PASS,PASS,PASS,PASS,PASS,PASS
Lang,Lang_1,batch09__Lang_1__containsAny__lang_1f_containsAny_line1515,lang_1f_containsAny__line1515,containsAny,m02,,SUCCESS,FAIL,True,True,0,1,harness/runs/batch09__Lang_1__containsAny__lang_1f_containsAny_line1515/execution/m02.log,PASS,PASS,PASS,PASS,PASS,PASS,PASS,PASS,PASS,PASS,PASS,PASS,PASS,PASS,PASS,PASS,PASS,PASS,PASS,PASS,PASS,PASS,PASS,PASS,PASS,PASS,PASS,PASS,PASS,PASS,PASS,PASS,PASS,PASS,PASS,PASS,PASS,PASS,FAIL,PASS,PASS,PASS,PASS,PASS,PASS,PASS,PASS,PASS,PASS,PASS,PASS,PASS,PASS,PASS,PASS,PASS,PASS,PASS,PASS,PASS,PASS,PASS,PASS,PASS,PASS,PASS,PASS,PASS,PASS,PASS,PASS,PASS,PASS,PASS,PASS,PASS,PASS,PASS,PASS,PASS,PASS,PASS,PASS
Lang,Lang_1,batch09__Lang_1__containsAny__lang_1f_containsAny_line1515,lang_1f_containsAny__line1515,containsAny,m03,,SUCCESS,FAIL,True,True,0,8,harness/runs/batch09__Lang_1__containsAny__lang_1f_containsAny_line1515/execution/m03.log,PASS,PASS,PASS,PASS,PASS,PASS,PASS,PASS,PASS,PASS,PASS,PASS,PASS,PASS,PASS,PASS,PASS,PASS,PASS,PASS,PASS,PASS,PASS,PASS,PASS,PASS,PASS,PASS,PASS,PASS,PASS,PASS,PASS,PASS,PASS,PASS,FAIL,FAIL,FAIL,FAIL,FAIL,FAIL,FAIL,FAIL,PASS,PASS,PASS,PASS,PASS,PASS,PASS,PASS,PASS,PASS,PASS,PASS,PASS,PASS,PASS,PASS,PASS,PASS,PASS,PASS,PASS,PASS,PASS,PASS,PASS,PASS,PASS,PASS,PASS,PASS,PASS,PASS,PASS,PASS,PASS,PASS,PASS,PASS,PASS
Lang,Lang_1,batch09__Lang_1__containsAny__lang_1f_containsAny_line1515,lang_1f_containsAny__line1515,containsAny,m04,,SUCCESS,FAIL,True,True,0,4,harness/runs/batch09__Lang_1__containsAny__lang_1f_containsAny_line1515/execution/m04.log,PASS,PASS,PASS,PASS,PASS,PASS,PASS,PASS,PASS,PASS,PASS,PASS,PASS,PASS,PASS,PASS,PASS,PASS,PASS,PASS,PASS,PASS,PASS,PASS,PASS,PASS,PASS,PASS,PASS,PASS,PASS,PASS,PASS,PASS,PASS,PASS,PASS,PASS,PASS,FAIL,FAIL,PASS,FAIL,FAIL,PASS,PASS,PASS,PASS,PASS,PASS,PASS,PASS,PASS,PASS,PASS,PASS,PASS,PASS,PASS,PASS,PASS,PASS,PASS,PASS,PASS,PASS,PASS,PASS,PASS,PASS,PASS,PASS,PASS,PASS,PASS,PASS,PASS,PASS,PASS,PASS,PASS,PASS,PASS
Lang,Lang_1,batch09__Lang_1__containsAny__lang_1f_containsAny_line1515,lang_1f_containsAny__line1515,containsAny,m05,,SUCCESS,PASS,False,True,0,0,harness/runs/batch09__Lang_1__containsAny__lang_1f_containsAny_line1515/execution/m05.log,PASS,PASS,PASS,PASS,PASS,PASS,PASS,PASS,PASS,PASS,PASS,PASS,PASS,PASS,PASS,PASS,PASS,PASS,PASS,PASS,PASS,PASS,PASS,PASS,PASS,PASS,PASS,PASS,PASS,PASS,PASS,PASS,PASS,PASS,PASS,PASS,PASS,PASS,PASS,PASS,PASS,PASS,PASS,PASS,PASS,PASS,PASS,PASS,PASS,PASS,PASS,PASS,PASS,PASS,PASS,PASS,PASS,PASS,PASS,PASS,PASS,PASS,PASS,PASS,PASS,PASS,PASS,PASS,PASS,PASS,PASS,PASS,PASS,PASS,PASS,PASS,PASS,PASS,PASS,PASS,PASS,PASS,PASS
Lang,Lang_1,batch09__Lang_1__containsAny__lang_1f_containsAny_line1515,lang_1f_containsAny__line1515,containsAny,m06,,SUCCESS,FAIL,True,True,0,5,harness/runs/batch09__Lang_1__containsAny__lang_1f_containsAny_line1515/execution/m06.log,PASS,PASS,PASS,PASS,PASS,PASS,PASS,PASS,PASS,PASS,PASS,PASS,PASS,PASS,PASS,PASS,PASS,PASS,PASS,PASS,PASS,PASS,PASS,PASS,PASS,PASS,PASS,PASS,PASS,PASS,PASS,PASS,PASS,PASS,PASS,PASS,FAIL,FAIL,FAIL,PASS,FAIL,FAIL,PASS,PASS,PASS,PASS,PASS,PASS,PASS,PASS,PASS,PASS,PASS,PASS,PASS,PASS,PASS,PASS,PASS,PASS,PASS,PASS,PASS,PASS,PASS,PASS,PASS,PASS,PASS,PASS,PASS,PASS,PASS,PASS,PASS,PASS,PASS,PASS,PASS,PASS,PASS,PASS,PASS
Lang,Lang_1,batch09__Lang_1__containsAny__lang_1f_containsAny_line1515,lang_1f_containsAny__line1515,containsAny,m07,,SUCCESS,FAIL,True,True,0,8,harness/runs/batch09__Lang_1__containsAny__lang_1f_containsAny_line1515/execution/m07.log,PASS,PASS,PASS,PASS,PASS,PASS,PASS,PASS,PASS,PASS,PASS,PASS,PASS,PASS,PASS,PASS,PASS,PASS,PASS,PASS,PASS,PASS,PASS,PASS,PASS,PASS,PASS,PASS,PASS,PASS,PASS,PASS,PASS,PASS,PASS,PASS,FAIL,FAIL,FAIL,FAIL,FAIL,FAIL,FAIL,FAIL,PASS,PASS,PASS,PASS,PASS,PASS,PASS,PASS,PASS,PASS,PASS,PASS,PASS,PASS,PASS,PASS,PASS,PASS,PASS,PASS,PASS,PASS,PASS,PASS,PASS,PASS,PASS,PASS,PASS,PASS,PASS,PASS,PASS,PASS,PASS,PASS,PASS,PASS,PASS
Lang,Lang_1,batch09__Lang_1__containsNone__lang_1f_containsNone_line1771,lang_1f_containsNone__line1771,containsNone,m01,,SUCCESS,FAIL,True,True,0,9,harness/runs/batch09__Lang_1__containsNone__lang_1f_containsNone_line1771/execution/m01.log,PASS,PASS,PASS,PASS,PASS,PASS,PASS,PASS,PASS,PASS,PASS,PASS,PASS,PASS,PASS,PASS,PASS,PASS,PASS,PASS,PASS,PASS,PASS,PASS,PASS,PASS,PASS,PASS,PASS,PASS,PASS,PASS,PASS,PASS,FAIL,FAIL,PASS,PASS,PASS,PASS,PASS,PASS,PASS,PASS,FAIL,FAIL,FAIL,FAIL,FAIL,FAIL,FAIL,PASS,PASS,PASS,PASS,PASS,PASS,PASS,PASS,PASS,PASS,PASS,PASS,PASS,PASS,PASS,PASS,PASS,PASS,PASS,PASS,PASS,PASS,PASS,PASS,PASS,PASS,PASS,PASS,PASS,PASS,PASS,PASS
Lang,Lang_1,batch09__Lang_1__containsNone__lang_1f_containsNone_line1771,lang_1f_containsNone__line1771,containsNone,m02,,SUCCESS,FAIL,True,True,0,1,harness/runs/batch09__Lang_1__containsNone__lang_1f_containsNone_line1771/execution/m02.log,PASS,PASS,PASS,PASS,PASS,PASS,PASS,PASS,PASS,PASS,PASS,PASS,PASS,PASS,PASS,PASS,PASS,PASS,PASS,PASS,PASS,PASS,PASS,PASS,PASS,PASS,PASS,PASS,PASS,PASS,PASS,PASS,PASS,PASS,PASS,PASS,PASS,PASS,PASS,PASS,PASS,PASS,PASS,PASS,FAIL,PASS,PASS,PASS,PASS,PASS,PASS,PASS,PASS,PASS,PASS,PASS,PASS,PASS,PASS,PASS,PASS,PASS,PASS,PASS,PASS,PASS,PASS,PASS,PASS,PASS,PASS,PASS,PASS,PASS,PASS,PASS,PASS,PASS,PASS,PASS,PASS,PASS,PASS
Lang,Lang_1,batch09__Lang_1__containsNone__lang_1f_containsNone_line1771,lang_1f_containsNone__line1771,containsNone,m03,,SUCCESS,FAIL,True,True,0,4,harness/runs/batch09__Lang_1__containsNone__lang_1f_containsNone_line1771/execution/m03.log,PASS,PASS,PASS,PASS,PASS,PASS,PASS,PASS,PASS,PASS,PASS,PASS,PASS,PASS,PASS,PASS,PASS,PASS,PASS,PASS,PASS,PASS,PASS,PASS,PASS,PASS,PASS,PASS,PASS,PASS,PASS,PASS,PASS,PASS,PASS,PASS,PASS,PASS,PASS,PASS,PASS,PASS,PASS,PASS,PASS,FAIL,FAIL,PASS,FAIL,FAIL,PASS,PASS,PASS,PASS,PASS,PASS,PASS,PASS,PASS,PASS,PASS,PASS,PASS,PASS,PASS,PASS,PASS,PASS,PASS,PASS,PASS,PASS,PASS,PASS,PASS,PASS,PASS,PASS,PASS,PASS,PASS,PASS,PASS
Lang,Lang_1,batch09__Lang_1__containsNone__lang_1f_containsNone_line1771,lang_1f_containsNone__line1771,containsNone,m04,,FAIL,NOT_RUN,False,False,0,0,harness/runs/batch09__Lang_1__containsNone__lang_1f_containsNone_line1771/execution/m04.log,BUILD_FAIL,BUILD_FAIL,BUILD_FAIL,BUILD_FAIL,BUILD_FAIL,BUILD_FAIL,BUILD_FAIL,BUILD_FAIL,BUILD_FAIL,BUILD_FAIL,BUILD_FAIL,BUILD_FAIL,BUILD_FAIL,BUILD_FAIL,BUILD_FAIL,BUILD_FAIL,BUILD_FAIL,BUILD_FAIL,BUILD_FAIL,BUILD_FAIL,BUILD_FAIL,BUILD_FAIL,BUILD_FAIL,BUILD_FAIL,BUILD_FAIL,BUILD_FAIL,BUILD_FAIL,BUILD_FAIL,BUILD_FAIL,BUILD_FAIL,BUILD_FAIL,BUILD_FAIL,BUILD_FAIL,BUILD_FAIL,BUILD_FAIL,BUILD_FAIL,BUILD_FAIL,BUILD_FAIL,BUILD_FAIL,BUILD_FAIL,BUILD_FAIL,BUILD_FAIL,BUILD_FAIL,BUILD_FAIL,BUILD_FAIL,BUILD_FAIL,BUILD_FAIL,BUILD_FAIL,BUILD_FAIL,BUILD_FAIL,BUILD_FAIL,BUILD_FAIL,BUILD_FAIL,BUILD_FAIL,BUILD_FAIL,BUILD_FAIL,BUILD_FAIL,BUILD_FAIL,BUILD_FAIL,BUILD_FAIL,BUILD_FAIL,BUILD_FAIL,BUILD_FAIL,BUILD_FAIL,BUILD_FAIL,BUILD_FAIL,BUILD_FAIL,BUILD_FAIL,BUILD_FAIL,BUILD_FAIL,BUILD_FAIL,BUILD_FAIL,BUILD_FAIL,BUILD_FAIL,BUILD_FAIL,BUILD_FAIL,BUILD_FAIL,BUILD_FAIL,BUILD_FAIL,BUILD_FAIL,BUILD_FAIL,BUILD_FAIL,BUILD_FAIL
Lang,Lang_1,batch09__Lang_1__containsNone__lang_1f_containsNone_line1771,lang_1f_containsNone__line1771,containsNone,m05,,SUCCESS,PASS,False,True,0,0,harness/runs/batch09__Lang_1__containsNone__lang_1f_containsNone_line1771/execution/m05.log,PASS,PASS,PASS,PASS,PASS,PASS,PASS,PASS,PASS,PASS,PASS,PASS,PASS,PASS,PASS,PASS,PASS,PASS,PASS,PASS,PASS,PASS,PASS,PASS,PASS,PASS,PASS,PASS,PASS,PASS,PASS,PASS,PASS,PASS,PASS,PASS,PASS,PASS,PASS,PASS,PASS,PASS,PASS,PASS,PASS,PASS,PASS,PASS,PASS,PASS,PASS,PASS,PASS,PASS,PASS,PASS,PASS,PASS,PASS,PASS,PASS,PASS,PASS,PASS,PASS,PASS,PASS,PASS,PASS,PASS,PASS,PASS,PASS,PASS,PASS,PASS,PASS,PASS,PASS,PASS,PASS,PASS,PASS
Lang,Lang_1,batch09__Lang_1__containsNone__lang_1f_containsNone_line1771,lang_1f_containsNone__line1771,containsNone,m06,,SUCCESS,FAIL,True,True,0,4,harness/runs/batch09__Lang_1__containsNone__lang_1f_containsNone_line1771/execution/m06.log,PASS,PASS,PASS,PASS,PASS,PASS,PASS,PASS,PASS,PASS,PASS,PASS,PASS,PASS,PASS,PASS,PASS,PASS,PASS,PASS,PASS,PASS,PASS,PASS,PASS,PASS,PASS,PASS,PASS,PASS,PASS,PASS,PASS,PASS,FAIL,FAIL,PASS,PASS,PASS,PASS,PASS,PASS,PASS,PASS,FAIL,PASS,PASS,FAIL,PASS,PASS,PASS,PASS,PASS,PASS,PASS,PASS,PASS,PASS,PASS,PASS,PASS,PASS,PASS,PASS,PASS,PASS,PASS,PASS,PASS,PASS,PASS,PASS,PASS,PASS,PASS,PASS,PASS,PASS,PASS,PASS,PASS,PASS,PASS
Lang,Lang_1,batch09__Lang_1__containsNone__lang_1f_containsNone_line1771,lang_1f_containsNone__line1771,containsNone,m07,,SUCCESS,FAIL,True,True,0,8,harness/runs/batch09__Lang_1__containsNone__lang_1f_containsNone_line1771/execution/m07.log,PASS,PASS,PASS,PASS,PASS,PASS,PASS,PASS,PASS,PASS,PASS,PASS,PASS,PASS,PASS,PASS,PASS,PASS,PASS,PASS,PASS,PASS,PASS,PASS,PASS,PASS,PASS,PASS,PASS,PASS,PASS,PASS,PASS,PASS,FAIL,FAIL,PASS,PASS,PASS,PASS,PASS,PASS,PASS,PASS,FAIL,FAIL,FAIL,FAIL,FAIL,FAIL,PASS,PASS,PASS,PASS,PASS,PASS,PASS,PASS,PASS,PASS,PASS,PASS,PASS,PASS,PASS,PASS,PASS,PASS,PASS,PASS,PASS,PASS,PASS,PASS,PASS,PASS,PASS,PASS,PASS,PASS,PASS,PASS,PASS
Lang,Lang_1,batch09__Lang_1__containsNone__lang_1f_containsNone_line1771,lang_1f_containsNone__line1771,containsNone,m08,,SUCCESS,FAIL,True,True,0,8,harness/runs/batch09__Lang_1__containsNone__lang_1f_containsNone_line1771/execution/m08.log,PASS,PASS,PASS,PASS,PASS,PASS,PASS,PASS,PASS,PASS,PASS,PASS,PASS,PASS,PASS,PASS,PASS,PASS,PASS,PASS,PASS,PASS,PASS,PASS,PASS,PASS,PASS,PASS,PASS,PASS,PASS,PASS,PASS,PASS,FAIL,FAIL,PASS,PASS,PASS,PASS,PASS,PASS,PASS,PASS,FAIL,FAIL,FAIL,FAIL,FAIL,FAIL,PASS,PASS,PASS,PASS,PASS,PASS,PASS,PASS,PASS,PASS,PASS,PASS,PASS,PASS,PASS,PASS,PASS,PASS,PASS,PASS,PASS,PASS,PASS,PASS,PASS,PASS,PASS,PASS,PASS,PASS,PASS,PASS,PASS
Lang,Lang_1,batch09__Lang_1__createBigInteger__lang_1f_createBigInteger_line723,lang_1f_createBigInteger__line723,createBigInteger,m01,,SUCCESS,FAIL,True,True,0,4,harness/runs/batch09__Lang_1__createBigInteger__lang_1f_createBigInteger_line723/execution/m01.log,PASS,PASS,PASS,PASS,PASS,PASS,PASS,PASS,PASS,PASS,PASS,PASS,PASS,PASS,PASS,PASS,PASS,PASS,PASS,PASS,PASS,PASS,PASS,PASS,PASS,PASS,PASS,PASS,PASS,PASS,PASS,PASS,PASS,PASS,PASS,PASS,PASS,PASS,PASS,PASS,PASS,PASS,PASS,PASS,PASS,PASS,PASS,PASS,PASS,PASS,PASS,PASS,PASS,PASS,PASS,PASS,PASS,PASS,PASS,PASS,PASS,PASS,PASS,PASS,PASS,PASS,PASS,PASS,PASS,PASS,PASS,PASS,PASS,PASS,PASS,FAIL,FAIL,FAIL,FAIL,PASS,PASS,PASS,PASS
Lang,Lang_1,batch09__Lang_1__createBigInteger__lang_1f_createBigInteger_line723,lang_1f_createBigInteger__line723,createBigInteger,m02,,SUCCESS,PASS,False,True,0,0,harness/runs/batch09__Lang_1__createBigInteger__lang_1f_createBigInteger_line723/execution/m02.log,PASS,PASS,PASS,PASS,PASS,PASS,PASS,PASS,PASS,PASS,PASS,PASS,PASS,PASS,PASS,PASS,PASS,PASS,PASS,PASS,PASS,PASS,PASS,PASS,PASS,PASS,PASS,PASS,PASS,PASS,PASS,PASS,PASS,PASS,PASS,PASS,PASS,PASS,PASS,PASS,PASS,PASS,PASS,PASS,PASS,PASS,PASS,PASS,PASS,PASS,PASS,PASS,PASS,PASS,PASS,PASS,PASS,PASS,PASS,PASS,PASS,PASS,PASS,PASS,PASS,PASS,PASS,PASS,PASS,PASS,PASS,PASS,PASS,PASS,PASS,PASS,PASS,PASS,PASS,PASS,PASS,PASS,PASS
Lang,Lang_1,batch09__Lang_1__createBigInteger__lang_1f_createBigInteger_line723,lang_1f_createBigInteger__line723,createBigInteger,m05,,SUCCESS,FAIL,True,True,0,3,harness/runs/batch09__Lang_1__createBigInteger__lang_1f_createBigInteger_line723/execution/m05.log,PASS,PASS,PASS,PASS,PASS,PASS,PASS,PASS,PASS,PASS,PASS,PASS,PASS,PASS,PASS,PASS,PASS,PASS,PASS,PASS,PASS,PASS,PASS,PASS,PASS,PASS,PASS,PASS,PASS,PASS,PASS,PASS,PASS,PASS,PASS,PASS,PASS,PASS,PASS,PASS,PASS,PASS,PASS,PASS,PASS,PASS,PASS,PASS,PASS,PASS,PASS,PASS,PASS,PASS,PASS,PASS,PASS,PASS,PASS,PASS,PASS,PASS,PASS,PASS,PASS,PASS,PASS,PASS,PASS,PASS,PASS,PASS,PASS,PASS,PASS,FAIL,FAIL,PASS,FAIL,PASS,PASS,PASS,PASS
Lang,Lang_1,batch09__Lang_1__createBigInteger__lang_1f_createBigInteger_line723,lang_1f_createBigInteger__line723,createBigInteger,m06,,SUCCESS,FAIL,True,True,0,3,harness/runs/batch09__Lang_1__createBigInteger__lang_1f_createBigInteger_line723/execution/m06.log,PASS,PASS,PASS,PASS,PASS,PASS,PASS,PASS,PASS,PASS,PASS,PASS,PASS,PASS,PASS,PASS,PASS,PASS,PASS,PASS,PASS,PASS,PASS,PASS,PASS,PASS,PASS,PASS,PASS,PASS,PASS,PASS,PASS,PASS,PASS,PASS,PASS,PASS,PASS,PASS,PASS,PASS,PASS,PASS,PASS,PASS,PASS,PASS,PASS,PASS,PASS,PASS,PASS,PASS,PASS,PASS,PASS,PASS,PASS,PASS,PASS,PASS,PASS,PASS,PASS,PASS,PASS,PASS,PASS,PASS,PASS,PASS,PASS,PASS,PASS,FAIL,FAIL,PASS,FAIL,PASS,PASS,PASS,PASS
Lang,Lang_1,batch09__Lang_1__createBigInteger__lang_1f_createBigInteger_line723,lang_1f_createBigInteger__line723,createBigInteger,m07,,SUCCESS,FAIL,True,True,0,3,harness/runs/batch09__Lang_1__createBigInteger__lang_1f_createBigInteger_line723/execution/m07.log,PASS,PASS,PASS,PASS,PASS,PASS,PASS,PASS,PASS,PASS,PASS,PASS,PASS,PASS,PASS,PASS,PASS,PASS,PASS,PASS,PASS,PASS,PASS,PASS,PASS,PASS,PASS,PASS,PASS,PASS,PASS,PASS,PASS,PASS,PASS,PASS,PASS,PASS,PASS,PASS,PASS,PASS,PASS,PASS,PASS,PASS,PASS,PASS,PASS,PASS,PASS,PASS,PASS,PASS,PASS,PASS,PASS,PASS,PASS,PASS,PASS,PASS,PASS,PASS,PASS,PASS,PASS,PASS,PASS,PASS,PASS,PASS,PASS,PASS,PASS,PASS,FAIL,FAIL,PASS,FAIL,PASS,PASS,PASS
Lang,Lang_1,batch09__Lang_1__createBigInteger__lang_1f_createBigInteger_line723,lang_1f_createBigInteger__line723,createBigInteger,m08,,SUCCESS,FAIL,True,True,0,3,harness/runs/batch09__Lang_1__createBigInteger__lang_1f_createBigInteger_line723/execution/m08.log,PASS,PASS,PASS,PASS,PASS,PASS,PASS,PASS,PASS,PASS,PASS,PASS,PASS,PASS,PASS,PASS,PASS,PASS,PASS,PASS,PASS,PASS,PASS,PASS,PASS,PASS,PASS,PASS,PASS,PASS,PASS,PASS,PASS,PASS,PASS,PASS,PASS,PASS,PASS,PASS,PASS,PASS,PASS,PASS,PASS,PASS,PASS,PASS,PASS,PASS,PASS,PASS,PASS,PASS,PASS,PASS,PASS,PASS,PASS,PASS,PASS,PASS,PASS,PASS,PASS,PASS,PASS,PASS,PASS,PASS,PASS,PASS,PASS,PASS,PASS,FAIL,FAIL,PASS,FAIL,PASS,PASS,PASS,PASS
Lang,Lang_1,batch09__Lang_1__equals__lang_1f_equals_line122,lang_1f_equals__line122,equals,m01,,SUCCESS,FAIL,True,True,0,2,harness/runs/batch09__Lang_1__equals__lang_1f_equals_line122/execution/m01.log,FAIL,PASS,PASS,PASS,PASS,FAIL,PASS,PASS,PASS,PASS,PASS,PASS,PASS,PASS,PASS,PASS,PASS,PASS,PASS,PASS,PASS,PASS,PASS,PASS,PASS,PASS,PASS,PASS,PASS,PASS,PASS,PASS,PASS,PASS,PASS,PASS,PASS,PASS,PASS,PASS,PASS,PASS,PASS,PASS,PASS,PASS,PASS,PASS,PASS,PASS,PASS,PASS,PASS,PASS,PASS,PASS,PASS,PASS,PASS,PASS,PASS,PASS,PASS,PASS,PASS,PASS,PASS,PASS,PASS,PASS,PASS,PASS,PASS,PASS,PASS,PASS,PASS,PASS,PASS,PASS,PASS,PASS,PASS
Lang,Lang_1,batch09__Lang_1__equals__lang_1f_equals_line122,lang_1f_equals__line122,equals,m04,,SUCCESS,PASS,False,True,0,0,harness/runs/batch09__Lang_1__equals__lang_1f_equals_line122/execution/m04.log,PASS,PASS,PASS,PASS,PASS,PASS,PASS,PASS,PASS,PASS,PASS,PASS,PASS,PASS,PASS,PASS,PASS,PASS,PASS,PASS,PASS,PASS,PASS,PASS,PASS,PASS,PASS,PASS,PASS,PASS,PASS,PASS,PASS,PASS,PASS,PASS,PASS,PASS,PASS,PASS,PASS,PASS,PASS,PASS,PASS,PASS,PASS,PASS,PASS,PASS,PASS,PASS,PASS,PASS,PASS,PASS,PASS,PASS,PASS,PASS,PASS,PASS,PASS,PASS,PASS,PASS,PASS,PASS,PASS,PASS,PASS,PASS,PASS,PASS,PASS,PASS,PASS,PASS,PASS,PASS,PASS,PASS,PASS
Lang,Lang_1,batch09__Lang_1__equals__lang_1f_equals_line122,lang_1f_equals__line122,equals,m05,,SUCCESS,FAIL,True,True,0,1,harness/runs/batch09__Lang_1__equals__lang_1f_equals_line122/execution/m05.log,PASS,PASS,PASS,PASS,FAIL,PASS,PASS,PASS,PASS,PASS,PASS,PASS,PASS,PASS,PASS,PASS,PASS,PASS,PASS,PASS,PASS,PASS,PASS,PASS,PASS,PASS,PASS,PASS,PASS,PASS,PASS,PASS,PASS,PASS,PASS,PASS,PASS,PASS,PASS,PASS,PASS,PASS,PASS,PASS,PASS,PASS,PASS,PASS,PASS,PASS,PASS,PASS,PASS,PASS,PASS,PASS,PASS,PASS,PASS,PASS,PASS,PASS,PASS,PASS,PASS,PASS,PASS,PASS,PASS,PASS,PASS,PASS,PASS,PASS,PASS,PASS,PASS,PASS,PASS,PASS,PASS,PASS,PASS
Lang,Lang_1,batch09__Lang_1__equals__lang_1f_equals_line122,lang_1f_equals__line122,equals,m07,,SUCCESS,FAIL,True,True,0,1,harness/runs/batch09__Lang_1__equals__lang_1f_equals_line122/execution/m07.log,PASS,PASS,PASS,PASS,FAIL,PASS,PASS,PASS,PASS,PASS,PASS,PASS,PASS,PASS,PASS,PASS,PASS,PASS,PASS,PASS,PASS,PASS,PASS,PASS,PASS,PASS,PASS,PASS,PASS,PASS,PASS,PASS,PASS,PASS,PASS,PASS,PASS,PASS,PASS,PASS,PASS,PASS,PASS,PASS,PASS,PASS,PASS,PASS,PASS,PASS,PASS,PASS,PASS,PASS,PASS,PASS,PASS,PASS,PASS,PASS,PASS,PASS,PASS,PASS,PASS,PASS,PASS,PASS,PASS,PASS,PASS,PASS,PASS,PASS,PASS,PASS,PASS,PASS,PASS,PASS,PASS,PASS,PASS
Lang,Lang_1,batch09__Lang_1__equals__lang_1f_equals_line122,lang_1f_equals__line122,equals,m08,,SUCCESS,FAIL,True,True,0,2,harness/runs/batch09__Lang_1__equals__lang_1f_equals_line122/execution/m08.log,PASS,PASS,FAIL,FAIL,PASS,PASS,PASS,PASS,PASS,PASS,PASS,PASS,PASS,PASS,PASS,PASS,PASS,PASS,PASS,PASS,PASS,PASS,PASS,PASS,PASS,PASS,PASS,PASS,PASS,PASS,PASS,PASS,PASS,PASS,PASS,PASS,PASS,PASS,PASS,PASS,PASS,PASS,PASS,PASS,PASS,PASS,PASS,PASS,PASS,PASS,PASS,PASS,PASS,PASS,PASS,PASS,PASS,PASS,PASS,PASS,PASS,PASS,PASS,PASS,PASS,PASS,PASS,PASS,PASS,PASS,PASS,PASS,PASS,PASS,PASS,PASS,PASS,PASS,PASS,PASS,PASS,PASS,PASS
Lang,Lang_1,batch09__Lang_1__lastIndexOf__lang_1f_lastIndexOf_line1687,lang_1f_lastIndexOf__line1687,lastIndexOf,m01,,SUCCESS,PASS,False,True,0,0,harness/runs/batch09__Lang_1__lastIndexOf__lang_1f_lastIndexOf_line1687/execution/m01.log,PASS,PASS,PASS,PASS,PASS,PASS,PASS,PASS,PASS,PASS,PASS,PASS,PASS,PASS,PASS,PASS,PASS,PASS,PASS,PASS,PASS,PASS,PASS,PASS,PASS,PASS,PASS,PASS,PASS,PASS,PASS,PASS,PASS,PASS,PASS,PASS,PASS,PASS,PASS,PASS,PASS,PASS,PASS,PASS,PASS,PASS,PASS,PASS,PASS,PASS,PASS,PASS,PASS,PASS,PASS,PASS,PASS,PASS,PASS,PASS,PASS,PASS,PASS,PASS,PASS,PASS,PASS,PASS,PASS,PASS,PASS,PASS,PASS,PASS,PASS,PASS,PASS,PASS,PASS,PASS,PASS,PASS,PASS
Lang,Lang_1,batch09__Lang_1__lastIndexOf__lang_1f_lastIndexOf_line1687,lang_1f_lastIndexOf__line1687,lastIndexOf,m02,,SUCCESS,PASS,False,True,0,0,harness/runs/batch09__Lang_1__lastIndexOf__lang_1f_lastIndexOf_line1687/execution/m02.log,PASS,PASS,PASS,PASS,PASS,PASS,PASS,PASS,PASS,PASS,PASS,PASS,PASS,PASS,PASS,PASS,PASS,PASS,PASS,PASS,PASS,PASS,PASS,PASS,PASS,PASS,PASS,PASS,PASS,PASS,PASS,PASS,PASS,PASS,PASS,PASS,PASS,PASS,PASS,PASS,PASS,PASS,PASS,PASS,PASS,PASS,PASS,PASS,PASS,PASS,PASS,PASS,PASS,PASS,PASS,PASS,PASS,PASS,PASS,PASS,PASS,PASS,PASS,PASS,PASS,PASS,PASS,PASS,PASS,PASS,PASS,PASS,PASS,PASS,PASS,PASS,PASS,PASS,PASS,PASS,PASS,PASS,PASS
Lang,Lang_1,batch09__Lang_1__lastIndexOf__lang_1f_lastIndexOf_line1687,lang_1f_lastIndexOf__line1687,lastIndexOf,m03,,SUCCESS,FAIL,True,True,0,2,harness/runs/batch09__Lang_1__lastIndexOf__lang_1f_lastIndexOf_line1687/execution/m03.log,PASS,PASS,PASS,PASS,PASS,PASS,PASS,FAIL,FAIL,PASS,PASS,PASS,PASS,PASS,PASS,PASS,PASS,PASS,PASS,PASS,PASS,PASS,PASS,PASS,PASS,PASS,PASS,PASS,PASS,PASS,PASS,PASS,PASS,PASS,PASS,PASS,PASS,PASS,PASS,PASS,PASS,PASS,PASS,PASS,PASS,PASS,PASS,PASS,PASS,PASS,PASS,PASS,PASS,PASS,PASS,PASS,PASS,PASS,PASS,PASS,PASS,PASS,PASS,PASS,PASS,PASS,PASS,PASS,PASS,PASS,PASS,PASS,PASS,PASS,PASS,PASS,PASS,PASS,PASS,PASS,PASS,PASS,PASS
Lang,Lang_1,batch09__Lang_1__lastIndexOf__lang_1f_lastIndexOf_line1687,lang_1f_lastIndexOf__line1687,lastIndexOf,m04,,SUCCESS,PASS,False,True,0,0,harness/runs/batch09__Lang_1__lastIndexOf__lang_1f_lastIndexOf_line1687/execution/m04.log,PASS,PASS,PASS,PASS,PASS,PASS,PASS,PASS,PASS,PASS,PASS,PASS,PASS,PASS,PASS,PASS,PASS,PASS,PASS,PASS,PASS,PASS,PASS,PASS,PASS,PASS,PASS,PASS,PASS,PASS,PASS,PASS,PASS,PASS,PASS,PASS,PASS,PASS,PASS,PASS,PASS,PASS,PASS,PASS,PASS,PASS,PASS,PASS,PASS,PASS,PASS,PASS,PASS,PASS,PASS,PASS,PASS,PASS,PASS,PASS,PASS,PASS,PASS,PASS,PASS,PASS,PASS,PASS,PASS,PASS,PASS,PASS,PASS,PASS,PASS,PASS,PASS,PASS,PASS,PASS,PASS,PASS,PASS
Lang,Lang_1,batch09__Lang_1__lastIndexOf__lang_1f_lastIndexOf_line1687,lang_1f_lastIndexOf__line1687,lastIndexOf,m05,,SUCCESS,FAIL,True,True,0,1,harness/runs/batch09__Lang_1__lastIndexOf__lang_1f_lastIndexOf_line1687/execution/m05.log,PASS,PASS,PASS,PASS,PASS,PASS,PASS,PASS,FAIL,PASS,PASS,PASS,PASS,PASS,PASS,PASS,PASS,PASS,PASS,PASS,PASS,PASS,PASS,PASS,PASS,PASS,PASS,PASS,PASS,PASS,PASS,PASS,PASS,PASS,PASS,PASS,PASS,PASS,PASS,PASS,PASS,PASS,PASS,PASS,PASS,PASS,PASS,PASS,PASS,PASS,PASS,PASS,PASS,PASS,PASS,PASS,PASS,PASS,PASS,PASS,PASS,PASS,PASS,PASS,PASS,PASS,PASS,PASS,PASS,PASS,PASS,PASS,PASS,PASS,PASS,PASS,PASS,PASS,PASS,PASS,PASS,PASS,PASS
Lang,Lang_1,batch09__Lang_1__lastIndexOf__lang_1f_lastIndexOf_line1687,lang_1f_lastIndexOf__line1687,lastIndexOf,m06,,SUCCESS,FAIL,True,True,0,2,harness/runs/batch09__Lang_1__lastIndexOf__lang_1f_lastIndexOf_line1687/execution/m06.log,PASS,PASS,PASS,PASS,PASS,PASS,PASS,FAIL,FAIL,PASS,PASS,PASS,PASS,PASS,PASS,PASS,PASS,PASS,PASS,PASS,PASS,PASS,PASS,PASS,PASS,PASS,PASS,PASS,PASS,PASS,PASS,PASS,PASS,PASS,PASS,PASS,PASS,PASS,PASS,PASS,PASS,PASS,PASS,PASS,PASS,PASS,PASS,PASS,PASS,PASS,PASS,PASS,PASS,PASS,PASS,PASS,PASS,PASS,PASS,PASS,PASS,PASS,PASS,PASS,PASS,PASS,PASS,PASS,PASS,PASS,PASS,PASS,PASS,PASS,PASS,PASS,PASS,PASS,PASS,PASS,PASS,PASS,PASS
Lang,Lang_1,batch09__Lang_1__lastIndexOf__lang_1f_lastIndexOf_line1687,lang_1f_lastIndexOf__line1687,lastIndexOf,m07,,SUCCESS,PASS,False,True,0,0,harness/runs/batch09__Lang_1__lastIndexOf__lang_1f_lastIndexOf_line1687/execution/m07.log,PASS,PASS,PASS,PASS,PASS,PASS,PASS,PASS,PASS,PASS,PASS,PASS,PASS,PASS,PASS,PASS,PASS,PASS,PASS,PASS,PASS,PASS,PASS,PASS,PASS,PASS,PASS,PASS,PASS,PASS,PASS,PASS,PASS,PASS,PASS,PASS,PASS,PASS,PASS,PASS,PASS,PASS,PASS,PASS,PASS,PASS,PASS,PASS,PASS,PASS,PASS,PASS,PASS,PASS,PASS,PASS,PASS,PASS,PASS,PASS,PASS,PASS,PASS,PASS,PASS,PASS,PASS,PASS,PASS,PASS,PASS,PASS,PASS,PASS,PASS,PASS,PASS,PASS,PASS,PASS,PASS,PASS,PASS
Lang,Lang_1,batch09__Lang_1__lastIndexOf__lang_1f_lastIndexOf_line1687,lang_1f_lastIndexOf__line1687,lastIndexOf,m08,,SUCCESS,FAIL,True,True,0,2,harness/runs/batch09__Lang_1__lastIndexOf__lang_1f_lastIndexOf_line1687/execution/m08.log,PASS,PASS,PASS,PASS,PASS,PASS,PASS,FAIL,FAIL,PASS,PASS,PASS,PASS,PASS,PASS,PASS,PASS,PASS,PASS,PASS,PASS,PASS,PASS,PASS,PASS,PASS,PASS,PASS,PASS,PASS,PASS,PASS,PASS,PASS,PASS,PASS,PASS,PASS,PASS,PASS,PASS,PASS,PASS,PASS,PASS,PASS,PASS,PASS,PASS,PASS,PASS,PASS,PASS,PASS,PASS,PASS,PASS,PASS,PASS,PASS,PASS,PASS,PASS,PASS,PASS,PASS,PASS,PASS,PASS,PASS,PASS,PASS,PASS,PASS,PASS,PASS,PASS,PASS,PASS,PASS,PASS,PASS,PASS
Lang,Lang_1,batch09__Lang_1__pow__lang_1f_pow_line546,lang_1f_pow__line546,pow,m01,,SUCCESS,FAIL,True,True,0,1,harness/runs/batch09__Lang_1__pow__lang_1f_pow_line546/execution/m01.log,PASS,PASS,PASS,PASS,PASS,PASS,PASS,PASS,PASS,PASS,PASS,PASS,PASS,PASS,PASS,PASS,PASS,PASS,PASS,PASS,PASS,PASS,PASS,PASS,PASS,PASS,PASS,PASS,PASS,PASS,PASS,PASS,PASS,PASS,PASS,PASS,PASS,PASS,PASS,PASS,PASS,PASS,PASS,PASS,PASS,PASS,PASS,PASS,PASS,PASS,PASS,PASS,PASS,PASS,PASS,PASS,PASS,PASS,PASS,PASS,PASS,PASS,PASS,PASS,PASS,PASS,PASS,PASS,PASS,PASS,PASS,PASS,PASS,PASS,FAIL,PASS,PASS,PASS,PASS,PASS,PASS,PASS,PASS
Lang,Lang_1,batch09__Lang_1__pow__lang_1f_pow_line546,lang_1f_pow__line546,pow,m04,,SUCCESS,FAIL,True,True,0,1,harness/runs/batch09__Lang_1__pow__lang_1f_pow_line546/execution/m04.log,PASS,PASS,PASS,PASS,PASS,PASS,PASS,PASS,PASS,PASS,PASS,PASS,PASS,PASS,PASS,PASS,PASS,PASS,PASS,PASS,PASS,PASS,PASS,PASS,PASS,PASS,PASS,PASS,PASS,PASS,PASS,PASS,PASS,PASS,PASS,PASS,PASS,PASS,PASS,PASS,PASS,PASS,PASS,PASS,PASS,PASS,PASS,PASS,PASS,PASS,PASS,PASS,PASS,PASS,PASS,PASS,PASS,PASS,PASS,PASS,PASS,PASS,PASS,PASS,PASS,PASS,PASS,PASS,PASS,PASS,PASS,PASS,PASS,PASS,FAIL,PASS,PASS,PASS,PASS,PASS,PASS,PASS,PASS
Lang,Lang_1,batch09__Lang_1__pow__lang_1f_pow_line546,lang_1f_pow__line546,pow,m05,,SUCCESS,FAIL,True,True,0,1,harness/runs/batch09__Lang_1__pow__lang_1f_pow_line546/execution/m05.log,PASS,PASS,PASS,PASS,PASS,PASS,PASS,PASS,PASS,PASS,PASS,PASS,PASS,PASS,PASS,PASS,PASS,PASS,PASS,PASS,PASS,PASS,PASS,PASS,PASS,PASS,PASS,PASS,PASS,PASS,PASS,PASS,PASS,PASS,PASS,PASS,PASS,PASS,PASS,PASS,PASS,PASS,PASS,PASS,PASS,PASS,PASS,PASS,PASS,PASS,PASS,PASS,PASS,PASS,PASS,PASS,PASS,PASS,PASS,PASS,PASS,PASS,PASS,PASS,PASS,PASS,PASS,PASS,PASS,PASS,PASS,PASS,PASS,PASS,FAIL,PASS,PASS,PASS,PASS,PASS,PASS,PASS,PASS
Lang,Lang_1,batch09__Lang_1__pow__lang_1f_pow_line546,lang_1f_pow__line546,pow,m06,,SUCCESS,FAIL,True,True,0,1,harness/runs/batch09__Lang_1__pow__lang_1f_pow_line546/execution/m06.log,PASS,PASS,PASS,PASS,PASS,PASS,PASS,PASS,PASS,PASS,PASS,PASS,PASS,PASS,PASS,PASS,PASS,PASS,PASS,PASS,PASS,PASS,PASS,PASS,PASS,PASS,PASS,PASS,PASS,PASS,PASS,PASS,PASS,PASS,PASS,PASS,PASS,PASS,PASS,PASS,PASS,PASS,PASS,PASS,PASS,PASS,PASS,PASS,PASS,PASS,PASS,PASS,PASS,PASS,PASS,PASS,PASS,PASS,PASS,PASS,PASS,PASS,PASS,PASS,PASS,PASS,PASS,PASS,PASS,PASS,PASS,PASS,PASS,PASS,FAIL,PASS,PASS,PASS,PASS,PASS,PASS,PASS,PASS
Lang,Lang_1,batch09__Lang_1__pow__lang_1f_pow_line546,lang_1f_pow__line546,pow,m07,,SUCCESS,FAIL,True,True,0,1,harness/runs/batch09__Lang_1__pow__lang_1f_pow_line546/execution/m07.log,PASS,PASS,PASS,PASS,PASS,PASS,PASS,PASS,PASS,PASS,PASS,PASS,PASS,PASS,PASS,PASS,PASS,PASS,PASS,PASS,PASS,PASS,PASS,PASS,PASS,PASS,PASS,PASS,PASS,PASS,PASS,PASS,PASS,PASS,PASS,PASS,PASS,PASS,PASS,PASS,PASS,PASS,PASS,PASS,PASS,PASS,PASS,PASS,PASS,PASS,PASS,PASS,PASS,PASS,PASS,PASS,PASS,PASS,PASS,PASS,PASS,PASS,PASS,PASS,PASS,PASS,PASS,PASS,PASS,PASS,PASS,PASS,PASS,PASS,FAIL,PASS,PASS,PASS,PASS,PASS,PASS,PASS,PASS
Lang,Lang_1,batch09__Lang_1__pow__lang_1f_pow_line546,lang_1f_pow__line546,pow,m08,,SUCCESS,FAIL,True,True,0,1,harness/runs/batch09__Lang_1__pow__lang_1f_pow_line546/execution/m08.log,PASS,PASS,PASS,PASS,PASS,PASS,PASS,PASS,PASS,PASS,PASS,PASS,PASS,PASS,PASS,PASS,PASS,PASS,PASS,PASS,PASS,PASS,PASS,PASS,PASS,PASS,PASS,PASS,PASS,PASS,PASS,PASS,PASS,PASS,PASS,PASS,PASS,PASS,PASS,PASS,PASS,PASS,PASS,PASS,PASS,PASS,PASS,PASS,PASS,PASS,PASS,PASS,PASS,PASS,PASS,PASS,PASS,PASS,PASS,PASS,PASS,PASS,PASS,PASS,PASS,PASS,PASS,PASS,PASS,PASS,PASS,PASS,PASS,PASS,FAIL,PASS,PASS,PASS,PASS,PASS,PASS,PASS,PASS
Lang,Lang_1,batch09__Lang_1__toMap__lang_1f_toMap_line234,lang_1f_toMap__line234,toMap,m01,,SUCCESS,FAIL,True,True,0,1,harness/runs/batch09__Lang_1__toMap__lang_1f_toMap_line234/execution/m01.log,PASS,PASS,PASS,PASS,PASS,PASS,PASS,PASS,PASS,FAIL,PASS,PASS,PASS,PASS,PASS,PASS,PASS,PASS,PASS,PASS,PASS,PASS,PASS,PASS,PASS,PASS,PASS,PASS,PASS,PASS,PASS,PASS,PASS,PASS,PASS,PASS,PASS,PASS,PASS,PASS,PASS,PASS,PASS,PASS,PASS,PASS,PASS,PASS,PASS,PASS,PASS,PASS,PASS,PASS,PASS,PASS,PASS,PASS,PASS,PASS,PASS,PASS,PASS,PASS,PASS,PASS,PASS,PASS,PASS,PASS,PASS,PASS,PASS,PASS,PASS,PASS,PASS,PASS,PASS,PASS,PASS,PASS,PASS
Lang,Lang_1,batch09__Lang_1__toMap__lang_1f_toMap_line234,lang_1f_toMap__line234,toMap,m02,,SUCCESS,PASS,False,True,0,0,harness/runs/batch09__Lang_1__toMap__lang_1f_toMap_line234/execution/m02.log,PASS,PASS,PASS,PASS,PASS,PASS,PASS,PASS,PASS,PASS,PASS,PASS,PASS,PASS,PASS,PASS,PASS,PASS,PASS,PASS,PASS,PASS,PASS,PASS,PASS,PASS,PASS,PASS,PASS,PASS,PASS,PASS,PASS,PASS,PASS,PASS,PASS,PASS,PASS,PASS,PASS,PASS,PASS,PASS,PASS,PASS,PASS,PASS,PASS,PASS,PASS,PASS,PASS,PASS,PASS,PASS,PASS,PASS,PASS,PASS,PASS,PASS,PASS,PASS,PASS,PASS,PASS,PASS,PASS,PASS,PASS,PASS,PASS,PASS,PASS,PASS,PASS,PASS,PASS,PASS,PASS,PASS,PASS
Lang,Lang_1,batch09__Lang_1__toMap__lang_1f_toMap_line234,lang_1f_toMap__line234,toMap,m03,,SUCCESS,FAIL,True,True,0,1,harness/runs/batch09__Lang_1__toMap__lang_1f_toMap_line234/execution/m03.log,PASS,PASS,PASS,PASS,PASS,PASS,PASS,PASS,PASS,FAIL,PASS,PASS,PASS,PASS,PASS,PASS,PASS,PASS,PASS,PASS,PASS,PASS,PASS,PASS,PASS,PASS,PASS,PASS,PASS,PASS,PASS,PASS,PASS,PASS,PASS,PASS,PASS,PASS,PASS,PASS,PASS,PASS,PASS,PASS,PASS,PASS,PASS,PASS,PASS,PASS,PASS,PASS,PASS,PASS,PASS,PASS,PASS,PASS,PASS,PASS,PASS,PASS,PASS,PASS,PASS,PASS,PASS,PASS,PASS,PASS,PASS,PASS,PASS,PASS,PASS,PASS,PASS,PASS,PASS,PASS,PASS,PASS,PASS
Lang,Lang_1,batch09__Lang_1__toMap__lang_1f_toMap_line234,lang_1f_toMap__line234,toMap,m04,,SUCCESS,PASS,False,True,0,0,harness/runs/batch09__Lang_1__toMap__lang_1f_toMap_line234/execution/m04.log,PASS,PASS,PASS,PASS,PASS,PASS,PASS,PASS,PASS,PASS,PASS,PASS,PASS,PASS,PASS,PASS,PASS,PASS,PASS,PASS,PASS,PASS,PASS,PASS,PASS,PASS,PASS,PASS,PASS,PASS,PASS,PASS,PASS,PASS,PASS,PASS,PASS,PASS,PASS,PASS,PASS,PASS,PASS,PASS,PASS,PASS,PASS,PASS,PASS,PASS,PASS,PASS,PASS,PASS,PASS,PASS,PASS,PASS,PASS,PASS,PASS,PASS,PASS,PASS,PASS,PASS,PASS,PASS,PASS,PASS,PASS,PASS,PASS,PASS,PASS,PASS,PASS,PASS,PASS,PASS,PASS,PASS,PASS
Lang,Lang_1,batch09__Lang_1__toMap__lang_1f_toMap_line234,lang_1f_toMap__line234,toMap,m05,,SUCCESS,FAIL,True,True,0,1,harness/runs/batch09__Lang_1__toMap__lang_1f_toMap_line234/execution/m05.log,PASS,PASS,PASS,PASS,PASS,PASS,PASS,PASS,PASS,FAIL,PASS,PASS,PASS,PASS,PASS,PASS,PASS,PASS,PASS,PASS,PASS,PASS,PASS,PASS,PASS,PASS,PASS,PASS,PASS,PASS,PASS,PASS,PASS,PASS,PASS,PASS,PASS,PASS,PASS,PASS,PASS,PASS,PASS,PASS,PASS,PASS,PASS,PASS,PASS,PASS,PASS,PASS,PASS,PASS,PASS,PASS,PASS,PASS,PASS,PASS,PASS,PASS,PASS,PASS,PASS,PASS,PASS,PASS,PASS,PASS,PASS,PASS,PASS,PASS,PASS,PASS,PASS,PASS,PASS,PASS,PASS,PASS,PASS
Lang,Lang_1,batch09__Lang_1__toMap__lang_1f_toMap_line234,lang_1f_toMap__line234,toMap,m08,,SUCCESS,FAIL,True,True,0,1,harness/runs/batch09__Lang_1__toMap__lang_1f_toMap_line234/execution/m08.log,PASS,PASS,PASS,PASS,PASS,PASS,PASS,PASS,PASS,FAIL,PASS,PASS,PASS,PASS,PASS,PASS,PASS,PASS,PASS,PASS,PASS,PASS,PASS,PASS,PASS,PASS,PASS,PASS,PASS,PASS,PASS,PASS,PASS,PASS,PASS,PASS,PASS,PASS,PASS,PASS,PASS,PASS,PASS,PASS,PASS,PASS,PASS,PASS,PASS,PASS,PASS,PASS,PASS,PASS,PASS,PASS,PASS,PASS,PASS,PASS,PASS,PASS,PASS,PASS,PASS,PASS,PASS,PASS,PASS,PASS,PASS,PASS,PASS,PASS,PASS,PASS,PASS,PASS,PASS,PASS,PASS,PASS,PASS
Lang,Lang_1,batch10__Lang_1__add__lang_1f_add_line173,lang_1f_add__line173,add,m01,,BASELINE_FAIL,BASELINE_FAIL,False,False,0,0,harness/runs/batch10__Lang_1__add__lang_1f_add_line173/execution/m01.log,BASELINE_FAIL,BASELINE_FAIL,BASELINE_FAIL,BASELINE_FAIL,BASELINE_FAIL,BASELINE_FAIL,BASELINE_FAIL,BASELINE_FAIL,BASELINE_FAIL,BASELINE_FAIL,BASELINE_FAIL,BASELINE_FAIL,BASELINE_FAIL,BASELINE_FAIL,BASELINE_FAIL,BASELINE_FAIL,BASELINE_FAIL,BASELINE_FAIL,BASELINE_FAIL,BASELINE_FAIL,BASELINE_FAIL,BASELINE_FAIL,BASELINE_FAIL,BASELINE_FAIL,BASELINE_FAIL,BASELINE_FAIL,BASELINE_FAIL,BASELINE_FAIL,BASELINE_FAIL,BASELINE_FAIL,BASELINE_FAIL,BASELINE_FAIL,BASELINE_FAIL,BASELINE_FAIL,BASELINE_FAIL,BASELINE_FAIL,BASELINE_FAIL,BASELINE_FAIL,BASELINE_FAIL,BASELINE_FAIL,BASELINE_FAIL,BASELINE_FAIL,BASELINE_FAIL,BASELINE_FAIL,BASELINE_FAIL,BASELINE_FAIL,BASELINE_FAIL,BASELINE_FAIL,BASELINE_FAIL,BASELINE_FAIL,BASELINE_FAIL,BASELINE_FAIL,BASELINE_FAIL,BASELINE_FAIL,BASELINE_FAIL,BASELINE_FAIL,BASELINE_FAIL,BASELINE_FAIL,BASELINE_FAIL,BASELINE_FAIL,BASELINE_FAIL,BASELINE_FAIL,BASELINE_FAIL,BASELINE_FAIL,BASELINE_FAIL,BASELINE_FAIL,BASELINE_FAIL,BASELINE_FAIL,BASELINE_FAIL,BASELINE_FAIL,BASELINE_FAIL,BASELINE_FAIL,BASELINE_FAIL,BASELINE_FAIL,BASELINE_FAIL,BASELINE_FAIL,BASELINE_FAIL,BASELINE_FAIL,BASELINE_FAIL,BASELINE_FAIL,BASELINE_FAIL,BASELINE_FAIL,BASELINE_FAIL
Lang,Lang_1,batch10__Lang_1__add__lang_1f_add_line173,lang_1f_add__line173,add,m03,,BASELINE_FAIL,BASELINE_FAIL,False,False,0,0,harness/runs/batch10__Lang_1__add__lang_1f_add_line173/execution/m03.log,BASELINE_FAIL,BASELINE_FAIL,BASELINE_FAIL,BASELINE_FAIL,BASELINE_FAIL,BASELINE_FAIL,BASELINE_FAIL,BASELINE_FAIL,BASELINE_FAIL,BASELINE_FAIL,BASELINE_FAIL,BASELINE_FAIL,BASELINE_FAIL,BASELINE_FAIL,BASELINE_FAIL,BASELINE_FAIL,BASELINE_FAIL,BASELINE_FAIL,BASELINE_FAIL,BASELINE_FAIL,BASELINE_FAIL,BASELINE_FAIL,BASELINE_FAIL,BASELINE_FAIL,BASELINE_FAIL,BASELINE_FAIL,BASELINE_FAIL,BASELINE_FAIL,BASELINE_FAIL,BASELINE_FAIL,BASELINE_FAIL,BASELINE_FAIL,BASELINE_FAIL,BASELINE_FAIL,BASELINE_FAIL,BASELINE_FAIL,BASELINE_FAIL,BASELINE_FAIL,BASELINE_FAIL,BASELINE_FAIL,BASELINE_FAIL,BASELINE_FAIL,BASELINE_FAIL,BASELINE_FAIL,BASELINE_FAIL,BASELINE_FAIL,BASELINE_FAIL,BASELINE_FAIL,BASELINE_FAIL,BASELINE_FAIL,BASELINE_FAIL,BASELINE_FAIL,BASELINE_FAIL,BASELINE_FAIL,BASELINE_FAIL,BASELINE_FAIL,BASELINE_FAIL,BASELINE_FAIL,BASELINE_FAIL,BASELINE_FAIL,BASELINE_FAIL,BASELINE_FAIL,BASELINE_FAIL,BASELINE_FAIL,BASELINE_FAIL,BASELINE_FAIL,BASELINE_FAIL,BASELINE_FAIL,BASELINE_FAIL,BASELINE_FAIL,BASELINE_FAIL,BASELINE_FAIL,BASELINE_FAIL,BASELINE_FAIL,BASELINE_FAIL,BASELINE_FAIL,BASELINE_FAIL,BASELINE_FAIL,BASELINE_FAIL,BASELINE_FAIL,BASELINE_FAIL,BASELINE_FAIL,BASELINE_FAIL
Lang,Lang_1,batch10__Lang_1__add__lang_1f_add_line173,lang_1f_add__line173,add,m07,,BASELINE_FAIL,BASELINE_FAIL,False,False,0,0,harness/runs/batch10__Lang_1__add__lang_1f_add_line173/execution/m07.log,BASELINE_FAIL,BASELINE_FAIL,BASELINE_FAIL,BASELINE_FAIL,BASELINE_FAIL,BASELINE_FAIL,BASELINE_FAIL,BASELINE_FAIL,BASELINE_FAIL,BASELINE_FAIL,BASELINE_FAIL,BASELINE_FAIL,BASELINE_FAIL,BASELINE_FAIL,BASELINE_FAIL,BASELINE_FAIL,BASELINE_FAIL,BASELINE_FAIL,BASELINE_FAIL,BASELINE_FAIL,BASELINE_FAIL,BASELINE_FAIL,BASELINE_FAIL,BASELINE_FAIL,BASELINE_FAIL,BASELINE_FAIL,BASELINE_FAIL,BASELINE_FAIL,BASELINE_FAIL,BASELINE_FAIL,BASELINE_FAIL,BASELINE_FAIL,BASELINE_FAIL,BASELINE_FAIL,BASELINE_FAIL,BASELINE_FAIL,BASELINE_FAIL,BASELINE_FAIL,BASELINE_FAIL,BASELINE_FAIL,BASELINE_FAIL,BASELINE_FAIL,BASELINE_FAIL,BASELINE_FAIL,BASELINE_FAIL,BASELINE_FAIL,BASELINE_FAIL,BASELINE_FAIL,BASELINE_FAIL,BASELINE_FAIL,BASELINE_FAIL,BASELINE_FAIL,BASELINE_FAIL,BASELINE_FAIL,BASELINE_FAIL,BASELINE_FAIL,BASELINE_FAIL,BASELINE_FAIL,BASELINE_FAIL,BASELINE_FAIL,BASELINE_FAIL,BASELINE_FAIL,BASELINE_FAIL,BASELINE_FAIL,BASELINE_FAIL,BASELINE_FAIL,BASELINE_FAIL,BASELINE_FAIL,BASELINE_FAIL,BASELINE_FAIL,BASELINE_FAIL,BASELINE_FAIL,BASELINE_FAIL,BASELINE_FAIL,BASELINE_FAIL,BASELINE_FAIL,BASELINE_FAIL,BASELINE_FAIL,BASELINE_FAIL,BASELINE_FAIL,BASELINE_FAIL,BASELINE_FAIL,BASELINE_FAIL
Lang,Lang_1,batch10__Lang_1__add__lang_1f_add_line173,lang_1f_add__line173,add,m08,,BASELINE_FAIL,BASELINE_FAIL,False,False,0,0,harness/runs/batch10__Lang_1__add__lang_1f_add_line173/execution/m08.log,BASELINE_FAIL,BASELINE_FAIL,BASELINE_FAIL,BASELINE_FAIL,BASELINE_FAIL,BASELINE_FAIL,BASELINE_FAIL,BASELINE_FAIL,BASELINE_FAIL,BASELINE_FAIL,BASELINE_FAIL,BASELINE_FAIL,BASELINE_FAIL,BASELINE_FAIL,BASELINE_FAIL,BASELINE_FAIL,BASELINE_FAIL,BASELINE_FAIL,BASELINE_FAIL,BASELINE_FAIL,BASELINE_FAIL,BASELINE_FAIL,BASELINE_FAIL,BASELINE_FAIL,BASELINE_FAIL,BASELINE_FAIL,BASELINE_FAIL,BASELINE_FAIL,BASELINE_FAIL,BASELINE_FAIL,BASELINE_FAIL,BASELINE_FAIL,BASELINE_FAIL,BASELINE_FAIL,BASELINE_FAIL,BASELINE_FAIL,BASELINE_FAIL,BASELINE_FAIL,BASELINE_FAIL,BASELINE_FAIL,BASELINE_FAIL,BASELINE_FAIL,BASELINE_FAIL,BASELINE_FAIL,BASELINE_FAIL,BASELINE_FAIL,BASELINE_FAIL,BASELINE_FAIL,BASELINE_FAIL,BASELINE_FAIL,BASELINE_FAIL,BASELINE_FAIL,BASELINE_FAIL,BASELINE_FAIL,BASELINE_FAIL,BASELINE_FAIL,BASELINE_FAIL,BASELINE_FAIL,BASELINE_FAIL,BASELINE_FAIL,BASELINE_FAIL,BASELINE_FAIL,BASELINE_FAIL,BASELINE_FAIL,BASELINE_FAIL,BASELINE_FAIL,BASELINE_FAIL,BASELINE_FAIL,BASELINE_FAIL,BASELINE_FAIL,BASELINE_FAIL,BASELINE_FAIL,BASELINE_FAIL,BASELINE_FAIL,BASELINE_FAIL,BASELINE_FAIL,BASELINE_FAIL,BASELINE_FAIL,BASELINE_FAIL,BASELINE_FAIL,BASELINE_FAIL,BASELINE_FAIL,BASELINE_FAIL
Lang,Lang_1,batch10__Lang_1__append__lang_1f_append_line821,lang_1f_append__line821,append,m01,,SUCCESS,FAIL,True,True,0,6,harness/runs/batch10__Lang_1__append__lang_1f_append_line821/execution/m01.log,PASS,PASS,PASS,PASS,PASS,PASS,PASS,PASS,PASS,PASS,PASS,PASS,PASS,PASS,PASS,PASS,PASS,PASS,PASS,PASS,PASS,PASS,PASS,PASS,PASS,PASS,PASS,PASS,PASS,PASS,PASS,PASS,PASS,FAIL,PASS,PASS,PASS,PASS,PASS,PASS,PASS,PASS,PASS,PASS,PASS,PASS,PASS,PASS,PASS,PASS,PASS,PASS,PASS,PASS,PASS,PASS,FAIL,PASS,PASS,PASS,PASS,PASS,PASS,FAIL,FAIL,FAIL,FAIL,PASS,PASS,PASS,PASS,PASS,PASS,PASS,PASS,PASS,PASS,PASS,PASS,PASS,PASS,PASS,PASS
Lang,Lang_1,batch10__Lang_1__append__lang_1f_append_line821,lang_1f_append__line821,append,m02,,SUCCESS,FAIL,True,True,0,8,harness/runs/batch10__Lang_1__append__lang_1f_append_line821/execution/m02.log,PASS,PASS,PASS,PASS,PASS,PASS,PASS,PASS,PASS,PASS,PASS,PASS,PASS,PASS,PASS,PASS,PASS,PASS,PASS,PASS,PASS,PASS,PASS,PASS,PASS,PASS,PASS,PASS,PASS,PASS,PASS,PASS,PASS,PASS,PASS,PASS,PASS,PASS,PASS,PASS,PASS,PASS,PASS,PASS,PASS,PASS,PASS,PASS,PASS,PASS,PASS,PASS,PASS,PASS,PASS,PASS,PASS,PASS,PASS,PASS,PASS,PASS,PASS,FAIL,FAIL,FAIL,FAIL,FAIL,FAIL,FAIL,PASS,PASS,FAIL,PASS,PASS,PASS,PASS,PASS,PASS,PASS,PASS,PASS,PASS
Lang,Lang_1,batch10__Lang_1__append__lang_1f_append_line821,lang_1f_append__line821,append,m03,,SUCCESS,FAIL,True,True,0,3,harness/runs/batch10__Lang_1__append__lang_1f_append_line821/execution/m03.log,PASS,PASS,PASS,PASS,PASS,PASS,FAIL,PASS,PASS,PASS,PASS,PASS,PASS,PASS,PASS,PASS,PASS,PASS,PASS,PASS,PASS,PASS,PASS,PASS,PASS,PASS,PASS,PASS,PASS,PASS,PASS,PASS,PASS,FAIL,PASS,PASS,PASS,PASS,PASS,PASS,PASS,PASS,PASS,PASS,PASS,PASS,PASS,PASS,PASS,PASS,PASS,PASS,PASS,PASS,PASS,PASS,PASS,PASS,PASS,PASS,PASS,PASS,FAIL,PASS,PASS,PASS,PASS,PASS,PASS,PASS,PASS,PASS,PASS,PASS,PASS,PASS,PASS,PASS,PASS,PASS,PASS,PASS,PASS
Lang,Lang_1,batch10__Lang_1__append__lang_1f_append_line821,lang_1f_append__line821,append,m04,,SUCCESS,FAIL,True,True,0,2,harness/runs/batch10__Lang_1__append__lang_1f_append_line821/execution/m04.log,PASS,PASS,PASS,PASS,PASS,PASS,PASS,PASS,PASS,PASS,PASS,PASS,PASS,PASS,PASS,PASS,PASS,PASS,PASS,PASS,PASS,PASS,PASS,PASS,PASS,PASS,PASS,PASS,PASS,PASS,PASS,PASS,PASS,FAIL,PASS,PASS,PASS,PASS,PASS,PASS,PASS,PASS,PASS,PASS,PASS,PASS,PASS,PASS,PASS,PASS,PASS,PASS,PASS,PASS,PASS,PASS,PASS,PASS,PASS,PASS,PASS,FAIL,PASS,PASS,PASS,PASS,PASS,PASS,PASS,PASS,PASS,PASS,PASS,PASS,PASS,PASS,PASS,PASS,PASS,PASS,PASS,PASS,PASS
Lang,Lang_1,batch10__Lang_1__append__lang_1f_append_line821,lang_1f_append__line821,append,m05,,SUCCESS,FAIL,True,True,0,2,harness/runs/batch10__Lang_1__append__lang_1f_append_line821/execution/m05.log,PASS,PASS,PASS,PASS,PASS,PASS,PASS,PASS,PASS,PASS,PASS,PASS,PASS,PASS,PASS,PASS,PASS,PASS,PASS,PASS,PASS,PASS,PASS,PASS,PASS,PASS,PASS,PASS,PASS,PASS,PASS,PASS,PASS,FAIL,PASS,PASS,PASS,PASS,PASS,PASS,PASS,PASS,PASS,PASS,PASS,PASS,PASS,PASS,PASS,PASS,PASS,PASS,PASS,PASS,PASS,PASS,PASS,PASS,PASS,PASS,PASS,PASS,PASS,PASS,PASS,PASS,PASS,PASS,PASS,PASS,PASS,FAIL,PASS,PASS,PASS,PASS,PASS,PASS,PASS,PASS,PASS,PASS,PASS
Lang,Lang_1,batch10__Lang_1__append__lang_1f_append_line821,lang_1f_append__line821,append,m06,,SUCCESS,FAIL,True,True,0,1,harness/runs/batch10__Lang_1__append__lang_1f_append_line821/execution/m06.log,PASS,PASS,PASS,PASS,PASS,PASS,PASS,PASS,PASS,PASS,PASS,PASS,PASS,PASS,PASS,PASS,PASS,PASS,PASS,PASS,PASS,PASS,PASS,PASS,PASS,PASS,PASS,PASS,PASS,PASS,PASS,PASS,PASS,PASS,PASS,PASS,PASS,PASS,PASS,PASS,PASS,PASS,PASS,PASS,PASS,PASS,PASS,PASS,PASS,PASS,PASS,PASS,PASS,PASS,PASS,PASS,PASS,PASS,FAIL,PASS,PASS,PASS,PASS,PASS,PASS,PASS,PASS,PASS,PASS,PASS,PASS,PASS,PASS,PASS,PASS,PASS,PASS,PASS,PASS,PASS,PASS,PASS,PASS
Lang,Lang_1,batch10__Lang_1__append__lang_1f_append_line821,lang_1f_append__line821,append,m07,,SUCCESS,FAIL,True,True,0,2,harness/runs/batch10__Lang_1__append__lang_1f_append_line821/execution/m07.log,PASS,PASS,PASS,PASS,PASS,PASS,PASS,PASS,PASS,PASS,PASS,PASS,PASS,PASS,PASS,PASS,PASS,PASS,PASS,PASS,PASS,PASS,PASS,PASS,PASS,PASS,PASS,PASS,PASS,PASS,PASS,PASS,PASS,FAIL,PASS,PASS,PASS,PASS,PASS,PASS,PASS,PASS,PASS,PASS,PASS,PASS,PASS,PASS,PASS,PASS,PASS,PASS,PASS,PASS,PASS,PASS,PASS,FAIL,PASS,PASS,PASS,PASS,PASS,PASS,PASS,PASS,PASS,PASS,PASS,PASS,PASS,PASS,PASS,PASS,PASS,PASS,PASS,PASS,PASS,PASS,PASS,PASS,PASS
Lang,Lang_1,batch10__Lang_1__append__lang_1f_append_line821,lang_1f_append__line821,append,m08,,SUCCESS,FAIL,True,True,0,2,harness/runs/batch10__Lang_1__append__lang_1f_append_line821/execution/m08.log,PASS,PASS,PASS,PASS,PASS,PASS,PASS,PASS,PASS,PASS,PASS,PASS,PASS,PASS,PASS,PASS,PASS,PASS,PASS,PASS,PASS,PASS,PASS,PASS,PASS,PASS,PASS,PASS,PASS,PASS,PASS,PASS,PASS,FAIL,PASS,PASS,PASS,PASS,PASS,PASS,PASS,PASS,PASS,PASS,PASS,PASS,PASS,PASS,PASS,PASS,PASS,PASS,PASS,PASS,PASS,PASS,PASS,PASS,PASS,FAIL,PASS,PASS,PASS,PASS,PASS,PASS,PASS,PASS,PASS,PASS,PASS,PASS,PASS,PASS,PASS,PASS,PASS,PASS,PASS,PASS,PASS,PASS,PASS
Lang,Lang_1,batch10__Lang_1__arrayMemberEquals__lang_1f_arrayMemberEquals_line287,lang_1f_arrayMemberEquals__line287,arrayMemberEquals,m01,,BASELINE_FAIL,BASELINE_FAIL,False,False,0,0,harness/runs/batch10__Lang_1__arrayMemberEquals__lang_1f_arrayMemberEquals_line287/execution/m01.log,BASELINE_FAIL,BASELINE_FAIL,BASELINE_FAIL,BASELINE_FAIL,BASELINE_FAIL,BASELINE_FAIL,BASELINE_FAIL,BASELINE_FAIL,BASELINE_FAIL,BASELINE_FAIL,BASELINE_FAIL,BASELINE_FAIL,BASELINE_FAIL,BASELINE_FAIL,BASELINE_FAIL,BASELINE_FAIL,BASELINE_FAIL,BASELINE_FAIL,BASELINE_FAIL,BASELINE_FAIL,BASELINE_FAIL,BASELINE_FAIL,BASELINE_FAIL,BASELINE_FAIL,BASELINE_FAIL,BASELINE_FAIL,BASELINE_FAIL,BASELINE_FAIL,BASELINE_FAIL,BASELINE_FAIL,BASELINE_FAIL,BASELINE_FAIL,BASELINE_FAIL,BASELINE_FAIL,BASELINE_FAIL,BASELINE_FAIL,BASELINE_FAIL,BASELINE_FAIL,BASELINE_FAIL,BASELINE_FAIL,BASELINE_FAIL,BASELINE_FAIL,BASELINE_FAIL,BASELINE_FAIL,BASELINE_FAIL,BASELINE_FAIL,BASELINE_FAIL,BASELINE_FAIL,BASELINE_FAIL,BASELINE_FAIL,BASELINE_FAIL,BASELINE_FAIL,BASELINE_FAIL,BASELINE_FAIL,BASELINE_FAIL,BASELINE_FAIL,BASELINE_FAIL,BASELINE_FAIL,BASELINE_FAIL,BASELINE_FAIL,BASELINE_FAIL,BASELINE_FAIL,BASELINE_FAIL,BASELINE_FAIL,BASELINE_FAIL,BASELINE_FAIL,BASELINE_FAIL,BASELINE_FAIL,BASELINE_FAIL,BASELINE_FAIL,BASELINE_FAIL,BASELINE_FAIL,BASELINE_FAIL,BASELINE_FAIL,BASELINE_FAIL,BASELINE_FAIL,BASELINE_FAIL,BASELINE_FAIL,BASELINE_FAIL,BASELINE_FAIL,BASELINE_FAIL,BASELINE_FAIL,BASELINE_FAIL
Lang,Lang_1,batch10__Lang_1__arrayMemberEquals__lang_1f_arrayMemberEquals_line287,lang_1f_arrayMemberEquals__line287,arrayMemberEquals,m02,,BASELINE_FAIL,BASELINE_FAIL,False,False,0,0,harness/runs/batch10__Lang_1__arrayMemberEquals__lang_1f_arrayMemberEquals_line287/execution/m02.log,BASELINE_FAIL,BASELINE_FAIL,BASELINE_FAIL,BASELINE_FAIL,BASELINE_FAIL,BASELINE_FAIL,BASELINE_FAIL,BASELINE_FAIL,BASELINE_FAIL,BASELINE_FAIL,BASELINE_FAIL,BASELINE_FAIL,BASELINE_FAIL,BASELINE_FAIL,BASELINE_FAIL,BASELINE_FAIL,BASELINE_FAIL,BASELINE_FAIL,BASELINE_FAIL,BASELINE_FAIL,BASELINE_FAIL,BASELINE_FAIL,BASELINE_FAIL,BASELINE_FAIL,BASELINE_FAIL,BASELINE_FAIL,BASELINE_FAIL,BASELINE_FAIL,BASELINE_FAIL,BASELINE_FAIL,BASELINE_FAIL,BASELINE_FAIL,BASELINE_FAIL,BASELINE_FAIL,BASELINE_FAIL,BASELINE_FAIL,BASELINE_FAIL,BASELINE_FAIL,BASELINE_FAIL,BASELINE_FAIL,BASELINE_FAIL,BASELINE_FAIL,BASELINE_FAIL,BASELINE_FAIL,BASELINE_FAIL,BASELINE_FAIL,BASELINE_FAIL,BASELINE_FAIL,BASELINE_FAIL,BASELINE_FAIL,BASELINE_FAIL,BASELINE_FAIL,BASELINE_FAIL,BASELINE_FAIL,BASELINE_FAIL,BASELINE_FAIL,BASELINE_FAIL,BASELINE_FAIL,BASELINE_FAIL,BASELINE_FAIL,BASELINE_FAIL,BASELINE_FAIL,BASELINE_FAIL,BASELINE_FAIL,BASELINE_FAIL,BASELINE_FAIL,BASELINE_FAIL,BASELINE_FAIL,BASELINE_FAIL,BASELINE_FAIL,BASELINE_FAIL,BASELINE_FAIL,BASELINE_FAIL,BASELINE_FAIL,BASELINE_FAIL,BASELINE_FAIL,BASELINE_FAIL,BASELINE_FAIL,BASELINE_FAIL,BASELINE_FAIL,BASELINE_FAIL,BASELINE_FAIL,BASELINE_FAIL
Lang,Lang_1,batch10__Lang_1__arrayMemberEquals__lang_1f_arrayMemberEquals_line287,lang_1f_arrayMemberEquals__line287,arrayMemberEquals,m03,,BASELINE_FAIL,BASELINE_FAIL,False,False,0,0,harness/runs/batch10__Lang_1__arrayMemberEquals__lang_1f_arrayMemberEquals_line287/execution/m03.log,BASELINE_FAIL,BASELINE_FAIL,BASELINE_FAIL,BASELINE_FAIL,BASELINE_FAIL,BASELINE_FAIL,BASELINE_FAIL,BASELINE_FAIL,BASELINE_FAIL,BASELINE_FAIL,BASELINE_FAIL,BASELINE_FAIL,BASELINE_FAIL,BASELINE_FAIL,BASELINE_FAIL,BASELINE_FAIL,BASELINE_FAIL,BASELINE_FAIL,BASELINE_FAIL,BASELINE_FAIL,BASELINE_FAIL,BASELINE_FAIL,BASELINE_FAIL,BASELINE_FAIL,BASELINE_FAIL,BASELINE_FAIL,BASELINE_FAIL,BASELINE_FAIL,BASELINE_FAIL,BASELINE_FAIL,BASELINE_FAIL,BASELINE_FAIL,BASELINE_FAIL,BASELINE_FAIL,BASELINE_FAIL,BASELINE_FAIL,BASELINE_FAIL,BASELINE_FAIL,BASELINE_FAIL,BASELINE_FAIL,BASELINE_FAIL,BASELINE_FAIL,BASELINE_FAIL,BASELINE_FAIL,BASELINE_FAIL,BASELINE_FAIL,BASELINE_FAIL,BASELINE_FAIL,BASELINE_FAIL,BASELINE_FAIL,BASELINE_FAIL,BASELINE_FAIL,BASELINE_FAIL,BASELINE_FAIL,BASELINE_FAIL,BASELINE_FAIL,BASELINE_FAIL,BASELINE_FAIL,BASELINE_FAIL,BASELINE_FAIL,BASELINE_FAIL,BASELINE_FAIL,BASELINE_FAIL,BASELINE_FAIL,BASELINE_FAIL,BASELINE_FAIL,BASELINE_FAIL,BASELINE_FAIL,BASELINE_FAIL,BASELINE_FAIL,BASELINE_FAIL,BASELINE_FAIL,BASELINE_FAIL,BASELINE_FAIL,BASELINE_FAIL,BASELINE_FAIL,BASELINE_FAIL,BASELINE_FAIL,BASELINE_FAIL,BASELINE_FAIL,BASELINE_FAIL,BASELINE_FAIL,BASELINE_FAIL
Lang,Lang_1,batch10__Lang_1__arrayMemberEquals__lang_1f_arrayMemberEquals_line287,lang_1f_arrayMemberEquals__line287,arrayMemberEquals,m04,,BASELINE_FAIL,BASELINE_FAIL,False,False,0,0,harness/runs/batch10__Lang_1__arrayMemberEquals__lang_1f_arrayMemberEquals_line287/execution/m04.log,BASELINE_FAIL,BASELINE_FAIL,BASELINE_FAIL,BASELINE_FAIL,BASELINE_FAIL,BASELINE_FAIL,BASELINE_FAIL,BASELINE_FAIL,BASELINE_FAIL,BASELINE_FAIL,BASELINE_FAIL,BASELINE_FAIL,BASELINE_FAIL,BASELINE_FAIL,BASELINE_FAIL,BASELINE_FAIL,BASELINE_FAIL,BASELINE_FAIL,BASELINE_FAIL,BASELINE_FAIL,BASELINE_FAIL,BASELINE_FAIL,BASELINE_FAIL,BASELINE_FAIL,BASELINE_FAIL,BASELINE_FAIL,BASELINE_FAIL,BASELINE_FAIL,BASELINE_FAIL,BASELINE_FAIL,BASELINE_FAIL,BASELINE_FAIL,BASELINE_FAIL,BASELINE_FAIL,BASELINE_FAIL,BASELINE_FAIL,BASELINE_FAIL,BASELINE_FAIL,BASELINE_FAIL,BASELINE_FAIL,BASELINE_FAIL,BASELINE_FAIL,BASELINE_FAIL,BASELINE_FAIL,BASELINE_FAIL,BASELINE_FAIL,BASELINE_FAIL,BASELINE_FAIL,BASELINE_FAIL,BASELINE_FAIL,BASELINE_FAIL,BASELINE_FAIL,BASELINE_FAIL,BASELINE_FAIL,BASELINE_FAIL,BASELINE_FAIL,BASELINE_FAIL,BASELINE_FAIL,BASELINE_FAIL,BASELINE_FAIL,BASELINE_FAIL,BASELINE_FAIL,BASELINE_FAIL,BASELINE_FAIL,BASELINE_FAIL,BASELINE_FAIL,BASELINE_FAIL,BASELINE_FAIL,BASELINE_FAIL,BASELINE_FAIL,BASELINE_FAIL,BASELINE_FAIL,BASELINE_FAIL,BASELINE_FAIL,BASELINE_FAIL,BASELINE_FAIL,BASELINE_FAIL,BASELINE_FAIL,BASELINE_FAIL,BASELINE_FAIL,BASELINE_FAIL,BASELINE_FAIL,BASELINE_FAIL
Lang,Lang_1,batch10__Lang_1__arrayMemberEquals__lang_1f_arrayMemberEquals_line287,lang_1f_arrayMemberEquals__line287,arrayMemberEquals,m05,,BASELINE_FAIL,BASELINE_FAIL,False,False,0,0,harness/runs/batch10__Lang_1__arrayMemberEquals__lang_1f_arrayMemberEquals_line287/execution/m05.log,BASELINE_FAIL,BASELINE_FAIL,BASELINE_FAIL,BASELINE_FAIL,BASELINE_FAIL,BASELINE_FAIL,BASELINE_FAIL,BASELINE_FAIL,BASELINE_FAIL,BASELINE_FAIL,BASELINE_FAIL,BASELINE_FAIL,BASELINE_FAIL,BASELINE_FAIL,BASELINE_FAIL,BASELINE_FAIL,BASELINE_FAIL,BASELINE_FAIL,BASELINE_FAIL,BASELINE_FAIL,BASELINE_FAIL,BASELINE_FAIL,BASELINE_FAIL,BASELINE_FAIL,BASELINE_FAIL,BASELINE_FAIL,BASELINE_FAIL,BASELINE_FAIL,BASELINE_FAIL,BASELINE_FAIL,BASELINE_FAIL,BASELINE_FAIL,BASELINE_FAIL,BASELINE_FAIL,BASELINE_FAIL,BASELINE_FAIL,BASELINE_FAIL,BASELINE_FAIL,BASELINE_FAIL,BASELINE_FAIL,BASELINE_FAIL,BASELINE_FAIL,BASELINE_FAIL,BASELINE_FAIL,BASELINE_FAIL,BASELINE_FAIL,BASELINE_FAIL,BASELINE_FAIL,BASELINE_FAIL,BASELINE_FAIL,BASELINE_FAIL,BASELINE_FAIL,BASELINE_FAIL,BASELINE_FAIL,BASELINE_FAIL,BASELINE_FAIL,BASELINE_FAIL,BASELINE_FAIL,BASELINE_FAIL,BASELINE_FAIL,BASELINE_FAIL,BASELINE_FAIL,BASELINE_FAIL,BASELINE_FAIL,BASELINE_FAIL,BASELINE_FAIL,BASELINE_FAIL,BASELINE_FAIL,BASELINE_FAIL,BASELINE_FAIL,BASELINE_FAIL,BASELINE_FAIL,BASELINE_FAIL,BASELINE_FAIL,BASELINE_FAIL,BASELINE_FAIL,BASELINE_FAIL,BASELINE_FAIL,BASELINE_FAIL,BASELINE_FAIL,BASELINE_FAIL,BASELINE_FAIL,BASELINE_FAIL
Lang,Lang_1,batch10__Lang_1__arrayMemberEquals__lang_1f_arrayMemberEquals_line287,lang_1f_arrayMemberEquals__line287,arrayMemberEquals,m06,,BASELINE_FAIL,BASELINE_FAIL,False,False,0,0,harness/runs/batch10__Lang_1__arrayMemberEquals__lang_1f_arrayMemberEquals_line287/execution/m06.log,BASELINE_FAIL,BASELINE_FAIL,BASELINE_FAIL,BASELINE_FAIL,BASELINE_FAIL,BASELINE_FAIL,BASELINE_FAIL,BASELINE_FAIL,BASELINE_FAIL,BASELINE_FAIL,BASELINE_FAIL,BASELINE_FAIL,BASELINE_FAIL,BASELINE_FAIL,BASELINE_FAIL,BASELINE_FAIL,BASELINE_FAIL,BASELINE_FAIL,BASELINE_FAIL,BASELINE_FAIL,BASELINE_FAIL,BASELINE_FAIL,BASELINE_FAIL,BASELINE_FAIL,BASELINE_FAIL,BASELINE_FAIL,BASELINE_FAIL,BASELINE_FAIL,BASELINE_FAIL,BASELINE_FAIL,BASELINE_FAIL,BASELINE_FAIL,BASELINE_FAIL,BASELINE_FAIL,BASELINE_FAIL,BASELINE_FAIL,BASELINE_FAIL,BASELINE_FAIL,BASELINE_FAIL,BASELINE_FAIL,BASELINE_FAIL,BASELINE_FAIL,BASELINE_FAIL,BASELINE_FAIL,BASELINE_FAIL,BASELINE_FAIL,BASELINE_FAIL,BASELINE_FAIL,BASELINE_FAIL,BASELINE_FAIL,BASELINE_FAIL,BASELINE_FAIL,BASELINE_FAIL,BASELINE_FAIL,BASELINE_FAIL,BASELINE_FAIL,BASELINE_FAIL,BASELINE_FAIL,BASELINE_FAIL,BASELINE_FAIL,BASELINE_FAIL,BASELINE_FAIL,BASELINE_FAIL,BASELINE_FAIL,BASELINE_FAIL,BASELINE_FAIL,BASELINE_FAIL,BASELINE_FAIL,BASELINE_FAIL,BASELINE_FAIL,BASELINE_FAIL,BASELINE_FAIL,BASELINE_FAIL,BASELINE_FAIL,BASELINE_FAIL,BASELINE_FAIL,BASELINE_FAIL,BASELINE_FAIL,BASELINE_FAIL,BASELINE_FAIL,BASELINE_FAIL,BASELINE_FAIL,BASELINE_FAIL
Lang,Lang_1,batch10__Lang_1__arrayMemberEquals__lang_1f_arrayMemberEquals_line287,lang_1f_arrayMemberEquals__line287,arrayMemberEquals,m07,,BASELINE_FAIL,BASELINE_FAIL,False,False,0,0,harness/runs/batch10__Lang_1__arrayMemberEquals__lang_1f_arrayMemberEquals_line287/execution/m07.log,BASELINE_FAIL,BASELINE_FAIL,BASELINE_FAIL,BASELINE_FAIL,BASELINE_FAIL,BASELINE_FAIL,BASELINE_FAIL,BASELINE_FAIL,BASELINE_FAIL,BASELINE_FAIL,BASELINE_FAIL,BASELINE_FAIL,BASELINE_FAIL,BASELINE_FAIL,BASELINE_FAIL,BASELINE_FAIL,BASELINE_FAIL,BASELINE_FAIL,BASELINE_FAIL,BASELINE_FAIL,BASELINE_FAIL,BASELINE_FAIL,BASELINE_FAIL,BASELINE_FAIL,BASELINE_FAIL,BASELINE_FAIL,BASELINE_FAIL,BASELINE_FAIL,BASELINE_FAIL,BASELINE_FAIL,BASELINE_FAIL,BASELINE_FAIL,BASELINE_FAIL,BASELINE_FAIL,BASELINE_FAIL,BASELINE_FAIL,BASELINE_FAIL,BASELINE_FAIL,BASELINE_FAIL,BASELINE_FAIL,BASELINE_FAIL,BASELINE_FAIL,BASELINE_FAIL,BASELINE_FAIL,BASELINE_FAIL,BASELINE_FAIL,BASELINE_FAIL,BASELINE_FAIL,BASELINE_FAIL,BASELINE_FAIL,BASELINE_FAIL,BASELINE_FAIL,BASELINE_FAIL,BASELINE_FAIL,BASELINE_FAIL,BASELINE_FAIL,BASELINE_FAIL,BASELINE_FAIL,BASELINE_FAIL,BASELINE_FAIL,BASELINE_FAIL,BASELINE_FAIL,BASELINE_FAIL,BASELINE_FAIL,BASELINE_FAIL,BASELINE_FAIL,BASELINE_FAIL,BASELINE_FAIL,BASELINE_FAIL,BASELINE_FAIL,BASELINE_FAIL,BASELINE_FAIL,BASELINE_FAIL,BASELINE_FAIL,BASELINE_FAIL,BASELINE_FAIL,BASELINE_FAIL,BASELINE_FAIL,BASELINE_FAIL,BASELINE_FAIL,BASELINE_FAIL,BASELINE_FAIL,BASELINE_FAIL
Lang,Lang_1,batch10__Lang_1__arrayMemberEquals__lang_1f_arrayMemberEquals_line287,lang_1f_arrayMemberEquals__line287,arrayMemberEquals,m08,,BASELINE_FAIL,BASELINE_FAIL,False,False,0,0,harness/runs/batch10__Lang_1__arrayMemberEquals__lang_1f_arrayMemberEquals_line287/execution/m08.log,BASELINE_FAIL,BASELINE_FAIL,BASELINE_FAIL,BASELINE_FAIL,BASELINE_FAIL,BASELINE_FAIL,BASELINE_FAIL,BASELINE_FAIL,BASELINE_FAIL,BASELINE_FAIL,BASELINE_FAIL,BASELINE_FAIL,BASELINE_FAIL,BASELINE_FAIL,BASELINE_FAIL,BASELINE_FAIL,BASELINE_FAIL,BASELINE_FAIL,BASELINE_FAIL,BASELINE_FAIL,BASELINE_FAIL,BASELINE_FAIL,BASELINE_FAIL,BASELINE_FAIL,BASELINE_FAIL,BASELINE_FAIL,BASELINE_FAIL,BASELINE_FAIL,BASELINE_FAIL,BASELINE_FAIL,BASELINE_FAIL,BASELINE_FAIL,BASELINE_FAIL,BASELINE_FAIL,BASELINE_FAIL,BASELINE_FAIL,BASELINE_FAIL,BASELINE_FAIL,BASELINE_FAIL,BASELINE_FAIL,BASELINE_FAIL,BASELINE_FAIL,BASELINE_FAIL,BASELINE_FAIL,BASELINE_FAIL,BASELINE_FAIL,BASELINE_FAIL,BASELINE_FAIL,BASELINE_FAIL,BASELINE_FAIL,BASELINE_FAIL,BASELINE_FAIL,BASELINE_FAIL,BASELINE_FAIL,BASELINE_FAIL,BASELINE_FAIL,BASELINE_FAIL,BASELINE_FAIL,BASELINE_FAIL,BASELINE_FAIL,BASELINE_FAIL,BASELINE_FAIL,BASELINE_FAIL,BASELINE_FAIL,BASELINE_FAIL,BASELINE_FAIL,BASELINE_FAIL,BASELINE_FAIL,BASELINE_FAIL,BASELINE_FAIL,BASELINE_FAIL,BASELINE_FAIL,BASELINE_FAIL,BASELINE_FAIL,BASELINE_FAIL,BASELINE_FAIL,BASELINE_FAIL,BASELINE_FAIL,BASELINE_FAIL,BASELINE_FAIL,BASELINE_FAIL,BASELINE_FAIL,BASELINE_FAIL
Lang,Lang_1,batch10__Lang_1__containsAny__lang_1f_containsAny_line1515,lang_1f_containsAny__line1515,containsAny,m01,,BASELINE_FAIL,BASELINE_FAIL,False,False,0,0,harness/runs/batch10__Lang_1__containsAny__lang_1f_containsAny_line1515/execution/m01.log,BASELINE_FAIL,BASELINE_FAIL,BASELINE_FAIL,BASELINE_FAIL,BASELINE_FAIL,BASELINE_FAIL,BASELINE_FAIL,BASELINE_FAIL,BASELINE_FAIL,BASELINE_FAIL,BASELINE_FAIL,BASELINE_FAIL,BASELINE_FAIL,BASELINE_FAIL,BASELINE_FAIL,BASELINE_FAIL,BASELINE_FAIL,BASELINE_FAIL,BASELINE_FAIL,BASELINE_FAIL,BASELINE_FAIL,BASELINE_FAIL,BASELINE_FAIL,BASELINE_FAIL,BASELINE_FAIL,BASELINE_FAIL,BASELINE_FAIL,BASELINE_FAIL,BASELINE_FAIL,BASELINE_FAIL,BASELINE_FAIL,BASELINE_FAIL,BASELINE_FAIL,BASELINE_FAIL,BASELINE_FAIL,BASELINE_FAIL,BASELINE_FAIL,BASELINE_FAIL,BASELINE_FAIL,BASELINE_FAIL,BASELINE_FAIL,BASELINE_FAIL,BASELINE_FAIL,BASELINE_FAIL,BASELINE_FAIL,BASELINE_FAIL,BASELINE_FAIL,BASELINE_FAIL,BASELINE_FAIL,BASELINE_FAIL,BASELINE_FAIL,BASELINE_FAIL,BASELINE_FAIL,BASELINE_FAIL,BASELINE_FAIL,BASELINE_FAIL,BASELINE_FAIL,BASELINE_FAIL,BASELINE_FAIL,BASELINE_FAIL,BASELINE_FAIL,BASELINE_FAIL,BASELINE_FAIL,BASELINE_FAIL,BASELINE_FAIL,BASELINE_FAIL,BASELINE_FAIL,BASELINE_FAIL,BASELINE_FAIL,BASELINE_FAIL,BASELINE_FAIL,BASELINE_FAIL,BASELINE_FAIL,BASELINE_FAIL,BASELINE_FAIL,BASELINE_FAIL,BASELINE_FAIL,BASELINE_FAIL,BASELINE_FAIL,BASELINE_FAIL,BASELINE_FAIL,BASELINE_FAIL,BASELINE_FAIL
Lang,Lang_1,batch10__Lang_1__containsAny__lang_1f_containsAny_line1515,lang_1f_containsAny__line1515,containsAny,m02,,BASELINE_FAIL,BASELINE_FAIL,False,False,0,0,harness/runs/batch10__Lang_1__containsAny__lang_1f_containsAny_line1515/execution/m02.log,BASELINE_FAIL,BASELINE_FAIL,BASELINE_FAIL,BASELINE_FAIL,BASELINE_FAIL,BASELINE_FAIL,BASELINE_FAIL,BASELINE_FAIL,BASELINE_FAIL,BASELINE_FAIL,BASELINE_FAIL,BASELINE_FAIL,BASELINE_FAIL,BASELINE_FAIL,BASELINE_FAIL,BASELINE_FAIL,BASELINE_FAIL,BASELINE_FAIL,BASELINE_FAIL,BASELINE_FAIL,BASELINE_FAIL,BASELINE_FAIL,BASELINE_FAIL,BASELINE_FAIL,BASELINE_FAIL,BASELINE_FAIL,BASELINE_FAIL,BASELINE_FAIL,BASELINE_FAIL,BASELINE_FAIL,BASELINE_FAIL,BASELINE_FAIL,BASELINE_FAIL,BASELINE_FAIL,BASELINE_FAIL,BASELINE_FAIL,BASELINE_FAIL,BASELINE_FAIL,BASELINE_FAIL,BASELINE_FAIL,BASELINE_FAIL,BASELINE_FAIL,BASELINE_FAIL,BASELINE_FAIL,BASELINE_FAIL,BASELINE_FAIL,BASELINE_FAIL,BASELINE_FAIL,BASELINE_FAIL,BASELINE_FAIL,BASELINE_FAIL,BASELINE_FAIL,BASELINE_FAIL,BASELINE_FAIL,BASELINE_FAIL,BASELINE_FAIL,BASELINE_FAIL,BASELINE_FAIL,BASELINE_FAIL,BASELINE_FAIL,BASELINE_FAIL,BASELINE_FAIL,BASELINE_FAIL,BASELINE_FAIL,BASELINE_FAIL,BASELINE_FAIL,BASELINE_FAIL,BASELINE_FAIL,BASELINE_FAIL,BASELINE_FAIL,BASELINE_FAIL,BASELINE_FAIL,BASELINE_FAIL,BASELINE_FAIL,BASELINE_FAIL,BASELINE_FAIL,BASELINE_FAIL,BASELINE_FAIL,BASELINE_FAIL,BASELINE_FAIL,BASELINE_FAIL,BASELINE_FAIL,BASELINE_FAIL
Lang,Lang_1,batch10__Lang_1__containsAny__lang_1f_containsAny_line1515,lang_1f_containsAny__line1515,containsAny,m03,,BASELINE_FAIL,BASELINE_FAIL,False,False,0,0,harness/runs/batch10__Lang_1__containsAny__lang_1f_containsAny_line1515/execution/m03.log,BASELINE_FAIL,BASELINE_FAIL,BASELINE_FAIL,BASELINE_FAIL,BASELINE_FAIL,BASELINE_FAIL,BASELINE_FAIL,BASELINE_FAIL,BASELINE_FAIL,BASELINE_FAIL,BASELINE_FAIL,BASELINE_FAIL,BASELINE_FAIL,BASELINE_FAIL,BASELINE_FAIL,BASELINE_FAIL,BASELINE_FAIL,BASELINE_FAIL,BASELINE_FAIL,BASELINE_FAIL,BASELINE_FAIL,BASELINE_FAIL,BASELINE_FAIL,BASELINE_FAIL,BASELINE_FAIL,BASELINE_FAIL,BASELINE_FAIL,BASELINE_FAIL,BASELINE_FAIL,BASELINE_FAIL,BASELINE_FAIL,BASELINE_FAIL,BASELINE_FAIL,BASELINE_FAIL,BASELINE_FAIL,BASELINE_FAIL,BASELINE_FAIL,BASELINE_FAIL,BASELINE_FAIL,BASELINE_FAIL,BASELINE_FAIL,BASELINE_FAIL,BASELINE_FAIL,BASELINE_FAIL,BASELINE_FAIL,BASELINE_FAIL,BASELINE_FAIL,BASELINE_FAIL,BASELINE_FAIL,BASELINE_FAIL,BASELINE_FAIL,BASELINE_FAIL,BASELINE_FAIL,BASELINE_FAIL,BASELINE_FAIL,BASELINE_FAIL,BASELINE_FAIL,BASELINE_FAIL,BASELINE_FAIL,BASELINE_FAIL,BASELINE_FAIL,BASELINE_FAIL,BASELINE_FAIL,BASELINE_FAIL,BASELINE_FAIL,BASELINE_FAIL,BASELINE_FAIL,BASELINE_FAIL,BASELINE_FAIL,BASELINE_FAIL,BASELINE_FAIL,BASELINE_FAIL,BASELINE_FAIL,BASELINE_FAIL,BASELINE_FAIL,BASELINE_FAIL,BASELINE_FAIL,BASELINE_FAIL,BASELINE_FAIL,BASELINE_FAIL,BASELINE_FAIL,BASELINE_FAIL,BASELINE_FAIL
Lang,Lang_1,batch10__Lang_1__containsAny__lang_1f_containsAny_line1515,lang_1f_containsAny__line1515,containsAny,m04,,BASELINE_FAIL,BASELINE_FAIL,False,False,0,0,harness/runs/batch10__Lang_1__containsAny__lang_1f_containsAny_line1515/execution/m04.log,BASELINE_FAIL,BASELINE_FAIL,BASELINE_FAIL,BASELINE_FAIL,BASELINE_FAIL,BASELINE_FAIL,BASELINE_FAIL,BASELINE_FAIL,BASELINE_FAIL,BASELINE_FAIL,BASELINE_FAIL,BASELINE_FAIL,BASELINE_FAIL,BASELINE_FAIL,BASELINE_FAIL,BASELINE_FAIL,BASELINE_FAIL,BASELINE_FAIL,BASELINE_FAIL,BASELINE_FAIL,BASELINE_FAIL,BASELINE_FAIL,BASELINE_FAIL,BASELINE_FAIL,BASELINE_FAIL,BASELINE_FAIL,BASELINE_FAIL,BASELINE_FAIL,BASELINE_FAIL,BASELINE_FAIL,BASELINE_FAIL,BASELINE_FAIL,BASELINE_FAIL,BASELINE_FAIL,BASELINE_FAIL,BASELINE_FAIL,BASELINE_FAIL,BASELINE_FAIL,BASELINE_FAIL,BASELINE_FAIL,BASELINE_FAIL,BASELINE_FAIL,BASELINE_FAIL,BASELINE_FAIL,BASELINE_FAIL,BASELINE_FAIL,BASELINE_FAIL,BASELINE_FAIL,BASELINE_FAIL,BASELINE_FAIL,BASELINE_FAIL,BASELINE_FAIL,BASELINE_FAIL,BASELINE_FAIL,BASELINE_FAIL,BASELINE_FAIL,BASELINE_FAIL,BASELINE_FAIL,BASELINE_FAIL,BASELINE_FAIL,BASELINE_FAIL,BASELINE_FAIL,BASELINE_FAIL,BASELINE_FAIL,BASELINE_FAIL,BASELINE_FAIL,BASELINE_FAIL,BASELINE_FAIL,BASELINE_FAIL,BASELINE_FAIL,BASELINE_FAIL,BASELINE_FAIL,BASELINE_FAIL,BASELINE_FAIL,BASELINE_FAIL,BASELINE_FAIL,BASELINE_FAIL,BASELINE_FAIL,BASELINE_FAIL,BASELINE_FAIL,BASELINE_FAIL,BASELINE_FAIL,BASELINE_FAIL
Lang,Lang_1,batch10__Lang_1__containsAny__lang_1f_containsAny_line1515,lang_1f_containsAny__line1515,containsAny,m05,,BASELINE_FAIL,BASELINE_FAIL,False,False,0,0,harness/runs/batch10__Lang_1__containsAny__lang_1f_containsAny_line1515/execution/m05.log,BASELINE_FAIL,BASELINE_FAIL,BASELINE_FAIL,BASELINE_FAIL,BASELINE_FAIL,BASELINE_FAIL,BASELINE_FAIL,BASELINE_FAIL,BASELINE_FAIL,BASELINE_FAIL,BASELINE_FAIL,BASELINE_FAIL,BASELINE_FAIL,BASELINE_FAIL,BASELINE_FAIL,BASELINE_FAIL,BASELINE_FAIL,BASELINE_FAIL,BASELINE_FAIL,BASELINE_FAIL,BASELINE_FAIL,BASELINE_FAIL,BASELINE_FAIL,BASELINE_FAIL,BASELINE_FAIL,BASELINE_FAIL,BASELINE_FAIL,BASELINE_FAIL,BASELINE_FAIL,BASELINE_FAIL,BASELINE_FAIL,BASELINE_FAIL,BASELINE_FAIL,BASELINE_FAIL,BASELINE_FAIL,BASELINE_FAIL,BASELINE_FAIL,BASELINE_FAIL,BASELINE_FAIL,BASELINE_FAIL,BASELINE_FAIL,BASELINE_FAIL,BASELINE_FAIL,BASELINE_FAIL,BASELINE_FAIL,BASELINE_FAIL,BASELINE_FAIL,BASELINE_FAIL,BASELINE_FAIL,BASELINE_FAIL,BASELINE_FAIL,BASELINE_FAIL,BASELINE_FAIL,BASELINE_FAIL,BASELINE_FAIL,BASELINE_FAIL,BASELINE_FAIL,BASELINE_FAIL,BASELINE_FAIL,BASELINE_FAIL,BASELINE_FAIL,BASELINE_FAIL,BASELINE_FAIL,BASELINE_FAIL,BASELINE_FAIL,BASELINE_FAIL,BASELINE_FAIL,BASELINE_FAIL,BASELINE_FAIL,BASELINE_FAIL,BASELINE_FAIL,BASELINE_FAIL,BASELINE_FAIL,BASELINE_FAIL,BASELINE_FAIL,BASELINE_FAIL,BASELINE_FAIL,BASELINE_FAIL,BASELINE_FAIL,BASELINE_FAIL,BASELINE_FAIL,BASELINE_FAIL,BASELINE_FAIL
Lang,Lang_1,batch10__Lang_1__containsAny__lang_1f_containsAny_line1515,lang_1f_containsAny__line1515,containsAny,m06,,BASELINE_FAIL,BASELINE_FAIL,False,False,0,0,harness/runs/batch10__Lang_1__containsAny__lang_1f_containsAny_line1515/execution/m06.log,BASELINE_FAIL,BASELINE_FAIL,BASELINE_FAIL,BASELINE_FAIL,BASELINE_FAIL,BASELINE_FAIL,BASELINE_FAIL,BASELINE_FAIL,BASELINE_FAIL,BASELINE_FAIL,BASELINE_FAIL,BASELINE_FAIL,BASELINE_FAIL,BASELINE_FAIL,BASELINE_FAIL,BASELINE_FAIL,BASELINE_FAIL,BASELINE_FAIL,BASELINE_FAIL,BASELINE_FAIL,BASELINE_FAIL,BASELINE_FAIL,BASELINE_FAIL,BASELINE_FAIL,BASELINE_FAIL,BASELINE_FAIL,BASELINE_FAIL,BASELINE_FAIL,BASELINE_FAIL,BASELINE_FAIL,BASELINE_FAIL,BASELINE_FAIL,BASELINE_FAIL,BASELINE_FAIL,BASELINE_FAIL,BASELINE_FAIL,BASELINE_FAIL,BASELINE_FAIL,BASELINE_FAIL,BASELINE_FAIL,BASELINE_FAIL,BASELINE_FAIL,BASELINE_FAIL,BASELINE_FAIL,BASELINE_FAIL,BASELINE_FAIL,BASELINE_FAIL,BASELINE_FAIL,BASELINE_FAIL,BASELINE_FAIL,BASELINE_FAIL,BASELINE_FAIL,BASELINE_FAIL,BASELINE_FAIL,BASELINE_FAIL,BASELINE_FAIL,BASELINE_FAIL,BASELINE_FAIL,BASELINE_FAIL,BASELINE_FAIL,BASELINE_FAIL,BASELINE_FAIL,BASELINE_FAIL,BASELINE_FAIL,BASELINE_FAIL,BASELINE_FAIL,BASELINE_FAIL,BASELINE_FAIL,BASELINE_FAIL,BASELINE_FAIL,BASELINE_FAIL,BASELINE_FAIL,BASELINE_FAIL,BASELINE_FAIL,BASELINE_FAIL,BASELINE_FAIL,BASELINE_FAIL,BASELINE_FAIL,BASELINE_FAIL,BASELINE_FAIL,BASELINE_FAIL,BASELINE_FAIL,BASELINE_FAIL
Lang,Lang_1,batch10__Lang_1__containsAny__lang_1f_containsAny_line1515,lang_1f_containsAny__line1515,containsAny,m07,,BASELINE_FAIL,BASELINE_FAIL,False,False,0,0,harness/runs/batch10__Lang_1__containsAny__lang_1f_containsAny_line1515/execution/m07.log,BASELINE_FAIL,BASELINE_FAIL,BASELINE_FAIL,BASELINE_FAIL,BASELINE_FAIL,BASELINE_FAIL,BASELINE_FAIL,BASELINE_FAIL,BASELINE_FAIL,BASELINE_FAIL,BASELINE_FAIL,BASELINE_FAIL,BASELINE_FAIL,BASELINE_FAIL,BASELINE_FAIL,BASELINE_FAIL,BASELINE_FAIL,BASELINE_FAIL,BASELINE_FAIL,BASELINE_FAIL,BASELINE_FAIL,BASELINE_FAIL,BASELINE_FAIL,BASELINE_FAIL,BASELINE_FAIL,BASELINE_FAIL,BASELINE_FAIL,BASELINE_FAIL,BASELINE_FAIL,BASELINE_FAIL,BASELINE_FAIL,BASELINE_FAIL,BASELINE_FAIL,BASELINE_FAIL,BASELINE_FAIL,BASELINE_FAIL,BASELINE_FAIL,BASELINE_FAIL,BASELINE_FAIL,BASELINE_FAIL,BASELINE_FAIL,BASELINE_FAIL,BASELINE_FAIL,BASELINE_FAIL,BASELINE_FAIL,BASELINE_FAIL,BASELINE_FAIL,BASELINE_FAIL,BASELINE_FAIL,BASELINE_FAIL,BASELINE_FAIL,BASELINE_FAIL,BASELINE_FAIL,BASELINE_FAIL,BASELINE_FAIL,BASELINE_FAIL,BASELINE_FAIL,BASELINE_FAIL,BASELINE_FAIL,BASELINE_FAIL,BASELINE_FAIL,BASELINE_FAIL,BASELINE_FAIL,BASELINE_FAIL,BASELINE_FAIL,BASELINE_FAIL,BASELINE_FAIL,BASELINE_FAIL,BASELINE_FAIL,BASELINE_FAIL,BASELINE_FAIL,BASELINE_FAIL,BASELINE_FAIL,BASELINE_FAIL,BASELINE_FAIL,BASELINE_FAIL,BASELINE_FAIL,BASELINE_FAIL,BASELINE_FAIL,BASELINE_FAIL,BASELINE_FAIL,BASELINE_FAIL,BASELINE_FAIL
Lang,Lang_1,batch10__Lang_1__containsAny__lang_1f_containsAny_line1515,lang_1f_containsAny__line1515,containsAny,m08,,BASELINE_FAIL,BASELINE_FAIL,False,False,0,0,harness/runs/batch10__Lang_1__containsAny__lang_1f_containsAny_line1515/execution/m08.log,BASELINE_FAIL,BASELINE_FAIL,BASELINE_FAIL,BASELINE_FAIL,BASELINE_FAIL,BASELINE_FAIL,BASELINE_FAIL,BASELINE_FAIL,BASELINE_FAIL,BASELINE_FAIL,BASELINE_FAIL,BASELINE_FAIL,BASELINE_FAIL,BASELINE_FAIL,BASELINE_FAIL,BASELINE_FAIL,BASELINE_FAIL,BASELINE_FAIL,BASELINE_FAIL,BASELINE_FAIL,BASELINE_FAIL,BASELINE_FAIL,BASELINE_FAIL,BASELINE_FAIL,BASELINE_FAIL,BASELINE_FAIL,BASELINE_FAIL,BASELINE_FAIL,BASELINE_FAIL,BASELINE_FAIL,BASELINE_FAIL,BASELINE_FAIL,BASELINE_FAIL,BASELINE_FAIL,BASELINE_FAIL,BASELINE_FAIL,BASELINE_FAIL,BASELINE_FAIL,BASELINE_FAIL,BASELINE_FAIL,BASELINE_FAIL,BASELINE_FAIL,BASELINE_FAIL,BASELINE_FAIL,BASELINE_FAIL,BASELINE_FAIL,BASELINE_FAIL,BASELINE_FAIL,BASELINE_FAIL,BASELINE_FAIL,BASELINE_FAIL,BASELINE_FAIL,BASELINE_FAIL,BASELINE_FAIL,BASELINE_FAIL,BASELINE_FAIL,BASELINE_FAIL,BASELINE_FAIL,BASELINE_FAIL,BASELINE_FAIL,BASELINE_FAIL,BASELINE_FAIL,BASELINE_FAIL,BASELINE_FAIL,BASELINE_FAIL,BASELINE_FAIL,BASELINE_FAIL,BASELINE_FAIL,BASELINE_FAIL,BASELINE_FAIL,BASELINE_FAIL,BASELINE_FAIL,BASELINE_FAIL,BASELINE_FAIL,BASELINE_FAIL,BASELINE_FAIL,BASELINE_FAIL,BASELINE_FAIL,BASELINE_FAIL,BASELINE_FAIL,BASELINE_FAIL,BASELINE_FAIL,BASELINE_FAIL
Lang,Lang_1,batch10__Lang_1__containsNone__lang_1f_containsNone_line1771,lang_1f_containsNone__line1771,containsNone,m01,,BASELINE_FAIL,BASELINE_FAIL,False,False,0,0,harness/runs/batch10__Lang_1__containsNone__lang_1f_containsNone_line1771/execution/m01.log,BASELINE_FAIL,BASELINE_FAIL,BASELINE_FAIL,BASELINE_FAIL,BASELINE_FAIL,BASELINE_FAIL,BASELINE_FAIL,BASELINE_FAIL,BASELINE_FAIL,BASELINE_FAIL,BASELINE_FAIL,BASELINE_FAIL,BASELINE_FAIL,BASELINE_FAIL,BASELINE_FAIL,BASELINE_FAIL,BASELINE_FAIL,BASELINE_FAIL,BASELINE_FAIL,BASELINE_FAIL,BASELINE_FAIL,BASELINE_FAIL,BASELINE_FAIL,BASELINE_FAIL,BASELINE_FAIL,BASELINE_FAIL,BASELINE_FAIL,BASELINE_FAIL,BASELINE_FAIL,BASELINE_FAIL,BASELINE_FAIL,BASELINE_FAIL,BASELINE_FAIL,BASELINE_FAIL,BASELINE_FAIL,BASELINE_FAIL,BASELINE_FAIL,BASELINE_FAIL,BASELINE_FAIL,BASELINE_FAIL,BASELINE_FAIL,BASELINE_FAIL,BASELINE_FAIL,BASELINE_FAIL,BASELINE_FAIL,BASELINE_FAIL,BASELINE_FAIL,BASELINE_FAIL,BASELINE_FAIL,BASELINE_FAIL,BASELINE_FAIL,BASELINE_FAIL,BASELINE_FAIL,BASELINE_FAIL,BASELINE_FAIL,BASELINE_FAIL,BASELINE_FAIL,BASELINE_FAIL,BASELINE_FAIL,BASELINE_FAIL,BASELINE_FAIL,BASELINE_FAIL,BASELINE_FAIL,BASELINE_FAIL,BASELINE_FAIL,BASELINE_FAIL,BASELINE_FAIL,BASELINE_FAIL,BASELINE_FAIL,BASELINE_FAIL,BASELINE_FAIL,BASELINE_FAIL,BASELINE_FAIL,BASELINE_FAIL,BASELINE_FAIL,BASELINE_FAIL,BASELINE_FAIL,BASELINE_FAIL,BASELINE_FAIL,BASELINE_FAIL,BASELINE_FAIL,BASELINE_FAIL,BASELINE_FAIL
Lang,Lang_1,batch10__Lang_1__containsNone__lang_1f_containsNone_line1771,lang_1f_containsNone__line1771,containsNone,m02,,BASELINE_FAIL,BASELINE_FAIL,False,False,0,0,harness/runs/batch10__Lang_1__containsNone__lang_1f_containsNone_line1771/execution/m02.log,BASELINE_FAIL,BASELINE_FAIL,BASELINE_FAIL,BASELINE_FAIL,BASELINE_FAIL,BASELINE_FAIL,BASELINE_FAIL,BASELINE_FAIL,BASELINE_FAIL,BASELINE_FAIL,BASELINE_FAIL,BASELINE_FAIL,BASELINE_FAIL,BASELINE_FAIL,BASELINE_FAIL,BASELINE_FAIL,BASELINE_FAIL,BASELINE_FAIL,BASELINE_FAIL,BASELINE_FAIL,BASELINE_FAIL,BASELINE_FAIL,BASELINE_FAIL,BASELINE_FAIL,BASELINE_FAIL,BASELINE_FAIL,BASELINE_FAIL,BASELINE_FAIL,BASELINE_FAIL,BASELINE_FAIL,BASELINE_FAIL,BASELINE_FAIL,BASELINE_FAIL,BASELINE_FAIL,BASELINE_FAIL,BASELINE_FAIL,BASELINE_FAIL,BASELINE_FAIL,BASELINE_FAIL,BASELINE_FAIL,BASELINE_FAIL,BASELINE_FAIL,BASELINE_FAIL,BASELINE_FAIL,BASELINE_FAIL,BASELINE_FAIL,BASELINE_FAIL,BASELINE_FAIL,BASELINE_FAIL,BASELINE_FAIL,BASELINE_FAIL,BASELINE_FAIL,BASELINE_FAIL,BASELINE_FAIL,BASELINE_FAIL,BASELINE_FAIL,BASELINE_FAIL,BASELINE_FAIL,BASELINE_FAIL,BASELINE_FAIL,BASELINE_FAIL,BASELINE_FAIL,BASELINE_FAIL,BASELINE_FAIL,BASELINE_FAIL,BASELINE_FAIL,BASELINE_FAIL,BASELINE_FAIL,BASELINE_FAIL,BASELINE_FAIL,BASELINE_FAIL,BASELINE_FAIL,BASELINE_FAIL,BASELINE_FAIL,BASELINE_FAIL,BASELINE_FAIL,BASELINE_FAIL,BASELINE_FAIL,BASELINE_FAIL,BASELINE_FAIL,BASELINE_FAIL,BASELINE_FAIL,BASELINE_FAIL
Lang,Lang_1,batch10__Lang_1__containsNone__lang_1f_containsNone_line1771,lang_1f_containsNone__line1771,containsNone,m04,,BASELINE_FAIL,BASELINE_FAIL,False,False,0,0,harness/runs/batch10__Lang_1__containsNone__lang_1f_containsNone_line1771/execution/m04.log,BASELINE_FAIL,BASELINE_FAIL,BASELINE_FAIL,BASELINE_FAIL,BASELINE_FAIL,BASELINE_FAIL,BASELINE_FAIL,BASELINE_FAIL,BASELINE_FAIL,BASELINE_FAIL,BASELINE_FAIL,BASELINE_FAIL,BASELINE_FAIL,BASELINE_FAIL,BASELINE_FAIL,BASELINE_FAIL,BASELINE_FAIL,BASELINE_FAIL,BASELINE_FAIL,BASELINE_FAIL,BASELINE_FAIL,BASELINE_FAIL,BASELINE_FAIL,BASELINE_FAIL,BASELINE_FAIL,BASELINE_FAIL,BASELINE_FAIL,BASELINE_FAIL,BASELINE_FAIL,BASELINE_FAIL,BASELINE_FAIL,BASELINE_FAIL,BASELINE_FAIL,BASELINE_FAIL,BASELINE_FAIL,BASELINE_FAIL,BASELINE_FAIL,BASELINE_FAIL,BASELINE_FAIL,BASELINE_FAIL,BASELINE_FAIL,BASELINE_FAIL,BASELINE_FAIL,BASELINE_FAIL,BASELINE_FAIL,BASELINE_FAIL,BASELINE_FAIL,BASELINE_FAIL,BASELINE_FAIL,BASELINE_FAIL,BASELINE_FAIL,BASELINE_FAIL,BASELINE_FAIL,BASELINE_FAIL,BASELINE_FAIL,BASELINE_FAIL,BASELINE_FAIL,BASELINE_FAIL,BASELINE_FAIL,BASELINE_FAIL,BASELINE_FAIL,BASELINE_FAIL,BASELINE_FAIL,BASELINE_FAIL,BASELINE_FAIL,BASELINE_FAIL,BASELINE_FAIL,BASELINE_FAIL,BASELINE_FAIL,BASELINE_FAIL,BASELINE_FAIL,BASELINE_FAIL,BASELINE_FAIL,BASELINE_FAIL,BASELINE_FAIL,BASELINE_FAIL,BASELINE_FAIL,BASELINE_FAIL,BASELINE_FAIL,BASELINE_FAIL,BASELINE_FAIL,BASELINE_FAIL,BASELINE_FAIL
Lang,Lang_1,batch10__Lang_1__containsNone__lang_1f_containsNone_line1771,lang_1f_containsNone__line1771,containsNone,m05,,BASELINE_FAIL,BASELINE_FAIL,False,False,0,0,harness/runs/batch10__Lang_1__containsNone__lang_1f_containsNone_line1771/execution/m05.log,BASELINE_FAIL,BASELINE_FAIL,BASELINE_FAIL,BASELINE_FAIL,BASELINE_FAIL,BASELINE_FAIL,BASELINE_FAIL,BASELINE_FAIL,BASELINE_FAIL,BASELINE_FAIL,BASELINE_FAIL,BASELINE_FAIL,BASELINE_FAIL,BASELINE_FAIL,BASELINE_FAIL,BASELINE_FAIL,BASELINE_FAIL,BASELINE_FAIL,BASELINE_FAIL,BASELINE_FAIL,BASELINE_FAIL,BASELINE_FAIL,BASELINE_FAIL,BASELINE_FAIL,BASELINE_FAIL,BASELINE_FAIL,BASELINE_FAIL,BASELINE_FAIL,BASELINE_FAIL,BASELINE_FAIL,BASELINE_FAIL,BASELINE_FAIL,BASELINE_FAIL,BASELINE_FAIL,BASELINE_FAIL,BASELINE_FAIL,BASELINE_FAIL,BASELINE_FAIL,BASELINE_FAIL,BASELINE_FAIL,BASELINE_FAIL,BASELINE_FAIL,BASELINE_FAIL,BASELINE_FAIL,BASELINE_FAIL,BASELINE_FAIL,BASELINE_FAIL,BASELINE_FAIL,BASELINE_FAIL,BASELINE_FAIL,BASELINE_FAIL,BASELINE_FAIL,BASELINE_FAIL,BASELINE_FAIL,BASELINE_FAIL,BASELINE_FAIL,BASELINE_FAIL,BASELINE_FAIL,BASELINE_FAIL,BASELINE_FAIL,BASELINE_FAIL,BASELINE_FAIL,BASELINE_FAIL,BASELINE_FAIL,BASELINE_FAIL,BASELINE_FAIL,BASELINE_FAIL,BASELINE_FAIL,BASELINE_FAIL,BASELINE_FAIL,BASELINE_FAIL,BASELINE_FAIL,BASELINE_FAIL,BASELINE_FAIL,BASELINE_FAIL,BASELINE_FAIL,BASELINE_FAIL,BASELINE_FAIL,BASELINE_FAIL,BASELINE_FAIL,BASELINE_FAIL,BASELINE_FAIL,BASELINE_FAIL
Lang,Lang_1,batch10__Lang_1__containsNone__lang_1f_containsNone_line1771,lang_1f_containsNone__line1771,containsNone,m06,,BASELINE_FAIL,BASELINE_FAIL,False,False,0,0,harness/runs/batch10__Lang_1__containsNone__lang_1f_containsNone_line1771/execution/m06.log,BASELINE_FAIL,BASELINE_FAIL,BASELINE_FAIL,BASELINE_FAIL,BASELINE_FAIL,BASELINE_FAIL,BASELINE_FAIL,BASELINE_FAIL,BASELINE_FAIL,BASELINE_FAIL,BASELINE_FAIL,BASELINE_FAIL,BASELINE_FAIL,BASELINE_FAIL,BASELINE_FAIL,BASELINE_FAIL,BASELINE_FAIL,BASELINE_FAIL,BASELINE_FAIL,BASELINE_FAIL,BASELINE_FAIL,BASELINE_FAIL,BASELINE_FAIL,BASELINE_FAIL,BASELINE_FAIL,BASELINE_FAIL,BASELINE_FAIL,BASELINE_FAIL,BASELINE_FAIL,BASELINE_FAIL,BASELINE_FAIL,BASELINE_FAIL,BASELINE_FAIL,BASELINE_FAIL,BASELINE_FAIL,BASELINE_FAIL,BASELINE_FAIL,BASELINE_FAIL,BASELINE_FAIL,BASELINE_FAIL,BASELINE_FAIL,BASELINE_FAIL,BASELINE_FAIL,BASELINE_FAIL,BASELINE_FAIL,BASELINE_FAIL,BASELINE_FAIL,BASELINE_FAIL,BASELINE_FAIL,BASELINE_FAIL,BASELINE_FAIL,BASELINE_FAIL,BASELINE_FAIL,BASELINE_FAIL,BASELINE_FAIL,BASELINE_FAIL,BASELINE_FAIL,BASELINE_FAIL,BASELINE_FAIL,BASELINE_FAIL,BASELINE_FAIL,BASELINE_FAIL,BASELINE_FAIL,BASELINE_FAIL,BASELINE_FAIL,BASELINE_FAIL,BASELINE_FAIL,BASELINE_FAIL,BASELINE_FAIL,BASELINE_FAIL,BASELINE_FAIL,BASELINE_FAIL,BASELINE_FAIL,BASELINE_FAIL,BASELINE_FAIL,BASELINE_FAIL,BASELINE_FAIL,BASELINE_FAIL,BASELINE_FAIL,BASELINE_FAIL,BASELINE_FAIL,BASELINE_FAIL,BASELINE_FAIL
Lang,Lang_1,batch10__Lang_1__containsNone__lang_1f_containsNone_line1771,lang_1f_containsNone__line1771,containsNone,m08,,BASELINE_FAIL,BASELINE_FAIL,False,False,0,0,harness/runs/batch10__Lang_1__containsNone__lang_1f_containsNone_line1771/execution/m08.log,BASELINE_FAIL,BASELINE_FAIL,BASELINE_FAIL,BASELINE_FAIL,BASELINE_FAIL,BASELINE_FAIL,BASELINE_FAIL,BASELINE_FAIL,BASELINE_FAIL,BASELINE_FAIL,BASELINE_FAIL,BASELINE_FAIL,BASELINE_FAIL,BASELINE_FAIL,BASELINE_FAIL,BASELINE_FAIL,BASELINE_FAIL,BASELINE_FAIL,BASELINE_FAIL,BASELINE_FAIL,BASELINE_FAIL,BASELINE_FAIL,BASELINE_FAIL,BASELINE_FAIL,BASELINE_FAIL,BASELINE_FAIL,BASELINE_FAIL,BASELINE_FAIL,BASELINE_FAIL,BASELINE_FAIL,BASELINE_FAIL,BASELINE_FAIL,BASELINE_FAIL,BASELINE_FAIL,BASELINE_FAIL,BASELINE_FAIL,BASELINE_FAIL,BASELINE_FAIL,BASELINE_FAIL,BASELINE_FAIL,BASELINE_FAIL,BASELINE_FAIL,BASELINE_FAIL,BASELINE_FAIL,BASELINE_FAIL,BASELINE_FAIL,BASELINE_FAIL,BASELINE_FAIL,BASELINE_FAIL,BASELINE_FAIL,BASELINE_FAIL,BASELINE_FAIL,BASELINE_FAIL,BASELINE_FAIL,BASELINE_FAIL,BASELINE_FAIL,BASELINE_FAIL,BASELINE_FAIL,BASELINE_FAIL,BASELINE_FAIL,BASELINE_FAIL,BASELINE_FAIL,BASELINE_FAIL,BASELINE_FAIL,BASELINE_FAIL,BASELINE_FAIL,BASELINE_FAIL,BASELINE_FAIL,BASELINE_FAIL,BASELINE_FAIL,BASELINE_FAIL,BASELINE_FAIL,BASELINE_FAIL,BASELINE_FAIL,BASELINE_FAIL,BASELINE_FAIL,BASELINE_FAIL,BASELINE_FAIL,BASELINE_FAIL,BASELINE_FAIL,BASELINE_FAIL,BASELINE_FAIL,BASELINE_FAIL
Lang,Lang_1,batch10__Lang_1__createBigInteger__lang_1f_createBigInteger_line723,lang_1f_createBigInteger__line723,createBigInteger,m01,,BASELINE_FAIL,BASELINE_FAIL,False,False,0,0,harness/runs/batch10__Lang_1__createBigInteger__lang_1f_createBigInteger_line723/execution/m01.log,BASELINE_FAIL,BASELINE_FAIL,BASELINE_FAIL,BASELINE_FAIL,BASELINE_FAIL,BASELINE_FAIL,BASELINE_FAIL,BASELINE_FAIL,BASELINE_FAIL,BASELINE_FAIL,BASELINE_FAIL,BASELINE_FAIL,BASELINE_FAIL,BASELINE_FAIL,BASELINE_FAIL,BASELINE_FAIL,BASELINE_FAIL,BASELINE_FAIL,BASELINE_FAIL,BASELINE_FAIL,BASELINE_FAIL,BASELINE_FAIL,BASELINE_FAIL,BASELINE_FAIL,BASELINE_FAIL,BASELINE_FAIL,BASELINE_FAIL,BASELINE_FAIL,BASELINE_FAIL,BASELINE_FAIL,BASELINE_FAIL,BASELINE_FAIL,BASELINE_FAIL,BASELINE_FAIL,BASELINE_FAIL,BASELINE_FAIL,BASELINE_FAIL,BASELINE_FAIL,BASELINE_FAIL,BASELINE_FAIL,BASELINE_FAIL,BASELINE_FAIL,BASELINE_FAIL,BASELINE_FAIL,BASELINE_FAIL,BASELINE_FAIL,BASELINE_FAIL,BASELINE_FAIL,BASELINE_FAIL,BASELINE_FAIL,BASELINE_FAIL,BASELINE_FAIL,BASELINE_FAIL,BASELINE_FAIL,BASELINE_FAIL,BASELINE_FAIL,BASELINE_FAIL,BASELINE_FAIL,BASELINE_FAIL,BASELINE_FAIL,BASELINE_FAIL,BASELINE_FAIL,BASELINE_FAIL,BASELINE_FAIL,BASELINE_FAIL,BASELINE_FAIL,BASELINE_FAIL,BASELINE_FAIL,BASELINE_FAIL,BASELINE_FAIL,BASELINE_FAIL,BASELINE_FAIL,BASELINE_FAIL,BASELINE_FAIL,BASELINE_FAIL,BASELINE_FAIL,BASELINE_FAIL,BASELINE_FAIL,BASELINE_FAIL,BASELINE_FAIL,BASELINE_FAIL,BASELINE_FAIL,BASELINE_FAIL
Lang,Lang_1,batch10__Lang_1__createBigInteger__lang_1f_createBigInteger_line723,lang_1f_createBigInteger__line723,createBigInteger,m02,,BASELINE_FAIL,BASELINE_FAIL,False,False,0,0,harness/runs/batch10__Lang_1__createBigInteger__lang_1f_createBigInteger_line723/execution/m02.log,BASELINE_FAIL,BASELINE_FAIL,BASELINE_FAIL,BASELINE_FAIL,BASELINE_FAIL,BASELINE_FAIL,BASELINE_FAIL,BASELINE_FAIL,BASELINE_FAIL,BASELINE_FAIL,BASELINE_FAIL,BASELINE_FAIL,BASELINE_FAIL,BASELINE_FAIL,BASELINE_FAIL,BASELINE_FAIL,BASELINE_FAIL,BASELINE_FAIL,BASELINE_FAIL,BASELINE_FAIL,BASELINE_FAIL,BASELINE_FAIL,BASELINE_FAIL,BASELINE_FAIL,BASELINE_FAIL,BASELINE_FAIL,BASELINE_FAIL,BASELINE_FAIL,BASELINE_FAIL,BASELINE_FAIL,BASELINE_FAIL,BASELINE_FAIL,BASELINE_FAIL,BASELINE_FAIL,BASELINE_FAIL,BASELINE_FAIL,BASELINE_FAIL,BASELINE_FAIL,BASELINE_FAIL,BASELINE_FAIL,BASELINE_FAIL,BASELINE_FAIL,BASELINE_FAIL,BASELINE_FAIL,BASELINE_FAIL,BASELINE_FAIL,BASELINE_FAIL,BASELINE_FAIL,BASELINE_FAIL,BASELINE_FAIL,BASELINE_FAIL,BASELINE_FAIL,BASELINE_FAIL,BASELINE_FAIL,BASELINE_FAIL,BASELINE_FAIL,BASELINE_FAIL,BASELINE_FAIL,BASELINE_FAIL,BASELINE_FAIL,BASELINE_FAIL,BASELINE_FAIL,BASELINE_FAIL,BASELINE_FAIL,BASELINE_FAIL,BASELINE_FAIL,BASELINE_FAIL,BASELINE_FAIL,BASELINE_FAIL,BASELINE_FAIL,BASELINE_FAIL,BASELINE_FAIL,BASELINE_FAIL,BASELINE_FAIL,BASELINE_FAIL,BASELINE_FAIL,BASELINE_FAIL,BASELINE_FAIL,BASELINE_FAIL,BASELINE_FAIL,BASELINE_FAIL,BASELINE_FAIL,BASELINE_FAIL
Lang,Lang_1,batch10__Lang_1__createBigInteger__lang_1f_createBigInteger_line723,lang_1f_createBigInteger__line723,createBigInteger,m03,,BASELINE_FAIL,BASELINE_FAIL,False,False,0,0,harness/runs/batch10__Lang_1__createBigInteger__lang_1f_createBigInteger_line723/execution/m03.log,BASELINE_FAIL,BASELINE_FAIL,BASELINE_FAIL,BASELINE_FAIL,BASELINE_FAIL,BASELINE_FAIL,BASELINE_FAIL,BASELINE_FAIL,BASELINE_FAIL,BASELINE_FAIL,BASELINE_FAIL,BASELINE_FAIL,BASELINE_FAIL,BASELINE_FAIL,BASELINE_FAIL,BASELINE_FAIL,BASELINE_FAIL,BASELINE_FAIL,BASELINE_FAIL,BASELINE_FAIL,BASELINE_FAIL,BASELINE_FAIL,BASELINE_FAIL,BASELINE_FAIL,BASELINE_FAIL,BASELINE_FAIL,BASELINE_FAIL,BASELINE_FAIL,BASELINE_FAIL,BASELINE_FAIL,BASELINE_FAIL,BASELINE_FAIL,BASELINE_FAIL,BASELINE_FAIL,BASELINE_FAIL,BASELINE_FAIL,BASELINE_FAIL,BASELINE_FAIL,BASELINE_FAIL,BASELINE_FAIL,BASELINE_FAIL,BASELINE_FAIL,BASELINE_FAIL,BASELINE_FAIL,BASELINE_FAIL,BASELINE_FAIL,BASELINE_FAIL,BASELINE_FAIL,BASELINE_FAIL,BASELINE_FAIL,BASELINE_FAIL,BASELINE_FAIL,BASELINE_FAIL,BASELINE_FAIL,BASELINE_FAIL,BASELINE_FAIL,BASELINE_FAIL,BASELINE_FAIL,BASELINE_FAIL,BASELINE_FAIL,BASELINE_FAIL,BASELINE_FAIL,BASELINE_FAIL,BASELINE_FAIL,BASELINE_FAIL,BASELINE_FAIL,BASELINE_FAIL,BASELINE_FAIL,BASELINE_FAIL,BASELINE_FAIL,BASELINE_FAIL,BASELINE_FAIL,BASELINE_FAIL,BASELINE_FAIL,BASELINE_FAIL,BASELINE_FAIL,BASELINE_FAIL,BASELINE_FAIL,BASELINE_FAIL,BASELINE_FAIL,BASELINE_FAIL,BASELINE_FAIL,BASELINE_FAIL
Lang,Lang_1,batch10__Lang_1__createBigInteger__lang_1f_createBigInteger_line723,lang_1f_createBigInteger__line723,createBigInteger,m04,,BASELINE_FAIL,BASELINE_FAIL,False,False,0,0,harness/runs/batch10__Lang_1__createBigInteger__lang_1f_createBigInteger_line723/execution/m04.log,BASELINE_FAIL,BASELINE_FAIL,BASELINE_FAIL,BASELINE_FAIL,BASELINE_FAIL,BASELINE_FAIL,BASELINE_FAIL,BASELINE_FAIL,BASELINE_FAIL,BASELINE_FAIL,BASELINE_FAIL,BASELINE_FAIL,BASELINE_FAIL,BASELINE_FAIL,BASELINE_FAIL,BASELINE_FAIL,BASELINE_FAIL,BASELINE_FAIL,BASELINE_FAIL,BASELINE_FAIL,BASELINE_FAIL,BASELINE_FAIL,BASELINE_FAIL,BASELINE_FAIL,BASELINE_FAIL,BASELINE_FAIL,BASELINE_FAIL,BASELINE_FAIL,BASELINE_FAIL,BASELINE_FAIL,BASELINE_FAIL,BASELINE_FAIL,BASELINE_FAIL,BASELINE_FAIL,BASELINE_FAIL,BASELINE_FAIL,BASELINE_FAIL,BASELINE_FAIL,BASELINE_FAIL,BASELINE_FAIL,BASELINE_FAIL,BASELINE_FAIL,BASELINE_FAIL,BASELINE_FAIL,BASELINE_FAIL,BASELINE_FAIL,BASELINE_FAIL,BASELINE_FAIL,BASELINE_FAIL,BASELINE_FAIL,BASELINE_FAIL,BASELINE_FAIL,BASELINE_FAIL,BASELINE_FAIL,BASELINE_FAIL,BASELINE_FAIL,BASELINE_FAIL,BASELINE_FAIL,BASELINE_FAIL,BASELINE_FAIL,BASELINE_FAIL,BASELINE_FAIL,BASELINE_FAIL,BASELINE_FAIL,BASELINE_FAIL,BASELINE_FAIL,BASELINE_FAIL,BASELINE_FAIL,BASELINE_FAIL,BASELINE_FAIL,BASELINE_FAIL,BASELINE_FAIL,BASELINE_FAIL,BASELINE_FAIL,BASELINE_FAIL,BASELINE_FAIL,BASELINE_FAIL,BASELINE_FAIL,BASELINE_FAIL,BASELINE_FAIL,BASELINE_FAIL,BASELINE_FAIL,BASELINE_FAIL
Lang,Lang_1,batch10__Lang_1__createBigInteger__lang_1f_createBigInteger_line723,lang_1f_createBigInteger__line723,createBigInteger,m07,,BASELINE_FAIL,BASELINE_FAIL,False,False,0,0,harness/runs/batch10__Lang_1__createBigInteger__lang_1f_createBigInteger_line723/execution/m07.log,BASELINE_FAIL,BASELINE_FAIL,BASELINE_FAIL,BASELINE_FAIL,BASELINE_FAIL,BASELINE_FAIL,BASELINE_FAIL,BASELINE_FAIL,BASELINE_FAIL,BASELINE_FAIL,BASELINE_FAIL,BASELINE_FAIL,BASELINE_FAIL,BASELINE_FAIL,BASELINE_FAIL,BASELINE_FAIL,BASELINE_FAIL,BASELINE_FAIL,BASELINE_FAIL,BASELINE_FAIL,BASELINE_FAIL,BASELINE_FAIL,BASELINE_FAIL,BASELINE_FAIL,BASELINE_FAIL,BASELINE_FAIL,BASELINE_FAIL,BASELINE_FAIL,BASELINE_FAIL,BASELINE_FAIL,BASELINE_FAIL,BASELINE_FAIL,BASELINE_FAIL,BASELINE_FAIL,BASELINE_FAIL,BASELINE_FAIL,BASELINE_FAIL,BASELINE_FAIL,BASELINE_FAIL,BASELINE_FAIL,BASELINE_FAIL,BASELINE_FAIL,BASELINE_FAIL,BASELINE_FAIL,BASELINE_FAIL,BASELINE_FAIL,BASELINE_FAIL,BASELINE_FAIL,BASELINE_FAIL,BASELINE_FAIL,BASELINE_FAIL,BASELINE_FAIL,BASELINE_FAIL,BASELINE_FAIL,BASELINE_FAIL,BASELINE_FAIL,BASELINE_FAIL,BASELINE_FAIL,BASELINE_FAIL,BASELINE_FAIL,BASELINE_FAIL,BASELINE_FAIL,BASELINE_FAIL,BASELINE_FAIL,BASELINE_FAIL,BASELINE_FAIL,BASELINE_FAIL,BASELINE_FAIL,BASELINE_FAIL,BASELINE_FAIL,BASELINE_FAIL,BASELINE_FAIL,BASELINE_FAIL,BASELINE_FAIL,BASELINE_FAIL,BASELINE_FAIL,BASELINE_FAIL,BASELINE_FAIL,BASELINE_FAIL,BASELINE_FAIL,BASELINE_FAIL,BASELINE_FAIL,BASELINE_FAIL
Lang,Lang_1,batch10__Lang_1__createBigInteger__lang_1f_createBigInteger_line723,lang_1f_createBigInteger__line723,createBigInteger,m08,,BASELINE_FAIL,BASELINE_FAIL,False,False,0,0,harness/runs/batch10__Lang_1__createBigInteger__lang_1f_createBigInteger_line723/execution/m08.log,BASELINE_FAIL,BASELINE_FAIL,BASELINE_FAIL,BASELINE_FAIL,BASELINE_FAIL,BASELINE_FAIL,BASELINE_FAIL,BASELINE_FAIL,BASELINE_FAIL,BASELINE_FAIL,BASELINE_FAIL,BASELINE_FAIL,BASELINE_FAIL,BASELINE_FAIL,BASELINE_FAIL,BASELINE_FAIL,BASELINE_FAIL,BASELINE_FAIL,BASELINE_FAIL,BASELINE_FAIL,BASELINE_FAIL,BASELINE_FAIL,BASELINE_FAIL,BASELINE_FAIL,BASELINE_FAIL,BASELINE_FAIL,BASELINE_FAIL,BASELINE_FAIL,BASELINE_FAIL,BASELINE_FAIL,BASELINE_FAIL,BASELINE_FAIL,BASELINE_FAIL,BASELINE_FAIL,BASELINE_FAIL,BASELINE_FAIL,BASELINE_FAIL,BASELINE_FAIL,BASELINE_FAIL,BASELINE_FAIL,BASELINE_FAIL,BASELINE_FAIL,BASELINE_FAIL,BASELINE_FAIL,BASELINE_FAIL,BASELINE_FAIL,BASELINE_FAIL,BASELINE_FAIL,BASELINE_FAIL,BASELINE_FAIL,BASELINE_FAIL,BASELINE_FAIL,BASELINE_FAIL,BASELINE_FAIL,BASELINE_FAIL,BASELINE_FAIL,BASELINE_FAIL,BASELINE_FAIL,BASELINE_FAIL,BASELINE_FAIL,BASELINE_FAIL,BASELINE_FAIL,BASELINE_FAIL,BASELINE_FAIL,BASELINE_FAIL,BASELINE_FAIL,BASELINE_FAIL,BASELINE_FAIL,BASELINE_FAIL,BASELINE_FAIL,BASELINE_FAIL,BASELINE_FAIL,BASELINE_FAIL,BASELINE_FAIL,BASELINE_FAIL,BASELINE_FAIL,BASELINE_FAIL,BASELINE_FAIL,BASELINE_FAIL,BASELINE_FAIL,BASELINE_FAIL,BASELINE_FAIL,BASELINE_FAIL
Lang,Lang_1,batch10__Lang_1__equals__lang_1f_equals_line122,lang_1f_equals__line122,equals,m01,,BASELINE_FAIL,BASELINE_FAIL,False,False,0,0,harness/runs/batch10__Lang_1__equals__lang_1f_equals_line122/execution/m01.log,BASELINE_FAIL,BASELINE_FAIL,BASELINE_FAIL,BASELINE_FAIL,BASELINE_FAIL,BASELINE_FAIL,BASELINE_FAIL,BASELINE_FAIL,BASELINE_FAIL,BASELINE_FAIL,BASELINE_FAIL,BASELINE_FAIL,BASELINE_FAIL,BASELINE_FAIL,BASELINE_FAIL,BASELINE_FAIL,BASELINE_FAIL,BASELINE_FAIL,BASELINE_FAIL,BASELINE_FAIL,BASELINE_FAIL,BASELINE_FAIL,BASELINE_FAIL,BASELINE_FAIL,BASELINE_FAIL,BASELINE_FAIL,BASELINE_FAIL,BASELINE_FAIL,BASELINE_FAIL,BASELINE_FAIL,BASELINE_FAIL,BASELINE_FAIL,BASELINE_FAIL,BASELINE_FAIL,BASELINE_FAIL,BASELINE_FAIL,BASELINE_FAIL,BASELINE_FAIL,BASELINE_FAIL,BASELINE_FAIL,BASELINE_FAIL,BASELINE_FAIL,BASELINE_FAIL,BASELINE_FAIL,BASELINE_FAIL,BASELINE_FAIL,BASELINE_FAIL,BASELINE_FAIL,BASELINE_FAIL,BASELINE_FAIL,BASELINE_FAIL,BASELINE_FAIL,BASELINE_FAIL,BASELINE_FAIL,BASELINE_FAIL,BASELINE_FAIL,BASELINE_FAIL,BASELINE_FAIL,BASELINE_FAIL,BASELINE_FAIL,BASELINE_FAIL,BASELINE_FAIL,BASELINE_FAIL,BASELINE_FAIL,BASELINE_FAIL,BASELINE_FAIL,BASELINE_FAIL,BASELINE_FAIL,BASELINE_FAIL,BASELINE_FAIL,BASELINE_FAIL,BASELINE_FAIL,BASELINE_FAIL,BASELINE_FAIL,BASELINE_FAIL,BASELINE_FAIL,BASELINE_FAIL,BASELINE_FAIL,BASELINE_FAIL,BASELINE_FAIL,BASELINE_FAIL,BASELINE_FAIL,BASELINE_FAIL
Lang,Lang_1,batch10__Lang_1__equals__lang_1f_equals_line122,lang_1f_equals__line122,equals,m02,,BASELINE_FAIL,BASELINE_FAIL,False,False,0,0,harness/runs/batch10__Lang_1__equals__lang_1f_equals_line122/execution/m02.log,BASELINE_FAIL,BASELINE_FAIL,BASELINE_FAIL,BASELINE_FAIL,BASELINE_FAIL,BASELINE_FAIL,BASELINE_FAIL,BASELINE_FAIL,BASELINE_FAIL,BASELINE_FAIL,BASELINE_FAIL,BASELINE_FAIL,BASELINE_FAIL,BASELINE_FAIL,BASELINE_FAIL,BASELINE_FAIL,BASELINE_FAIL,BASELINE_FAIL,BASELINE_FAIL,BASELINE_FAIL,BASELINE_FAIL,BASELINE_FAIL,BASELINE_FAIL,BASELINE_FAIL,BASELINE_FAIL,BASELINE_FAIL,BASELINE_FAIL,BASELINE_FAIL,BASELINE_FAIL,BASELINE_FAIL,BASELINE_FAIL,BASELINE_FAIL,BASELINE_FAIL,BASELINE_FAIL,BASELINE_FAIL,BASELINE_FAIL,BASELINE_FAIL,BASELINE_FAIL,BASELINE_FAIL,BASELINE_FAIL,BASELINE_FAIL,BASELINE_FAIL,BASELINE_FAIL,BASELINE_FAIL,BASELINE_FAIL,BASELINE_FAIL,BASELINE_FAIL,BASELINE_FAIL,BASELINE_FAIL,BASELINE_FAIL,BASELINE_FAIL,BASELINE_FAIL,BASELINE_FAIL,BASELINE_FAIL,BASELINE_FAIL,BASELINE_FAIL,BASELINE_FAIL,BASELINE_FAIL,BASELINE_FAIL,BASELINE_FAIL,BASELINE_FAIL,BASELINE_FAIL,BASELINE_FAIL,BASELINE_FAIL,BASELINE_FAIL,BASELINE_FAIL,BASELINE_FAIL,BASELINE_FAIL,BASELINE_FAIL,BASELINE_FAIL,BASELINE_FAIL,BASELINE_FAIL,BASELINE_FAIL,BASELINE_FAIL,BASELINE_FAIL,BASELINE_FAIL,BASELINE_FAIL,BASELINE_FAIL,BASELINE_FAIL,BASELINE_FAIL,BASELINE_FAIL,BASELINE_FAIL,BASELINE_FAIL
Lang,Lang_1,batch10__Lang_1__equals__lang_1f_equals_line122,lang_1f_equals__line122,equals,m04,,BASELINE_FAIL,BASELINE_FAIL,False,False,0,0,harness/runs/batch10__Lang_1__equals__lang_1f_equals_line122/execution/m04.log,BASELINE_FAIL,BASELINE_FAIL,BASELINE_FAIL,BASELINE_FAIL,BASELINE_FAIL,BASELINE_FAIL,BASELINE_FAIL,BASELINE_FAIL,BASELINE_FAIL,BASELINE_FAIL,BASELINE_FAIL,BASELINE_FAIL,BASELINE_FAIL,BASELINE_FAIL,BASELINE_FAIL,BASELINE_FAIL,BASELINE_FAIL,BASELINE_FAIL,BASELINE_FAIL,BASELINE_FAIL,BASELINE_FAIL,BASELINE_FAIL,BASELINE_FAIL,BASELINE_FAIL,BASELINE_FAIL,BASELINE_FAIL,BASELINE_FAIL,BASELINE_FAIL,BASELINE_FAIL,BASELINE_FAIL,BASELINE_FAIL,BASELINE_FAIL,BASELINE_FAIL,BASELINE_FAIL,BASELINE_FAIL,BASELINE_FAIL,BASELINE_FAIL,BASELINE_FAIL,BASELINE_FAIL,BASELINE_FAIL,BASELINE_FAIL,BASELINE_FAIL,BASELINE_FAIL,BASELINE_FAIL,BASELINE_FAIL,BASELINE_FAIL,BASELINE_FAIL,BASELINE_FAIL,BASELINE_FAIL,BASELINE_FAIL,BASELINE_FAIL,BASELINE_FAIL,BASELINE_FAIL,BASELINE_FAIL,BASELINE_FAIL,BASELINE_FAIL,BASELINE_FAIL,BASELINE_FAIL,BASELINE_FAIL,BASELINE_FAIL,BASELINE_FAIL,BASELINE_FAIL,BASELINE_FAIL,BASELINE_FAIL,BASELINE_FAIL,BASELINE_FAIL,BASELINE_FAIL,BASELINE_FAIL,BASELINE_FAIL,BASELINE_FAIL,BASELINE_FAIL,BASELINE_FAIL,BASELINE_FAIL,BASELINE_FAIL,BASELINE_FAIL,BASELINE_FAIL,BASELINE_FAIL,BASELINE_FAIL,BASELINE_FAIL,BASELINE_FAIL,BASELINE_FAIL,BASELINE_FAIL,BASELINE_FAIL
Lang,Lang_1,batch10__Lang_1__equals__lang_1f_equals_line122,lang_1f_equals__line122,equals,m06,,BASELINE_FAIL,BASELINE_FAIL,False,False,0,0,harness/runs/batch10__Lang_1__equals__lang_1f_equals_line122/execution/m06.log,BASELINE_FAIL,BASELINE_FAIL,BASELINE_FAIL,BASELINE_FAIL,BASELINE_FAIL,BASELINE_FAIL,BASELINE_FAIL,BASELINE_FAIL,BASELINE_FAIL,BASELINE_FAIL,BASELINE_FAIL,BASELINE_FAIL,BASELINE_FAIL,BASELINE_FAIL,BASELINE_FAIL,BASELINE_FAIL,BASELINE_FAIL,BASELINE_FAIL,BASELINE_FAIL,BASELINE_FAIL,BASELINE_FAIL,BASELINE_FAIL,BASELINE_FAIL,BASELINE_FAIL,BASELINE_FAIL,BASELINE_FAIL,BASELINE_FAIL,BASELINE_FAIL,BASELINE_FAIL,BASELINE_FAIL,BASELINE_FAIL,BASELINE_FAIL,BASELINE_FAIL,BASELINE_FAIL,BASELINE_FAIL,BASELINE_FAIL,BASELINE_FAIL,BASELINE_FAIL,BASELINE_FAIL,BASELINE_FAIL,BASELINE_FAIL,BASELINE_FAIL,BASELINE_FAIL,BASELINE_FAIL,BASELINE_FAIL,BASELINE_FAIL,BASELINE_FAIL,BASELINE_FAIL,BASELINE_FAIL,BASELINE_FAIL,BASELINE_FAIL,BASELINE_FAIL,BASELINE_FAIL,BASELINE_FAIL,BASELINE_FAIL,BASELINE_FAIL,BASELINE_FAIL,BASELINE_FAIL,BASELINE_FAIL,BASELINE_FAIL,BASELINE_FAIL,BASELINE_FAIL,BASELINE_FAIL,BASELINE_FAIL,BASELINE_FAIL,BASELINE_FAIL,BASELINE_FAIL,BASELINE_FAIL,BASELINE_FAIL,BASELINE_FAIL,BASELINE_FAIL,BASELINE_FAIL,BASELINE_FAIL,BASELINE_FAIL,BASELINE_FAIL,BASELINE_FAIL,BASELINE_FAIL,BASELINE_FAIL,BASELINE_FAIL,BASELINE_FAIL,BASELINE_FAIL,BASELINE_FAIL,BASELINE_FAIL
Lang,Lang_1,batch10__Lang_1__equals__lang_1f_equals_line122,lang_1f_equals__line122,equals,m07,,BASELINE_FAIL,BASELINE_FAIL,False,False,0,0,harness/runs/batch10__Lang_1__equals__lang_1f_equals_line122/execution/m07.log,BASELINE_FAIL,BASELINE_FAIL,BASELINE_FAIL,BASELINE_FAIL,BASELINE_FAIL,BASELINE_FAIL,BASELINE_FAIL,BASELINE_FAIL,BASELINE_FAIL,BASELINE_FAIL,BASELINE_FAIL,BASELINE_FAIL,BASELINE_FAIL,BASELINE_FAIL,BASELINE_FAIL,BASELINE_FAIL,BASELINE_FAIL,BASELINE_FAIL,BASELINE_FAIL,BASELINE_FAIL,BASELINE_FAIL,BASELINE_FAIL,BASELINE_FAIL,BASELINE_FAIL,BASELINE_FAIL,BASELINE_FAIL,BASELINE_FAIL,BASELINE_FAIL,BASELINE_FAIL,BASELINE_FAIL,BASELINE_FAIL,BASELINE_FAIL,BASELINE_FAIL,BASELINE_FAIL,BASELINE_FAIL,BASELINE_FAIL,BASELINE_FAIL,BASELINE_FAIL,BASELINE_FAIL,BASELINE_FAIL,BASELINE_FAIL,BASELINE_FAIL,BASELINE_FAIL,BASELINE_FAIL,BASELINE_FAIL,BASELINE_FAIL,BASELINE_FAIL,BASELINE_FAIL,BASELINE_FAIL,BASELINE_FAIL,BASELINE_FAIL,BASELINE_FAIL,BASELINE_FAIL,BASELINE_FAIL,BASELINE_FAIL,BASELINE_FAIL,BASELINE_FAIL,BASELINE_FAIL,BASELINE_FAIL,BASELINE_FAIL,BASELINE_FAIL,BASELINE_FAIL,BASELINE_FAIL,BASELINE_FAIL,BASELINE_FAIL,BASELINE_FAIL,BASELINE_FAIL,BASELINE_FAIL,BASELINE_FAIL,BASELINE_FAIL,BASELINE_FAIL,BASELINE_FAIL,BASELINE_FAIL,BASELINE_FAIL,BASELINE_FAIL,BASELINE_FAIL,BASELINE_FAIL,BASELINE_FAIL,BASELINE_FAIL,BASELINE_FAIL,BASELINE_FAIL,BASELINE_FAIL,BASELINE_FAIL
Lang,Lang_1,batch10__Lang_1__equals__lang_1f_equals_line122,lang_1f_equals__line122,equals,m08,,BASELINE_FAIL,BASELINE_FAIL,False,False,0,0,harness/runs/batch10__Lang_1__equals__lang_1f_equals_line122/execution/m08.log,BASELINE_FAIL,BASELINE_FAIL,BASELINE_FAIL,BASELINE_FAIL,BASELINE_FAIL,BASELINE_FAIL,BASELINE_FAIL,BASELINE_FAIL,BASELINE_FAIL,BASELINE_FAIL,BASELINE_FAIL,BASELINE_FAIL,BASELINE_FAIL,BASELINE_FAIL,BASELINE_FAIL,BASELINE_FAIL,BASELINE_FAIL,BASELINE_FAIL,BASELINE_FAIL,BASELINE_FAIL,BASELINE_FAIL,BASELINE_FAIL,BASELINE_FAIL,BASELINE_FAIL,BASELINE_FAIL,BASELINE_FAIL,BASELINE_FAIL,BASELINE_FAIL,BASELINE_FAIL,BASELINE_FAIL,BASELINE_FAIL,BASELINE_FAIL,BASELINE_FAIL,BASELINE_FAIL,BASELINE_FAIL,BASELINE_FAIL,BASELINE_FAIL,BASELINE_FAIL,BASELINE_FAIL,BASELINE_FAIL,BASELINE_FAIL,BASELINE_FAIL,BASELINE_FAIL,BASELINE_FAIL,BASELINE_FAIL,BASELINE_FAIL,BASELINE_FAIL,BASELINE_FAIL,BASELINE_FAIL,BASELINE_FAIL,BASELINE_FAIL,BASELINE_FAIL,BASELINE_FAIL,BASELINE_FAIL,BASELINE_FAIL,BASELINE_FAIL,BASELINE_FAIL,BASELINE_FAIL,BASELINE_FAIL,BASELINE_FAIL,BASELINE_FAIL,BASELINE_FAIL,BASELINE_FAIL,BASELINE_FAIL,BASELINE_FAIL,BASELINE_FAIL,BASELINE_FAIL,BASELINE_FAIL,BASELINE_FAIL,BASELINE_FAIL,BASELINE_FAIL,BASELINE_FAIL,BASELINE_FAIL,BASELINE_FAIL,BASELINE_FAIL,BASELINE_FAIL,BASELINE_FAIL,BASELINE_FAIL,BASELINE_FAIL,BASELINE_FAIL,BASELINE_FAIL,BASELINE_FAIL,BASELINE_FAIL
Lang,Lang_1,batch10__Lang_1__lastIndexOf__lang_1f_lastIndexOf_line1687,lang_1f_lastIndexOf__line1687,lastIndexOf,m01,,BASELINE_FAIL,BASELINE_FAIL,False,False,0,0,harness/runs/batch10__Lang_1__lastIndexOf__lang_1f_lastIndexOf_line1687/execution/m01.log,BASELINE_FAIL,BASELINE_FAIL,BASELINE_FAIL,BASELINE_FAIL,BASELINE_FAIL,BASELINE_FAIL,BASELINE_FAIL,BASELINE_FAIL,BASELINE_FAIL,BASELINE_FAIL,BASELINE_FAIL,BASELINE_FAIL,BASELINE_FAIL,BASELINE_FAIL,BASELINE_FAIL,BASELINE_FAIL,BASELINE_FAIL,BASELINE_FAIL,BASELINE_FAIL,BASELINE_FAIL,BASELINE_FAIL,BASELINE_FAIL,BASELINE_FAIL,BASELINE_FAIL,BASELINE_FAIL,BASELINE_FAIL,BASELINE_FAIL,BASELINE_FAIL,BASELINE_FAIL,BASELINE_FAIL,BASELINE_FAIL,BASELINE_FAIL,BASELINE_FAIL,BASELINE_FAIL,BASELINE_FAIL,BASELINE_FAIL,BASELINE_FAIL,BASELINE_FAIL,BASELINE_FAIL,BASELINE_FAIL,BASELINE_FAIL,BASELINE_FAIL,BASELINE_FAIL,BASELINE_FAIL,BASELINE_FAIL,BASELINE_FAIL,BASELINE_FAIL,BASELINE_FAIL,BASELINE_FAIL,BASELINE_FAIL,BASELINE_FAIL,BASELINE_FAIL,BASELINE_FAIL,BASELINE_FAIL,BASELINE_FAIL,BASELINE_FAIL,BASELINE_FAIL,BASELINE_FAIL,BASELINE_FAIL,BASELINE_FAIL,BASELINE_FAIL,BASELINE_FAIL,BASELINE_FAIL,BASELINE_FAIL,BASELINE_FAIL,BASELINE_FAIL,BASELINE_FAIL,BASELINE_FAIL,BASELINE_FAIL,BASELINE_FAIL,BASELINE_FAIL,BASELINE_FAIL,BASELINE_FAIL,BASELINE_FAIL,BASELINE_FAIL,BASELINE_FAIL,BASELINE_FAIL,BASELINE_FAIL,BASELINE_FAIL,BASELINE_FAIL,BASELINE_FAIL,BASELINE_FAIL,BASELINE_FAIL
Lang,Lang_1,batch10__Lang_1__lastIndexOf__lang_1f_lastIndexOf_line1687,lang_1f_lastIndexOf__line1687,lastIndexOf,m02,,BASELINE_FAIL,BASELINE_FAIL,False,False,0,0,harness/runs/batch10__Lang_1__lastIndexOf__lang_1f_lastIndexOf_line1687/execution/m02.log,BASELINE_FAIL,BASELINE_FAIL,BASELINE_FAIL,BASELINE_FAIL,BASELINE_FAIL,BASELINE_FAIL,BASELINE_FAIL,BASELINE_FAIL,BASELINE_FAIL,BASELINE_FAIL,BASELINE_FAIL,BASELINE_FAIL,BASELINE_FAIL,BASELINE_FAIL,BASELINE_FAIL,BASELINE_FAIL,BASELINE_FAIL,BASELINE_FAIL,BASELINE_FAIL,BASELINE_FAIL,BASELINE_FAIL,BASELINE_FAIL,BASELINE_FAIL,BASELINE_FAIL,BASELINE_FAIL,BASELINE_FAIL,BASELINE_FAIL,BASELINE_FAIL,BASELINE_FAIL,BASELINE_FAIL,BASELINE_FAIL,BASELINE_FAIL,BASELINE_FAIL,BASELINE_FAIL,BASELINE_FAIL,BASELINE_FAIL,BASELINE_FAIL,BASELINE_FAIL,BASELINE_FAIL,BASELINE_FAIL,BASELINE_FAIL,BASELINE_FAIL,BASELINE_FAIL,BASELINE_FAIL,BASELINE_FAIL,BASELINE_FAIL,BASELINE_FAIL,BASELINE_FAIL,BASELINE_FAIL,BASELINE_FAIL,BASELINE_FAIL,BASELINE_FAIL,BASELINE_FAIL,BASELINE_FAIL,BASELINE_FAIL,BASELINE_FAIL,BASELINE_FAIL,BASELINE_FAIL,BASELINE_FAIL,BASELINE_FAIL,BASELINE_FAIL,BASELINE_FAIL,BASELINE_FAIL,BASELINE_FAIL,BASELINE_FAIL,BASELINE_FAIL,BASELINE_FAIL,BASELINE_FAIL,BASELINE_FAIL,BASELINE_FAIL,BASELINE_FAIL,BASELINE_FAIL,BASELINE_FAIL,BASELINE_FAIL,BASELINE_FAIL,BASELINE_FAIL,BASELINE_FAIL,BASELINE_FAIL,BASELINE_FAIL,BASELINE_FAIL,BASELINE_FAIL,BASELINE_FAIL,BASELINE_FAIL
Lang,Lang_1,batch10__Lang_1__lastIndexOf__lang_1f_lastIndexOf_line1687,lang_1f_lastIndexOf__line1687,lastIndexOf,m04,,BASELINE_FAIL,BASELINE_FAIL,False,False,0,0,harness/runs/batch10__Lang_1__lastIndexOf__lang_1f_lastIndexOf_line1687/execution/m04.log,BASELINE_FAIL,BASELINE_FAIL,BASELINE_FAIL,BASELINE_FAIL,BASELINE_FAIL,BASELINE_FAIL,BASELINE_FAIL,BASELINE_FAIL,BASELINE_FAIL,BASELINE_FAIL,BASELINE_FAIL,BASELINE_FAIL,BASELINE_FAIL,BASELINE_FAIL,BASELINE_FAIL,BASELINE_FAIL,BASELINE_FAIL,BASELINE_FAIL,BASELINE_FAIL,BASELINE_FAIL,BASELINE_FAIL,BASELINE_FAIL,BASELINE_FAIL,BASELINE_FAIL,BASELINE_FAIL,BASELINE_FAIL,BASELINE_FAIL,BASELINE_FAIL,BASELINE_FAIL,BASELINE_FAIL,BASELINE_FAIL,BASELINE_FAIL,BASELINE_FAIL,BASELINE_FAIL,BASELINE_FAIL,BASELINE_FAIL,BASELINE_FAIL,BASELINE_FAIL,BASELINE_FAIL,BASELINE_FAIL,BASELINE_FAIL,BASELINE_FAIL,BASELINE_FAIL,BASELINE_FAIL,BASELINE_FAIL,BASELINE_FAIL,BASELINE_FAIL,BASELINE_FAIL,BASELINE_FAIL,BASELINE_FAIL,BASELINE_FAIL,BASELINE_FAIL,BASELINE_FAIL,BASELINE_FAIL,BASELINE_FAIL,BASELINE_FAIL,BASELINE_FAIL,BASELINE_FAIL,BASELINE_FAIL,BASELINE_FAIL,BASELINE_FAIL,BASELINE_FAIL,BASELINE_FAIL,BASELINE_FAIL,BASELINE_FAIL,BASELINE_FAIL,BASELINE_FAIL,BASELINE_FAIL,BASELINE_FAIL,BASELINE_FAIL,BASELINE_FAIL,BASELINE_FAIL,BASELINE_FAIL,BASELINE_FAIL,BASELINE_FAIL,BASELINE_FAIL,BASELINE_FAIL,BASELINE_FAIL,BASELINE_FAIL,BASELINE_FAIL,BASELINE_FAIL,BASELINE_FAIL,BASELINE_FAIL
Lang,Lang_1,batch10__Lang_1__lastIndexOf__lang_1f_lastIndexOf_line1687,lang_1f_lastIndexOf__line1687,lastIndexOf,m06,,BASELINE_FAIL,BASELINE_FAIL,False,False,0,0,harness/runs/batch10__Lang_1__lastIndexOf__lang_1f_lastIndexOf_line1687/execution/m06.log,BASELINE_FAIL,BASELINE_FAIL,BASELINE_FAIL,BASELINE_FAIL,BASELINE_FAIL,BASELINE_FAIL,BASELINE_FAIL,BASELINE_FAIL,BASELINE_FAIL,BASELINE_FAIL,BASELINE_FAIL,BASELINE_FAIL,BASELINE_FAIL,BASELINE_FAIL,BASELINE_FAIL,BASELINE_FAIL,BASELINE_FAIL,BASELINE_FAIL,BASELINE_FAIL,BASELINE_FAIL,BASELINE_FAIL,BASELINE_FAIL,BASELINE_FAIL,BASELINE_FAIL,BASELINE_FAIL,BASELINE_FAIL,BASELINE_FAIL,BASELINE_FAIL,BASELINE_FAIL,BASELINE_FAIL,BASELINE_FAIL,BASELINE_FAIL,BASELINE_FAIL,BASELINE_FAIL,BASELINE_FAIL,BASELINE_FAIL,BASELINE_FAIL,BASELINE_FAIL,BASELINE_FAIL,BASELINE_FAIL,BASELINE_FAIL,BASELINE_FAIL,BASELINE_FAIL,BASELINE_FAIL,BASELINE_FAIL,BASELINE_FAIL,BASELINE_FAIL,BASELINE_FAIL,BASELINE_FAIL,BASELINE_FAIL,BASELINE_FAIL,BASELINE_FAIL,BASELINE_FAIL,BASELINE_FAIL,BASELINE_FAIL,BASELINE_FAIL,BASELINE_FAIL,BASELINE_FAIL,BASELINE_FAIL,BASELINE_FAIL,BASELINE_FAIL,BASELINE_FAIL,BASELINE_FAIL,BASELINE_FAIL,BASELINE_FAIL,BASELINE_FAIL,BASELINE_FAIL,BASELINE_FAIL,BASELINE_FAIL,BASELINE_FAIL,BASELINE_FAIL,BASELINE_FAIL,BASELINE_FAIL,BASELINE_FAIL,BASELINE_FAIL,BASELINE_FAIL,BASELINE_FAIL,BASELINE_FAIL,BASELINE_FAIL,BASELINE_FAIL,BASELINE_FAIL,BASELINE_FAIL,BASELINE_FAIL
Lang,Lang_1,batch10__Lang_1__lastIndexOf__lang_1f_lastIndexOf_line1687,lang_1f_lastIndexOf__line1687,lastIndexOf,m07,,BASELINE_FAIL,BASELINE_FAIL,False,False,0,0,harness/runs/batch10__Lang_1__lastIndexOf__lang_1f_lastIndexOf_line1687/execution/m07.log,BASELINE_FAIL,BASELINE_FAIL,BASELINE_FAIL,BASELINE_FAIL,BASELINE_FAIL,BASELINE_FAIL,BASELINE_FAIL,BASELINE_FAIL,BASELINE_FAIL,BASELINE_FAIL,BASELINE_FAIL,BASELINE_FAIL,BASELINE_FAIL,BASELINE_FAIL,BASELINE_FAIL,BASELINE_FAIL,BASELINE_FAIL,BASELINE_FAIL,BASELINE_FAIL,BASELINE_FAIL,BASELINE_FAIL,BASELINE_FAIL,BASELINE_FAIL,BASELINE_FAIL,BASELINE_FAIL,BASELINE_FAIL,BASELINE_FAIL,BASELINE_FAIL,BASELINE_FAIL,BASELINE_FAIL,BASELINE_FAIL,BASELINE_FAIL,BASELINE_FAIL,BASELINE_FAIL,BASELINE_FAIL,BASELINE_FAIL,BASELINE_FAIL,BASELINE_FAIL,BASELINE_FAIL,BASELINE_FAIL,BASELINE_FAIL,BASELINE_FAIL,BASELINE_FAIL,BASELINE_FAIL,BASELINE_FAIL,BASELINE_FAIL,BASELINE_FAIL,BASELINE_FAIL,BASELINE_FAIL,BASELINE_FAIL,BASELINE_FAIL,BASELINE_FAIL,BASELINE_FAIL,BASELINE_FAIL,BASELINE_FAIL,BASELINE_FAIL,BASELINE_FAIL,BASELINE_FAIL,BASELINE_FAIL,BASELINE_FAIL,BASELINE_FAIL,BASELINE_FAIL,BASELINE_FAIL,BASELINE_FAIL,BASELINE_FAIL,BASELINE_FAIL,BASELINE_FAIL,BASELINE_FAIL,BASELINE_FAIL,BASELINE_FAIL,BASELINE_FAIL,BASELINE_FAIL,BASELINE_FAIL,BASELINE_FAIL,BASELINE_FAIL,BASELINE_FAIL,BASELINE_FAIL,BASELINE_FAIL,BASELINE_FAIL,BASELINE_FAIL,BASELINE_FAIL,BASELINE_FAIL,BASELINE_FAIL
Lang,Lang_1,batch10__Lang_1__lastIndexOf__lang_1f_lastIndexOf_line1687,lang_1f_lastIndexOf__line1687,lastIndexOf,m08,,BASELINE_FAIL,BASELINE_FAIL,False,False,0,0,harness/runs/batch10__Lang_1__lastIndexOf__lang_1f_lastIndexOf_line1687/execution/m08.log,BASELINE_FAIL,BASELINE_FAIL,BASELINE_FAIL,BASELINE_FAIL,BASELINE_FAIL,BASELINE_FAIL,BASELINE_FAIL,BASELINE_FAIL,BASELINE_FAIL,BASELINE_FAIL,BASELINE_FAIL,BASELINE_FAIL,BASELINE_FAIL,BASELINE_FAIL,BASELINE_FAIL,BASELINE_FAIL,BASELINE_FAIL,BASELINE_FAIL,BASELINE_FAIL,BASELINE_FAIL,BASELINE_FAIL,BASELINE_FAIL,BASELINE_FAIL,BASELINE_FAIL,BASELINE_FAIL,BASELINE_FAIL,BASELINE_FAIL,BASELINE_FAIL,BASELINE_FAIL,BASELINE_FAIL,BASELINE_FAIL,BASELINE_FAIL,BASELINE_FAIL,BASELINE_FAIL,BASELINE_FAIL,BASELINE_FAIL,BASELINE_FAIL,BASELINE_FAIL,BASELINE_FAIL,BASELINE_FAIL,BASELINE_FAIL,BASELINE_FAIL,BASELINE_FAIL,BASELINE_FAIL,BASELINE_FAIL,BASELINE_FAIL,BASELINE_FAIL,BASELINE_FAIL,BASELINE_FAIL,BASELINE_FAIL,BASELINE_FAIL,BASELINE_FAIL,BASELINE_FAIL,BASELINE_FAIL,BASELINE_FAIL,BASELINE_FAIL,BASELINE_FAIL,BASELINE_FAIL,BASELINE_FAIL,BASELINE_FAIL,BASELINE_FAIL,BASELINE_FAIL,BASELINE_FAIL,BASELINE_FAIL,BASELINE_FAIL,BASELINE_FAIL,BASELINE_FAIL,BASELINE_FAIL,BASELINE_FAIL,BASELINE_FAIL,BASELINE_FAIL,BASELINE_FAIL,BASELINE_FAIL,BASELINE_FAIL,BASELINE_FAIL,BASELINE_FAIL,BASELINE_FAIL,BASELINE_FAIL,BASELINE_FAIL,BASELINE_FAIL,BASELINE_FAIL,BASELINE_FAIL,BASELINE_FAIL
Lang,Lang_1,batch10__Lang_1__pow__lang_1f_pow_line546,lang_1f_pow__line546,pow,m01,,BASELINE_FAIL,BASELINE_FAIL,False,False,0,0,harness/runs/batch10__Lang_1__pow__lang_1f_pow_line546/execution/m01.log,BASELINE_FAIL,BASELINE_FAIL,BASELINE_FAIL,BASELINE_FAIL,BASELINE_FAIL,BASELINE_FAIL,BASELINE_FAIL,BASELINE_FAIL,BASELINE_FAIL,BASELINE_FAIL,BASELINE_FAIL,BASELINE_FAIL,BASELINE_FAIL,BASELINE_FAIL,BASELINE_FAIL,BASELINE_FAIL,BASELINE_FAIL,BASELINE_FAIL,BASELINE_FAIL,BASELINE_FAIL,BASELINE_FAIL,BASELINE_FAIL,BASELINE_FAIL,BASELINE_FAIL,BASELINE_FAIL,BASELINE_FAIL,BASELINE_FAIL,BASELINE_FAIL,BASELINE_FAIL,BASELINE_FAIL,BASELINE_FAIL,BASELINE_FAIL,BASELINE_FAIL,BASELINE_FAIL,BASELINE_FAIL,BASELINE_FAIL,BASELINE_FAIL,BASELINE_FAIL,BASELINE_FAIL,BASELINE_FAIL,BASELINE_FAIL,BASELINE_FAIL,BASELINE_FAIL,BASELINE_FAIL,BASELINE_FAIL,BASELINE_FAIL,BASELINE_FAIL,BASELINE_FAIL,BASELINE_FAIL,BASELINE_FAIL,BASELINE_FAIL,BASELINE_FAIL,BASELINE_FAIL,BASELINE_FAIL,BASELINE_FAIL,BASELINE_FAIL,BASELINE_FAIL,BASELINE_FAIL,BASELINE_FAIL,BASELINE_FAIL,BASELINE_FAIL,BASELINE_FAIL,BASELINE_FAIL,BASELINE_FAIL,BASELINE_FAIL,BASELINE_FAIL,BASELINE_FAIL,BASELINE_FAIL,BASELINE_FAIL,BASELINE_FAIL,BASELINE_FAIL,BASELINE_FAIL,BASELINE_FAIL,BASELINE_FAIL,BASELINE_FAIL,BASELINE_FAIL,BASELINE_FAIL,BASELINE_FAIL,BASELINE_FAIL,BASELINE_FAIL,BASELINE_FAIL,BASELINE_FAIL,BASELINE_FAIL
Lang,Lang_1,batch10__Lang_1__pow__lang_1f_pow_line546,lang_1f_pow__line546,pow,m02,,BASELINE_FAIL,BASELINE_FAIL,False,False,0,0,harness/runs/batch10__Lang_1__pow__lang_1f_pow_line546/execution/m02.log,BASELINE_FAIL,BASELINE_FAIL,BASELINE_FAIL,BASELINE_FAIL,BASELINE_FAIL,BASELINE_FAIL,BASELINE_FAIL,BASELINE_FAIL,BASELINE_FAIL,BASELINE_FAIL,BASELINE_FAIL,BASELINE_FAIL,BASELINE_FAIL,BASELINE_FAIL,BASELINE_FAIL,BASELINE_FAIL,BASELINE_FAIL,BASELINE_FAIL,BASELINE_FAIL,BASELINE_FAIL,BASELINE_FAIL,BASELINE_FAIL,BASELINE_FAIL,BASELINE_FAIL,BASELINE_FAIL,BASELINE_FAIL,BASELINE_FAIL,BASELINE_FAIL,BASELINE_FAIL,BASELINE_FAIL,BASELINE_FAIL,BASELINE_FAIL,BASELINE_FAIL,BASELINE_FAIL,BASELINE_FAIL,BASELINE_FAIL,BASELINE_FAIL,BASELINE_FAIL,BASELINE_FAIL,BASELINE_FAIL,BASELINE_FAIL,BASELINE_FAIL,BASELINE_FAIL,BASELINE_FAIL,BASELINE_FAIL,BASELINE_FAIL,BASELINE_FAIL,BASELINE_FAIL,BASELINE_FAIL,BASELINE_FAIL,BASELINE_FAIL,BASELINE_FAIL,BASELINE_FAIL,BASELINE_FAIL,BASELINE_FAIL,BASELINE_FAIL,BASELINE_FAIL,BASELINE_FAIL,BASELINE_FAIL,BASELINE_FAIL,BASELINE_FAIL,BASELINE_FAIL,BASELINE_FAIL,BASELINE_FAIL,BASELINE_FAIL,BASELINE_FAIL,BASELINE_FAIL,BASELINE_FAIL,BASELINE_FAIL,BASELINE_FAIL,BASELINE_FAIL,BASELINE_FAIL,BASELINE_FAIL,BASELINE_FAIL,BASELINE_FAIL,BASELINE_FAIL,BASELINE_FAIL,BASELINE_FAIL,BASELINE_FAIL,BASELINE_FAIL,BASELINE_FAIL,BASELINE_FAIL,BASELINE_FAIL
Lang,Lang_1,batch10__Lang_1__pow__lang_1f_pow_line546,lang_1f_pow__line546,pow,m03,,BASELINE_FAIL,BASELINE_FAIL,False,False,0,0,harness/runs/batch10__Lang_1__pow__lang_1f_pow_line546/execution/m03.log,BASELINE_FAIL,BASELINE_FAIL,BASELINE_FAIL,BASELINE_FAIL,BASELINE_FAIL,BASELINE_FAIL,BASELINE_FAIL,BASELINE_FAIL,BASELINE_FAIL,BASELINE_FAIL,BASELINE_FAIL,BASELINE_FAIL,BASELINE_FAIL,BASELINE_FAIL,BASELINE_FAIL,BASELINE_FAIL,BASELINE_FAIL,BASELINE_FAIL,BASELINE_FAIL,BASELINE_FAIL,BASELINE_FAIL,BASELINE_FAIL,BASELINE_FAIL,BASELINE_FAIL,BASELINE_FAIL,BASELINE_FAIL,BASELINE_FAIL,BASELINE_FAIL,BASELINE_FAIL,BASELINE_FAIL,BASELINE_FAIL,BASELINE_FAIL,BASELINE_FAIL,BASELINE_FAIL,BASELINE_FAIL,BASELINE_FAIL,BASELINE_FAIL,BASELINE_FAIL,BASELINE_FAIL,BASELINE_FAIL,BASELINE_FAIL,BASELINE_FAIL,BASELINE_FAIL,BASELINE_FAIL,BASELINE_FAIL,BASELINE_FAIL,BASELINE_FAIL,BASELINE_FAIL,BASELINE_FAIL,BASELINE_FAIL,BASELINE_FAIL,BASELINE_FAIL,BASELINE_FAIL,BASELINE_FAIL,BASELINE_FAIL,BASELINE_FAIL,BASELINE_FAIL,BASELINE_FAIL,BASELINE_FAIL,BASELINE_FAIL,BASELINE_FAIL,BASELINE_FAIL,BASELINE_FAIL,BASELINE_FAIL,BASELINE_FAIL,BASELINE_FAIL,BASELINE_FAIL,BASELINE_FAIL,BASELINE_FAIL,BASELINE_FAIL,BASELINE_FAIL,BASELINE_FAIL,BASELINE_FAIL,BASELINE_FAIL,BASELINE_FAIL,BASELINE_FAIL,BASELINE_FAIL,BASELINE_FAIL,BASELINE_FAIL,BASELINE_FAIL,BASELINE_FAIL,BASELINE_FAIL,BASELINE_FAIL
Lang,Lang_1,batch10__Lang_1__pow__lang_1f_pow_line546,lang_1f_pow__line546,pow,m04,,BASELINE_FAIL,BASELINE_FAIL,False,False,0,0,harness/runs/batch10__Lang_1__pow__lang_1f_pow_line546/execution/m04.log,BASELINE_FAIL,BASELINE_FAIL,BASELINE_FAIL,BASELINE_FAIL,BASELINE_FAIL,BASELINE_FAIL,BASELINE_FAIL,BASELINE_FAIL,BASELINE_FAIL,BASELINE_FAIL,BASELINE_FAIL,BASELINE_FAIL,BASELINE_FAIL,BASELINE_FAIL,BASELINE_FAIL,BASELINE_FAIL,BASELINE_FAIL,BASELINE_FAIL,BASELINE_FAIL,BASELINE_FAIL,BASELINE_FAIL,BASELINE_FAIL,BASELINE_FAIL,BASELINE_FAIL,BASELINE_FAIL,BASELINE_FAIL,BASELINE_FAIL,BASELINE_FAIL,BASELINE_FAIL,BASELINE_FAIL,BASELINE_FAIL,BASELINE_FAIL,BASELINE_FAIL,BASELINE_FAIL,BASELINE_FAIL,BASELINE_FAIL,BASELINE_FAIL,BASELINE_FAIL,BASELINE_FAIL,BASELINE_FAIL,BASELINE_FAIL,BASELINE_FAIL,BASELINE_FAIL,BASELINE_FAIL,BASELINE_FAIL,BASELINE_FAIL,BASELINE_FAIL,BASELINE_FAIL,BASELINE_FAIL,BASELINE_FAIL,BASELINE_FAIL,BASELINE_FAIL,BASELINE_FAIL,BASELINE_FAIL,BASELINE_FAIL,BASELINE_FAIL,BASELINE_FAIL,BASELINE_FAIL,BASELINE_FAIL,BASELINE_FAIL,BASELINE_FAIL,BASELINE_FAIL,BASELINE_FAIL,BASELINE_FAIL,BASELINE_FAIL,BASELINE_FAIL,BASELINE_FAIL,BASELINE_FAIL,BASELINE_FAIL,BASELINE_FAIL,BASELINE_FAIL,BASELINE_FAIL,BASELINE_FAIL,BASELINE_FAIL,BASELINE_FAIL,BASELINE_FAIL,BASELINE_FAIL,BASELINE_FAIL,BASELINE_FAIL,BASELINE_FAIL,BASELINE_FAIL,BASELINE_FAIL,BASELINE_FAIL
