target_id,model_name,run_name,mutant_id,killed,n_killing_tests,eligible_test_count,trivial
chart_1f_clipLine__line62_141,codegeex4:9b,batch01__Chart_1__clipLine__chart_1f_clipLine_line62,m01,1,1,3,False
chart_1f_clipLine__line62_141,codegeex4:9b,batch01__Chart_1__clipLine__chart_1f_clipLine_line62,m02,0,0,3,n/a
chart_1f_clipLine__line62_141,codegeex4:9b,batch01__Chart_1__clipLine__chart_1f_clipLine_line62,m03,1,1,3,False
chart_1f_clipLine__line62_141,codegeex4:9b,batch01__Chart_1__clipLine__chart_1f_clipLine_line62,m04,0,0,3,n/a
chart_1f_clipLine__line62_141,codegeex4:9b,batch01__Chart_1__clipLine__chart_1f_clipLine_line62,m05,1,1,3,False
chart_1f_clipLine__line62_141,codegeex4:9b,batch01__Chart_1__clipLine__chart_1f_clipLine_line62,m06,0,0,3,n/a
chart_1f_clipLine__line62_141,codegeex4:9b,batch01__Chart_1__clipLine__chart_1f_clipLine_line62,m07,1,1,3,False
chart_1f_clipLine__line62_141,codegeex4:9b,batch01__Chart_1__clipLine__chart_1f_clipLine_line62,m08,1,1,3,False
chart_1f_readResolve__line213_291,codegeex4:9b,batch01__Chart_1__readResolve__chart_1f_readResolve_line213,m01,1,66,69,False
chart_1f_readResolve__line213_291,codegeex4:9b,batch01__Chart_1__readResolve__chart_1f_readResolve_line213,m03,1,1,69,False
chart_1f_readResolve__line213_291,codegeex4:9b,batch01__Chart_1__readResolve__chart_1f_readResolve_line213,m04,1,3,69,False
chart_1f_readResolve__line213_291,codegeex4:9b,batch01__Chart_1__readResolve__chart_1f_readResolve_line213,m05,1,3,69,False
chart_1f_readResolve__line213_291,codegeex4:9b,batch01__Chart_1__readResolve__chart_1f_readResolve_line213,m06,1,3,69,False
chart_1f_readResolve__line213_291,codegeex4:9b,batch01__Chart_1__readResolve__chart_1f_readResolve_line213,m08,1,3,69,False
chart_20f_addSWTListener__line1460_1488,codegeex4:9b,batch01__Chart_20__addSWTListener__chart_20f_addSWTListener_line1460,m01,0,0,1,n/a
chart_20f_addSWTListener__line1460_1488,codegeex4:9b,batch01__Chart_20__addSWTListener__chart_20f_addSWTListener_line1460,m03,0,0,1,n/a
chart_20f_widgetSelected__line1386_1433,codegeex4:9b,batch01__Chart_20__widgetSelected__chart_20f_widgetSelected_line1386,m01,0,0,1,n/a
chart_20f_widgetSelected__line1386_1433,codegeex4:9b,batch01__Chart_20__widgetSelected__chart_20f_widgetSelected_line1386,m02,0,0,1,n/a
chart_20f_widgetSelected__line1386_1433,codegeex4:9b,batch01__Chart_20__widgetSelected__chart_20f_widgetSelected_line1386,m03,0,0,1,n/a
chart_20f_widgetSelected__line1386_1433,codegeex4:9b,batch01__Chart_20__widgetSelected__chart_20f_widgetSelected_line1386,m04,0,0,1,n/a
chart_20f_widgetSelected__line1386_1433,codegeex4:9b,batch01__Chart_20__widgetSelected__chart_20f_widgetSelected_line1386,m05,0,0,1,n/a
chart_20f_widgetSelected__line1386_1433,codegeex4:9b,batch01__Chart_20__widgetSelected__chart_20f_widgetSelected_line1386,m06,0,0,1,n/a
chart_20f_widgetSelected__line1386_1433,codegeex4:9b,batch01__Chart_20__widgetSelected__chart_20f_widgetSelected_line1386,m07,0,0,1,n/a
chart_26f_drawAxisLine__line517_606,codegeex4:9b,batch01__Chart_26__drawAxisLine__chart_26f_drawAxisLine_line517,m01,0,0,42,n/a
chart_26f_drawAxisLine__line517_606,codegeex4:9b,batch01__Chart_26__drawAxisLine__chart_26f_drawAxisLine_line517,m02,0,0,42,n/a
chart_26f_drawAxisLine__line517_606,codegeex4:9b,batch01__Chart_26__drawAxisLine__chart_26f_drawAxisLine_line517,m03,0,0,42,n/a
chart_26f_drawAxisLine__line517_606,codegeex4:9b,batch01__Chart_26__drawAxisLine__chart_26f_drawAxisLine_line517,m04,0,0,42,n/a
chart_26f_drawAxisLine__line517_606,codegeex4:9b,batch01__Chart_26__drawAxisLine__chart_26f_drawAxisLine_line517,m06,0,0,42,n/a
chart_26f_drawAxisLine__line517_606,codegeex4:9b,batch01__Chart_26__drawAxisLine__chart_26f_drawAxisLine_line517,m07,0,0,42,n/a
chart_26f_drawAxisLine__line517_606,codegeex4:9b,batch01__Chart_26__drawAxisLine__chart_26f_drawAxisLine_line517,m08,0,0,42,n/a
chart_4f_deriveRotationAnchorOffsets__line686_768,codegeex4:9b,batch01__Chart_4__deriveRotationAnchorOffsets__chart_4f_deriveRotationAnchorOffsets_line686,m01,0,0,65,n/a
chart_4f_deriveRotationAnchorOffsets__line686_768,codegeex4:9b,batch01__Chart_4__deriveRotationAnchorOffsets__chart_4f_deriveRotationAnchorOffsets_line686,m02,0,0,65,n/a
chart_4f_deriveRotationAnchorOffsets__line686_768,codegeex4:9b,batch01__Chart_4__deriveRotationAnchorOffsets__chart_4f_deriveRotationAnchorOffsets_line686,m03,0,0,65,n/a
chart_4f_deriveRotationAnchorOffsets__line686_768,codegeex4:9b,batch01__Chart_4__deriveRotationAnchorOffsets__chart_4f_deriveRotationAnchorOffsets_line686,m04,0,0,65,n/a
chart_4f_deriveRotationAnchorOffsets__line686_768,codegeex4:9b,batch01__Chart_4__deriveRotationAnchorOffsets__chart_4f_deriveRotationAnchorOffsets_line686,m05,0,0,65,n/a
chart_4f_deriveRotationAnchorOffsets__line686_768,codegeex4:9b,batch01__Chart_4__deriveRotationAnchorOffsets__chart_4f_deriveRotationAnchorOffsets_line686,m06,0,0,65,n/a
chart_4f_deriveRotationAnchorOffsets__line686_768,codegeex4:9b,batch01__Chart_4__deriveRotationAnchorOffsets__chart_4f_deriveRotationAnchorOffsets_line686,m07,0,0,65,n/a
chart_4f_deriveRotationAnchorOffsets__line686_768,codegeex4:9b,batch01__Chart_4__deriveRotationAnchorOffsets__chart_4f_deriveRotationAnchorOffsets_line686,m08,0,0,65,n/a
chart_4f_deriveTextBoundsAnchorOffsets__line599_673,codegeex4:9b,batch01__Chart_4__deriveTextBoundsAnchorOffsets__chart_4f_deriveTextBoundsAnchorOffsets_line599,m01,0,0,70,n/a
chart_4f_deriveTextBoundsAnchorOffsets__line599_673,codegeex4:9b,batch01__Chart_4__deriveTextBoundsAnchorOffsets__chart_4f_deriveTextBoundsAnchorOffsets_line599,m02,0,0,70,n/a
chart_4f_deriveTextBoundsAnchorOffsets__line599_673,codegeex4:9b,batch01__Chart_4__deriveTextBoundsAnchorOffsets__chart_4f_deriveTextBoundsAnchorOffsets_line599,m03,0,0,70,n/a
chart_4f_deriveTextBoundsAnchorOffsets__line599_673,codegeex4:9b,batch01__Chart_4__deriveTextBoundsAnchorOffsets__chart_4f_deriveTextBoundsAnchorOffsets_line599,m04,0,0,70,n/a
chart_4f_deriveTextBoundsAnchorOffsets__line599_673,codegeex4:9b,batch01__Chart_4__deriveTextBoundsAnchorOffsets__chart_4f_deriveTextBoundsAnchorOffsets_line599,m05,0,0,70,n/a
chart_4f_deriveTextBoundsAnchorOffsets__line599_673,codegeex4:9b,batch01__Chart_4__deriveTextBoundsAnchorOffsets__chart_4f_deriveTextBoundsAnchorOffsets_line599,m06,0,0,70,n/a
chart_4f_deriveTextBoundsAnchorOffsets__line599_673,codegeex4:9b,batch01__Chart_4__deriveTextBoundsAnchorOffsets__chart_4f_deriveTextBoundsAnchorOffsets_line599,m07,0,0,70,n/a
chart_4f_deriveTextBoundsAnchorOffsets__line599_673,codegeex4:9b,batch01__Chart_4__deriveTextBoundsAnchorOffsets__chart_4f_deriveTextBoundsAnchorOffsets_line599,m08,0,0,70,n/a
chart_6f_equals__line1488_1582,codegeex4:9b,batch01__Chart_6__equals__chart_6f_equals_line1488,m04,1,2,3,False
chart_6f_equals__line1488_1582,codegeex4:9b,batch01__Chart_6__equals__chart_6f_equals_line1488,m05,1,3,3,False
chart_6f_equals__line1488_1582,codegeex4:9b,batch01__Chart_6__equals__chart_6f_equals_line1488,m07,1,2,3,False
chart_6f_equals__line1488_1582,codegeex4:9b,batch01__Chart_6__equals__chart_6f_equals_line1488,m08,1,3,3,False
cli_14f_appendUsage__line298_390,codegeex4:9b,batch01__Cli_14__appendUsage__cli_14f_appendUsage_line298,m02,1,17,31,False
cli_14f_appendUsage__line298_390,codegeex4:9b,batch01__Cli_14__appendUsage__cli_14f_appendUsage_line298,m04,1,18,31,False
cli_14f_appendUsage__line298_390,codegeex4:9b,batch01__Cli_14__appendUsage__cli_14f_appendUsage_line298,m05,0,0,31,n/a
cli_14f_appendUsage__line298_390,codegeex4:9b,batch01__Cli_14__appendUsage__cli_14f_appendUsage_line298,m06,1,20,31,False
cli_14f_appendUsage__line298_390,codegeex4:9b,batch01__Cli_14__appendUsage__cli_14f_appendUsage_line298,m07,1,10,31,False
cli_14f_appendUsage__line298_390,codegeex4:9b,batch01__Cli_14__appendUsage__cli_14f_appendUsage_line298,m08,1,9,31,False
cli_1f_findWrapPos__line789_833,codegeex4:9b,batch01__Cli_1__findWrapPos__cli_1f_findWrapPos_line789,m03,0,0,7,n/a
cli_1f_findWrapPos__line789_833,codegeex4:9b,batch01__Cli_1__findWrapPos__cli_1f_findWrapPos_line789,m04,1,1,7,False
cli_1f_findWrapPos__line789_833,codegeex4:9b,batch01__Cli_1__findWrapPos__cli_1f_findWrapPos_line789,m07,1,3,7,False
cli_1f_findWrapPos__line789_833,codegeex4:9b,batch01__Cli_1__findWrapPos__cli_1f_findWrapPos_line789,m08,1,1,7,False
cli_1f_parse__line129_220,codegeex4:9b,batch01__Cli_1__parse__cli_1f_parse_line129,m01,1,67,74,False
cli_1f_parse__line129_220,codegeex4:9b,batch01__Cli_1__parse__cli_1f_parse_line129,m07,1,38,74,False
cli_30f_createValue__line60_102,codegeex4:9b,batch01__Cli_30__createValue__cli_30f_createValue_line60,m04,0,0,6,n/a
cli_30f_createValue__line60_102,codegeex4:9b,batch01__Cli_30__createValue__cli_30f_createValue_line60,m05,1,2,6,False
cli_30f_createValue__line60_102,codegeex4:9b,batch01__Cli_30__createValue__cli_30f_createValue_line60,m06,1,2,6,False
cli_30f_createValue__line60_102,codegeex4:9b,batch01__Cli_30__createValue__cli_30f_createValue_line60,m07,0,0,6,n/a
cli_30f_createValue__line60_102,codegeex4:9b,batch01__Cli_30__createValue__cli_30f_createValue_line60,m08,1,1,6,False
cli_30f_processProperties__line252_305,codegeex4:9b,batch01__Cli_30__processProperties__cli_30f_processProperties_line252,m07,1,1,64,False
cli_30f_processProperties__line252_305,codegeex4:9b,batch01__Cli_30__processProperties__cli_30f_processProperties_line252,m08,1,1,64,False
cli_3f_createValue__line59_101,codegeex4:9b,batch01__Cli_3__createValue__cli_3f_createValue_line59,m01,1,1,1,False
cli_3f_createValue__line59_101,codegeex4:9b,batch01__Cli_3__createValue__cli_3f_createValue_line59,m03,0,0,1,n/a
cli_3f_createValue__line59_101,codegeex4:9b,batch01__Cli_3__createValue__cli_3f_createValue_line59,m04,0,0,1,n/a
cli_3f_createValue__line59_101,codegeex4:9b,batch01__Cli_3__createValue__cli_3f_createValue_line59,m05,0,0,1,n/a
cli_3f_createValue__line59_101,codegeex4:9b,batch01__Cli_3__createValue__cli_3f_createValue_line59,m07,1,1,1,False
cli_40f_flatten__line94_174,codegeex4:9b,batch01__Cli_40__flatten__cli_40f_flatten_line94,m01,1,12,76,False
cli_40f_flatten__line94_174,codegeex4:9b,batch01__Cli_40__flatten__cli_40f_flatten_line94,m02,1,14,76,False
cli_40f_flatten__line94_174,codegeex4:9b,batch01__Cli_40__flatten__cli_40f_flatten_line94,m03,1,1,76,False
cli_40f_flatten__line94_174,codegeex4:9b,batch01__Cli_40__flatten__cli_40f_flatten_line94,m04,1,55,76,False
cli_40f_flatten__line94_174,codegeex4:9b,batch01__Cli_40__flatten__cli_40f_flatten_line94,m06,1,11,76,False
cli_40f_parse__line144_244,codegeex4:9b,batch01__Cli_40__parse__cli_40f_parse_line144,m01,1,73,81,False
cli_40f_parse__line144_244,codegeex4:9b,batch01__Cli_40__parse__cli_40f_parse_line144,m04,1,1,81,False
cli_40f_parse__line144_244,codegeex4:9b,batch01__Cli_40__parse__cli_40f_parse_line144,m05,0,0,81,n/a
cli_40f_parse__line144_244,codegeex4:9b,batch01__Cli_40__parse__cli_40f_parse_line144,m08,0,0,81,n/a
cli_7f_appendUsage__line258_320,codegeex4:9b,batch01__Cli_7__appendUsage__cli_7f_appendUsage_line258,m01,1,19,27,False
cli_7f_appendUsage__line258_320,codegeex4:9b,batch01__Cli_7__appendUsage__cli_7f_appendUsage_line258,m02,1,14,27,False
cli_7f_appendUsage__line258_320,codegeex4:9b,batch01__Cli_7__appendUsage__cli_7f_appendUsage_line258,m03,1,15,27,False
cli_7f_appendUsage__line258_320,codegeex4:9b,batch01__Cli_7__appendUsage__cli_7f_appendUsage_line258,m04,1,14,27,False
cli_7f_appendUsage__line258_320,codegeex4:9b,batch01__Cli_7__appendUsage__cli_7f_appendUsage_line258,m05,1,19,27,False
cli_7f_appendUsage__line258_320,codegeex4:9b,batch01__Cli_7__appendUsage__cli_7f_appendUsage_line258,m06,1,9,27,False
cli_7f_appendUsage__line258_320,codegeex4:9b,batch01__Cli_7__appendUsage__cli_7f_appendUsage_line258,m07,1,19,27,False
cli_7f_appendUsage__line258_320,codegeex4:9b,batch01__Cli_7__appendUsage__cli_7f_appendUsage_line258,m08,1,8,27,False
cli_7f_process__line156_235,codegeex4:9b,batch01__Cli_7__process__cli_7f_process_line156,m02,1,1,32,False
cli_7f_wrap__line340_438,codegeex4:9b,batch01__Cli_7__wrap__cli_7f_wrap_line340,m01,1,26,26,True
cli_7f_wrap__line340_438,codegeex4:9b,batch01__Cli_7__wrap__cli_7f_wrap_line340,m02,1,25,26,False
cli_7f_wrap__line340_438,codegeex4:9b,batch01__Cli_7__wrap__cli_7f_wrap_line340,m03,1,24,26,False
cli_7f_wrap__line340_438,codegeex4:9b,batch01__Cli_7__wrap__cli_7f_wrap_line340,m04,1,12,26,False
cli_7f_wrap__line340_438,codegeex4:9b,batch01__Cli_7__wrap__cli_7f_wrap_line340,m06,1,13,26,False
cli_7f_wrap__line340_438,codegeex4:9b,batch01__Cli_7__wrap__cli_7f_wrap_line340,m08,1,11,26,False
closure_106f_precedence__line605_680,codegeex4:9b,batch01__Closure_106__precedence__closure_106f_precedence_line605,m01,1,1886,1892,False
closure_106f_precedence__line605_680,codegeex4:9b,batch01__Closure_106__precedence__closure_106f_precedence_line605,m05,1,2,1892,False
closure_106f_precedence__line605_680,codegeex4:9b,batch01__Closure_106__precedence__closure_106f_precedence_line605,m06,1,1,1892,False
closure_106f_precedence__line605_680,codegeex4:9b,batch01__Closure_106__precedence__closure_106f_precedence_line605,m07,0,0,1892,n/a
closure_106f_precedence__line605_680,codegeex4:9b,batch01__Closure_106__precedence__closure_106f_precedence_line605,m08,1,1,1892,False
closure_125f_precedenceWithDefault__line1179_1254,codegeex4:9b,batch01__Closure_125__precedenceWithDefault__closure_125f_precedenceWithDefault_line1179,m01,0,0,3533,n/a
closure_1f_biggestPowerTen__line180_277,codegeex4:9b,batch01__Closure_1__biggestPowerTen__closure_1f_biggestPowerTen_line180,m01,0,0,1,n/a
closure_1f_biggestPowerTen__line180_277,codegeex4:9b,batch01__Closure_1__biggestPowerTen__closure_1f_biggestPowerTen_line180,m02,0,0,1,n/a
closure_1f_biggestPowerTen__line180_277,codegeex4:9b,batch01__Closure_1__biggestPowerTen__closure_1f_biggestPowerTen_line180,m04,0,0,1,n/a
closure_1f_biggestPowerTen__line180_277,codegeex4:9b,batch01__Closure_1__biggestPowerTen__closure_1f_biggestPowerTen_line180,m05,0,0,1,n/a
closure_1f_biggestPowerTen__line180_277,codegeex4:9b,batch01__Closure_1__biggestPowerTen__closure_1f_biggestPowerTen_line180,m07,0,0,1,n/a
closure_1f_biggestPowerTen__line180_277,codegeex4:9b,batch01__Closure_1__biggestPowerTen__closure_1f_biggestPowerTen_line180,m08,0,0,1,n/a
closure_44f_bytecodeName__line179_262,codegeex4:9b,batch01__Closure_44__bytecodeName__closure_44f_bytecodeName_line179,m02,0,0,1,n/a
closure_44f_bytecodeName__line179_262,codegeex4:9b,batch01__Closure_44__bytecodeName__closure_44f_bytecodeName_line179,m04,0,0,1,n/a
closure_44f_bytecodeName__line179_262,codegeex4:9b,batch01__Closure_44__bytecodeName__closure_44f_bytecodeName_line179,m06,0,0,1,n/a
closure_44f_findInstanceIdInfo__line139_191,codegeex4:9b,batch01__Closure_44__findInstanceIdInfo__closure_44f_findInstanceIdInfo_line139,m01,0,0,1,n/a
closure_44f_findInstanceIdInfo__line139_191,codegeex4:9b,batch01__Closure_44__findInstanceIdInfo__closure_44f_findInstanceIdInfo_line139,m03,0,0,1,n/a
closure_44f_findInstanceIdInfo__line139_191,codegeex4:9b,batch01__Closure_44__findInstanceIdInfo__closure_44f_findInstanceIdInfo_line139,m05,0,0,1,n/a
closure_44f_findInstanceIdInfo__line139_191,codegeex4:9b,batch01__Closure_44__findInstanceIdInfo__closure_44f_findInstanceIdInfo_line139,m06,0,0,1,n/a
closure_44f_findInstanceIdInfo__line139_191,codegeex4:9b,batch01__Closure_44__findInstanceIdInfo__closure_44f_findInstanceIdInfo_line139,m08,0,0,1,n/a
closure_44f_findPrototypeId__line459_537,codegeex4:9b,batch01__Closure_44__findPrototypeId__closure_44f_findPrototypeId_line459,m01,0,0,1,n/a
closure_44f_findPrototypeId__line459_537,codegeex4:9b,batch01__Closure_44__findPrototypeId__closure_44f_findPrototypeId_line459,m02,0,0,1,n/a
closure_44f_findPrototypeId__line459_537,codegeex4:9b,batch01__Closure_44__findPrototypeId__closure_44f_findPrototypeId_line459,m04,0,0,1,n/a
closure_44f_findPrototypeId__line459_537,codegeex4:9b,batch01__Closure_44__findPrototypeId__closure_44f_findPrototypeId_line459,m05,0,0,1,n/a
closure_44f_findPrototypeId__line459_537,codegeex4:9b,batch01__Closure_44__findPrototypeId__closure_44f_findPrototypeId_line459,m06,0,0,1,n/a
closure_44f_findPrototypeId__line459_537,codegeex4:9b,batch01__Closure_44__findPrototypeId__closure_44f_findPrototypeId_line459,m07,0,0,1,n/a
closure_44f_findPrototypeId__line459_537,codegeex4:9b,batch01__Closure_44__findPrototypeId__closure_44f_findPrototypeId_line459,m08,0,0,1,n/a
closure_44f_hasSideEffects__line950_1043,codegeex4:9b,batch01__Closure_44__hasSideEffects__closure_44f_hasSideEffects_line950,m01,0,0,1,n/a
closure_44f_hasSideEffects__line950_1043,codegeex4:9b,batch01__Closure_44__hasSideEffects__closure_44f_hasSideEffects_line950,m03,0,0,1,n/a
closure_44f_hasSideEffects__line950_1043,codegeex4:9b,batch01__Closure_44__hasSideEffects__closure_44f_hasSideEffects_line950,m05,0,0,1,n/a
closure_44f_hasSideEffects__line950_1043,codegeex4:9b,batch01__Closure_44__hasSideEffects__closure_44f_hasSideEffects_line950,m07,0,0,1,n/a
closure_44f_hasSideEffects__line950_1043,codegeex4:9b,batch01__Closure_44__hasSideEffects__closure_44f_hasSideEffects_line950,m08,0,0,1,n/a
closure_44f_visit__line381_459,codegeex4:9b,batch01__Closure_44__visit__closure_44f_visit_line381,m01,0,0,1,n/a
closure_44f_visit__line381_459,codegeex4:9b,batch01__Closure_44__visit__closure_44f_visit_line381,m06,0,0,1,n/a
closure_44f_visit__line381_459,codegeex4:9b,batch01__Closure_44__visit__closure_44f_visit_line381,m07,0,0,1,n/a
closure_44f_visit__line381_459,codegeex4:9b,batch01__Closure_44__visit__closure_44f_visit_line381,m08,0,0,1,n/a
closure_46f_mayBeExpression__line487_559,codegeex4:9b,batch01__Closure_46__mayBeExpression__closure_46f_mayBeExpression_line487,m01,1,1,100,False
closure_46f_mayBeExpression__line487_559,codegeex4:9b,batch01__Closure_46__mayBeExpression__closure_46f_mayBeExpression_line487,m02,1,5,100,False
closure_46f_mayBeExpression__line487_559,codegeex4:9b,batch01__Closure_46__mayBeExpression__closure_46f_mayBeExpression_line487,m03,0,0,100,n/a
closure_46f_mayBeExpression__line487_559,codegeex4:9b,batch01__Closure_46__mayBeExpression__closure_46f_mayBeExpression_line487,m05,0,0,100,n/a
closure_46f_mayBeExpression__line487_559,codegeex4:9b,batch01__Closure_46__mayBeExpression__closure_46f_mayBeExpression_line487,m06,1,72,100,False
closure_46f_mayBeExpression__line487_559,codegeex4:9b,batch01__Closure_46__mayBeExpression__closure_46f_mayBeExpression_line487,m07,0,0,100,n/a
closure_47f_tokenToName__line1461_1548,codegeex4:9b,batch01__Closure_47__tokenToName__closure_47f_tokenToName_line1461,m03,0,0,656,n/a
closure_47f_tokenToName__line1461_1548,codegeex4:9b,batch01__Closure_47__tokenToName__closure_47f_tokenToName_line1461,m06,0,0,656,n/a
closure_47f_tokenToName__line1461_1548,codegeex4:9b,batch01__Closure_47__tokenToName__closure_47f_tokenToName_line1461,m07,1,27,656,False
codec_11f_pattern__line405_496,codegeex4:9b,batch01__Codec_11__pattern__codec_11f_pattern_line405,m01,0,0,11,n/a
codec_11f_pattern__line405_496,codegeex4:9b,batch01__Codec_11__pattern__codec_11f_pattern_line405,m02,0,0,11,n/a
codec_11f_pattern__line405_496,codegeex4:9b,batch01__Codec_11__pattern__codec_11f_pattern_line405,m03,0,0,11,n/a
codec_11f_pattern__line405_496,codegeex4:9b,batch01__Codec_11__pattern__codec_11f_pattern_line405,m04,0,0,11,n/a
codec_11f_pattern__line405_496,codegeex4:9b,batch01__Codec_11__pattern__codec_11f_pattern_line405,m05,0,0,11,n/a
codec_11f_pattern__line405_496,codegeex4:9b,batch01__Codec_11__pattern__codec_11f_pattern_line405,m06,0,0,11,n/a
codec_11f_pattern__line405_496,codegeex4:9b,batch01__Codec_11__pattern__codec_11f_pattern_line405,m07,0,0,11,n/a
codec_11f_pattern__line405_496,codegeex4:9b,batch01__Codec_11__pattern__codec_11f_pattern_line405,m08,0,0,11,n/a
codec_13f_encode__line385_469,codegeex4:9b,batch01__Codec_13__encode__codec_13f_encode_line385,m01,1,13,13,True
codec_13f_encode__line385_469,codegeex4:9b,batch01__Codec_13__encode__codec_13f_encode_line385,m03,0,0,13,n/a
codec_13f_encode__line385_469,codegeex4:9b,batch01__Codec_13__encode__codec_13f_encode_line385,m04,0,0,13,n/a
codec_13f_encode__line385_469,codegeex4:9b,batch01__Codec_13__encode__codec_13f_encode_line385,m05,1,3,13,False
codec_13f_encode__line385_469,codegeex4:9b,batch01__Codec_13__encode__codec_13f_encode_line385,m06,1,2,13,False
codec_13f_encode__line385_469,codegeex4:9b,batch01__Codec_13__encode__codec_13f_encode_line385,m07,1,11,13,False
codec_13f_handleG__line408_461,codegeex4:9b,batch01__Codec_13__handleG__codec_13f_handleG_line408,m01,1,3,5,False
codec_13f_handleG__line408_461,codegeex4:9b,batch01__Codec_13__handleG__codec_13f_handleG_line408,m02,0,0,5,n/a
codec_13f_handleG__line408_461,codegeex4:9b,batch01__Codec_13__handleG__codec_13f_handleG_line408,m08,1,1,5,False
codec_13f_handleJ__line514_545,codegeex4:9b,batch01__Codec_13__handleJ__codec_13f_handleJ_line514,m01,1,3,8,False
codec_13f_handleJ__line514_545,codegeex4:9b,batch01__Codec_13__handleJ__codec_13f_handleJ_line514,m03,1,1,8,False
codec_13f_handleJ__line514_545,codegeex4:9b,batch01__Codec_13__handleJ__codec_13f_handleJ_line514,m07,0,0,8,n/a
codec_13f_handleS__line597_642,codegeex4:9b,batch01__Codec_13__handleS__codec_13f_handleS_line597,m01,1,2,8,False
codec_13f_handleS__line597_642,codegeex4:9b,batch01__Codec_13__handleS__codec_13f_handleS_line597,m02,0,0,8,n/a
codec_13f_handleS__line597_642,codegeex4:9b,batch01__Codec_13__handleS__codec_13f_handleS_line597,m03,1,2,8,False
codec_13f_handleS__line597_642,codegeex4:9b,batch01__Codec_13__handleS__codec_13f_handleS_line597,m04,1,2,8,False
codec_13f_handleS__line597_642,codegeex4:9b,batch01__Codec_13__handleS__codec_13f_handleS_line597,m05,1,3,8,False
codec_13f_handleS__line597_642,codegeex4:9b,batch01__Codec_13__handleS__codec_13f_handleS_line597,m06,0,0,8,n/a
codec_13f_handleS__line597_642,codegeex4:9b,batch01__Codec_13__handleS__codec_13f_handleS_line597,m07,1,5,8,False
codec_13f_handleS__line597_642,codegeex4:9b,batch01__Codec_13__handleS__codec_13f_handleS_line597,m08,0,0,8,n/a
codec_17f_transcodeRemaining__line118_167,codegeex4:9b,batch01__Codec_17__transcodeRemaining__codec_17f_transcodeRemaining_line118,m01,1,2,19,False
codec_17f_transcodeRemaining__line118_167,codegeex4:9b,batch01__Codec_17__transcodeRemaining__codec_17f_transcodeRemaining_line118,m02,1,17,19,False
codec_17f_transcodeRemaining__line118_167,codegeex4:9b,batch01__Codec_17__transcodeRemaining__codec_17f_transcodeRemaining_line118,m06,1,3,19,False
codec_17f_transcodeRemaining__line118_167,codegeex4:9b,batch01__Codec_17__transcodeRemaining__codec_17f_transcodeRemaining_line118,m07,1,1,19,False
codec_17f_transcodeRemaining__line118_167,codegeex4:9b,batch01__Codec_17__transcodeRemaining__codec_17f_transcodeRemaining_line118,m08,1,1,19,False
codec_1f_handleC__line281_330,codegeex4:9b,batch01__Codec_1__handleC__codec_1f_handleC_line281,m01,1,1,4,False
codec_1f_handleC__line281_330,codegeex4:9b,batch01__Codec_1__handleC__codec_1f_handleC_line281,m03,1,1,4,False
codec_1f_handleC__line281_330,codegeex4:9b,batch01__Codec_1__handleC__codec_1f_handleC_line281,m06,1,3,4,False
codec_1f_handleC__line281_330,codegeex4:9b,batch01__Codec_1__handleC__codec_1f_handleC_line281,m07,1,2,4,False
codec_1f_handleG__line418_469,codegeex4:9b,batch01__Codec_1__handleG__codec_1f_handleG_line418,m02,0,0,3,n/a
codec_1f_handleG__line418_469,codegeex4:9b,batch01__Codec_1__handleG__codec_1f_handleG_line418,m04,1,1,3,False
codec_1f_handleG__line418_469,codegeex4:9b,batch01__Codec_1__handleG__codec_1f_handleG_line418,m05,0,0,3,n/a
codec_1f_handleG__line418_469,codegeex4:9b,batch01__Codec_1__handleG__codec_1f_handleG_line418,m07,0,0,3,n/a
codec_1f_handleG__line418_469,codegeex4:9b,batch01__Codec_1__handleG__codec_1f_handleG_line418,m08,1,2,3,False
codec_1f_handleJ__line526_556,codegeex4:9b,batch01__Codec_1__handleJ__codec_1f_handleJ_line526,m01,1,2,5,False
codec_1f_handleJ__line526_556,codegeex4:9b,batch01__Codec_1__handleJ__codec_1f_handleJ_line526,m02,0,0,5,n/a
codec_1f_handleJ__line526_556,codegeex4:9b,batch01__Codec_1__handleJ__codec_1f_handleJ_line526,m03,0,0,5,n/a
codec_1f_handleJ__line526_556,codegeex4:9b,batch01__Codec_1__handleJ__codec_1f_handleJ_line526,m04,0,0,5,n/a
codec_1f_handleJ__line526_556,codegeex4:9b,batch01__Codec_1__handleJ__codec_1f_handleJ_line526,m05,1,1,5,False
codec_1f_handleJ__line526_556,codegeex4:9b,batch01__Codec_1__handleJ__codec_1f_handleJ_line526,m06,0,0,5,n/a
codec_1f_handleJ__line526_556,codegeex4:9b,batch01__Codec_1__handleJ__codec_1f_handleJ_line526,m07,0,0,5,n/a
codec_1f_handleS__line612_660,codegeex4:9b,batch01__Codec_1__handleS__codec_1f_handleS_line612,m04,0,0,6,n/a
codec_9f_colognePhonetic__line293_383,codegeex4:9b,batch01__Codec_9__colognePhonetic__codec_9f_colognePhonetic_line293,m02,1,2,3,False
codec_9f_colognePhonetic__line293_383,codegeex4:9b,batch01__Codec_9__colognePhonetic__codec_9f_colognePhonetic_line293,m03,1,1,3,False
codec_9f_colognePhonetic__line293_383,codegeex4:9b,batch01__Codec_9__colognePhonetic__codec_9f_colognePhonetic_line293,m04,1,1,3,False
codec_9f_colognePhonetic__line293_383,codegeex4:9b,batch01__Codec_9__colognePhonetic__codec_9f_colognePhonetic_line293,m05,1,2,3,False
codec_9f_colognePhonetic__line293_383,codegeex4:9b,batch01__Codec_9__colognePhonetic__codec_9f_colognePhonetic_line293,m06,1,1,3,False
codec_9f_colognePhonetic__line293_383,codegeex4:9b,batch01__Codec_9__colognePhonetic__codec_9f_colognePhonetic_line293,m07,1,2,3,False
codec_9f_colognePhonetic__line293_383,codegeex4:9b,batch01__Codec_9__colognePhonetic__codec_9f_colognePhonetic_line293,m08,1,2,3,False
codec_9f_read__line76_117,codegeex4:9b,batch01__Codec_9__read__codec_9f_read_line76,m01,1,1,8,False
codec_9f_read__line76_117,codegeex4:9b,batch01__Codec_9__read__codec_9f_read_line76,m05,1,4,8,False
codec_9f_read__line76_117,codegeex4:9b,batch01__Codec_9__read__codec_9f_read_line76,m06,1,2,8,False
codec_9f_read__line76_117,codegeex4:9b,batch01__Codec_9__read__codec_9f_read_line76,m07,0,0,8,n/a
codec_9f_read__line76_117,codegeex4:9b,batch01__Codec_9__read__codec_9f_read_line76,m08,0,0,8,n/a
collections_17f_put__line254_330,codegeex4:9b,batch01__Collections_17__put__collections_17f_put_line254,m03,1,3,13,False
collections_17f_put__line254_330,codegeex4:9b,batch01__Collections_17__put__collections_17f_put_line254,m04,1,3,13,False
collections_17f_put__line254_330,codegeex4:9b,batch01__Collections_17__put__collections_17f_put_line254,m05,0,0,13,n/a
collections_17f_put__line254_330,codegeex4:9b,batch01__Collections_17__put__collections_17f_put_line254,m06,1,13,13,False
collections_17f_put__line254_330,codegeex4:9b,batch01__Collections_17__put__collections_17f_put_line254,m07,0,0,13,n/a
collections_17f_size__line1027_1058,codegeex4:9b,batch01__Collections_17__size__collections_17f_size_line1027,m01,1,14,15,False
collections_17f_size__line1027_1058,codegeex4:9b,batch01__Collections_17__size__collections_17f_size_line1027,m03,1,1,15,False
collections_1f_containsKey__line186_213,codegeex4:9b,batch01__Collections_1__containsKey__collections_1f_containsKey_line186,m01,1,2,12,False
collections_1f_containsKey__line186_213,codegeex4:9b,batch01__Collections_1__containsKey__collections_1f_containsKey_line186,m02,0,0,12,n/a
collections_1f_containsKey__line186_213,codegeex4:9b,batch01__Collections_1__containsKey__collections_1f_containsKey_line186,m03,0,0,12,n/a
collections_1f_containsKey__line186_213,codegeex4:9b,batch01__Collections_1__containsKey__collections_1f_containsKey_line186,m06,0,0,12,n/a
collections_1f_put__line255_331,codegeex4:9b,batch01__Collections_1__put__collections_1f_put_line255,m01,1,1,12,False
collections_1f_put__line255_331,codegeex4:9b,batch01__Collections_1__put__collections_1f_put_line255,m03,0,0,12,n/a
collections_1f_put__line255_331,codegeex4:9b,batch01__Collections_1__put__collections_1f_put_line255,m07,0,0,12,n/a
collections_1f_swapPosition__line1043_1135,codegeex4:9b,batch01__Collections_1__swapPosition__collections_1f_swapPosition_line1043,m01,0,0,6,n/a
collections_1f_swapPosition__line1043_1135,codegeex4:9b,batch01__Collections_1__swapPosition__collections_1f_swapPosition_line1043,m02,0,0,6,n/a
collections_1f_swapPosition__line1043_1135,codegeex4:9b,batch01__Collections_1__swapPosition__collections_1f_swapPosition_line1043,m03,0,0,6,n/a
collections_1f_swapPosition__line1043_1135,codegeex4:9b,batch01__Collections_1__swapPosition__collections_1f_swapPosition_line1043,m04,0,0,6,n/a
collections_1f_swapPosition__line1043_1135,codegeex4:9b,batch01__Collections_1__swapPosition__collections_1f_swapPosition_line1043,m05,0,0,6,n/a
collections_1f_swapPosition__line1043_1135,codegeex4:9b,batch01__Collections_1__swapPosition__collections_1f_swapPosition_line1043,m06,0,0,6,n/a
collections_1f_swapPosition__line1043_1135,codegeex4:9b,batch01__Collections_1__swapPosition__collections_1f_swapPosition_line1043,m07,0,0,6,n/a
collections_1f_swapPosition__line1043_1135,codegeex4:9b,batch01__Collections_1__swapPosition__collections_1f_swapPosition_line1043,m08,0,0,6,n/a
collections_21f_containsKey__line197_236,codegeex4:9b,batch01__Collections_21__containsKey__collections_21f_containsKey_line197,m01,0,0,12,n/a
collections_21f_containsKey__line197_236,codegeex4:9b,batch01__Collections_21__containsKey__collections_21f_containsKey_line197,m02,0,0,12,n/a
collections_21f_containsKey__line197_236,codegeex4:9b,batch01__Collections_21__containsKey__collections_21f_containsKey_line197,m04,1,1,12,False
collections_21f_containsKey__line197_236,codegeex4:9b,batch01__Collections_21__containsKey__collections_21f_containsKey_line197,m05,0,0,12,n/a
collections_21f_merge__line1563_1616,codegeex4:9b,batch01__Collections_21__merge__collections_21f_merge_line1563,m03,1,1,4,False
collections_21f_merge__line1563_1616,codegeex4:9b,batch01__Collections_21__merge__collections_21f_merge_line1563,m05,0,0,4,n/a
collections_21f_merge__line1563_1616,codegeex4:9b,batch01__Collections_21__merge__collections_21f_merge_line1563,m06,1,2,4,False
collections_21f_merge__line1563_1616,codegeex4:9b,batch01__Collections_21__merge__collections_21f_merge_line1563,m08,1,2,4,False
collections_21f_put__line290_366,codegeex4:9b,batch01__Collections_21__put__collections_21f_put_line290,m01,0,0,13,n/a
collections_21f_put__line290_366,codegeex4:9b,batch01__Collections_21__put__collections_21f_put_line290,m04,1,13,13,False
collections_21f_put__line290_366,codegeex4:9b,batch01__Collections_21__put__collections_21f_put_line290,m07,1,9,13,False
collections_21f_put__line290_366,codegeex4:9b,batch01__Collections_21__put__collections_21f_put_line290,m08,1,3,13,False
collections_22f_size__line1301_1332,codegeex4:9b,batch01__Collections_22__size__collections_22f_size_line1301,m01,0,0,17,n/a
compress_10f_read__line212_291,codegeex4:9b,batch01__Compress_10__read__compress_10f_read_line212,m02,1,4,5,False
compress_10f_read__line212_291,codegeex4:9b,batch01__Compress_10__read__compress_10f_read_line212,m03,1,5,5,True
compress_10f_read__line212_291,codegeex4:9b,batch01__Compress_10__read__compress_10f_read_line212,m04,1,4,5,False
compress_10f_read__line212_291,codegeex4:9b,batch01__Compress_10__read__compress_10f_read_line212,m08,0,0,5,n/a
compress_1f_generateMTFValues__line1542_1638,codegeex4:9b,batch01__Compress_1__generateMTFValues__compress_1f_generateMTFValues_line1542,m01,0,0,1,n/a
compress_1f_generateMTFValues__line1542_1638,codegeex4:9b,batch01__Compress_1__generateMTFValues__compress_1f_generateMTFValues_line1542,m02,0,0,1,n/a
compress_1f_generateMTFValues__line1542_1638,codegeex4:9b,batch01__Compress_1__generateMTFValues__compress_1f_generateMTFValues_line1542,m03,0,0,1,n/a
compress_1f_generateMTFValues__line1542_1638,codegeex4:9b,batch01__Compress_1__generateMTFValues__compress_1f_generateMTFValues_line1542,m04,1,1,1,True
compress_1f_generateMTFValues__line1542_1638,codegeex4:9b,batch01__Compress_1__generateMTFValues__compress_1f_generateMTFValues_line1542,m06,0,0,1,n/a
compress_1f_generateMTFValues__line1542_1638,codegeex4:9b,batch01__Compress_1__generateMTFValues__compress_1f_generateMTFValues_line1542,m07,0,0,1,n/a
compress_1f_generateMTFValues__line1542_1638,codegeex4:9b,batch01__Compress_1__generateMTFValues__compress_1f_generateMTFValues_line1542,m08,0,0,1,n/a
compress_29f_createLocalFileHeader__line1009_1073,codegeex4:9b,batch01__Compress_29__createLocalFileHeader__compress_29f_createLocalFileHeader_line1009,m01,0,0,46,n/a
compress_29f_createLocalFileHeader__line1009_1073,codegeex4:9b,batch01__Compress_29__createLocalFileHeader__compress_29f_createLocalFileHeader_line1009,m02,0,0,46,n/a
compress_29f_createLocalFileHeader__line1009_1073,codegeex4:9b,batch01__Compress_29__createLocalFileHeader__compress_29f_createLocalFileHeader_line1009,m03,0,0,46,n/a
compress_29f_createLocalFileHeader__line1009_1073,codegeex4:9b,batch01__Compress_29__createLocalFileHeader__compress_29f_createLocalFileHeader_line1009,m04,0,0,46,n/a
compress_29f_createLocalFileHeader__line1009_1073,codegeex4:9b,batch01__Compress_29__createLocalFileHeader__compress_29f_createLocalFileHeader_line1009,m05,0,0,46,n/a
compress_29f_createLocalFileHeader__line1009_1073,codegeex4:9b,batch01__Compress_29__createLocalFileHeader__compress_29f_createLocalFileHeader_line1009,m06,1,2,46,False
compress_29f_createLocalFileHeader__line1009_1073,codegeex4:9b,batch01__Compress_29__createLocalFileHeader__compress_29f_createLocalFileHeader_line1009,m07,0,0,46,n/a
compress_29f_createLocalFileHeader__line1009_1073,codegeex4:9b,batch01__Compress_29__createLocalFileHeader__compress_29f_createLocalFileHeader_line1009,m08,1,46,46,True
compress_43f_detect__line486_564,codegeex4:9b,batch01__Compress_43__detect__compress_43f_detect_line486,m02,1,42,42,True
compress_43f_detect__line486_564,codegeex4:9b,batch01__Compress_43__detect__compress_43f_detect_line486,m03,0,0,42,n/a
compress_43f_detect__line486_564,codegeex4:9b,batch01__Compress_43__detect__compress_43f_detect_line486,m07,1,5,42,False
compress_43f_readFrameDescriptor__line190_233,codegeex4:9b,batch01__Compress_43__readFrameDescriptor__compress_43f_readFrameDescriptor_line190,m01,1,1,33,False
compress_43f_readFrameDescriptor__line190_233,codegeex4:9b,batch01__Compress_43__readFrameDescriptor__compress_43f_readFrameDescriptor_line190,m03,1,1,33,False
compress_43f_readFrameDescriptor__line190_233,codegeex4:9b,batch01__Compress_43__readFrameDescriptor__compress_43f_readFrameDescriptor_line190,m04,1,1,33,False
compress_43f_readFrameDescriptor__line190_233,codegeex4:9b,batch01__Compress_43__readFrameDescriptor__compress_43f_readFrameDescriptor_line190,m05,1,6,33,False
compress_43f_readFrameDescriptor__line190_233,codegeex4:9b,batch01__Compress_43__readFrameDescriptor__compress_43f_readFrameDescriptor_line190,m06,1,30,33,False
compress_43f_readFrameDescriptor__line190_233,codegeex4:9b,batch01__Compress_43__readFrameDescriptor__compress_43f_readFrameDescriptor_line190,m07,1,1,33,False
compress_43f_readFrameDescriptor__line190_233,codegeex4:9b,batch01__Compress_43__readFrameDescriptor__compress_43f_readFrameDescriptor_line190,m08,1,28,33,False
compress_46f_processPaxHeader__line1021_1087,codegeex4:9b,batch01__Compress_46__processPaxHeader__compress_46f_processPaxHeader_line1021,m03,1,3,17,False
compress_46f_processPaxHeader__line1021_1087,codegeex4:9b,batch01__Compress_46__processPaxHeader__compress_46f_processPaxHeader_line1021,m05,1,1,17,False
compress_46f_processPaxHeader__line1021_1087,codegeex4:9b,batch01__Compress_46__processPaxHeader__compress_46f_processPaxHeader_line1021,m06,0,0,17,n/a
compress_46f_processPaxHeader__line1021_1087,codegeex4:9b,batch01__Compress_46__processPaxHeader__compress_46f_processPaxHeader_line1021,m07,1,2,17,False
compress_7f_initBlock__line240_278,codegeex4:9b,batch01__Compress_7__initBlock__compress_7f_initBlock_line240,m01,0,0,3,n/a
compress_7f_recvDecodingTables__line416_495,codegeex4:9b,batch01__Compress_7__recvDecodingTables__compress_7f_recvDecodingTables_line416,m01,1,3,3,True
compress_7f_recvDecodingTables__line416_495,codegeex4:9b,batch01__Compress_7__recvDecodingTables__compress_7f_recvDecodingTables_line416,m02,1,3,3,True
compress_7f_recvDecodingTables__line416_495,codegeex4:9b,batch01__Compress_7__recvDecodingTables__compress_7f_recvDecodingTables_line416,m04,1,3,3,True
compress_7f_recvDecodingTables__line416_495,codegeex4:9b,batch01__Compress_7__recvDecodingTables__compress_7f_recvDecodingTables_line416,m05,1,3,3,True
compress_7f_recvDecodingTables__line416_495,codegeex4:9b,batch01__Compress_7__recvDecodingTables__compress_7f_recvDecodingTables_line416,m06,1,3,3,True
compress_7f_recvDecodingTables__line416_495,codegeex4:9b,batch01__Compress_7__recvDecodingTables__compress_7f_recvDecodingTables_line416,m07,1,3,3,True
compress_7f_recvDecodingTables__line416_495,codegeex4:9b,batch01__Compress_7__recvDecodingTables__compress_7f_recvDecodingTables_line416,m08,1,1,3,False
csv_11f_initializeHeader__line359_394,codegeex4:9b,batch01__Csv_11__initializeHeader__csv_11f_initializeHeader_line359,m01,1,9,50,False
csv_11f_initializeHeader__line359_394,codegeex4:9b,batch01__Csv_11__initializeHeader__csv_11f_initializeHeader_line359,m04,1,2,50,False
csv_11f_initializeHeader__line359_394,codegeex4:9b,batch01__Csv_11__initializeHeader__csv_11f_initializeHeader_line359,m06,1,10,50,False
csv_1f_encapsulatedTokenLexer__line181_225,codegeex4:9b,batch01__Csv_1__encapsulatedTokenLexer__csv_1f_encapsulatedTokenLexer_line181,m01,1,9,13,False
csv_1f_encapsulatedTokenLexer__line181_225,codegeex4:9b,batch01__Csv_1__encapsulatedTokenLexer__csv_1f_encapsulatedTokenLexer_line181,m02,1,13,13,False
csv_1f_encapsulatedTokenLexer__line181_225,codegeex4:9b,batch01__Csv_1__encapsulatedTokenLexer__csv_1f_encapsulatedTokenLexer_line181,m04,1,1,13,False
csv_1f_encapsulatedTokenLexer__line181_225,codegeex4:9b,batch01__Csv_1__encapsulatedTokenLexer__csv_1f_encapsulatedTokenLexer_line181,m06,0,0,13,n/a
csv_1f_encapsulatedTokenLexer__line181_225,codegeex4:9b,batch01__Csv_1__encapsulatedTokenLexer__csv_1f_encapsulatedTokenLexer_line181,m07,1,8,13,False
csv_1f_encapsulatedTokenLexer__line181_225,codegeex4:9b,batch01__Csv_1__encapsulatedTokenLexer__csv_1f_encapsulatedTokenLexer_line181,m08,1,6,13,False
csv_1f_nextToken__line40_118,codegeex4:9b,batch01__Csv_1__nextToken__csv_1f_nextToken_line40,m01,1,4,31,False
csv_1f_nextToken__line40_118,codegeex4:9b,batch01__Csv_1__nextToken__csv_1f_nextToken_line40,m02,1,30,31,False
csv_1f_nextToken__line40_118,codegeex4:9b,batch01__Csv_1__nextToken__csv_1f_nextToken_line40,m04,1,30,31,False
csv_1f_nextToken__line40_118,codegeex4:9b,batch01__Csv_1__nextToken__csv_1f_nextToken_line40,m06,0,0,31,n/a
csv_2f_nextRecord__line183_222,codegeex4:9b,batch01__Csv_2__nextRecord__csv_2f_nextRecord_line183,m01,0,0,33,n/a
csv_2f_nextRecord__line183_222,codegeex4:9b,batch01__Csv_2__nextRecord__csv_2f_nextRecord_line183,m02,1,15,33,False
csv_2f_nextRecord__line183_222,codegeex4:9b,batch01__Csv_2__nextRecord__csv_2f_nextRecord_line183,m03,1,2,33,False
csv_2f_nextRecord__line183_222,codegeex4:9b,batch01__Csv_2__nextRecord__csv_2f_nextRecord_line183,m04,0,0,33,n/a
csv_2f_nextRecord__line183_222,codegeex4:9b,batch01__Csv_2__nextRecord__csv_2f_nextRecord_line183,m05,1,1,33,False
csv_2f_nextRecord__line183_222,codegeex4:9b,batch01__Csv_2__nextRecord__csv_2f_nextRecord_line183,m07,1,31,33,False
csv_2f_nextRecord__line183_222,codegeex4:9b,batch01__Csv_2__nextRecord__csv_2f_nextRecord_line183,m08,1,4,33,False
csv_2f_parseEncapsulatedToken__line198_242,codegeex4:9b,batch01__Csv_2__parseEncapsulatedToken__csv_2f_parseEncapsulatedToken_line198,m01,1,1,14,False
csv_2f_parseEncapsulatedToken__line198_242,codegeex4:9b,batch01__Csv_2__parseEncapsulatedToken__csv_2f_parseEncapsulatedToken_line198,m02,1,6,14,False
csv_2f_parseEncapsulatedToken__line198_242,codegeex4:9b,batch01__Csv_2__parseEncapsulatedToken__csv_2f_parseEncapsulatedToken_line198,m04,1,6,14,False
csv_2f_parseEncapsulatedToken__line198_242,codegeex4:9b,batch01__Csv_2__parseEncapsulatedToken__csv_2f_parseEncapsulatedToken_line198,m05,1,1,14,False
csv_2f_parseEncapsulatedToken__line198_242,codegeex4:9b,batch01__Csv_2__parseEncapsulatedToken__csv_2f_parseEncapsulatedToken_line198,m06,1,1,14,False
csv_2f_parseEncapsulatedToken__line198_242,codegeex4:9b,batch01__Csv_2__parseEncapsulatedToken__csv_2f_parseEncapsulatedToken_line198,m08,1,1,14,False
csv_2f_parseSimpleToken__line149_176,codegeex4:9b,batch01__Csv_2__parseSimpleToken__csv_2f_parseSimpleToken_line149,m01,1,9,48,False
csv_2f_parseSimpleToken__line149_176,codegeex4:9b,batch01__Csv_2__parseSimpleToken__csv_2f_parseSimpleToken_line149,m02,0,0,48,n/a
csv_2f_parseSimpleToken__line149_176,codegeex4:9b,batch01__Csv_2__parseSimpleToken__csv_2f_parseSimpleToken_line149,m03,1,34,48,False
csv_2f_parseSimpleToken__line149_176,codegeex4:9b,batch01__Csv_2__parseSimpleToken__csv_2f_parseSimpleToken_line149,m04,1,33,48,False
csv_2f_parseSimpleToken__line149_176,codegeex4:9b,batch01__Csv_2__parseSimpleToken__csv_2f_parseSimpleToken_line149,m06,1,4,48,False
csv_2f_parseSimpleToken__line149_176,codegeex4:9b,batch01__Csv_2__parseSimpleToken__csv_2f_parseSimpleToken_line149,m07,1,35,48,False
csv_3f_readEscape__line87_117,codegeex4:9b,batch01__Csv_3__readEscape__csv_3f_readEscape_line87,m01,0,0,14,n/a
csv_3f_readEscape__line87_117,codegeex4:9b,batch01__Csv_3__readEscape__csv_3f_readEscape_line87,m02,0,0,14,n/a
csv_3f_readEscape__line87_117,codegeex4:9b,batch01__Csv_3__readEscape__csv_3f_readEscape_line87,m03,1,2,14,False
csv_3f_readEscape__line87_117,codegeex4:9b,batch01__Csv_3__readEscape__csv_3f_readEscape_line87,m04,1,1,14,False
csv_3f_readEscape__line87_117,codegeex4:9b,batch01__Csv_3__readEscape__csv_3f_readEscape_line87,m07,0,0,14,n/a
csv_3f_readEscape__line87_117,codegeex4:9b,batch01__Csv_3__readEscape__csv_3f_readEscape_line87,m08,1,3,14,False
csv_4f_equals__line313_370,codegeex4:9b,batch01__Csv_4__equals__csv_4f_equals_line313,m01,1,2,10,False
csv_4f_equals__line313_370,codegeex4:9b,batch01__Csv_4__equals__csv_4f_equals_line313,m02,1,1,10,False
csv_4f_equals__line313_370,codegeex4:9b,batch01__Csv_4__equals__csv_4f_equals_line313,m03,0,0,10,n/a
csv_4f_equals__line313_370,codegeex4:9b,batch01__Csv_4__equals__csv_4f_equals_line313,m04,1,1,10,False
csv_4f_equals__line313_370,codegeex4:9b,batch01__Csv_4__equals__csv_4f_equals_line313,m05,1,1,10,False
csv_4f_equals__line313_370,codegeex4:9b,batch01__Csv_4__equals__csv_4f_equals_line313,m06,1,1,10,False
csv_4f_equals__line313_370,codegeex4:9b,batch01__Csv_4__equals__csv_4f_equals_line313,m07,1,2,10,False
csv_4f_equals__line313_370,codegeex4:9b,batch01__Csv_4__equals__csv_4f_equals_line313,m08,0,0,10,n/a
csv_4f_nextToken__line82_164,codegeex4:9b,batch01__Csv_4__nextToken__csv_4f_nextToken_line82,m04,0,0,65,n/a
csv_4f_nextToken__line82_164,codegeex4:9b,batch01__Csv_4__nextToken__csv_4f_nextToken_line82,m05,0,0,65,n/a
csv_4f_nextToken__line82_164,codegeex4:9b,batch01__Csv_4__nextToken__csv_4f_nextToken_line82,m06,0,0,65,n/a
csv_4f_nextToken__line82_164,codegeex4:9b,batch01__Csv_4__nextToken__csv_4f_nextToken_line82,m07,0,0,65,n/a
csv_4f_nextToken__line82_164,codegeex4:9b,batch01__Csv_4__nextToken__csv_4f_nextToken_line82,m08,0,0,65,n/a
csv_4f_parseEncapsulatedToken__line239_288,codegeex4:9b,batch01__Csv_4__parseEncapsulatedToken__csv_4f_parseEncapsulatedToken_line239,m01,0,0,14,n/a
csv_4f_parseEncapsulatedToken__line239_288,codegeex4:9b,batch01__Csv_4__parseEncapsulatedToken__csv_4f_parseEncapsulatedToken_line239,m02,1,6,14,False
csv_4f_parseEncapsulatedToken__line239_288,codegeex4:9b,batch01__Csv_4__parseEncapsulatedToken__csv_4f_parseEncapsulatedToken_line239,m04,1,8,14,False
csv_4f_parseEncapsulatedToken__line239_288,codegeex4:9b,batch01__Csv_4__parseEncapsulatedToken__csv_4f_parseEncapsulatedToken_line239,m05,1,9,14,False
csv_4f_parseEncapsulatedToken__line239_288,codegeex4:9b,batch01__Csv_4__parseEncapsulatedToken__csv_4f_parseEncapsulatedToken_line239,m08,1,4,14,False
csv_4f_parseSimpleToken__line185_217,codegeex4:9b,batch01__Csv_4__parseSimpleToken__csv_4f_parseSimpleToken_line185,m01,0,0,62,n/a
csv_4f_parseSimpleToken__line185_217,codegeex4:9b,batch01__Csv_4__parseSimpleToken__csv_4f_parseSimpleToken_line185,m03,1,40,62,False
csv_4f_parseSimpleToken__line185_217,codegeex4:9b,batch01__Csv_4__parseSimpleToken__csv_4f_parseSimpleToken_line185,m04,1,11,62,False
csv_4f_parseSimpleToken__line185_217,codegeex4:9b,batch01__Csv_4__parseSimpleToken__csv_4f_parseSimpleToken_line185,m05,1,5,62,False
csv_4f_parseSimpleToken__line185_217,codegeex4:9b,batch01__Csv_4__parseSimpleToken__csv_4f_parseSimpleToken_line185,m06,1,37,62,False
csv_4f_parseSimpleToken__line185_217,codegeex4:9b,batch01__Csv_4__parseSimpleToken__csv_4f_parseSimpleToken_line185,m08,1,15,62,False
gson_11f_nextUnquotedValue__line1025_1085,codegeex4:9b,batch01__Gson_11__nextUnquotedValue__gson_11f_nextUnquotedValue_line1025,m02,1,53,80,False
gson_11f_nextUnquotedValue__line1025_1085,codegeex4:9b,batch01__Gson_11__nextUnquotedValue__gson_11f_nextUnquotedValue_line1025,m03,0,0,80,n/a
gson_11f_nextUnquotedValue__line1025_1085,codegeex4:9b,batch01__Gson_11__nextUnquotedValue__gson_11f_nextUnquotedValue_line1025,m05,1,4,80,False
gson_11f_nextUnquotedValue__line1025_1085,codegeex4:9b,batch01__Gson_11__nextUnquotedValue__gson_11f_nextUnquotedValue_line1025,m07,1,67,80,False
gson_1f_extractTypeForHierarchy__line117_153,codegeex4:9b,batch01__Gson_1__extractTypeForHierarchy__gson_1f_extractTypeForHierarchy_line117,m04,0,0,1,n/a
gson_1f_extractTypeForHierarchy__line117_153,codegeex4:9b,batch01__Gson_1__extractTypeForHierarchy__gson_1f_extractTypeForHierarchy_line117,m05,0,0,1,n/a
gson_1f_extractTypeForHierarchy__line117_153,codegeex4:9b,batch01__Gson_1__extractTypeForHierarchy__gson_1f_extractTypeForHierarchy_line117,m08,0,0,1,n/a
gson_1f_nextLiteral__line971_1016,codegeex4:9b,batch01__Gson_1__nextLiteral__gson_1f_nextLiteral_line971,m02,1,31,183,False
gson_1f_nextLiteral__line971_1016,codegeex4:9b,batch01__Gson_1__nextLiteral__gson_1f_nextLiteral_line971,m03,1,130,183,False
gson_1f_nextLiteral__line971_1016,codegeex4:9b,batch01__Gson_1__nextLiteral__gson_1f_nextLiteral_line971,m04,0,0,183,n/a
gson_1f_nextLiteral__line971_1016,codegeex4:9b,batch01__Gson_1__nextLiteral__gson_1f_nextLiteral_line971,m05,1,118,183,False
gson_1f_write__line86_130,codegeex4:9b,batch01__Gson_1__write__gson_1f_write_line86,m01,0,0,227,n/a
gson_1f_write__line86_130,codegeex4:9b,batch01__Gson_1__write__gson_1f_write_line86,m02,1,19,227,False
gson_1f_write__line86_130,codegeex4:9b,batch01__Gson_1__write__gson_1f_write_line86,m03,1,81,227,False
gson_1f_write__line86_130,codegeex4:9b,batch01__Gson_1__write__gson_1f_write_line86,m04,1,100,227,False
gson_1f_write__line86_130,codegeex4:9b,batch01__Gson_1__write__gson_1f_write_line86,m05,1,57,227,False
gson_1f_write__line86_130,codegeex4:9b,batch01__Gson_1__write__gson_1f_write_line86,m07,1,15,227,False
gson_2f_equals__line160_213,codegeex4:9b,batch01__Gson_2__equals__gson_2f_equals_line160,m01,1,30,346,False
gson_2f_newDefaultImplementationConstructor__line127_198,codegeex4:9b,batch01__Gson_2__newDefaultImplementationConstructor__gson_2f_newDefaultImplementationConstructor_line127,m02,1,1,202,False
gson_2f_newDefaultImplementationConstructor__line127_198,codegeex4:9b,batch01__Gson_2__newDefaultImplementationConstructor__gson_2f_newDefaultImplementationConstructor_line127,m03,1,1,202,False
gson_2f_newDefaultImplementationConstructor__line127_198,codegeex4:9b,batch01__Gson_2__newDefaultImplementationConstructor__gson_2f_newDefaultImplementationConstructor_line127,m04,1,5,202,False
gson_2f_newDefaultImplementationConstructor__line127_198,codegeex4:9b,batch01__Gson_2__newDefaultImplementationConstructor__gson_2f_newDefaultImplementationConstructor_line127,m05,1,2,202,False
gson_2f_newDefaultImplementationConstructor__line127_198,codegeex4:9b,batch01__Gson_2__newDefaultImplementationConstructor__gson_2f_newDefaultImplementationConstructor_line127,m06,1,35,202,False
gson_2f_newDefaultImplementationConstructor__line127_198,codegeex4:9b,batch01__Gson_2__newDefaultImplementationConstructor__gson_2f_newDefaultImplementationConstructor_line127,m07,1,1,202,False
gson_2f_newDefaultImplementationConstructor__line127_198,codegeex4:9b,batch01__Gson_2__newDefaultImplementationConstructor__gson_2f_newDefaultImplementationConstructor_line127,m08,1,8,202,False
gson_2f_parse__line140_234,codegeex4:9b,batch01__Gson_2__parse__gson_2f_parse_line140,m01,0,0,1,n/a
gson_2f_parse__line140_234,codegeex4:9b,batch01__Gson_2__parse__gson_2f_parse_line140,m03,0,0,1,n/a
gson_2f_parse__line140_234,codegeex4:9b,batch01__Gson_2__parse__gson_2f_parse_line140,m04,0,0,1,n/a
gson_2f_parse__line140_234,codegeex4:9b,batch01__Gson_2__parse__gson_2f_parse_line140,m07,0,0,1,n/a
gson_2f_parse__line140_234,codegeex4:9b,batch01__Gson_2__parse__gson_2f_parse_line140,m08,0,0,1,n/a
gson_2f_peek__line86_127,codegeex4:9b,batch01__Gson_2__peek__gson_2f_peek_line86,m01,1,15,33,False
gson_2f_peek__line86_127,codegeex4:9b,batch01__Gson_2__peek__gson_2f_peek_line86,m02,1,15,33,False
gson_2f_peek__line86_127,codegeex4:9b,batch01__Gson_2__peek__gson_2f_peek_line86,m03,1,16,33,False
gson_2f_peek__line86_127,codegeex4:9b,batch01__Gson_2__peek__gson_2f_peek_line86,m04,1,1,33,False
gson_2f_peek__line86_127,codegeex4:9b,batch01__Gson_2__peek__gson_2f_peek_line86,m06,1,2,33,False
gson_2f_peek__line86_127,codegeex4:9b,batch01__Gson_2__peek__gson_2f_peek_line86,m07,1,2,33,False
gson_2f_rebalance__line338_396,codegeex4:9b,batch01__Gson_2__rebalance__gson_2f_rebalance_line338,m01,1,1,2,False
gson_2f_rebalance__line338_396,codegeex4:9b,batch01__Gson_2__rebalance__gson_2f_rebalance_line338,m02,0,0,2,n/a
gson_2f_rebalance__line338_396,codegeex4:9b,batch01__Gson_2__rebalance__gson_2f_rebalance_line338,m03,0,0,2,n/a
gson_2f_rebalance__line338_396,codegeex4:9b,batch01__Gson_2__rebalance__gson_2f_rebalance_line338,m04,0,0,2,n/a
gson_2f_rebalance__line338_396,codegeex4:9b,batch01__Gson_2__rebalance__gson_2f_rebalance_line338,m05,0,0,2,n/a
gson_2f_rebalance__line338_396,codegeex4:9b,batch01__Gson_2__rebalance__gson_2f_rebalance_line338,m06,0,0,2,n/a
gson_2f_rebalance__line338_396,codegeex4:9b,batch01__Gson_2__rebalance__gson_2f_rebalance_line338,m07,0,0,2,n/a
gson_2f_rebalance__line338_396,codegeex4:9b,batch01__Gson_2__rebalance__gson_2f_rebalance_line338,m08,0,0,2,n/a
gson_2f_resolve__line324_394,codegeex4:9b,batch01__Gson_2__resolve__gson_2f_resolve_line324,m01,1,321,357,False
gson_2f_resolve__line324_394,codegeex4:9b,batch01__Gson_2__resolve__gson_2f_resolve_line324,m04,1,12,357,False
gson_2f_resolve__line324_394,codegeex4:9b,batch01__Gson_2__resolve__gson_2f_resolve_line324,m07,1,98,357,False
gson_2f_resolve__line324_394,codegeex4:9b,batch01__Gson_2__resolve__gson_2f_resolve_line324,m08,0,0,357,n/a
jacksoncore_1f__isNextTokenNameYes__line902_972,codegeex4:9b,batch01__JacksonCore_1__isNextTokenNameYes__jacksoncore_1f_isNextTokenNameYes_line902,m01,1,1,4,False
jacksoncore_1f__isNextTokenNameYes__line902_972,codegeex4:9b,batch01__JacksonCore_1__isNextTokenNameYes__jacksoncore_1f_isNextTokenNameYes_line902,m02,1,2,4,False
jacksoncore_1f__isNextTokenNameYes__line902_972,codegeex4:9b,batch01__JacksonCore_1__isNextTokenNameYes__jacksoncore_1f_isNextTokenNameYes_line902,m03,1,2,4,False
jacksoncore_1f__isNextTokenNameYes__line902_972,codegeex4:9b,batch01__JacksonCore_1__isNextTokenNameYes__jacksoncore_1f_isNextTokenNameYes_line902,m04,1,2,4,False
jacksoncore_1f__isNextTokenNameYes__line902_972,codegeex4:9b,batch01__JacksonCore_1__isNextTokenNameYes__jacksoncore_1f_isNextTokenNameYes_line902,m05,1,2,4,False
jacksoncore_1f__isNextTokenNameYes__line902_972,codegeex4:9b,batch01__JacksonCore_1__isNextTokenNameYes__jacksoncore_1f_isNextTokenNameYes_line902,m06,0,0,4,n/a
jacksoncore_1f__skipColon__line2527_2597,codegeex4:9b,batch01__JacksonCore_1__skipColon__jacksoncore_1f_skipColon_line2527,m01,0,0,2,n/a
jacksoncore_1f__skipColon__line2527_2597,codegeex4:9b,batch01__JacksonCore_1__skipColon__jacksoncore_1f_skipColon_line2527,m02,0,0,2,n/a
jacksoncore_1f__skipColon__line2527_2597,codegeex4:9b,batch01__JacksonCore_1__skipColon__jacksoncore_1f_skipColon_line2527,m03,0,0,2,n/a
jacksoncore_1f__skipColon__line2527_2597,codegeex4:9b,batch01__JacksonCore_1__skipColon__jacksoncore_1f_skipColon_line2527,m04,0,0,2,n/a
jacksoncore_1f__skipColon__line2527_2597,codegeex4:9b,batch01__JacksonCore_1__skipColon__jacksoncore_1f_skipColon_line2527,m05,0,0,2,n/a
jacksoncore_1f__skipColon__line2527_2597,codegeex4:9b,batch01__JacksonCore_1__skipColon__jacksoncore_1f_skipColon_line2527,m07,0,0,2,n/a
jacksoncore_1f__skipColon__line2527_2597,codegeex4:9b,batch01__JacksonCore_1__skipColon__jacksoncore_1f_skipColon_line2527,m08,0,0,2,n/a
jacksoncore_22f__finishToken__line218_293,codegeex4:9b,batch01__JacksonCore_22__finishToken__jacksoncore_22f_finishToken_line218,m03,1,5,39,False
jacksoncore_22f__finishToken__line218_293,codegeex4:9b,batch01__JacksonCore_22__finishToken__jacksoncore_22f_finishToken_line218,m05,1,10,39,False
jacksoncore_22f__finishToken__line218_293,codegeex4:9b,batch01__JacksonCore_22__finishToken__jacksoncore_22f_finishToken_line218,m07,1,1,39,False
jacksoncore_22f__finishToken__line218_293,codegeex4:9b,batch01__JacksonCore_22__finishToken__jacksoncore_22f_finishToken_line218,m08,1,3,39,False
jacksoncore_22f__startValueAfterColon__line545_609,codegeex4:9b,batch01__JacksonCore_22__startValueAfterColon__jacksoncore_22f_startValueAfterColon_line545,m02,1,2,14,False
jacksoncore_22f__startValueAfterColon__line545_609,codegeex4:9b,batch01__JacksonCore_22__startValueAfterColon__jacksoncore_22f_startValueAfterColon_line545,m03,1,1,14,False
jacksoncore_22f__startValueAfterColon__line545_609,codegeex4:9b,batch01__JacksonCore_22__startValueAfterColon__jacksoncore_22f_startValueAfterColon_line545,m05,1,1,14,False
jacksoncore_22f__startValueAfterColon__line545_609,codegeex4:9b,batch01__JacksonCore_22__startValueAfterColon__jacksoncore_22f_startValueAfterColon_line545,m06,0,0,14,n/a
jacksoncore_25f__finishAposName__line2136_2231,codegeex4:9b,batch01__JacksonCore_25__finishAposName__jacksoncore_25f_finishAposName_line2136,m01,1,2,2,False
jacksoncore_25f__finishAposName__line2136_2231,codegeex4:9b,batch01__JacksonCore_25__finishAposName__jacksoncore_25f_finishAposName_line2136,m02,1,1,2,False
jacksoncore_25f__finishAposName__line2136_2231,codegeex4:9b,batch01__JacksonCore_25__finishAposName__jacksoncore_25f_finishAposName_line2136,m03,1,1,2,False
jacksoncore_25f__finishAposName__line2136_2231,codegeex4:9b,batch01__JacksonCore_25__finishAposName__jacksoncore_25f_finishAposName_line2136,m04,1,2,2,False
jacksoncore_25f__finishAposName__line2136_2231,codegeex4:9b,batch01__JacksonCore_25__finishAposName__jacksoncore_25f_finishAposName_line2136,m05,1,1,2,False
jacksoncore_25f__finishAposName__line2136_2231,codegeex4:9b,batch01__JacksonCore_25__finishAposName__jacksoncore_25f_finishAposName_line2136,m06,0,0,2,n/a
jacksoncore_25f__finishAposName__line2136_2231,codegeex4:9b,batch01__JacksonCore_25__finishAposName__jacksoncore_25f_finishAposName_line2136,m07,1,2,2,False
jacksoncore_25f__finishAposName__line2136_2231,codegeex4:9b,batch01__JacksonCore_25__finishAposName__jacksoncore_25f_finishAposName_line2136,m08,1,2,2,False
jacksoncore_25f__startValueAfterComma__line812_874,codegeex4:9b,batch01__JacksonCore_25__startValueAfterComma__jacksoncore_25f_startValueAfterComma_line812,m01,1,2,20,False
jacksoncore_25f__startValueAfterComma__line812_874,codegeex4:9b,batch01__JacksonCore_25__startValueAfterComma__jacksoncore_25f_startValueAfterComma_line812,m02,0,0,20,n/a
jacksoncore_25f__startValueAfterComma__line812_874,codegeex4:9b,batch01__JacksonCore_25__startValueAfterComma__jacksoncore_25f_startValueAfterComma_line812,m03,1,9,20,False
jacksoncore_25f__startValueAfterComma__line812_874,codegeex4:9b,batch01__JacksonCore_25__startValueAfterComma__jacksoncore_25f_startValueAfterComma_line812,m04,0,0,20,n/a
jacksoncore_25f__startValueAfterComma__line812_874,codegeex4:9b,batch01__JacksonCore_25__startValueAfterComma__jacksoncore_25f_startValueAfterComma_line812,m05,1,4,20,False
jacksoncore_25f__startValueAfterComma__line812_874,codegeex4:9b,batch01__JacksonCore_25__startValueAfterComma__jacksoncore_25f_startValueAfterComma_line812,m06,1,9,20,False
jacksoncore_25f__startValueAfterComma__line812_874,codegeex4:9b,batch01__JacksonCore_25__startValueAfterComma__jacksoncore_25f_startValueAfterComma_line812,m07,1,2,20,False
jacksoncore_25f__startValueAfterComma__line812_874,codegeex4:9b,batch01__JacksonCore_25__startValueAfterComma__jacksoncore_25f_startValueAfterComma_line812,m08,0,0,20,n/a
jacksoncore_25f__startValueExpectComma__line642_730,codegeex4:9b,batch01__JacksonCore_25__startValueExpectComma__jacksoncore_25f_startValueExpectComma_line642,m01,1,23,29,False
jacksoncore_25f__startValueExpectComma__line642_730,codegeex4:9b,batch01__JacksonCore_25__startValueExpectComma__jacksoncore_25f_startValueExpectComma_line642,m02,1,28,29,False
jacksoncore_25f__startValueExpectComma__line642_730,codegeex4:9b,batch01__JacksonCore_25__startValueExpectComma__jacksoncore_25f_startValueExpectComma_line642,m03,1,1,29,False
jacksoncore_25f__startValueExpectComma__line642_730,codegeex4:9b,batch01__JacksonCore_25__startValueExpectComma__jacksoncore_25f_startValueExpectComma_line642,m04,1,1,29,False
jacksoncore_25f__startValueExpectComma__line642_730,codegeex4:9b,batch01__JacksonCore_25__startValueExpectComma__jacksoncore_25f_startValueExpectComma_line642,m05,1,1,29,False
jacksoncore_25f__startValueExpectComma__line642_730,codegeex4:9b,batch01__JacksonCore_25__startValueExpectComma__jacksoncore_25f_startValueExpectComma_line642,m06,1,9,29,False
jacksoncore_25f__startValueExpectComma__line642_730,codegeex4:9b,batch01__JacksonCore_25__startValueExpectComma__jacksoncore_25f_startValueExpectComma_line642,m07,0,0,29,n/a
jacksoncore_25f__startValueExpectComma__line642_730,codegeex4:9b,batch01__JacksonCore_25__startValueExpectComma__jacksoncore_25f_startValueExpectComma_line642,m08,1,2,29,False
jacksoncore_2f__parseFloat__line1329_1421,codegeex4:9b,batch01__JacksonCore_2__parseFloat__jacksoncore_2f_parseFloat_line1329,m02,1,7,7,False
jacksoncore_2f__parseFloat__line1329_1421,codegeex4:9b,batch01__JacksonCore_2__parseFloat__jacksoncore_2f_parseFloat_line1329,m03,1,6,7,False
jacksoncore_2f__parseFloat__line1329_1421,codegeex4:9b,batch01__JacksonCore_2__parseFloat__jacksoncore_2f_parseFloat_line1329,m04,0,0,7,n/a
jacksoncore_2f__parseFloat__line1329_1421,codegeex4:9b,batch01__JacksonCore_2__parseFloat__jacksoncore_2f_parseFloat_line1329,m05,1,7,7,False
jacksoncore_2f__parseFloat__line1329_1421,codegeex4:9b,batch01__JacksonCore_2__parseFloat__jacksoncore_2f_parseFloat_line1329,m06,1,1,7,False
jacksoncore_2f__parseFloat__line1329_1421,codegeex4:9b,batch01__JacksonCore_2__parseFloat__jacksoncore_2f_parseFloat_line1329,m07,0,0,7,n/a
jacksoncore_2f__parseFloat__line1329_1421,codegeex4:9b,batch01__JacksonCore_2__parseFloat__jacksoncore_2f_parseFloat_line1329,m08,0,0,7,n/a
jacksoncore_4f__writeSimpleObject__line1505_1567,codegeex4:9b,batch01__JacksonCore_4__writeSimpleObject__jacksoncore_4f_writeSimpleObject_line1505,m03,1,1,1,False
jacksoncore_4f__writeSimpleObject__line1505_1567,codegeex4:9b,batch01__JacksonCore_4__writeSimpleObject__jacksoncore_4f_writeSimpleObject_line1505,m04,1,1,1,True
jacksoncore_4f__writeSimpleObject__line1505_1567,codegeex4:9b,batch01__JacksonCore_4__writeSimpleObject__jacksoncore_4f_writeSimpleObject_line1505,m05,0,0,1,n/a
jacksoncore_4f__writeSimpleObject__line1505_1567,codegeex4:9b,batch01__JacksonCore_4__writeSimpleObject__jacksoncore_4f_writeSimpleObject_line1505,m06,1,1,1,True
jacksoncore_4f__writeSimpleObject__line1505_1567,codegeex4:9b,batch01__JacksonCore_4__writeSimpleObject__jacksoncore_4f_writeSimpleObject_line1505,m08,1,1,1,False
jacksondatabind_1f__addDeserializerConstructors__line357_448,codegeex4:9b,batch01__JacksonDatabind_1__addDeserializerConstructors__jacksondatabind_1f_addDeserializerConstructors_line357,m01,1,386,491,False
jacksondatabind_1f__addDeserializerConstructors__line357_448,codegeex4:9b,batch01__JacksonDatabind_1__addDeserializerConstructors__jacksondatabind_1f_addDeserializerConstructors_line357,m04,1,3,491,False
jacksondatabind_1f__addDeserializerConstructors__line357_448,codegeex4:9b,batch01__JacksonDatabind_1__addDeserializerConstructors__jacksondatabind_1f_addDeserializerConstructors_line357,m05,1,1,491,False
jacksondatabind_1f__addDeserializerConstructors__line357_448,codegeex4:9b,batch01__JacksonDatabind_1__addDeserializerConstructors__jacksondatabind_1f_addDeserializerConstructors_line357,m06,1,1,491,False
jacksondatabind_1f__addDeserializerFactoryMethods__line507_578,codegeex4:9b,batch01__JacksonDatabind_1__addDeserializerFactoryMethods__jacksondatabind_1f_addDeserializerFactoryMethods_line507,m05,1,1,494,False
jacksondatabind_1f_resolve__line255_328,codegeex4:9b,batch01__JacksonDatabind_1__resolve__jacksondatabind_1f_resolve_line255,m02,1,13,332,False
jacksondatabind_1f_resolve__line255_328,codegeex4:9b,batch01__JacksonDatabind_1__resolve__jacksondatabind_1f_resolve_line255,m04,0,0,332,n/a
jacksondatabind_1f_resolve__line255_328,codegeex4:9b,batch01__JacksonDatabind_1__resolve__jacksondatabind_1f_resolve_line255,m05,1,13,332,False
jacksondatabind_1f_resolve__line255_328,codegeex4:9b,batch01__JacksonDatabind_1__resolve__jacksondatabind_1f_resolve_line255,m06,1,329,332,False
jacksondatabind_1f_resolve__line255_328,codegeex4:9b,batch01__JacksonDatabind_1__resolve__jacksondatabind_1f_resolve_line255,m07,1,16,332,False
jacksondatabind_1f_resolve__line255_328,codegeex4:9b,batch01__JacksonDatabind_1__resolve__jacksondatabind_1f_resolve_line255,m08,1,35,332,False
jacksondatabind_1f_serialize__line203_303,codegeex4:9b,batch01__JacksonDatabind_1__serialize__jacksondatabind_1f_serialize_line203,m02,1,1,2,False
jacksondatabind_1f_serialize__line203_303,codegeex4:9b,batch01__JacksonDatabind_1__serialize__jacksondatabind_1f_serialize_line203,m03,0,0,2,n/a
jacksondatabind_1f_serialize__line203_303,codegeex4:9b,batch01__JacksonDatabind_1__serialize__jacksondatabind_1f_serialize_line203,m05,1,2,2,False
jacksondatabind_2f_buildCollectionSerializer__line598_660,codegeex4:9b,batch01__JacksonDatabind_2__buildCollectionSerializer__jacksondatabind_2f_buildCollectionSerializer_line598,m05,0,0,77,n/a
jacksondatabind_2f_forType__line63_100,codegeex4:9b,batch01__JacksonDatabind_2__forType__jacksondatabind_2f_forType_line63,m03,1,1,219,False
jacksondatabind_2f_forType__line63_100,codegeex4:9b,batch01__JacksonDatabind_2__forType__jacksondatabind_2f_forType_line63,m04,1,1,219,False
jacksondatabind_2f_forType__line63_100,codegeex4:9b,batch01__JacksonDatabind_2__forType__jacksondatabind_2f_forType_line63,m05,1,3,219,False
jacksondatabind_2f_forType__line63_100,codegeex4:9b,batch01__JacksonDatabind_2__forType__jacksondatabind_2f_forType_line63,m06,1,90,219,False
jacksondatabind_2f_forType__line63_100,codegeex4:9b,batch01__JacksonDatabind_2__forType__jacksondatabind_2f_forType_line63,m07,1,3,219,False
jacksondatabind_2f_forType__line63_100,codegeex4:9b,batch01__JacksonDatabind_2__forType__jacksondatabind_2f_forType_line63,m08,1,7,219,False
jacksondatabind_59f_deserializeFromObject__line60_156,codegeex4:9b,batch01__JacksonDatabind_59__deserializeFromObject__jacksondatabind_59f_deserializeFromObject_line60,m06,0,0,7,n/a
jacksondatabind_59f_deserializeFromObject__line60_156,codegeex4:9b,batch01__JacksonDatabind_59__deserializeFromObject__jacksondatabind_59f_deserializeFromObject_line60,m07,1,4,7,False
jacksondatabind_59f_deserializeFromObject__line60_156,codegeex4:9b,batch01__JacksonDatabind_59__deserializeFromObject__jacksondatabind_59f_deserializeFromObject_line60,m08,0,0,7,n/a
jacksondatabind_80f__deserializeUsingProperties__line328_402,codegeex4:9b,batch01__JacksonDatabind_80__deserializeUsingProperties__jacksondatabind_80f_deserializeUsingProperties_line328,m01,1,1,1,False
jacksondatabind_80f__deserializeUsingProperties__line328_402,codegeex4:9b,batch01__JacksonDatabind_80__deserializeUsingProperties__jacksondatabind_80f_deserializeUsingProperties_line328,m02,1,1,1,True
jacksondatabind_80f__deserializeUsingProperties__line328_402,codegeex4:9b,batch01__JacksonDatabind_80__deserializeUsingProperties__jacksondatabind_80f_deserializeUsingProperties_line328,m03,0,0,1,n/a
jacksondatabind_80f__deserializeUsingProperties__line328_402,codegeex4:9b,batch01__JacksonDatabind_80__deserializeUsingProperties__jacksondatabind_80f_deserializeUsingProperties_line328,m04,1,1,1,True
jacksondatabind_80f__deserializeUsingProperties__line328_402,codegeex4:9b,batch01__JacksonDatabind_80__deserializeUsingProperties__jacksondatabind_80f_deserializeUsingProperties_line328,m05,1,1,1,False
jacksondatabind_80f__deserializeUsingProperties__line328_402,codegeex4:9b,batch01__JacksonDatabind_80__deserializeUsingProperties__jacksondatabind_80f_deserializeUsingProperties_line328,m07,0,0,1,n/a
jacksondatabind_80f__isValuePresent__line179_275,codegeex4:9b,batch01__JacksonDatabind_80__isValuePresent__jacksondatabind_80f_isValuePresent_line179,m06,0,0,20,n/a
jacksondatabind_80f__isValuePresent__line179_275,codegeex4:9b,batch01__JacksonDatabind_80__isValuePresent__jacksondatabind_80f_isValuePresent_line179,m07,1,1,20,False
jacksondatabind_80f__isValuePresent__line179_275,codegeex4:9b,batch01__JacksonDatabind_80__isValuePresent__jacksondatabind_80f_isValuePresent_line179,m08,1,16,20,False
jacksondatabind_96f__getSetterInfo__line242_315,codegeex4:9b,batch01__JacksonDatabind_96__getSetterInfo__jacksondatabind_96f_getSetterInfo_line242,m01,0,0,694,n/a
jacksondatabind_96f__getSetterInfo__line242_315,codegeex4:9b,batch01__JacksonDatabind_96__getSetterInfo__jacksondatabind_96f_getSetterInfo_line242,m02,0,0,694,n/a
jacksondatabind_96f__getSetterInfo__line242_315,codegeex4:9b,batch01__JacksonDatabind_96__getSetterInfo__jacksondatabind_96f_getSetterInfo_line242,m03,1,2,694,False
jacksondatabind_96f__getSetterInfo__line242_315,codegeex4:9b,batch01__JacksonDatabind_96__getSetterInfo__jacksondatabind_96f_getSetterInfo_line242,m04,1,53,694,False
jacksondatabind_96f__getSetterInfo__line242_315,codegeex4:9b,batch01__JacksonDatabind_96__getSetterInfo__jacksondatabind_96f_getSetterInfo_line242,m06,1,23,694,False
jacksondatabind_96f__getSetterInfo__line242_315,codegeex4:9b,batch01__JacksonDatabind_96__getSetterInfo__jacksondatabind_96f_getSetterInfo_line242,m07,1,1,694,False
jacksondatabind_96f__getSetterInfo__line242_315,codegeex4:9b,batch01__JacksonDatabind_96__getSetterInfo__jacksondatabind_96f_getSetterInfo_line242,m08,1,11,694,False
jacksondatabind_96f__idFrom__line66_115,codegeex4:9b,batch01__JacksonDatabind_96__idFrom__jacksondatabind_96f_idFrom_line66,m02,1,1,103,False
jacksondatabind_96f__idFrom__line66_115,codegeex4:9b,batch01__JacksonDatabind_96__idFrom__jacksondatabind_96f_idFrom_line66,m04,1,1,103,False
jacksondatabind_96f__idFrom__line66_115,codegeex4:9b,batch01__JacksonDatabind_96__idFrom__jacksondatabind_96f_idFrom_line66,m05,0,0,103,n/a
jacksonxml_1f_hasXMLFormat__line682_770,codegeex4:9b,batch01__JacksonXml_1__hasXMLFormat__jacksonxml_1f_hasXMLFormat_line682,m01,1,7,8,False
jacksonxml_1f_hasXMLFormat__line682_770,codegeex4:9b,batch01__JacksonXml_1__hasXMLFormat__jacksonxml_1f_hasXMLFormat_line682,m02,0,0,8,n/a
jacksonxml_1f_hasXMLFormat__line682_770,codegeex4:9b,batch01__JacksonXml_1__hasXMLFormat__jacksonxml_1f_hasXMLFormat_line682,m03,1,1,8,False
jacksonxml_1f_hasXMLFormat__line682_770,codegeex4:9b,batch01__JacksonXml_1__hasXMLFormat__jacksonxml_1f_hasXMLFormat_line682,m04,0,0,8,n/a
jacksonxml_1f_hasXMLFormat__line682_770,codegeex4:9b,batch01__JacksonXml_1__hasXMLFormat__jacksonxml_1f_hasXMLFormat_line682,m05,1,3,8,False
jacksonxml_1f_hasXMLFormat__line682_770,codegeex4:9b,batch01__JacksonXml_1__hasXMLFormat__jacksonxml_1f_hasXMLFormat_line682,m06,1,1,8,False
jacksonxml_1f_hasXMLFormat__line682_770,codegeex4:9b,batch01__JacksonXml_1__hasXMLFormat__jacksonxml_1f_hasXMLFormat_line682,m07,1,1,8,False
jacksonxml_1f_nextTextValue__line594_688,codegeex4:9b,batch01__JacksonXml_1__nextTextValue__jacksonxml_1f_nextTextValue_line594,m01,0,0,4,n/a
jacksonxml_1f_nextTextValue__line594_688,codegeex4:9b,batch01__JacksonXml_1__nextTextValue__jacksonxml_1f_nextTextValue_line594,m02,0,0,4,n/a
jacksonxml_1f_nextTextValue__line594_688,codegeex4:9b,batch01__JacksonXml_1__nextTextValue__jacksonxml_1f_nextTextValue_line594,m03,1,1,4,False
jacksonxml_1f_nextTextValue__line594_688,codegeex4:9b,batch01__JacksonXml_1__nextTextValue__jacksonxml_1f_nextTextValue_line594,m04,0,0,4,n/a
jacksonxml_1f_nextTextValue__line594_688,codegeex4:9b,batch01__JacksonXml_1__nextTextValue__jacksonxml_1f_nextTextValue_line594,m05,0,0,4,n/a
jacksonxml_1f_nextTextValue__line594_688,codegeex4:9b,batch01__JacksonXml_1__nextTextValue__jacksonxml_1f_nextTextValue_line594,m06,0,0,4,n/a
jacksonxml_1f_nextTextValue__line594_688,codegeex4:9b,batch01__JacksonXml_1__nextTextValue__jacksonxml_1f_nextTextValue_line594,m07,0,0,4,n/a
jacksonxml_1f_nextTextValue__line594_688,codegeex4:9b,batch01__JacksonXml_1__nextTextValue__jacksonxml_1f_nextTextValue_line594,m08,0,0,4,n/a
jacksonxml_1f__next__line303_348,codegeex4:9b,batch01__JacksonXml_1__next__jacksonxml_1f_next_line303,m01,1,79,79,True
jacksonxml_1f__next__line303_348,codegeex4:9b,batch01__JacksonXml_1__next__jacksonxml_1f_next_line303,m02,1,79,79,True
jacksonxml_1f__next__line303_348,codegeex4:9b,batch01__JacksonXml_1__next__jacksonxml_1f_next_line303,m03,1,22,79,False
jacksonxml_1f__next__line303_348,codegeex4:9b,batch01__JacksonXml_1__next__jacksonxml_1f_next_line303,m08,1,11,79,False
jacksonxml_1f_sanitizeXmlTypeName__line32_71,codegeex4:9b,batch01__JacksonXml_1__sanitizeXmlTypeName__jacksonxml_1f_sanitizeXmlTypeName_line32,m01,1,1,55,False
jacksonxml_1f_sanitizeXmlTypeName__line32_71,codegeex4:9b,batch01__JacksonXml_1__sanitizeXmlTypeName__jacksonxml_1f_sanitizeXmlTypeName_line32,m02,0,0,55,n/a
jacksonxml_1f_sanitizeXmlTypeName__line32_71,codegeex4:9b,batch01__JacksonXml_1__sanitizeXmlTypeName__jacksonxml_1f_sanitizeXmlTypeName_line32,m04,1,1,55,False
jacksonxml_1f_sanitizeXmlTypeName__line32_71,codegeex4:9b,batch01__JacksonXml_1__sanitizeXmlTypeName__jacksonxml_1f_sanitizeXmlTypeName_line32,m05,0,0,55,n/a
jacksonxml_1f_sanitizeXmlTypeName__line32_71,codegeex4:9b,batch01__JacksonXml_1__sanitizeXmlTypeName__jacksonxml_1f_sanitizeXmlTypeName_line32,m06,0,0,55,n/a
jacksonxml_1f_sanitizeXmlTypeName__line32_71,codegeex4:9b,batch01__JacksonXml_1__sanitizeXmlTypeName__jacksonxml_1f_sanitizeXmlTypeName_line32,m07,1,38,55,False
jacksonxml_1f_sanitizeXmlTypeName__line32_71,codegeex4:9b,batch01__JacksonXml_1__sanitizeXmlTypeName__jacksonxml_1f_sanitizeXmlTypeName_line32,m08,0,0,55,n/a
jacksonxml_1f_serializeAsField__line78_152,codegeex4:9b,batch01__JacksonXml_1__serializeAsField__jacksonxml_1f_serializeAsField_line78,m05,1,15,16,False
jacksonxml_1f_serializeAsField__line78_152,codegeex4:9b,batch01__JacksonXml_1__serializeAsField__jacksonxml_1f_serializeAsField_line78,m07,1,10,16,False
jacksonxml_1f_updateProperties__line31_78,codegeex4:9b,batch01__JacksonXml_1__updateProperties__jacksonxml_1f_updateProperties_line31,m07,1,66,66,True
jacksonxml_2f_writeString__line560_595,codegeex4:9b,batch01__JacksonXml_2__writeString__jacksonxml_2f_writeString_line560,m01,1,21,64,False
jacksonxml_2f_writeString__line560_595,codegeex4:9b,batch01__JacksonXml_2__writeString__jacksonxml_2f_writeString_line560,m02,0,0,64,n/a
jsoup_12f_parseAttribute__line183_214,codegeex4:9b,batch01__Jsoup_12__parseAttribute__jsoup_12f_parseAttribute_line183,m01,0,0,129,n/a
jsoup_12f_parseAttribute__line183_214,codegeex4:9b,batch01__Jsoup_12__parseAttribute__jsoup_12f_parseAttribute_line183,m07,1,3,129,False
jsoup_12f_parseAttribute__line183_214,codegeex4:9b,batch01__Jsoup_12__parseAttribute__jsoup_12f_parseAttribute_line183,m08,1,2,129,False
jsoup_13f_byAttribute__line177_209,codegeex4:9b,batch01__Jsoup_13__byAttribute__jsoup_13f_byAttribute_line177,m03,1,6,21,False
jsoup_13f_byAttribute__line177_209,codegeex4:9b,batch01__Jsoup_13__byAttribute__jsoup_13f_byAttribute_line177,m06,1,13,21,False
jsoup_13f_byAttribute__line177_209,codegeex4:9b,batch01__Jsoup_13__byAttribute__jsoup_13f_byAttribute_line177,m07,0,0,21,n/a
jsoup_13f_byAttribute__line177_209,codegeex4:9b,batch01__Jsoup_13__byAttribute__jsoup_13f_byAttribute_line177,m08,1,1,21,False
jsoup_1f_canContain__line67_99,codegeex4:9b,batch01__Jsoup_1__canContain__jsoup_1f_canContain_line67,m01,1,119,128,False
jsoup_1f_canContain__line67_99,codegeex4:9b,batch01__Jsoup_1__canContain__jsoup_1f_canContain_line67,m02,1,119,128,False
jsoup_1f_canContain__line67_99,codegeex4:9b,batch01__Jsoup_1__canContain__jsoup_1f_canContain_line67,m03,1,5,128,False
jsoup_1f_canContain__line67_99,codegeex4:9b,batch01__Jsoup_1__canContain__jsoup_1f_canContain_line67,m04,1,127,128,False
jsoup_1f_canContain__line67_99,codegeex4:9b,batch01__Jsoup_1__canContain__jsoup_1f_canContain_line67,m07,1,127,128,False
jsoup_1f_canContain__line67_99,codegeex4:9b,batch01__Jsoup_1__canContain__jsoup_1f_canContain_line67,m08,1,127,128,False
jsoup_20f_resetInsertionMode__line351_399,codegeex4:9b,batch01__Jsoup_20__resetInsertionMode__jsoup_20f_resetInsertionMode_line351,m01,0,0,52,n/a
jsoup_20f_resetInsertionMode__line351_399,codegeex4:9b,batch01__Jsoup_20__resetInsertionMode__jsoup_20f_resetInsertionMode_line351,m02,1,2,52,False
jsoup_20f_resetInsertionMode__line351_399,codegeex4:9b,batch01__Jsoup_20__resetInsertionMode__jsoup_20f_resetInsertionMode_line351,m03,0,0,52,n/a
jsoup_20f_resetInsertionMode__line351_399,codegeex4:9b,batch01__Jsoup_20__resetInsertionMode__jsoup_20f_resetInsertionMode_line351,m04,1,2,52,False
jsoup_20f_resetInsertionMode__line351_399,codegeex4:9b,batch01__Jsoup_20__resetInsertionMode__jsoup_20f_resetInsertionMode_line351,m05,0,0,52,n/a
jsoup_20f_resetInsertionMode__line351_399,codegeex4:9b,batch01__Jsoup_20__resetInsertionMode__jsoup_20f_resetInsertionMode_line351,m06,0,0,52,n/a
jsoup_20f_resetInsertionMode__line351_399,codegeex4:9b,batch01__Jsoup_20__resetInsertionMode__jsoup_20f_resetInsertionMode_line351,m07,0,0,52,n/a
jsoup_20f_resetInsertionMode__line351_399,codegeex4:9b,batch01__Jsoup_20__resetInsertionMode__jsoup_20f_resetInsertionMode_line351,m08,0,0,52,n/a
jsoup_28f_consumeCharacterReference__line100_155,codegeex4:9b,batch01__Jsoup_28__consumeCharacterReference__jsoup_28f_consumeCharacterReference_line100,m01,1,4,29,False
jsoup_28f_consumeCharacterReference__line100_155,codegeex4:9b,batch01__Jsoup_28__consumeCharacterReference__jsoup_28f_consumeCharacterReference_line100,m02,1,18,29,False
jsoup_28f_consumeCharacterReference__line100_155,codegeex4:9b,batch01__Jsoup_28__consumeCharacterReference__jsoup_28f_consumeCharacterReference_line100,m03,1,3,29,False
jsoup_28f_consumeCharacterReference__line100_155,codegeex4:9b,batch01__Jsoup_28__consumeCharacterReference__jsoup_28f_consumeCharacterReference_line100,m08,1,8,29,False
jsoup_33f_cssNthChild__line277_308,codegeex4:9b,batch01__Jsoup_33__cssNthChild__jsoup_33f_cssNthChild_line277,m01,1,8,8,False
jsoup_33f_cssNthChild__line277_308,codegeex4:9b,batch01__Jsoup_33__cssNthChild__jsoup_33f_cssNthChild_line277,m04,1,2,8,False
jsoup_33f_cssNthChild__line277_308,codegeex4:9b,batch01__Jsoup_33__cssNthChild__jsoup_33f_cssNthChild_line277,m07,1,4,8,False
jsoup_33f_cssNthChild__line277_308,codegeex4:9b,batch01__Jsoup_33__cssNthChild__jsoup_33f_cssNthChild_line277,m08,1,4,8,False
jsoup_66f_filter__line81_125,codegeex4:9b,batch01__Jsoup_66__filter__jsoup_66f_filter_line81,m02,1,8,8,False
jsoup_66f_filter__line81_125,codegeex4:9b,batch01__Jsoup_66__filter__jsoup_66f_filter_line81,m04,1,5,8,False
jsoup_66f_filter__line81_125,codegeex4:9b,batch01__Jsoup_66__filter__jsoup_66f_filter_line81,m05,1,5,8,False
jsoup_66f_filter__line81_125,codegeex4:9b,batch01__Jsoup_66__filter__jsoup_66f_filter_line81,m06,1,2,8,False
jsoup_66f_filter__line81_125,codegeex4:9b,batch01__Jsoup_66__filter__jsoup_66f_filter_line81,m08,0,0,8,n/a
jsoup_67f_parseInputStream__line92_155,codegeex4:9b,batch01__Jsoup_67__parseInputStream__jsoup_67f_parseInputStream_line92,m04,0,0,38,n/a
jsoup_67f_parseInputStream__line92_155,codegeex4:9b,batch01__Jsoup_67__parseInputStream__jsoup_67f_parseInputStream_line92,m05,1,38,38,True
jsoup_67f_parseInputStream__line92_155,codegeex4:9b,batch01__Jsoup_67__parseInputStream__jsoup_67f_parseInputStream_line92,m06,1,29,38,False
jsoup_67f_parseInputStream__line92_155,codegeex4:9b,batch01__Jsoup_67__parseInputStream__jsoup_67f_parseInputStream_line92,m07,1,20,38,False
jxpath_1f_computeContextDependent__line142_186,codegeex4:9b,batch01__JxPath_1__computeContextDependent__jxpath_1f_computeContextDependent_line142,m01,1,1,1,True
jxpath_1f_computeContextDependent__line142_186,codegeex4:9b,batch01__JxPath_1__computeContextDependent__jxpath_1f_computeContextDependent_line142,m02,0,0,1,n/a
jxpath_1f_computeContextDependent__line142_186,codegeex4:9b,batch01__JxPath_1__computeContextDependent__jxpath_1f_computeContextDependent_line142,m03,0,0,1,n/a
jxpath_1f_jjMoveStringLiteralDfa0_0__line402_479,codegeex4:9b,batch01__JxPath_1__jjMoveStringLiteralDfa0_0__jxpath_1f_jjMoveStringLiteralDfa0_0_line402,m03,1,106,136,False
jxpath_1f_jjMoveStringLiteralDfa0_0__line402_479,codegeex4:9b,batch01__JxPath_1__jjMoveStringLiteralDfa0_0__jxpath_1f_jjMoveStringLiteralDfa0_0_line402,m05,0,0,136,n/a
jxpath_1f_jjMoveStringLiteralDfa0_0__line402_479,codegeex4:9b,batch01__JxPath_1__jjMoveStringLiteralDfa0_0__jxpath_1f_jjMoveStringLiteralDfa0_0_line402,m07,1,108,136,False
jxpath_1f_jjMoveStringLiteralDfa0_0__line402_479,codegeex4:9b,batch01__JxPath_1__jjMoveStringLiteralDfa0_0__jxpath_1f_jjMoveStringLiteralDfa0_0_line402,m08,1,106,136,False
jxpath_1f_jjMoveStringLiteralDfa1_0__line480_535,codegeex4:9b,batch01__JxPath_1__jjMoveStringLiteralDfa1_0__jxpath_1f_jjMoveStringLiteralDfa1_0_line480,m01,1,4,127,False
jxpath_1f_jjMoveStringLiteralDfa1_0__line480_535,codegeex4:9b,batch01__JxPath_1__jjMoveStringLiteralDfa1_0__jxpath_1f_jjMoveStringLiteralDfa1_0_line480,m02,1,4,127,False
jxpath_1f_jjMoveStringLiteralDfa1_0__line480_535,codegeex4:9b,batch01__JxPath_1__jjMoveStringLiteralDfa1_0__jxpath_1f_jjMoveStringLiteralDfa1_0_line480,m03,1,4,127,False
jxpath_1f_jjMoveStringLiteralDfa1_0__line480_535,codegeex4:9b,batch01__JxPath_1__jjMoveStringLiteralDfa1_0__jxpath_1f_jjMoveStringLiteralDfa1_0_line480,m04,1,4,127,False
jxpath_1f_jjMoveStringLiteralDfa1_0__line480_535,codegeex4:9b,batch01__JxPath_1__jjMoveStringLiteralDfa1_0__jxpath_1f_jjMoveStringLiteralDfa1_0_line480,m05,1,4,127,False
jxpath_1f_jjMoveStringLiteralDfa1_0__line480_535,codegeex4:9b,batch01__JxPath_1__jjMoveStringLiteralDfa1_0__jxpath_1f_jjMoveStringLiteralDfa1_0_line480,m06,1,4,127,False
jxpath_1f_jjMoveStringLiteralDfa1_0__line480_535,codegeex4:9b,batch01__JxPath_1__jjMoveStringLiteralDfa1_0__jxpath_1f_jjMoveStringLiteralDfa1_0_line480,m07,1,4,127,False
jxpath_1f_jjMoveStringLiteralDfa1_0__line480_535,codegeex4:9b,batch01__JxPath_1__jjMoveStringLiteralDfa1_0__jxpath_1f_jjMoveStringLiteralDfa1_0_line480,m08,1,4,127,False
jxpath_1f_jjMoveStringLiteralDfa2_0__line536_597,codegeex4:9b,batch01__JxPath_1__jjMoveStringLiteralDfa2_0__jxpath_1f_jjMoveStringLiteralDfa2_0_line536,m03,1,2,117,False
jxpath_1f_jjMoveStringLiteralDfa2_0__line536_597,codegeex4:9b,batch01__JxPath_1__jjMoveStringLiteralDfa2_0__jxpath_1f_jjMoveStringLiteralDfa2_0_line536,m04,1,2,117,False
jxpath_1f_jjMoveStringLiteralDfa2_0__line536_597,codegeex4:9b,batch01__JxPath_1__jjMoveStringLiteralDfa2_0__jxpath_1f_jjMoveStringLiteralDfa2_0_line536,m05,1,1,117,False
jxpath_1f_jjMoveStringLiteralDfa2_0__line536_597,codegeex4:9b,batch01__JxPath_1__jjMoveStringLiteralDfa2_0__jxpath_1f_jjMoveStringLiteralDfa2_0_line536,m08,1,3,117,False
jxpath_1f_jjMoveStringLiteralDfa3_0__line598_658,codegeex4:9b,batch01__JxPath_1__jjMoveStringLiteralDfa3_0__jxpath_1f_jjMoveStringLiteralDfa3_0_line598,m03,0,0,88,n/a
jxpath_1f_jjMoveStringLiteralDfa3_0__line598_658,codegeex4:9b,batch01__JxPath_1__jjMoveStringLiteralDfa3_0__jxpath_1f_jjMoveStringLiteralDfa3_0_line598,m04,1,9,88,False
jxpath_1f_jjMoveStringLiteralDfa3_0__line598_658,codegeex4:9b,batch01__JxPath_1__jjMoveStringLiteralDfa3_0__jxpath_1f_jjMoveStringLiteralDfa3_0_line598,m06,1,78,88,False
jxpath_1f_jjMoveStringLiteralDfa3_0__line598_658,codegeex4:9b,batch01__JxPath_1__jjMoveStringLiteralDfa3_0__jxpath_1f_jjMoveStringLiteralDfa3_0_line598,m08,1,2,88,False
jxpath_1f_jj_3R_129__line2567_2609,codegeex4:9b,batch01__JxPath_1__jj_3R_129__jxpath_1f_jj_3R_129_line2567,m02,0,0,47,n/a
jxpath_1f_jj_3R_18__line1897_1990,codegeex4:9b,batch01__JxPath_1__jj_3R_18__jxpath_1f_jj_3R_18_line1897,m01,1,11,88,False
jxpath_1f_jj_3R_18__line1897_1990,codegeex4:9b,batch01__JxPath_1__jj_3R_18__jxpath_1f_jj_3R_18_line1897,m02,1,9,88,False
jxpath_1f_jj_3R_18__line1897_1990,codegeex4:9b,batch01__JxPath_1__jj_3R_18__jxpath_1f_jj_3R_18_line1897,m04,1,2,88,False
jxpath_1f_jj_3R_18__line1897_1990,codegeex4:9b,batch01__JxPath_1__jj_3R_18__jxpath_1f_jj_3R_18_line1897,m05,0,0,88,n/a
jxpath_1f_jj_3R_18__line1897_1990,codegeex4:9b,batch01__JxPath_1__jj_3R_18__jxpath_1f_jj_3R_18_line1897,m06,1,2,88,False
jxpath_1f_jj_3R_18__line1897_1990,codegeex4:9b,batch01__JxPath_1__jj_3R_18__jxpath_1f_jj_3R_18_line1897,m08,1,8,88,False
jxpath_1f_jj_3R_19__line3419_3440,codegeex4:9b,batch01__JxPath_1__jj_3R_19__jxpath_1f_jj_3R_19_line3419,m01,0,0,136,n/a
jxpath_1f_jj_3R_19__line3419_3440,codegeex4:9b,batch01__JxPath_1__jj_3R_19__jxpath_1f_jj_3R_19_line3419,m02,1,11,136,False
jxpath_1f_jj_3R_19__line3419_3440,codegeex4:9b,batch01__JxPath_1__jj_3R_19__jxpath_1f_jj_3R_19_line3419,m03,0,0,136,n/a
jxpath_1f_jj_3R_19__line3419_3440,codegeex4:9b,batch01__JxPath_1__jj_3R_19__jxpath_1f_jj_3R_19_line3419,m06,0,0,136,n/a
jxpath_1f_jj_3R_19__line3419_3440,codegeex4:9b,batch01__JxPath_1__jj_3R_19__jxpath_1f_jj_3R_19_line3419,m07,1,75,136,False
jxpath_6f_canConvert__line51_148,codegeex4:9b,batch01__JxPath_6__canConvert__jxpath_6f_canConvert_line51,m01,0,0,20,n/a
jxpath_6f_canConvert__line51_148,codegeex4:9b,batch01__JxPath_6__canConvert__jxpath_6f_canConvert_line51,m02,1,11,20,False
jxpath_6f_canConvert__line51_148,codegeex4:9b,batch01__JxPath_6__canConvert__jxpath_6f_canConvert_line51,m03,0,0,20,n/a
jxpath_6f_canConvert__line51_148,codegeex4:9b,batch01__JxPath_6__canConvert__jxpath_6f_canConvert_line51,m04,1,4,20,False
jxpath_6f_canConvert__line51_148,codegeex4:9b,batch01__JxPath_6__canConvert__jxpath_6f_canConvert_line51,m05,1,5,20,False
jxpath_6f_canConvert__line51_148,codegeex4:9b,batch01__JxPath_6__canConvert__jxpath_6f_canConvert_line51,m06,1,1,20,False
jxpath_6f_canConvert__line51_148,codegeex4:9b,batch01__JxPath_6__canConvert__jxpath_6f_canConvert_line51,m07,0,0,20,n/a
jxpath_6f_canConvert__line51_148,codegeex4:9b,batch01__JxPath_6__canConvert__jxpath_6f_canConvert_line51,m08,1,1,20,False
lang_1f_binaryBeMsb0ToHexDigit__line511_582,codegeex4:9b,batch01__Lang_1__binaryBeMsb0ToHexDigit__lang_1f_binaryBeMsb0ToHexDigit_line511,m01,1,2,2,True
lang_1f_binaryBeMsb0ToHexDigit__line511_582,codegeex4:9b,batch01__Lang_1__binaryBeMsb0ToHexDigit__lang_1f_binaryBeMsb0ToHexDigit_line511,m02,1,2,2,False
lang_1f_binaryBeMsb0ToHexDigit__line511_582,codegeex4:9b,batch01__Lang_1__binaryBeMsb0ToHexDigit__lang_1f_binaryBeMsb0ToHexDigit_line511,m03,1,2,2,False
lang_1f_binaryBeMsb0ToHexDigit__line511_582,codegeex4:9b,batch01__Lang_1__binaryBeMsb0ToHexDigit__lang_1f_binaryBeMsb0ToHexDigit_line511,m04,1,1,2,False
lang_1f_binaryBeMsb0ToHexDigit__line511_582,codegeex4:9b,batch01__Lang_1__binaryBeMsb0ToHexDigit__lang_1f_binaryBeMsb0ToHexDigit_line511,m05,1,1,2,False
lang_1f_binaryBeMsb0ToHexDigit__line511_582,codegeex4:9b,batch01__Lang_1__binaryBeMsb0ToHexDigit__lang_1f_binaryBeMsb0ToHexDigit_line511,m06,1,1,2,False
lang_1f_binaryBeMsb0ToHexDigit__line511_582,codegeex4:9b,batch01__Lang_1__binaryBeMsb0ToHexDigit__lang_1f_binaryBeMsb0ToHexDigit_line511,m07,1,2,2,False
lang_1f_binaryBeMsb0ToHexDigit__line511_582,codegeex4:9b,batch01__Lang_1__binaryBeMsb0ToHexDigit__lang_1f_binaryBeMsb0ToHexDigit_line511,m08,1,2,2,False
lang_1f_binaryToHexDigitMsb0_4bits__line403_474,codegeex4:9b,batch01__Lang_1__binaryToHexDigitMsb0_4bits__lang_1f_binaryToHexDigitMsb0_4bits_line403,m01,0,0,2,n/a
lang_1f_binaryToHexDigitMsb0_4bits__line403_474,codegeex4:9b,batch01__Lang_1__binaryToHexDigitMsb0_4bits__lang_1f_binaryToHexDigitMsb0_4bits_line403,m02,1,2,2,True
lang_1f_binaryToHexDigitMsb0_4bits__line403_474,codegeex4:9b,batch01__Lang_1__binaryToHexDigitMsb0_4bits__lang_1f_binaryToHexDigitMsb0_4bits_line403,m03,1,1,2,False
lang_1f_binaryToHexDigitMsb0_4bits__line403_474,codegeex4:9b,batch01__Lang_1__binaryToHexDigitMsb0_4bits__lang_1f_binaryToHexDigitMsb0_4bits_line403,m04,1,1,2,False
lang_1f_binaryToHexDigitMsb0_4bits__line403_474,codegeex4:9b,batch01__Lang_1__binaryToHexDigitMsb0_4bits__lang_1f_binaryToHexDigitMsb0_4bits_line403,m05,1,2,2,False
lang_1f_binaryToHexDigitMsb0_4bits__line403_474,codegeex4:9b,batch01__Lang_1__binaryToHexDigitMsb0_4bits__lang_1f_binaryToHexDigitMsb0_4bits_line403,m06,1,1,2,False
lang_1f_binaryToHexDigitMsb0_4bits__line403_474,codegeex4:9b,batch01__Lang_1__binaryToHexDigitMsb0_4bits__lang_1f_binaryToHexDigitMsb0_4bits_line403,m07,1,2,2,False
lang_1f_binaryToHexDigitMsb0_4bits__line403_474,codegeex4:9b,batch01__Lang_1__binaryToHexDigitMsb0_4bits__lang_1f_binaryToHexDigitMsb0_4bits_line403,m08,1,1,2,False
lang_1f_binaryToHexDigit__line300_365,codegeex4:9b,batch01__Lang_1__binaryToHexDigit__lang_1f_binaryToHexDigit_line300,m01,0,0,2,n/a
lang_1f_binaryToHexDigit__line300_365,codegeex4:9b,batch01__Lang_1__binaryToHexDigit__lang_1f_binaryToHexDigit_line300,m03,1,2,2,False
lang_1f_binaryToHexDigit__line300_365,codegeex4:9b,batch01__Lang_1__binaryToHexDigit__lang_1f_binaryToHexDigit_line300,m04,1,1,2,False
lang_1f_binaryToHexDigit__line300_365,codegeex4:9b,batch01__Lang_1__binaryToHexDigit__lang_1f_binaryToHexDigit_line300,m05,1,2,2,False
lang_1f_binaryToHexDigit__line300_365,codegeex4:9b,batch01__Lang_1__binaryToHexDigit__lang_1f_binaryToHexDigit_line300,m06,1,2,2,False
lang_1f_binaryToHexDigit__line300_365,codegeex4:9b,batch01__Lang_1__binaryToHexDigit__lang_1f_binaryToHexDigit_line300,m07,1,2,2,False
lang_1f_format__line414_467,codegeex4:9b,batch01__Lang_1__format__lang_1f_format_line414,m01,1,13,15,False
lang_1f_format__line414_467,codegeex4:9b,batch01__Lang_1__format__lang_1f_format_line414,m04,1,2,15,False
lang_1f_format__line414_467,codegeex4:9b,batch01__Lang_1__format__lang_1f_format_line414,m05,1,6,15,False
lang_1f_hexDigitMsb0ToBinary__line220_265,codegeex4:9b,batch01__Lang_1__hexDigitMsb0ToBinary__lang_1f_hexDigitMsb0ToBinary_line220,m02,1,1,1,False
lang_1f_hexDigitMsb0ToBinary__line220_265,codegeex4:9b,batch01__Lang_1__hexDigitMsb0ToBinary__lang_1f_hexDigitMsb0ToBinary_line220,m07,1,1,1,False
lang_1f_hexDigitMsb0ToBinary__line220_265,codegeex4:9b,batch01__Lang_1__hexDigitMsb0ToBinary__lang_1f_hexDigitMsb0ToBinary_line220,m08,1,1,1,False
lang_36f_appendInternal__line454_551,codegeex4:9b,batch01__Lang_36__appendInternal__lang_36f_appendInternal_line454,m01,1,9,111,False
lang_36f_appendInternal__line454_551,codegeex4:9b,batch01__Lang_36__appendInternal__lang_36f_appendInternal_line454,m08,1,34,111,False
lang_36f_append__line367_409,codegeex4:9b,batch01__Lang_36__append__lang_36f_append_line367,m01,1,29,45,False
lang_36f_append__line367_409,codegeex4:9b,batch01__Lang_36__append__lang_36f_append_line367,m02,1,29,45,False
lang_36f_append__line367_409,codegeex4:9b,batch01__Lang_36__append__lang_36f_append_line367,m03,1,2,45,False
lang_36f_append__line367_409,codegeex4:9b,batch01__Lang_36__append__lang_36f_append_line367,m05,1,30,45,False
lang_36f_append__line367_409,codegeex4:9b,batch01__Lang_36__append__lang_36f_append_line367,m06,1,10,45,False
lang_37f_append__line441_491,codegeex4:9b,batch01__Lang_37__append__lang_37f_append_line441,m01,1,10,29,False
lang_37f_append__line441_491,codegeex4:9b,batch01__Lang_37__append__lang_37f_append_line441,m02,1,29,29,False
lang_37f_append__line441_491,codegeex4:9b,batch01__Lang_37__append__lang_37f_append_line441,m05,1,9,29,False
lang_37f_append__line441_491,codegeex4:9b,batch01__Lang_37__append__lang_37f_append_line441,m06,1,8,29,False
lang_40f_random__line225_284,codegeex4:9b,batch01__Lang_40__random__lang_40f_random_line225,m01,1,1,3,False
lang_40f_random__line225_284,codegeex4:9b,batch01__Lang_40__random__lang_40f_random_line225,m04,1,1,3,False
lang_40f_random__line225_284,codegeex4:9b,batch01__Lang_40__random__lang_40f_random_line225,m08,1,1,3,False
lang_5f_isNumber__line1310_1410,codegeex4:9b,batch01__Lang_5__isNumber__lang_5f_isNumber_line1310,m02,1,1,1,False
lang_5f_isNumber__line1310_1410,codegeex4:9b,batch01__Lang_5__isNumber__lang_5f_isNumber_line1310,m03,1,1,1,False
lang_5f_isNumber__line1310_1410,codegeex4:9b,batch01__Lang_5__isNumber__lang_5f_isNumber_line1310,m05,1,1,1,False
lang_5f_isNumber__line1310_1410,codegeex4:9b,batch01__Lang_5__isNumber__lang_5f_isNumber_line1310,m06,1,1,1,False
lang_5f_isNumber__line1310_1410,codegeex4:9b,batch01__Lang_5__isNumber__lang_5f_isNumber_line1310,m07,1,1,1,False
lang_5f_isNumber__line1310_1410,codegeex4:9b,batch01__Lang_5__isNumber__lang_5f_isNumber_line1310,m08,1,1,1,False
lang_60f_format__line373_426,codegeex4:9b,batch01__Lang_60__format__lang_60f_format_line373,m01,1,9,11,False
lang_60f_format__line373_426,codegeex4:9b,batch01__Lang_60__format__lang_60f_format_line373,m03,1,11,11,True
lang_60f_format__line373_426,codegeex4:9b,batch01__Lang_60__format__lang_60f_format_line373,m04,0,0,11,n/a
lang_60f_format__line373_426,codegeex4:9b,batch01__Lang_60__format__lang_60f_format_line373,m05,1,11,11,False
lang_64f_append__line403_452,codegeex4:9b,batch01__Lang_64__append__lang_64f_append_line403,m01,1,29,29,False
lang_64f_append__line403_452,codegeex4:9b,batch01__Lang_64__append__lang_64f_append_line403,m02,0,0,29,n/a
lang_64f_append__line403_452,codegeex4:9b,batch01__Lang_64__append__lang_64f_append_line403,m03,1,4,29,False
lang_64f_append__line403_452,codegeex4:9b,batch01__Lang_64__append__lang_64f_append_line403,m04,1,2,29,False
lang_64f_append__line403_452,codegeex4:9b,batch01__Lang_64__append__lang_64f_append_line403,m05,1,11,29,False
lang_64f_append__line403_452,codegeex4:9b,batch01__Lang_64__append__lang_64f_append_line403,m06,1,9,29,False
lang_64f_append__line403_452,codegeex4:9b,batch01__Lang_64__append__lang_64f_append_line403,m08,1,29,29,False
math_15f_insertEdges__line232_320,codegeex4:9b,batch01__Math_15__insertEdges__math_15f_insertEdges_line232,m01,0,0,3,n/a
math_15f_insertEdges__line232_320,codegeex4:9b,batch01__Math_15__insertEdges__math_15f_insertEdges_line232,m02,0,0,3,n/a
math_15f_insertEdges__line232_320,codegeex4:9b,batch01__Math_15__insertEdges__math_15f_insertEdges_line232,m05,1,3,3,True
math_15f_insertEdges__line232_320,codegeex4:9b,batch01__Math_15__insertEdges__math_15f_insertEdges_line232,m06,1,2,3,False
math_15f_insertEdges__line232_320,codegeex4:9b,batch01__Math_15__insertEdges__math_15f_insertEdges_line232,m07,1,3,3,True
math_15f_insertEdges__line232_320,codegeex4:9b,batch01__Math_15__insertEdges__math_15f_insertEdges_line232,m08,0,0,3,n/a
math_23f_copy__line668_739,codegeex4:9b,batch01__Math_23__copy__math_23f_copy_line668,m03,1,1,3,False
math_23f_copy__line668_739,codegeex4:9b,batch01__Math_23__copy__math_23f_copy_line668,m04,1,2,3,False
math_23f_copy__line668_739,codegeex4:9b,batch01__Math_23__copy__math_23f_copy_line668,m06,0,0,3,n/a
math_23f_copy__line668_739,codegeex4:9b,batch01__Math_23__copy__math_23f_copy_line668,m08,1,1,3,False
math_36f_compareTo__line247_287,codegeex4:9b,batch01__Math_36__compareTo__math_36f_compareTo_line247,m02,0,0,18,n/a
math_36f_compareTo__line247_287,codegeex4:9b,batch01__Math_36__compareTo__math_36f_compareTo_line247,m03,0,0,18,n/a
math_36f_compareTo__line247_287,codegeex4:9b,batch01__Math_36__compareTo__math_36f_compareTo_line247,m04,1,14,18,False
math_36f_compareTo__line247_287,codegeex4:9b,batch01__Math_36__compareTo__math_36f_compareTo_line247,m06,0,0,18,n/a
math_36f_compareTo__line247_287,codegeex4:9b,batch01__Math_36__compareTo__math_36f_compareTo_line247,m07,1,1,18,False
math_36f_compareTo__line247_287,codegeex4:9b,batch01__Math_36__compareTo__math_36f_compareTo_line247,m08,0,0,18,n/a
math_36f_recurseSides__line436_510,codegeex4:9b,batch01__Math_36__recurseSides__math_36f_recurseSides_line436,m01,1,22,22,True
math_43f_regress__line759_823,codegeex4:9b,batch01__Math_43__regress__math_43f_regress_line759,m01,1,1,1,True
math_43f_regress__line759_823,codegeex4:9b,batch01__Math_43__regress__math_43f_regress_line759,m02,0,0,1,n/a
math_43f_regress__line759_823,codegeex4:9b,batch01__Math_43__regress__math_43f_regress_line759,m03,0,0,1,n/a
math_43f_regress__line759_823,codegeex4:9b,batch01__Math_43__regress__math_43f_regress_line759,m04,0,0,1,n/a
math_43f_regress__line759_823,codegeex4:9b,batch01__Math_43__regress__math_43f_regress_line759,m06,0,0,1,n/a
math_43f_regress__line759_823,codegeex4:9b,batch01__Math_43__regress__math_43f_regress_line759,m08,0,0,1,n/a
math_45f_scalb__line3036_3112,codegeex4:9b,batch01__Math_45__scalb__math_45f_scalb_line3036,m01,0,0,42,n/a
math_45f_scalb__line3036_3112,codegeex4:9b,batch01__Math_45__scalb__math_45f_scalb_line3036,m02,1,1,42,False
math_45f_scalb__line3036_3112,codegeex4:9b,batch01__Math_45__scalb__math_45f_scalb_line3036,m03,1,1,42,False
math_45f_scalb__line3036_3112,codegeex4:9b,batch01__Math_45__scalb__math_45f_scalb_line3036,m04,1,1,42,False
math_45f_scalb__line3036_3112,codegeex4:9b,batch01__Math_45__scalb__math_45f_scalb_line3036,m06,1,1,42,False
math_45f_scalb__line3036_3112,codegeex4:9b,batch01__Math_45__scalb__math_45f_scalb_line3036,m07,1,1,42,False
math_45f_scalb__line3036_3112,codegeex4:9b,batch01__Math_45__scalb__math_45f_scalb_line3036,m08,1,1,42,False
math_55f_round__line1330_1403,codegeex4:9b,batch01__Math_55__round__math_55f_round_line1330,m01,0,0,62,n/a
math_55f_round__line1330_1403,codegeex4:9b,batch01__Math_55__round__math_55f_round_line1330,m02,1,2,62,False
math_55f_round__line1330_1403,codegeex4:9b,batch01__Math_55__round__math_55f_round_line1330,m03,1,2,62,False
math_55f_round__line1330_1403,codegeex4:9b,batch01__Math_55__round__math_55f_round_line1330,m04,1,2,62,False
math_55f_round__line1330_1403,codegeex4:9b,batch01__Math_55__round__math_55f_round_line1330,m05,1,7,62,False
math_55f_round__line1330_1403,codegeex4:9b,batch01__Math_55__round__math_55f_round_line1330,m06,1,2,62,False
math_55f_round__line1330_1403,codegeex4:9b,batch01__Math_55__round__math_55f_round_line1330,m07,1,2,62,False
math_55f_round__line1330_1403,codegeex4:9b,batch01__Math_55__round__math_55f_round_line1330,m08,1,2,62,False
math_79f_evaluateStep__line166_260,codegeex4:9b,batch01__Math_79__evaluateStep__math_79f_evaluateStep_line166,m01,0,0,87,n/a
math_79f_evaluateStep__line166_260,codegeex4:9b,batch01__Math_79__evaluateStep__math_79f_evaluateStep_line166,m02,0,0,87,n/a
math_79f_evaluateStep__line166_260,codegeex4:9b,batch01__Math_79__evaluateStep__math_79f_evaluateStep_line166,m04,0,0,87,n/a
math_79f_evaluateStep__line166_260,codegeex4:9b,batch01__Math_79__evaluateStep__math_79f_evaluateStep_line166,m05,0,0,87,n/a
math_79f_evaluateStep__line166_260,codegeex4:9b,batch01__Math_79__evaluateStep__math_79f_evaluateStep_line166,m06,0,0,87,n/a
math_79f_evaluateStep__line166_260,codegeex4:9b,batch01__Math_79__evaluateStep__math_79f_evaluateStep_line166,m07,0,0,87,n/a
math_82f_roundUnscaled__line1074_1154,codegeex4:9b,batch01__Math_82__roundUnscaled__math_82f_roundUnscaled_line1074,m01,1,1,1,False
math_82f_roundUnscaled__line1074_1154,codegeex4:9b,batch01__Math_82__roundUnscaled__math_82f_roundUnscaled_line1074,m02,0,0,1,n/a
math_82f_roundUnscaled__line1074_1154,codegeex4:9b,batch01__Math_82__roundUnscaled__math_82f_roundUnscaled_line1074,m03,1,1,1,False
math_82f_roundUnscaled__line1074_1154,codegeex4:9b,batch01__Math_82__roundUnscaled__math_82f_roundUnscaled_line1074,m05,1,1,1,False
math_82f_roundUnscaled__line1074_1154,codegeex4:9b,batch01__Math_82__roundUnscaled__math_82f_roundUnscaled_line1074,m06,1,1,1,False
math_82f_roundUnscaled__line1074_1154,codegeex4:9b,batch01__Math_82__roundUnscaled__math_82f_roundUnscaled_line1074,m07,1,1,1,False
math_82f_roundUnscaled__line1074_1154,codegeex4:9b,batch01__Math_82__roundUnscaled__math_82f_roundUnscaled_line1074,m08,1,1,1,False
math_85f_dqd__line1318_1411,codegeex4:9b,batch01__Math_85__dqd__math_85f_dqd_line1318,m01,0,0,15,n/a
math_85f_dqd__line1318_1411,codegeex4:9b,batch01__Math_85__dqd__math_85f_dqd_line1318,m02,1,12,15,False
math_85f_dqd__line1318_1411,codegeex4:9b,batch01__Math_85__dqd__math_85f_dqd_line1318,m04,0,0,15,n/a
math_85f_dqd__line1318_1411,codegeex4:9b,batch01__Math_85__dqd__math_85f_dqd_line1318,m08,1,2,15,False
math_92f_localMin__line103_201,codegeex4:9b,batch01__Math_92__localMin__math_92f_localMin_line103,m02,0,0,3,n/a
math_92f_localMin__line103_201,codegeex4:9b,batch01__Math_92__localMin__math_92f_localMin_line103,m03,1,2,3,False
math_92f_localMin__line103_201,codegeex4:9b,batch01__Math_92__localMin__math_92f_localMin_line103,m04,1,3,3,False
math_92f_localMin__line103_201,codegeex4:9b,batch01__Math_92__localMin__math_92f_localMin_line103,m07,1,3,3,True
math_92f_localMin__line103_201,codegeex4:9b,batch01__Math_92__localMin__math_92f_localMin_line103,m08,1,3,3,True
mockito_1f_appendConstant__line136_221,codegeex4:9b,batch01__Mockito_1__appendConstant__mockito_1f_appendConstant_line136,m01,0,0,1,n/a
mockito_1f_appendConstant__line136_221,codegeex4:9b,batch01__Mockito_1__appendConstant__mockito_1f_appendConstant_line136,m03,0,0,1,n/a
mockito_1f_appendConstant__line136_221,codegeex4:9b,batch01__Mockito_1__appendConstant__mockito_1f_appendConstant_line136,m05,0,0,1,n/a
mockito_1f_appendConstant__line136_221,codegeex4:9b,batch01__Mockito_1__appendConstant__mockito_1f_appendConstant_line136,m06,0,0,1,n/a
mockito_1f_append__line332_378,codegeex4:9b,batch01__Mockito_1__append__mockito_1f_append_line332,m02,0,0,36,n/a
mockito_1f_append__line332_378,codegeex4:9b,batch01__Mockito_1__append__mockito_1f_append_line332,m03,1,1,36,False
mockito_1f_append__line332_378,codegeex4:9b,batch01__Mockito_1__append__mockito_1f_append_line332,m04,1,12,36,False
mockito_1f_append__line332_378,codegeex4:9b,batch01__Mockito_1__append__mockito_1f_append_line332,m05,1,1,36,False
mockito_1f_append__line332_378,codegeex4:9b,batch01__Mockito_1__append__mockito_1f_append_line332,m06,1,2,36,False
mockito_1f_append__line332_378,codegeex4:9b,batch01__Mockito_1__append__mockito_1f_append_line332,m07,1,30,36,False
mockito_1f_append__line332_378,codegeex4:9b,batch01__Mockito_1__append__mockito_1f_append_line332,m08,1,2,36,False
mockito_1f_binaryOperation__line224_294,codegeex4:9b,batch01__Mockito_1__binaryOperation__mockito_1f_binaryOperation_line224,m01,0,0,1,n/a
mockito_1f_binaryOperation__line224_294,codegeex4:9b,batch01__Mockito_1__binaryOperation__mockito_1f_binaryOperation_line224,m02,0,0,1,n/a
mockito_1f_binaryOperation__line224_294,codegeex4:9b,batch01__Mockito_1__binaryOperation__mockito_1f_binaryOperation_line224,m03,0,0,1,n/a
mockito_1f_binaryOperation__line224_294,codegeex4:9b,batch01__Mockito_1__binaryOperation__mockito_1f_binaryOperation_line224,m04,0,0,1,n/a
mockito_1f_binaryOperation__line224_294,codegeex4:9b,batch01__Mockito_1__binaryOperation__mockito_1f_binaryOperation_line224,m05,0,0,1,n/a
mockito_1f_binaryOperation__line224_294,codegeex4:9b,batch01__Mockito_1__binaryOperation__mockito_1f_binaryOperation_line224,m06,0,0,1,n/a
mockito_1f_binaryOperation__line224_294,codegeex4:9b,batch01__Mockito_1__binaryOperation__mockito_1f_binaryOperation_line224,m07,0,0,1,n/a
mockito_1f_binaryOperation__line224_294,codegeex4:9b,batch01__Mockito_1__binaryOperation__mockito_1f_binaryOperation_line224,m08,0,0,1,n/a
mockito_1f_cast_numeric__line252_297,codegeex4:9b,batch01__Mockito_1__cast_numeric__mockito_1f_cast_numeric_line252,m01,0,0,1,n/a
mockito_1f_cast_numeric__line252_297,codegeex4:9b,batch01__Mockito_1__cast_numeric__mockito_1f_cast_numeric_line252,m03,0,0,1,n/a
mockito_1f_cast_numeric__line252_297,codegeex4:9b,batch01__Mockito_1__cast_numeric__mockito_1f_cast_numeric_line252,m05,0,0,1,n/a
mockito_1f_cast_numeric__line252_297,codegeex4:9b,batch01__Mockito_1__cast_numeric__mockito_1f_cast_numeric_line252,m06,0,0,1,n/a
mockito_1f_cast_numeric__line252_297,codegeex4:9b,batch01__Mockito_1__cast_numeric__mockito_1f_cast_numeric_line252,m07,0,0,1,n/a
mockito_1f_cast_numeric__line252_297,codegeex4:9b,batch01__Mockito_1__cast_numeric__mockito_1f_cast_numeric_line252,m08,0,0,1,n/a
mockito_1f_merge__line1340_1401,codegeex4:9b,batch01__Mockito_1__merge__mockito_1f_merge_line1340,m01,0,0,1,n/a
mockito_1f_merge__line1340_1401,codegeex4:9b,batch01__Mockito_1__merge__mockito_1f_merge_line1340,m03,0,0,1,n/a
mockito_1f_merge__line1340_1401,codegeex4:9b,batch01__Mockito_1__merge__mockito_1f_merge_line1340,m04,0,0,1,n/a
mockito_1f_merge__line1340_1401,codegeex4:9b,batch01__Mockito_1__merge__mockito_1f_merge_line1340,m05,0,0,1,n/a
mockito_1f_merge__line1340_1401,codegeex4:9b,batch01__Mockito_1__merge__mockito_1f_merge_line1340,m06,0,0,1,n/a
mockito_1f_merge__line1340_1401,codegeex4:9b,batch01__Mockito_1__merge__mockito_1f_merge_line1340,m07,0,0,1,n/a
mockito_1f_unaryOperation__line136_222,codegeex4:9b,batch01__Mockito_1__unaryOperation__mockito_1f_unaryOperation_line136,m01,0,0,1,n/a
mockito_1f_unaryOperation__line136_222,codegeex4:9b,batch01__Mockito_1__unaryOperation__mockito_1f_unaryOperation_line136,m02,0,0,1,n/a
mockito_1f_unaryOperation__line136_222,codegeex4:9b,batch01__Mockito_1__unaryOperation__mockito_1f_unaryOperation_line136,m03,0,0,1,n/a
mockito_1f_unaryOperation__line136_222,codegeex4:9b,batch01__Mockito_1__unaryOperation__mockito_1f_unaryOperation_line136,m04,0,0,1,n/a
mockito_1f_unaryOperation__line136_222,codegeex4:9b,batch01__Mockito_1__unaryOperation__mockito_1f_unaryOperation_line136,m05,0,0,1,n/a
mockito_1f_unaryOperation__line136_222,codegeex4:9b,batch01__Mockito_1__unaryOperation__mockito_1f_unaryOperation_line136,m06,0,0,1,n/a
mockito_1f_unaryOperation__line136_222,codegeex4:9b,batch01__Mockito_1__unaryOperation__mockito_1f_unaryOperation_line136,m07,0,0,1,n/a
mockito_1f_unaryOperation__line136_222,codegeex4:9b,batch01__Mockito_1__unaryOperation__mockito_1f_unaryOperation_line136,m08,0,0,1,n/a
mockito_1f_visitJumpInsn__line856_945,codegeex4:9b,batch01__Mockito_1__visitJumpInsn__mockito_1f_visitJumpInsn_line856,m01,0,0,1,n/a
mockito_1f_visitJumpInsn__line856_945,codegeex4:9b,batch01__Mockito_1__visitJumpInsn__mockito_1f_visitJumpInsn_line856,m02,0,0,1,n/a
mockito_1f_visitJumpInsn__line856_945,codegeex4:9b,batch01__Mockito_1__visitJumpInsn__mockito_1f_visitJumpInsn_line856,m03,0,0,1,n/a
mockito_1f_visitJumpInsn__line856_945,codegeex4:9b,batch01__Mockito_1__visitJumpInsn__mockito_1f_visitJumpInsn_line856,m04,0,0,1,n/a
mockito_1f_visitJumpInsn__line856_945,codegeex4:9b,batch01__Mockito_1__visitJumpInsn__mockito_1f_visitJumpInsn_line856,m05,0,0,1,n/a
mockito_1f_visitJumpInsn__line856_945,codegeex4:9b,batch01__Mockito_1__visitJumpInsn__mockito_1f_visitJumpInsn_line856,m06,0,0,1,n/a
mockito_1f_visitJumpInsn__line856_945,codegeex4:9b,batch01__Mockito_1__visitJumpInsn__mockito_1f_visitJumpInsn_line856,m07,0,0,1,n/a
mockito_1f_visitJumpInsn__line856_945,codegeex4:9b,batch01__Mockito_1__visitJumpInsn__mockito_1f_visitJumpInsn_line856,m08,0,0,1,n/a
mockito_1f_visit__line64_151,codegeex4:9b,batch01__Mockito_1__visit__mockito_1f_visit_line64,m01,0,0,1,n/a
mockito_1f_visit__line64_151,codegeex4:9b,batch01__Mockito_1__visit__mockito_1f_visit_line64,m02,0,0,1,n/a
mockito_1f_visit__line64_151,codegeex4:9b,batch01__Mockito_1__visit__mockito_1f_visit_line64,m03,0,0,1,n/a
mockito_1f_visit__line64_151,codegeex4:9b,batch01__Mockito_1__visit__mockito_1f_visit_line64,m04,0,0,1,n/a
mockito_25f_returnValueFor__line70_108,codegeex4:9b,batch01__Mockito_25__returnValueFor__mockito_25f_returnValueFor_line70,m01,0,0,540,n/a
mockito_25f_returnValueFor__line70_108,codegeex4:9b,batch01__Mockito_25__returnValueFor__mockito_25f_returnValueFor_line70,m02,0,0,540,n/a
mockito_25f_returnValueFor__line70_108,codegeex4:9b,batch01__Mockito_25__returnValueFor__mockito_25f_returnValueFor_line70,m03,0,0,540,n/a
mockito_25f_returnValueFor__line70_108,codegeex4:9b,batch01__Mockito_25__returnValueFor__mockito_25f_returnValueFor_line70,m04,0,0,540,n/a
mockito_25f_returnValueFor__line70_108,codegeex4:9b,batch01__Mockito_25__returnValueFor__mockito_25f_returnValueFor_line70,m05,0,0,540,n/a
mockito_25f_returnValueFor__line70_108,codegeex4:9b,batch01__Mockito_25__returnValueFor__mockito_25f_returnValueFor_line70,m06,1,1,540,False
mockito_25f_returnValueFor__line70_108,codegeex4:9b,batch01__Mockito_25__returnValueFor__mockito_25f_returnValueFor_line70,m07,1,2,540,False
mockito_25f_returnValueFor__line70_108,codegeex4:9b,batch01__Mockito_25__returnValueFor__mockito_25f_returnValueFor_line70,m08,1,1,540,False
mockito_38f_matches__line18_42,codegeex4:9b,batch01__Mockito_38__matches__mockito_38f_matches_line18,m01,1,1,4,False
time_1f_selectSlow__line242_316,codegeex4:9b,batch01__Time_1__selectSlow__time_1f_selectSlow_line242,m01,1,1,416,False
time_1f_selectSlow__line242_316,codegeex4:9b,batch01__Time_1__selectSlow__time_1f_selectSlow_line242,m02,1,2,416,False
time_1f_selectSlow__line242_316,codegeex4:9b,batch01__Time_1__selectSlow__time_1f_selectSlow_line242,m03,1,160,416,False
time_1f_selectSlow__line242_316,codegeex4:9b,batch01__Time_1__selectSlow__time_1f_selectSlow_line242,m04,0,0,416,n/a
time_1f_selectSlow__line242_316,codegeex4:9b,batch01__Time_1__selectSlow__time_1f_selectSlow_line242,m06,1,2,416,False
time_1f_selectSlow__line242_316,codegeex4:9b,batch01__Time_1__selectSlow__time_1f_selectSlow_line242,m08,1,2,416,False
time_22f_compile__line366_453,codegeex4:9b,batch01__Time_22__compile__time_22f_compile_line366,m01,1,1,1,True
time_22f_compile__line366_453,codegeex4:9b,batch01__Time_22__compile__time_22f_compile_line366,m02,0,0,1,n/a
time_22f_compile__line366_453,codegeex4:9b,batch01__Time_22__compile__time_22f_compile_line366,m04,0,0,1,n/a
time_22f_compile__line366_453,codegeex4:9b,batch01__Time_22__compile__time_22f_compile_line366,m07,1,1,1,True
time_22f_compile__line366_453,codegeex4:9b,batch01__Time_22__compile__time_22f_compile_line366,m08,0,0,1,n/a
time_22f_isNumericToken__line632_664,codegeex4:9b,batch01__Time_22__isNumericToken__time_22f_isNumericToken_line632,m01,0,0,66,n/a
time_22f_isNumericToken__line632_664,codegeex4:9b,batch01__Time_22__isNumericToken__time_22f_isNumericToken_line632,m02,0,0,66,n/a
time_22f_isNumericToken__line632_664,codegeex4:9b,batch01__Time_22__isNumericToken__time_22f_isNumericToken_line632,m03,0,0,66,n/a
time_22f_isNumericToken__line632_664,codegeex4:9b,batch01__Time_22__isNumericToken__time_22f_isNumericToken_line632,m04,0,0,66,n/a
time_22f_isNumericToken__line632_664,codegeex4:9b,batch01__Time_22__isNumericToken__time_22f_isNumericToken_line632,m05,0,0,66,n/a
time_22f_isNumericToken__line632_664,codegeex4:9b,batch01__Time_22__isNumericToken__time_22f_isNumericToken_line632,m06,0,0,66,n/a
time_22f_isNumericToken__line632_664,codegeex4:9b,batch01__Time_22__isNumericToken__time_22f_isNumericToken_line632,m07,0,0,66,n/a
time_6f_time__line384_446,codegeex4:9b,batch01__Time_6__time__time_6f_time_line384,m01,1,15,86,False
time_6f_time__line384_446,codegeex4:9b,batch01__Time_6__time__time_6f_time_line384,m02,0,0,86,n/a
time_6f_time__line384_446,codegeex4:9b,batch01__Time_6__time__time_6f_time_line384,m03,1,13,86,False
time_6f_time__line384_446,codegeex4:9b,batch01__Time_6__time__time_6f_time_line384,m04,0,0,86,n/a
time_6f_time__line384_446,codegeex4:9b,batch01__Time_6__time__time_6f_time_line384,m06,1,23,86,False
time_6f_time__line384_446,codegeex4:9b,batch01__Time_6__time__time_6f_time_line384,m07,1,8,86,False
time_6f_time__line384_446,codegeex4:9b,batch01__Time_6__time__time_6f_time_line384,m08,1,6,86,False
chart_1f_clipLine__line62_141,codellama:13b,batch02__Chart_1__clipLine__chart_1f_clipLine_line62,m01,0,0,3,n/a
chart_1f_clipLine__line62_141,codellama:13b,batch02__Chart_1__clipLine__chart_1f_clipLine_line62,m04,0,0,3,n/a
chart_1f_clipLine__line62_141,codellama:13b,batch02__Chart_1__clipLine__chart_1f_clipLine_line62,m06,1,1,3,False
chart_1f_clipLine__line62_141,codellama:13b,batch02__Chart_1__clipLine__chart_1f_clipLine_line62,m07,1,1,3,False
chart_1f_clipLine__line62_141,codellama:13b,batch02__Chart_1__clipLine__chart_1f_clipLine_line62,m08,1,1,3,False
chart_1f_readResolve__line213_291,codellama:13b,batch02__Chart_1__readResolve__chart_1f_readResolve_line213,m01,0,0,69,n/a
chart_1f_readResolve__line213_291,codellama:13b,batch02__Chart_1__readResolve__chart_1f_readResolve_line213,m03,0,0,69,n/a
chart_1f_readResolve__line213_291,codellama:13b,batch02__Chart_1__readResolve__chart_1f_readResolve_line213,m05,0,0,69,n/a
chart_1f_readResolve__line213_291,codellama:13b,batch02__Chart_1__readResolve__chart_1f_readResolve_line213,m07,0,0,69,n/a
chart_26f_drawAxisLine__line517_606,codellama:13b,batch02__Chart_26__drawAxisLine__chart_26f_drawAxisLine_line517,m01,0,0,42,n/a
chart_26f_drawAxisLine__line517_606,codellama:13b,batch02__Chart_26__drawAxisLine__chart_26f_drawAxisLine_line517,m02,0,0,42,n/a
chart_26f_drawAxisLine__line517_606,codellama:13b,batch02__Chart_26__drawAxisLine__chart_26f_drawAxisLine_line517,m03,0,0,42,n/a
chart_26f_drawAxisLine__line517_606,codellama:13b,batch02__Chart_26__drawAxisLine__chart_26f_drawAxisLine_line517,m04,0,0,42,n/a
chart_26f_drawAxisLine__line517_606,codellama:13b,batch02__Chart_26__drawAxisLine__chart_26f_drawAxisLine_line517,m05,0,0,42,n/a
chart_26f_drawAxisLine__line517_606,codellama:13b,batch02__Chart_26__drawAxisLine__chart_26f_drawAxisLine_line517,m06,0,0,42,n/a
chart_26f_drawAxisLine__line517_606,codellama:13b,batch02__Chart_26__drawAxisLine__chart_26f_drawAxisLine_line517,m07,0,0,42,n/a
chart_26f_drawAxisLine__line517_606,codellama:13b,batch02__Chart_26__drawAxisLine__chart_26f_drawAxisLine_line517,m08,0,0,42,n/a
chart_4f_deriveRotationAnchorOffsets__line686_768,codellama:13b,batch02__Chart_4__deriveRotationAnchorOffsets__chart_4f_deriveRotationAnchorOffsets_line686,m02,0,0,65,n/a
chart_4f_deriveRotationAnchorOffsets__line686_768,codellama:13b,batch02__Chart_4__deriveRotationAnchorOffsets__chart_4f_deriveRotationAnchorOffsets_line686,m03,0,0,65,n/a
chart_4f_deriveRotationAnchorOffsets__line686_768,codellama:13b,batch02__Chart_4__deriveRotationAnchorOffsets__chart_4f_deriveRotationAnchorOffsets_line686,m04,0,0,65,n/a
chart_4f_deriveRotationAnchorOffsets__line686_768,codellama:13b,batch02__Chart_4__deriveRotationAnchorOffsets__chart_4f_deriveRotationAnchorOffsets_line686,m05,0,0,65,n/a
chart_4f_deriveRotationAnchorOffsets__line686_768,codellama:13b,batch02__Chart_4__deriveRotationAnchorOffsets__chart_4f_deriveRotationAnchorOffsets_line686,m06,0,0,65,n/a
chart_4f_deriveRotationAnchorOffsets__line686_768,codellama:13b,batch02__Chart_4__deriveRotationAnchorOffsets__chart_4f_deriveRotationAnchorOffsets_line686,m07,0,0,65,n/a
chart_4f_deriveRotationAnchorOffsets__line686_768,codellama:13b,batch02__Chart_4__deriveRotationAnchorOffsets__chart_4f_deriveRotationAnchorOffsets_line686,m08,0,0,65,n/a
chart_4f_deriveTextBoundsAnchorOffsets__line599_673,codellama:13b,batch02__Chart_4__deriveTextBoundsAnchorOffsets__chart_4f_deriveTextBoundsAnchorOffsets_line599,m01,0,0,70,n/a
chart_4f_deriveTextBoundsAnchorOffsets__line599_673,codellama:13b,batch02__Chart_4__deriveTextBoundsAnchorOffsets__chart_4f_deriveTextBoundsAnchorOffsets_line599,m02,0,0,70,n/a
chart_4f_deriveTextBoundsAnchorOffsets__line599_673,codellama:13b,batch02__Chart_4__deriveTextBoundsAnchorOffsets__chart_4f_deriveTextBoundsAnchorOffsets_line599,m03,0,0,70,n/a
chart_4f_deriveTextBoundsAnchorOffsets__line599_673,codellama:13b,batch02__Chart_4__deriveTextBoundsAnchorOffsets__chart_4f_deriveTextBoundsAnchorOffsets_line599,m04,0,0,70,n/a
chart_4f_deriveTextBoundsAnchorOffsets__line599_673,codellama:13b,batch02__Chart_4__deriveTextBoundsAnchorOffsets__chart_4f_deriveTextBoundsAnchorOffsets_line599,m05,0,0,70,n/a
chart_4f_deriveTextBoundsAnchorOffsets__line599_673,codellama:13b,batch02__Chart_4__deriveTextBoundsAnchorOffsets__chart_4f_deriveTextBoundsAnchorOffsets_line599,m06,0,0,70,n/a
chart_4f_deriveTextBoundsAnchorOffsets__line599_673,codellama:13b,batch02__Chart_4__deriveTextBoundsAnchorOffsets__chart_4f_deriveTextBoundsAnchorOffsets_line599,m07,0,0,70,n/a
chart_4f_deriveTextBoundsAnchorOffsets__line599_673,codellama:13b,batch02__Chart_4__deriveTextBoundsAnchorOffsets__chart_4f_deriveTextBoundsAnchorOffsets_line599,m08,0,0,70,n/a
cli_1f_findWrapPos__line789_833,codellama:13b,batch02__Cli_1__findWrapPos__cli_1f_findWrapPos_line789,m01,1,1,7,False
cli_1f_findWrapPos__line789_833,codellama:13b,batch02__Cli_1__findWrapPos__cli_1f_findWrapPos_line789,m05,1,1,7,unknown
cli_1f_findWrapPos__line789_833,codellama:13b,batch02__Cli_1__findWrapPos__cli_1f_findWrapPos_line789,m06,0,0,7,n/a
cli_1f_findWrapPos__line789_833,codellama:13b,batch02__Cli_1__findWrapPos__cli_1f_findWrapPos_line789,m07,0,0,7,n/a
cli_30f_createValue__line60_102,codellama:13b,batch02__Cli_30__createValue__cli_30f_createValue_line60,m01,1,2,6,False
cli_30f_createValue__line60_102,codellama:13b,batch02__Cli_30__createValue__cli_30f_createValue_line60,m03,0,0,6,n/a
cli_30f_createValue__line60_102,codellama:13b,batch02__Cli_30__createValue__cli_30f_createValue_line60,m04,1,2,6,False
cli_30f_createValue__line60_102,codellama:13b,batch02__Cli_30__createValue__cli_30f_createValue_line60,m05,1,1,6,False
cli_30f_createValue__line60_102,codellama:13b,batch02__Cli_30__createValue__cli_30f_createValue_line60,m06,0,0,6,n/a
cli_30f_createValue__line60_102,codellama:13b,batch02__Cli_30__createValue__cli_30f_createValue_line60,m07,1,2,6,False
cli_30f_createValue__line60_102,codellama:13b,batch02__Cli_30__createValue__cli_30f_createValue_line60,m08,0,0,6,n/a
cli_3f_createValue__line59_101,codellama:13b,batch02__Cli_3__createValue__cli_3f_createValue_line59,m01,1,1,1,False
cli_3f_createValue__line59_101,codellama:13b,batch02__Cli_3__createValue__cli_3f_createValue_line59,m02,1,1,1,False
cli_3f_createValue__line59_101,codellama:13b,batch02__Cli_3__createValue__cli_3f_createValue_line59,m03,1,1,1,False
cli_3f_createValue__line59_101,codellama:13b,batch02__Cli_3__createValue__cli_3f_createValue_line59,m04,0,0,1,n/a
cli_3f_createValue__line59_101,codellama:13b,batch02__Cli_3__createValue__cli_3f_createValue_line59,m05,1,1,1,False
cli_3f_createValue__line59_101,codellama:13b,batch02__Cli_3__createValue__cli_3f_createValue_line59,m06,1,1,1,False
cli_3f_createValue__line59_101,codellama:13b,batch02__Cli_3__createValue__cli_3f_createValue_line59,m07,0,0,1,n/a
cli_3f_createValue__line59_101,codellama:13b,batch02__Cli_3__createValue__cli_3f_createValue_line59,m08,0,0,1,n/a
cli_40f_flatten__line94_174,codellama:13b,batch02__Cli_40__flatten__cli_40f_flatten_line94,m01,1,12,76,False
cli_7f_appendUsage__line258_320,codellama:13b,batch02__Cli_7__appendUsage__cli_7f_appendUsage_line258,m01,1,6,27,False
cli_7f_appendUsage__line258_320,codellama:13b,batch02__Cli_7__appendUsage__cli_7f_appendUsage_line258,m02,1,7,27,False
cli_7f_appendUsage__line258_320,codellama:13b,batch02__Cli_7__appendUsage__cli_7f_appendUsage_line258,m04,1,15,27,False
cli_7f_appendUsage__line258_320,codellama:13b,batch02__Cli_7__appendUsage__cli_7f_appendUsage_line258,m05,1,20,27,False
cli_7f_appendUsage__line258_320,codellama:13b,batch02__Cli_7__appendUsage__cli_7f_appendUsage_line258,m06,1,14,27,False
cli_7f_appendUsage__line258_320,codellama:13b,batch02__Cli_7__appendUsage__cli_7f_appendUsage_line258,m08,1,20,27,False
cli_7f_process__line156_235,codellama:13b,batch02__Cli_7__process__cli_7f_process_line156,m01,0,0,32,n/a
cli_7f_wrap__line340_438,codellama:13b,batch02__Cli_7__wrap__cli_7f_wrap_line340,m01,0,0,26,n/a
cli_7f_wrap__line340_438,codellama:13b,batch02__Cli_7__wrap__cli_7f_wrap_line340,m02,1,25,26,False
cli_7f_wrap__line340_438,codellama:13b,batch02__Cli_7__wrap__cli_7f_wrap_line340,m05,0,0,26,n/a
cli_7f_wrap__line340_438,codellama:13b,batch02__Cli_7__wrap__cli_7f_wrap_line340,m06,1,2,26,False
cli_7f_wrap__line340_438,codellama:13b,batch02__Cli_7__wrap__cli_7f_wrap_line340,m07,1,1,26,False
cli_7f_wrap__line340_438,codellama:13b,batch02__Cli_7__wrap__cli_7f_wrap_line340,m08,1,25,26,False
closure_106f_precedence__line605_680,codellama:13b,batch02__Closure_106__precedence__closure_106f_precedence_line605,m01,1,1,1892,False
closure_106f_precedence__line605_680,codellama:13b,batch02__Closure_106__precedence__closure_106f_precedence_line605,m02,1,3,1892,False
closure_106f_precedence__line605_680,codellama:13b,batch02__Closure_106__precedence__closure_106f_precedence_line605,m03,0,0,1892,n/a
closure_106f_precedence__line605_680,codellama:13b,batch02__Closure_106__precedence__closure_106f_precedence_line605,m04,0,0,1892,n/a
closure_106f_precedence__line605_680,codellama:13b,batch02__Closure_106__precedence__closure_106f_precedence_line605,m05,0,0,1892,n/a
closure_106f_precedence__line605_680,codellama:13b,batch02__Closure_106__precedence__closure_106f_precedence_line605,m06,0,0,1892,n/a
closure_106f_precedence__line605_680,codellama:13b,batch02__Closure_106__precedence__closure_106f_precedence_line605,m07,0,0,1892,n/a
closure_106f_precedence__line605_680,codellama:13b,batch02__Closure_106__precedence__closure_106f_precedence_line605,m08,0,0,1892,n/a
closure_125f_precedenceWithDefault__line1179_1254,codellama:13b,batch02__Closure_125__precedenceWithDefault__closure_125f_precedenceWithDefault_line1179,m01,1,34,3533,False
closure_125f_precedenceWithDefault__line1179_1254,codellama:13b,batch02__Closure_125__precedenceWithDefault__closure_125f_precedenceWithDefault_line1179,m02,1,23,3533,False
closure_125f_precedenceWithDefault__line1179_1254,codellama:13b,batch02__Closure_125__precedenceWithDefault__closure_125f_precedenceWithDefault_line1179,m03,1,23,3533,False
closure_125f_precedenceWithDefault__line1179_1254,codellama:13b,batch02__Closure_125__precedenceWithDefault__closure_125f_precedenceWithDefault_line1179,m04,1,23,3533,False
closure_125f_precedenceWithDefault__line1179_1254,codellama:13b,batch02__Closure_125__precedenceWithDefault__closure_125f_precedenceWithDefault_line1179,m05,1,23,3533,False
closure_125f_precedenceWithDefault__line1179_1254,codellama:13b,batch02__Closure_125__precedenceWithDefault__closure_125f_precedenceWithDefault_line1179,m06,1,23,3533,False
closure_125f_precedenceWithDefault__line1179_1254,codellama:13b,batch02__Closure_125__precedenceWithDefault__closure_125f_precedenceWithDefault_line1179,m07,1,23,3533,False
closure_125f_precedenceWithDefault__line1179_1254,codellama:13b,batch02__Closure_125__precedenceWithDefault__closure_125f_precedenceWithDefault_line1179,m08,1,63,3533,False
closure_1f_biggestPowerTen__line180_277,codellama:13b,batch02__Closure_1__biggestPowerTen__closure_1f_biggestPowerTen_line180,m01,0,0,1,n/a
closure_1f_biggestPowerTen__line180_277,codellama:13b,batch02__Closure_1__biggestPowerTen__closure_1f_biggestPowerTen_line180,m02,0,0,1,n/a
closure_1f_biggestPowerTen__line180_277,codellama:13b,batch02__Closure_1__biggestPowerTen__closure_1f_biggestPowerTen_line180,m03,0,0,1,n/a
closure_1f_biggestPowerTen__line180_277,codellama:13b,batch02__Closure_1__biggestPowerTen__closure_1f_biggestPowerTen_line180,m04,0,0,1,n/a
closure_1f_biggestPowerTen__line180_277,codellama:13b,batch02__Closure_1__biggestPowerTen__closure_1f_biggestPowerTen_line180,m05,0,0,1,n/a
closure_1f_biggestPowerTen__line180_277,codellama:13b,batch02__Closure_1__biggestPowerTen__closure_1f_biggestPowerTen_line180,m06,0,0,1,n/a
closure_1f_biggestPowerTen__line180_277,codellama:13b,batch02__Closure_1__biggestPowerTen__closure_1f_biggestPowerTen_line180,m07,0,0,1,n/a
closure_44f_bytecodeName__line179_262,codellama:13b,batch02__Closure_44__bytecodeName__closure_44f_bytecodeName_line179,m01,0,0,1,n/a
closure_44f_bytecodeName__line179_262,codellama:13b,batch02__Closure_44__bytecodeName__closure_44f_bytecodeName_line179,m02,0,0,1,n/a
closure_44f_bytecodeName__line179_262,codellama:13b,batch02__Closure_44__bytecodeName__closure_44f_bytecodeName_line179,m05,0,0,1,n/a
closure_44f_findPrototypeId__line459_537,codellama:13b,batch02__Closure_44__findPrototypeId__closure_44f_findPrototypeId_line459,m01,0,0,1,n/a
closure_44f_findPrototypeId__line459_537,codellama:13b,batch02__Closure_44__findPrototypeId__closure_44f_findPrototypeId_line459,m02,0,0,1,n/a
closure_44f_findPrototypeId__line459_537,codellama:13b,batch02__Closure_44__findPrototypeId__closure_44f_findPrototypeId_line459,m03,0,0,1,n/a
closure_44f_findPrototypeId__line459_537,codellama:13b,batch02__Closure_44__findPrototypeId__closure_44f_findPrototypeId_line459,m04,0,0,1,n/a
closure_44f_findPrototypeId__line459_537,codellama:13b,batch02__Closure_44__findPrototypeId__closure_44f_findPrototypeId_line459,m05,0,0,1,n/a
closure_44f_findPrototypeId__line459_537,codellama:13b,batch02__Closure_44__findPrototypeId__closure_44f_findPrototypeId_line459,m06,0,0,1,n/a
closure_47f_tokenToName__line1461_1548,codellama:13b,batch02__Closure_47__tokenToName__closure_47f_tokenToName_line1461,m01,0,0,656,n/a
closure_47f_tokenToName__line1461_1548,codellama:13b,batch02__Closure_47__tokenToName__closure_47f_tokenToName_line1461,m03,0,0,656,n/a
closure_47f_tokenToName__line1461_1548,codellama:13b,batch02__Closure_47__tokenToName__closure_47f_tokenToName_line1461,m05,0,0,656,n/a
closure_47f_tokenToName__line1461_1548,codellama:13b,batch02__Closure_47__tokenToName__closure_47f_tokenToName_line1461,m06,0,0,656,n/a
codec_13f_encode__line385_469,codellama:13b,batch02__Codec_13__encode__codec_13f_encode_line385,m01,1,7,13,False
codec_13f_encode__line385_469,codellama:13b,batch02__Codec_13__encode__codec_13f_encode_line385,m03,1,7,13,False
codec_13f_handleG__line408_461,codellama:13b,batch02__Codec_13__handleG__codec_13f_handleG_line408,m01,1,4,5,False
codec_13f_handleJ__line514_545,codellama:13b,batch02__Codec_13__handleJ__codec_13f_handleJ_line514,m04,0,0,8,n/a
codec_13f_handleJ__line514_545,codellama:13b,batch02__Codec_13__handleJ__codec_13f_handleJ_line514,m05,0,0,8,n/a
codec_17f_transcodeRemaining__line118_167,codellama:13b,batch02__Codec_17__transcodeRemaining__codec_17f_transcodeRemaining_line118,m01,1,19,19,True
codec_17f_transcodeRemaining__line118_167,codellama:13b,batch02__Codec_17__transcodeRemaining__codec_17f_transcodeRemaining_line118,m02,1,13,19,False
codec_17f_transcodeRemaining__line118_167,codellama:13b,batch02__Codec_17__transcodeRemaining__codec_17f_transcodeRemaining_line118,m03,1,2,19,False
codec_17f_transcodeRemaining__line118_167,codellama:13b,batch02__Codec_17__transcodeRemaining__codec_17f_transcodeRemaining_line118,m04,1,1,19,False
codec_17f_transcodeRemaining__line118_167,codellama:13b,batch02__Codec_17__transcodeRemaining__codec_17f_transcodeRemaining_line118,m05,1,1,19,False
codec_17f_transcodeRemaining__line118_167,codellama:13b,batch02__Codec_17__transcodeRemaining__codec_17f_transcodeRemaining_line118,m06,1,1,19,False
codec_17f_transcodeRemaining__line118_167,codellama:13b,batch02__Codec_17__transcodeRemaining__codec_17f_transcodeRemaining_line118,m07,1,3,19,False
codec_17f_transcodeRemaining__line118_167,codellama:13b,batch02__Codec_17__transcodeRemaining__codec_17f_transcodeRemaining_line118,m08,1,2,19,False
codec_1f_handleC__line281_330,codellama:13b,batch02__Codec_1__handleC__codec_1f_handleC_line281,m01,0,0,4,n/a
codec_1f_handleC__line281_330,codellama:13b,batch02__Codec_1__handleC__codec_1f_handleC_line281,m02,1,1,4,False
codec_1f_handleC__line281_330,codellama:13b,batch02__Codec_1__handleC__codec_1f_handleC_line281,m03,1,1,4,False
codec_1f_handleC__line281_330,codellama:13b,batch02__Codec_1__handleC__codec_1f_handleC_line281,m04,0,0,4,n/a
codec_1f_handleC__line281_330,codellama:13b,batch02__Codec_1__handleC__codec_1f_handleC_line281,m05,1,2,4,False
codec_1f_handleC__line281_330,codellama:13b,batch02__Codec_1__handleC__codec_1f_handleC_line281,m06,1,3,4,False
codec_1f_handleC__line281_330,codellama:13b,batch02__Codec_1__handleC__codec_1f_handleC_line281,m07,1,1,4,False
codec_1f_handleC__line281_330,codellama:13b,batch02__Codec_1__handleC__codec_1f_handleC_line281,m08,1,2,4,False
codec_1f_handleG__line418_469,codellama:13b,batch02__Codec_1__handleG__codec_1f_handleG_line418,m01,1,1,3,False
codec_1f_handleG__line418_469,codellama:13b,batch02__Codec_1__handleG__codec_1f_handleG_line418,m03,0,0,3,n/a
codec_1f_handleG__line418_469,codellama:13b,batch02__Codec_1__handleG__codec_1f_handleG_line418,m06,0,0,3,n/a
codec_1f_handleG__line418_469,codellama:13b,batch02__Codec_1__handleG__codec_1f_handleG_line418,m08,0,0,3,n/a
codec_1f_handleJ__line526_556,codellama:13b,batch02__Codec_1__handleJ__codec_1f_handleJ_line526,m04,0,0,5,n/a
codec_1f_handleJ__line526_556,codellama:13b,batch02__Codec_1__handleJ__codec_1f_handleJ_line526,m05,0,0,5,n/a
codec_1f_handleJ__line526_556,codellama:13b,batch02__Codec_1__handleJ__codec_1f_handleJ_line526,m06,0,0,5,n/a
codec_1f_handleJ__line526_556,codellama:13b,batch02__Codec_1__handleJ__codec_1f_handleJ_line526,m07,0,0,5,n/a
codec_1f_handleS__line612_660,codellama:13b,batch02__Codec_1__handleS__codec_1f_handleS_line612,m01,0,0,6,n/a
codec_1f_handleS__line612_660,codellama:13b,batch02__Codec_1__handleS__codec_1f_handleS_line612,m02,0,0,6,n/a
codec_1f_handleS__line612_660,codellama:13b,batch02__Codec_1__handleS__codec_1f_handleS_line612,m03,0,0,6,n/a
codec_1f_handleS__line612_660,codellama:13b,batch02__Codec_1__handleS__codec_1f_handleS_line612,m04,1,1,6,False
codec_1f_handleS__line612_660,codellama:13b,batch02__Codec_1__handleS__codec_1f_handleS_line612,m05,1,1,6,False
codec_1f_handleS__line612_660,codellama:13b,batch02__Codec_1__handleS__codec_1f_handleS_line612,m06,0,0,6,n/a
codec_1f_handleS__line612_660,codellama:13b,batch02__Codec_1__handleS__codec_1f_handleS_line612,m07,1,2,6,False
codec_1f_handleS__line612_660,codellama:13b,batch02__Codec_1__handleS__codec_1f_handleS_line612,m08,1,1,6,False
codec_9f_colognePhonetic__line293_383,codellama:13b,batch02__Codec_9__colognePhonetic__codec_9f_colognePhonetic_line293,m01,1,3,3,False
codec_9f_colognePhonetic__line293_383,codellama:13b,batch02__Codec_9__colognePhonetic__codec_9f_colognePhonetic_line293,m03,1,1,3,False
codec_9f_colognePhonetic__line293_383,codellama:13b,batch02__Codec_9__colognePhonetic__codec_9f_colognePhonetic_line293,m05,1,3,3,False
codec_9f_colognePhonetic__line293_383,codellama:13b,batch02__Codec_9__colognePhonetic__codec_9f_colognePhonetic_line293,m08,1,2,3,False
codec_9f_read__line76_117,codellama:13b,batch02__Codec_9__read__codec_9f_read_line76,m01,0,0,8,n/a
codec_9f_read__line76_117,codellama:13b,batch02__Codec_9__read__codec_9f_read_line76,m04,0,0,8,n/a
codec_9f_read__line76_117,codellama:13b,batch02__Codec_9__read__codec_9f_read_line76,m05,0,0,8,n/a
collections_17f_put__line254_330,codellama:13b,batch02__Collections_17__put__collections_17f_put_line254,m03,1,10,13,False
collections_17f_put__line254_330,codellama:13b,batch02__Collections_17__put__collections_17f_put_line254,m06,1,3,13,False
collections_17f_size__line1027_1058,codellama:13b,batch02__Collections_17__size__collections_17f_size_line1027,m01,1,1,15,False
collections_17f_size__line1027_1058,codellama:13b,batch02__Collections_17__size__collections_17f_size_line1027,m02,1,1,15,False
collections_17f_size__line1027_1058,codellama:13b,batch02__Collections_17__size__collections_17f_size_line1027,m03,1,1,15,False
collections_17f_size__line1027_1058,codellama:13b,batch02__Collections_17__size__collections_17f_size_line1027,m04,1,1,15,False
collections_17f_size__line1027_1058,codellama:13b,batch02__Collections_17__size__collections_17f_size_line1027,m05,1,1,15,False
collections_17f_size__line1027_1058,codellama:13b,batch02__Collections_17__size__collections_17f_size_line1027,m06,1,2,15,False
collections_17f_size__line1027_1058,codellama:13b,batch02__Collections_17__size__collections_17f_size_line1027,m07,1,1,15,False
collections_17f_size__line1027_1058,codellama:13b,batch02__Collections_17__size__collections_17f_size_line1027,m08,1,14,15,False
collections_1f_containsKey__line186_213,codellama:13b,batch02__Collections_1__containsKey__collections_1f_containsKey_line186,m01,1,2,12,False
collections_1f_containsKey__line186_213,codellama:13b,batch02__Collections_1__containsKey__collections_1f_containsKey_line186,m02,0,0,12,n/a
collections_1f_containsKey__line186_213,codellama:13b,batch02__Collections_1__containsKey__collections_1f_containsKey_line186,m05,0,0,12,n/a
collections_1f_put__line255_331,codellama:13b,batch02__Collections_1__put__collections_1f_put_line255,m01,0,0,12,n/a
collections_1f_swapPosition__line1043_1135,codellama:13b,batch02__Collections_1__swapPosition__collections_1f_swapPosition_line1043,m01,0,0,6,n/a
collections_1f_swapPosition__line1043_1135,codellama:13b,batch02__Collections_1__swapPosition__collections_1f_swapPosition_line1043,m06,0,0,6,n/a
collections_1f_swapPosition__line1043_1135,codellama:13b,batch02__Collections_1__swapPosition__collections_1f_swapPosition_line1043,m08,0,0,6,n/a
collections_21f_containsKey__line197_236,codellama:13b,batch02__Collections_21__containsKey__collections_21f_containsKey_line197,m01,0,0,12,n/a
collections_21f_containsKey__line197_236,codellama:13b,batch02__Collections_21__containsKey__collections_21f_containsKey_line197,m02,1,8,12,False
collections_21f_containsKey__line197_236,codellama:13b,batch02__Collections_21__containsKey__collections_21f_containsKey_line197,m03,1,6,12,False
collections_21f_containsKey__line197_236,codellama:13b,batch02__Collections_21__containsKey__collections_21f_containsKey_line197,m04,1,8,12,False
collections_21f_containsKey__line197_236,codellama:13b,batch02__Collections_21__containsKey__collections_21f_containsKey_line197,m05,1,8,12,False
collections_21f_containsKey__line197_236,codellama:13b,batch02__Collections_21__containsKey__collections_21f_containsKey_line197,m06,0,0,12,n/a
collections_21f_containsKey__line197_236,codellama:13b,batch02__Collections_21__containsKey__collections_21f_containsKey_line197,m07,1,8,12,False
collections_21f_put__line290_366,codellama:13b,batch02__Collections_21__put__collections_21f_put_line290,m01,0,0,13,n/a
collections_21f_put__line290_366,codellama:13b,batch02__Collections_21__put__collections_21f_put_line290,m02,0,0,13,n/a
collections_21f_put__line290_366,codellama:13b,batch02__Collections_21__put__collections_21f_put_line290,m03,1,10,13,False
collections_21f_put__line290_366,codellama:13b,batch02__Collections_21__put__collections_21f_put_line290,m05,1,7,13,False
collections_21f_put__line290_366,codellama:13b,batch02__Collections_21__put__collections_21f_put_line290,m06,1,9,13,False
collections_21f_put__line290_366,codellama:13b,batch02__Collections_21__put__collections_21f_put_line290,m07,1,11,13,False
collections_22f_size__line1301_1332,codellama:13b,batch02__Collections_22__size__collections_22f_size_line1301,m01,1,1,17,False
collections_22f_size__line1301_1332,codellama:13b,batch02__Collections_22__size__collections_22f_size_line1301,m02,1,1,17,False
collections_22f_size__line1301_1332,codellama:13b,batch02__Collections_22__size__collections_22f_size_line1301,m03,1,1,17,False
collections_22f_size__line1301_1332,codellama:13b,batch02__Collections_22__size__collections_22f_size_line1301,m04,1,1,17,False
compress_1f_generateMTFValues__line1542_1638,codellama:13b,batch02__Compress_1__generateMTFValues__compress_1f_generateMTFValues_line1542,m04,0,0,1,n/a
compress_1f_generateMTFValues__line1542_1638,codellama:13b,batch02__Compress_1__generateMTFValues__compress_1f_generateMTFValues_line1542,m05,0,0,1,n/a
compress_1f_generateMTFValues__line1542_1638,codellama:13b,batch02__Compress_1__generateMTFValues__compress_1f_generateMTFValues_line1542,m06,0,0,1,n/a
compress_1f_generateMTFValues__line1542_1638,codellama:13b,batch02__Compress_1__generateMTFValues__compress_1f_generateMTFValues_line1542,m07,0,0,1,n/a
compress_1f_generateMTFValues__line1542_1638,codellama:13b,batch02__Compress_1__generateMTFValues__compress_1f_generateMTFValues_line1542,m08,0,0,1,n/a
compress_29f_createLocalFileHeader__line1009_1073,codellama:13b,batch02__Compress_29__createLocalFileHeader__compress_29f_createLocalFileHeader_line1009,m03,0,0,46,n/a
compress_29f_createLocalFileHeader__line1009_1073,codellama:13b,batch02__Compress_29__createLocalFileHeader__compress_29f_createLocalFileHeader_line1009,m04,0,0,46,n/a
compress_29f_createLocalFileHeader__line1009_1073,codellama:13b,batch02__Compress_29__createLocalFileHeader__compress_29f_createLocalFileHeader_line1009,m05,0,0,46,n/a
compress_29f_createLocalFileHeader__line1009_1073,codellama:13b,batch02__Compress_29__createLocalFileHeader__compress_29f_createLocalFileHeader_line1009,m06,0,0,46,n/a
compress_29f_createLocalFileHeader__line1009_1073,codellama:13b,batch02__Compress_29__createLocalFileHeader__compress_29f_createLocalFileHeader_line1009,m07,0,0,46,n/a
compress_29f_createLocalFileHeader__line1009_1073,codellama:13b,batch02__Compress_29__createLocalFileHeader__compress_29f_createLocalFileHeader_line1009,m08,0,0,46,n/a
compress_3f_perform__line64_127,codellama:13b,batch02__Compress_3__perform__compress_3f_perform_line64,m01,1,1,23,False
compress_3f_perform__line64_127,codellama:13b,batch02__Compress_3__perform__compress_3f_perform_line64,m03,1,1,23,False
compress_43f_readFrameDescriptor__line190_233,codellama:13b,batch02__Compress_43__readFrameDescriptor__compress_43f_readFrameDescriptor_line190,m01,1,33,33,False
compress_43f_readFrameDescriptor__line190_233,codellama:13b,batch02__Compress_43__readFrameDescriptor__compress_43f_readFrameDescriptor_line190,m02,1,32,33,False
compress_43f_readFrameDescriptor__line190_233,codellama:13b,batch02__Compress_43__readFrameDescriptor__compress_43f_readFrameDescriptor_line190,m03,1,1,33,False
compress_43f_readFrameDescriptor__line190_233,codellama:13b,batch02__Compress_43__readFrameDescriptor__compress_43f_readFrameDescriptor_line190,m05,1,30,33,False
compress_43f_readFrameDescriptor__line190_233,codellama:13b,batch02__Compress_43__readFrameDescriptor__compress_43f_readFrameDescriptor_line190,m06,1,28,33,False
compress_43f_readFrameDescriptor__line190_233,codellama:13b,batch02__Compress_43__readFrameDescriptor__compress_43f_readFrameDescriptor_line190,m07,1,28,33,False
compress_46f_processPaxHeader__line1021_1087,codellama:13b,batch02__Compress_46__processPaxHeader__compress_46f_processPaxHeader_line1021,m01,0,0,17,n/a
compress_46f_processPaxHeader__line1021_1087,codellama:13b,batch02__Compress_46__processPaxHeader__compress_46f_processPaxHeader_line1021,m02,1,2,17,False
compress_46f_processPaxHeader__line1021_1087,codellama:13b,batch02__Compress_46__processPaxHeader__compress_46f_processPaxHeader_line1021,m03,0,0,17,n/a
compress_46f_processPaxHeader__line1021_1087,codellama:13b,batch02__Compress_46__processPaxHeader__compress_46f_processPaxHeader_line1021,m04,0,0,17,n/a
compress_46f_processPaxHeader__line1021_1087,codellama:13b,batch02__Compress_46__processPaxHeader__compress_46f_processPaxHeader_line1021,m05,0,0,17,n/a
compress_46f_processPaxHeader__line1021_1087,codellama:13b,batch02__Compress_46__processPaxHeader__compress_46f_processPaxHeader_line1021,m06,1,1,17,False
compress_7f_initBlock__line240_278,codellama:13b,batch02__Compress_7__initBlock__compress_7f_initBlock_line240,m01,0,0,3,n/a
compress_7f_initBlock__line240_278,codellama:13b,batch02__Compress_7__initBlock__compress_7f_initBlock_line240,m02,0,0,3,n/a
compress_7f_initBlock__line240_278,codellama:13b,batch02__Compress_7__initBlock__compress_7f_initBlock_line240,m03,0,0,3,n/a
compress_7f_initBlock__line240_278,codellama:13b,batch02__Compress_7__initBlock__compress_7f_initBlock_line240,m04,1,2,3,False
compress_7f_initBlock__line240_278,codellama:13b,batch02__Compress_7__initBlock__compress_7f_initBlock_line240,m05,1,2,3,False
compress_7f_recvDecodingTables__line416_495,codellama:13b,batch02__Compress_7__recvDecodingTables__compress_7f_recvDecodingTables_line416,m01,1,3,3,True
compress_7f_recvDecodingTables__line416_495,codellama:13b,batch02__Compress_7__recvDecodingTables__compress_7f_recvDecodingTables_line416,m02,1,3,3,True
compress_7f_recvDecodingTables__line416_495,codellama:13b,batch02__Compress_7__recvDecodingTables__compress_7f_recvDecodingTables_line416,m03,1,1,3,False
compress_7f_recvDecodingTables__line416_495,codellama:13b,batch02__Compress_7__recvDecodingTables__compress_7f_recvDecodingTables_line416,m04,1,3,3,True
compress_7f_recvDecodingTables__line416_495,codellama:13b,batch02__Compress_7__recvDecodingTables__compress_7f_recvDecodingTables_line416,m05,1,3,3,True
csv_11f_initializeHeader__line359_394,codellama:13b,batch02__Csv_11__initializeHeader__csv_11f_initializeHeader_line359,m01,1,1,50,False
csv_11f_initializeHeader__line359_394,codellama:13b,batch02__Csv_11__initializeHeader__csv_11f_initializeHeader_line359,m02,1,11,50,False
csv_11f_initializeHeader__line359_394,codellama:13b,batch02__Csv_11__initializeHeader__csv_11f_initializeHeader_line359,m04,1,11,50,False
csv_11f_initializeHeader__line359_394,codellama:13b,batch02__Csv_11__initializeHeader__csv_11f_initializeHeader_line359,m05,1,2,50,False
csv_11f_initializeHeader__line359_394,codellama:13b,batch02__Csv_11__initializeHeader__csv_11f_initializeHeader_line359,m06,1,10,50,False
csv_11f_initializeHeader__line359_394,codellama:13b,batch02__Csv_11__initializeHeader__csv_11f_initializeHeader_line359,m07,1,13,50,False
csv_1f_encapsulatedTokenLexer__line181_225,codellama:13b,batch02__Csv_1__encapsulatedTokenLexer__csv_1f_encapsulatedTokenLexer_line181,m01,1,13,13,True
csv_1f_encapsulatedTokenLexer__line181_225,codellama:13b,batch02__Csv_1__encapsulatedTokenLexer__csv_1f_encapsulatedTokenLexer_line181,m02,0,0,13,n/a
csv_1f_encapsulatedTokenLexer__line181_225,codellama:13b,batch02__Csv_1__encapsulatedTokenLexer__csv_1f_encapsulatedTokenLexer_line181,m03,1,9,13,False
csv_1f_encapsulatedTokenLexer__line181_225,codellama:13b,batch02__Csv_1__encapsulatedTokenLexer__csv_1f_encapsulatedTokenLexer_line181,m05,1,1,13,False
csv_1f_encapsulatedTokenLexer__line181_225,codellama:13b,batch02__Csv_1__encapsulatedTokenLexer__csv_1f_encapsulatedTokenLexer_line181,m07,1,5,13,False
csv_1f_nextToken__line40_118,codellama:13b,batch02__Csv_1__nextToken__csv_1f_nextToken_line40,m01,1,4,31,False
csv_1f_nextToken__line40_118,codellama:13b,batch02__Csv_1__nextToken__csv_1f_nextToken_line40,m02,0,0,31,n/a
csv_2f_parseEncapsulatedToken__line198_242,codellama:13b,batch02__Csv_2__parseEncapsulatedToken__csv_2f_parseEncapsulatedToken_line198,m01,0,0,14,n/a
csv_2f_parseSimpleToken__line149_176,codellama:13b,batch02__Csv_2__parseSimpleToken__csv_2f_parseSimpleToken_line149,m04,1,33,48,False
csv_2f_parseSimpleToken__line149_176,codellama:13b,batch02__Csv_2__parseSimpleToken__csv_2f_parseSimpleToken_line149,m05,1,12,48,False
csv_2f_parseSimpleToken__line149_176,codellama:13b,batch02__Csv_2__parseSimpleToken__csv_2f_parseSimpleToken_line149,m07,0,0,48,n/a
csv_3f_readEscape__line87_117,codellama:13b,batch02__Csv_3__readEscape__csv_3f_readEscape_line87,m01,1,4,14,False
csv_4f_equals__line313_370,codellama:13b,batch02__Csv_4__equals__csv_4f_equals_line313,m02,1,1,10,False
csv_4f_equals__line313_370,codellama:13b,batch02__Csv_4__equals__csv_4f_equals_line313,m03,0,0,10,n/a
csv_4f_equals__line313_370,codellama:13b,batch02__Csv_4__equals__csv_4f_equals_line313,m06,1,2,10,False
csv_4f_equals__line313_370,codellama:13b,batch02__Csv_4__equals__csv_4f_equals_line313,m07,1,2,10,False
csv_4f_equals__line313_370,codellama:13b,batch02__Csv_4__equals__csv_4f_equals_line313,m08,1,2,10,False
csv_4f_nextToken__line82_164,codellama:13b,batch02__Csv_4__nextToken__csv_4f_nextToken_line82,m01,1,10,65,False
csv_4f_nextToken__line82_164,codellama:13b,batch02__Csv_4__nextToken__csv_4f_nextToken_line82,m02,1,63,65,False
csv_4f_parseSimpleToken__line185_217,codellama:13b,batch02__Csv_4__parseSimpleToken__csv_4f_parseSimpleToken_line185,m01,1,14,62,False
csv_4f_parseSimpleToken__line185_217,codellama:13b,batch02__Csv_4__parseSimpleToken__csv_4f_parseSimpleToken_line185,m02,1,3,62,False
csv_4f_parseSimpleToken__line185_217,codellama:13b,batch02__Csv_4__parseSimpleToken__csv_4f_parseSimpleToken_line185,m04,0,0,62,n/a
csv_4f_parseSimpleToken__line185_217,codellama:13b,batch02__Csv_4__parseSimpleToken__csv_4f_parseSimpleToken_line185,m05,1,15,62,False
csv_4f_parseSimpleToken__line185_217,codellama:13b,batch02__Csv_4__parseSimpleToken__csv_4f_parseSimpleToken_line185,m06,1,36,62,False
csv_4f_parseSimpleToken__line185_217,codellama:13b,batch02__Csv_4__parseSimpleToken__csv_4f_parseSimpleToken_line185,m07,1,14,62,False
csv_4f_parseSimpleToken__line185_217,codellama:13b,batch02__Csv_4__parseSimpleToken__csv_4f_parseSimpleToken_line185,m08,1,41,62,False
gson_1f_extractTypeForHierarchy__line117_153,codellama:13b,batch02__Gson_1__extractTypeForHierarchy__gson_1f_extractTypeForHierarchy_line117,m01,0,0,1,n/a
gson_1f_nextLiteral__line971_1016,codellama:13b,batch02__Gson_1__nextLiteral__gson_1f_nextLiteral_line971,m01,1,147,183,False
gson_1f_nextLiteral__line971_1016,codellama:13b,batch02__Gson_1__nextLiteral__gson_1f_nextLiteral_line971,m02,1,2,183,False
gson_1f_nextLiteral__line971_1016,codellama:13b,batch02__Gson_1__nextLiteral__gson_1f_nextLiteral_line971,m03,1,143,183,False
gson_1f_nextLiteral__line971_1016,codellama:13b,batch02__Gson_1__nextLiteral__gson_1f_nextLiteral_line971,m06,1,130,183,False
gson_1f_write__line86_130,codellama:13b,batch02__Gson_1__write__gson_1f_write_line86,m01,1,15,227,False
gson_1f_write__line86_130,codellama:13b,batch02__Gson_1__write__gson_1f_write_line86,m04,1,121,227,False
gson_1f_write__line86_130,codellama:13b,batch02__Gson_1__write__gson_1f_write_line86,m06,1,37,227,False
gson_1f_write__line86_130,codellama:13b,batch02__Gson_1__write__gson_1f_write_line86,m08,1,108,227,False
gson_2f_equals__line160_213,codellama:13b,batch02__Gson_2__equals__gson_2f_equals_line160,m01,1,30,346,False
gson_2f_equals__line160_213,codellama:13b,batch02__Gson_2__equals__gson_2f_equals_line160,m02,0,0,346,n/a
gson_2f_equals__line160_213,codellama:13b,batch02__Gson_2__equals__gson_2f_equals_line160,m04,1,8,346,False
gson_2f_equals__line160_213,codellama:13b,batch02__Gson_2__equals__gson_2f_equals_line160,m05,0,0,346,n/a
gson_2f_equals__line160_213,codellama:13b,batch02__Gson_2__equals__gson_2f_equals_line160,m08,0,0,346,n/a
gson_2f_peek__line86_127,codellama:13b,batch02__Gson_2__peek__gson_2f_peek_line86,m01,1,30,33,False
gson_2f_peek__line86_127,codellama:13b,batch02__Gson_2__peek__gson_2f_peek_line86,m02,1,29,33,False
gson_2f_peek__line86_127,codellama:13b,batch02__Gson_2__peek__gson_2f_peek_line86,m06,1,27,33,False
gson_2f_rebalance__line338_396,codellama:13b,batch02__Gson_2__rebalance__gson_2f_rebalance_line338,m01,1,1,2,False
gson_2f_rebalance__line338_396,codellama:13b,batch02__Gson_2__rebalance__gson_2f_rebalance_line338,m02,0,0,2,n/a
gson_2f_rebalance__line338_396,codellama:13b,batch02__Gson_2__rebalance__gson_2f_rebalance_line338,m03,0,0,2,n/a
gson_2f_rebalance__line338_396,codellama:13b,batch02__Gson_2__rebalance__gson_2f_rebalance_line338,m04,0,0,2,n/a
gson_2f_rebalance__line338_396,codellama:13b,batch02__Gson_2__rebalance__gson_2f_rebalance_line338,m06,1,1,2,False
gson_2f_resolve__line324_394,codellama:13b,batch02__Gson_2__resolve__gson_2f_resolve_line324,m07,0,0,357,n/a
jacksoncore_22f__startValueAfterColon__line545_609,codellama:13b,batch02__JacksonCore_22__startValueAfterColon__jacksoncore_22f_startValueAfterColon_line545,m01,1,14,14,True
jacksoncore_22f__startValueAfterColon__line545_609,codellama:13b,batch02__JacksonCore_22__startValueAfterColon__jacksoncore_22f_startValueAfterColon_line545,m02,1,1,14,False
jacksoncore_22f__startValueAfterColon__line545_609,codellama:13b,batch02__JacksonCore_22__startValueAfterColon__jacksoncore_22f_startValueAfterColon_line545,m04,1,2,14,False
jacksoncore_22f__startValueAfterColon__line545_609,codellama:13b,batch02__JacksonCore_22__startValueAfterColon__jacksoncore_22f_startValueAfterColon_line545,m05,1,1,14,False
jacksoncore_22f__startValueAfterColon__line545_609,codellama:13b,batch02__JacksonCore_22__startValueAfterColon__jacksoncore_22f_startValueAfterColon_line545,m08,1,6,14,False
jacksoncore_25f__startValueAfterComma__line812_874,codellama:13b,batch02__JacksonCore_25__startValueAfterComma__jacksoncore_25f_startValueAfterComma_line812,m01,1,20,20,True
jacksoncore_25f__startValueAfterComma__line812_874,codellama:13b,batch02__JacksonCore_25__startValueAfterComma__jacksoncore_25f_startValueAfterComma_line812,m02,1,5,20,False
jacksoncore_25f__startValueExpectComma__line642_730,codellama:13b,batch02__JacksonCore_25__startValueExpectComma__jacksoncore_25f_startValueExpectComma_line642,m01,1,7,29,False
jacksoncore_2f__parseFloat__line1329_1421,codellama:13b,batch02__JacksonCore_2__parseFloat__jacksoncore_2f_parseFloat_line1329,m01,0,0,7,n/a
jacksoncore_2f__parseFloat__line1329_1421,codellama:13b,batch02__JacksonCore_2__parseFloat__jacksoncore_2f_parseFloat_line1329,m03,1,2,7,False
jacksoncore_2f__parseFloat__line1329_1421,codellama:13b,batch02__JacksonCore_2__parseFloat__jacksoncore_2f_parseFloat_line1329,m07,1,2,7,False
jacksoncore_4f__writeSimpleObject__line1505_1567,codellama:13b,batch02__JacksonCore_4__writeSimpleObject__jacksoncore_4f_writeSimpleObject_line1505,m01,1,1,1,False
jacksoncore_4f__writeSimpleObject__line1505_1567,codellama:13b,batch02__JacksonCore_4__writeSimpleObject__jacksoncore_4f_writeSimpleObject_line1505,m02,1,1,1,True
jacksoncore_4f__writeSimpleObject__line1505_1567,codellama:13b,batch02__JacksonCore_4__writeSimpleObject__jacksoncore_4f_writeSimpleObject_line1505,m03,1,1,1,True
jacksondatabind_1f_resolveCreators__line323_403,codellama:13b,batch02__JacksonDatabind_1__resolveCreators__jacksondatabind_1f_resolveCreators_line323,m01,1,389,961,False
jacksondatabind_1f_resolveCreators__line323_403,codellama:13b,batch02__JacksonDatabind_1__resolveCreators__jacksondatabind_1f_resolveCreators_line323,m02,1,78,961,False
jacksondatabind_1f_resolveCreators__line323_403,codellama:13b,batch02__JacksonDatabind_1__resolveCreators__jacksondatabind_1f_resolveCreators_line323,m03,1,639,961,False
jacksondatabind_1f_resolveCreators__line323_403,codellama:13b,batch02__JacksonDatabind_1__resolveCreators__jacksondatabind_1f_resolveCreators_line323,m04,1,961,961,False
jacksondatabind_1f_resolveCreators__line323_403,codellama:13b,batch02__JacksonDatabind_1__resolveCreators__jacksondatabind_1f_resolveCreators_line323,m05,1,507,961,False
jacksondatabind_1f_resolveCreators__line323_403,codellama:13b,batch02__JacksonDatabind_1__resolveCreators__jacksondatabind_1f_resolveCreators_line323,m06,1,507,961,False
jacksondatabind_1f_resolveCreators__line323_403,codellama:13b,batch02__JacksonDatabind_1__resolveCreators__jacksondatabind_1f_resolveCreators_line323,m07,0,0,961,n/a
jacksondatabind_1f_serialize__line203_303,codellama:13b,batch02__JacksonDatabind_1__serialize__jacksondatabind_1f_serialize_line203,m05,0,0,2,n/a
jacksondatabind_2f_buildCollectionSerializer__line598_660,codellama:13b,batch02__JacksonDatabind_2__buildCollectionSerializer__jacksondatabind_2f_buildCollectionSerializer_line598,m02,1,68,77,False
jacksondatabind_2f_buildCollectionSerializer__line598_660,codellama:13b,batch02__JacksonDatabind_2__buildCollectionSerializer__jacksondatabind_2f_buildCollectionSerializer_line598,m04,1,2,77,False
jacksondatabind_2f_buildCollectionSerializer__line598_660,codellama:13b,batch02__JacksonDatabind_2__buildCollectionSerializer__jacksondatabind_2f_buildCollectionSerializer_line598,m05,1,39,77,False
jacksondatabind_2f_buildCollectionSerializer__line598_660,codellama:13b,batch02__JacksonDatabind_2__buildCollectionSerializer__jacksondatabind_2f_buildCollectionSerializer_line598,m07,1,1,77,False
jacksondatabind_2f_forType__line63_100,codellama:13b,batch02__JacksonDatabind_2__forType__jacksondatabind_2f_forType_line63,m02,1,10,219,False
jacksondatabind_2f_forType__line63_100,codellama:13b,batch02__JacksonDatabind_2__forType__jacksondatabind_2f_forType_line63,m03,1,9,219,False
jacksondatabind_2f_forType__line63_100,codellama:13b,batch02__JacksonDatabind_2__forType__jacksondatabind_2f_forType_line63,m04,1,9,219,False
jacksondatabind_2f_forType__line63_100,codellama:13b,batch02__JacksonDatabind_2__forType__jacksondatabind_2f_forType_line63,m05,1,9,219,False
jacksondatabind_2f_forType__line63_100,codellama:13b,batch02__JacksonDatabind_2__forType__jacksondatabind_2f_forType_line63,m06,1,9,219,False
jacksondatabind_2f_forType__line63_100,codellama:13b,batch02__JacksonDatabind_2__forType__jacksondatabind_2f_forType_line63,m07,1,9,219,False
jacksondatabind_2f_forType__line63_100,codellama:13b,batch02__JacksonDatabind_2__forType__jacksondatabind_2f_forType_line63,m08,1,9,219,False
jacksondatabind_80f__deserializeUsingProperties__line328_402,codellama:13b,batch02__JacksonDatabind_80__deserializeUsingProperties__jacksondatabind_80f_deserializeUsingProperties_line328,m05,0,0,1,n/a
jacksondatabind_80f__isValuePresent__line179_275,codellama:13b,batch02__JacksonDatabind_80__isValuePresent__jacksondatabind_80f_isValuePresent_line179,m05,0,0,20,n/a
jacksondatabind_96f__getSetterInfo__line242_315,codellama:13b,batch02__JacksonDatabind_96__getSetterInfo__jacksondatabind_96f_getSetterInfo_line242,m06,1,31,694,False
jacksonxml_1f__findRootName__line63_91,codellama:13b,batch02__JacksonXml_1__findRootName__jacksonxml_1f_findRootName_line63,m01,1,1,69,False
jacksonxml_1f__findRootName__line63_91,codellama:13b,batch02__JacksonXml_1__findRootName__jacksonxml_1f_findRootName_line63,m02,1,14,69,False
jacksonxml_1f__findRootName__line63_91,codellama:13b,batch02__JacksonXml_1__findRootName__jacksonxml_1f_findRootName_line63,m03,1,15,69,False
jacksonxml_1f__findRootName__line63_91,codellama:13b,batch02__JacksonXml_1__findRootName__jacksonxml_1f_findRootName_line63,m04,1,38,69,False
jacksonxml_1f__findRootName__line63_91,codellama:13b,batch02__JacksonXml_1__findRootName__jacksonxml_1f_findRootName_line63,m06,1,38,69,False
jacksonxml_1f__findRootName__line63_91,codellama:13b,batch02__JacksonXml_1__findRootName__jacksonxml_1f_findRootName_line63,m07,0,0,69,n/a
jacksonxml_1f__findRootName__line63_91,codellama:13b,batch02__JacksonXml_1__findRootName__jacksonxml_1f_findRootName_line63,m08,1,14,69,False
jacksonxml_1f_nextTextValue__line594_688,codellama:13b,batch02__JacksonXml_1__nextTextValue__jacksonxml_1f_nextTextValue_line594,m01,1,4,4,True
jacksonxml_1f_nextTextValue__line594_688,codellama:13b,batch02__JacksonXml_1__nextTextValue__jacksonxml_1f_nextTextValue_line594,m04,0,0,4,n/a
jacksonxml_1f_nextTextValue__line594_688,codellama:13b,batch02__JacksonXml_1__nextTextValue__jacksonxml_1f_nextTextValue_line594,m05,0,0,4,n/a
jacksonxml_1f_nextTextValue__line594_688,codellama:13b,batch02__JacksonXml_1__nextTextValue__jacksonxml_1f_nextTextValue_line594,m06,0,0,4,n/a
jacksonxml_1f_nextTextValue__line594_688,codellama:13b,batch02__JacksonXml_1__nextTextValue__jacksonxml_1f_nextTextValue_line594,m08,1,4,4,False
jacksonxml_1f__next__line303_348,codellama:13b,batch02__JacksonXml_1__next__jacksonxml_1f_next_line303,m02,1,24,79,False
jacksonxml_1f__next__line303_348,codellama:13b,batch02__JacksonXml_1__next__jacksonxml_1f_next_line303,m03,0,0,79,n/a
jacksonxml_1f__next__line303_348,codellama:13b,batch02__JacksonXml_1__next__jacksonxml_1f_next_line303,m04,1,20,79,False
jacksonxml_1f__next__line303_348,codellama:13b,batch02__JacksonXml_1__next__jacksonxml_1f_next_line303,m06,1,68,79,False
jacksonxml_1f__next__line303_348,codellama:13b,batch02__JacksonXml_1__next__jacksonxml_1f_next_line303,m07,1,54,79,False
jacksonxml_1f__next__line303_348,codellama:13b,batch02__JacksonXml_1__next__jacksonxml_1f_next_line303,m08,1,7,79,False
jacksonxml_1f_serializeAsField__line78_152,codellama:13b,batch02__JacksonXml_1__serializeAsField__jacksonxml_1f_serializeAsField_line78,m01,1,14,16,False
jacksonxml_1f_serializeAsField__line78_152,codellama:13b,batch02__JacksonXml_1__serializeAsField__jacksonxml_1f_serializeAsField_line78,m02,1,15,16,False
jsoup_13f_findElements__line120_152,codellama:13b,batch02__Jsoup_13__findElements__jsoup_13f_findElements_line120,m02,1,21,136,False
jsoup_13f_findElements__line120_152,codellama:13b,batch02__Jsoup_13__findElements__jsoup_13f_findElements_line120,m03,1,129,136,False
jsoup_13f_findElements__line120_152,codellama:13b,batch02__Jsoup_13__findElements__jsoup_13f_findElements_line120,m07,1,3,136,False
jsoup_1f_canContain__line67_99,codellama:13b,batch02__Jsoup_1__canContain__jsoup_1f_canContain_line67,m02,1,121,128,False
jsoup_1f_canContain__line67_99,codellama:13b,batch02__Jsoup_1__canContain__jsoup_1f_canContain_line67,m03,1,59,128,False
jsoup_1f_canContain__line67_99,codellama:13b,batch02__Jsoup_1__canContain__jsoup_1f_canContain_line67,m04,1,127,128,False
jsoup_1f_canContain__line67_99,codellama:13b,batch02__Jsoup_1__canContain__jsoup_1f_canContain_line67,m05,0,0,128,n/a
jsoup_20f_resetInsertionMode__line351_399,codellama:13b,batch02__Jsoup_20__resetInsertionMode__jsoup_20f_resetInsertionMode_line351,m01,0,0,52,n/a
jsoup_20f_resetInsertionMode__line351_399,codellama:13b,batch02__Jsoup_20__resetInsertionMode__jsoup_20f_resetInsertionMode_line351,m02,0,0,52,n/a
jsoup_20f_resetInsertionMode__line351_399,codellama:13b,batch02__Jsoup_20__resetInsertionMode__jsoup_20f_resetInsertionMode_line351,m03,1,21,52,False
jsoup_20f_resetInsertionMode__line351_399,codellama:13b,batch02__Jsoup_20__resetInsertionMode__jsoup_20f_resetInsertionMode_line351,m04,0,0,52,n/a
jsoup_20f_resetInsertionMode__line351_399,codellama:13b,batch02__Jsoup_20__resetInsertionMode__jsoup_20f_resetInsertionMode_line351,m05,0,0,52,n/a
jsoup_20f_resetInsertionMode__line351_399,codellama:13b,batch02__Jsoup_20__resetInsertionMode__jsoup_20f_resetInsertionMode_line351,m06,1,15,52,False
jsoup_33f_cssNthChild__line277_308,codellama:13b,batch02__Jsoup_33__cssNthChild__jsoup_33f_cssNthChild_line277,m01,1,2,8,False
jsoup_33f_cssNthChild__line277_308,codellama:13b,batch02__Jsoup_33__cssNthChild__jsoup_33f_cssNthChild_line277,m02,1,2,8,False
jsoup_33f_cssNthChild__line277_308,codellama:13b,batch02__Jsoup_33__cssNthChild__jsoup_33f_cssNthChild_line277,m03,1,2,8,False
jsoup_33f_cssNthChild__line277_308,codellama:13b,batch02__Jsoup_33__cssNthChild__jsoup_33f_cssNthChild_line277,m04,1,2,8,False
jsoup_33f_cssNthChild__line277_308,codellama:13b,batch02__Jsoup_33__cssNthChild__jsoup_33f_cssNthChild_line277,m07,1,2,8,False
jsoup_33f_cssNthChild__line277_308,codellama:13b,batch02__Jsoup_33__cssNthChild__jsoup_33f_cssNthChild_line277,m08,1,2,8,False
jsoup_66f_filter__line81_125,codellama:13b,batch02__Jsoup_66__filter__jsoup_66f_filter_line81,m03,1,4,8,False
jsoup_66f_filter__line81_125,codellama:13b,batch02__Jsoup_66__filter__jsoup_66f_filter_line81,m04,1,8,8,False
jsoup_66f_filter__line81_125,codellama:13b,batch02__Jsoup_66__filter__jsoup_66f_filter_line81,m06,1,3,8,False
jxpath_1f_computeContextDependent__line142_186,codellama:13b,batch02__JxPath_1__computeContextDependent__jxpath_1f_computeContextDependent_line142,m01,1,1,1,True
jxpath_1f_computeContextDependent__line142_186,codellama:13b,batch02__JxPath_1__computeContextDependent__jxpath_1f_computeContextDependent_line142,m02,0,0,1,n/a
jxpath_1f_computeValue__line212_276,codellama:13b,batch02__JxPath_1__computeValue__jxpath_1f_computeValue_line212,m01,1,1,9,False
jxpath_1f_computeValue__line212_276,codellama:13b,batch02__JxPath_1__computeValue__jxpath_1f_computeValue_line212,m03,1,1,9,False
jxpath_1f_computeValue__line212_276,codellama:13b,batch02__JxPath_1__computeValue__jxpath_1f_computeValue_line212,m05,1,1,9,False
jxpath_1f_jj_3R_129__line2567_2609,codellama:13b,batch02__JxPath_1__jj_3R_129__jxpath_1f_jj_3R_129_line2567,m01,1,38,47,False
jxpath_1f_jj_3R_129__line2567_2609,codellama:13b,batch02__JxPath_1__jj_3R_129__jxpath_1f_jj_3R_129_line2567,m02,1,38,47,False
jxpath_1f_jj_3R_18__line1897_1990,codellama:13b,batch02__JxPath_1__jj_3R_18__jxpath_1f_jj_3R_18_line1897,m01,1,11,88,False
jxpath_1f_jj_3R_18__line1897_1990,codellama:13b,batch02__JxPath_1__jj_3R_18__jxpath_1f_jj_3R_18_line1897,m02,1,10,88,False
jxpath_1f_jj_3R_18__line1897_1990,codellama:13b,batch02__JxPath_1__jj_3R_18__jxpath_1f_jj_3R_18_line1897,m03,1,10,88,False
jxpath_1f_jj_3R_18__line1897_1990,codellama:13b,batch02__JxPath_1__jj_3R_18__jxpath_1f_jj_3R_18_line1897,m04,1,9,88,False
jxpath_1f_jj_3R_18__line1897_1990,codellama:13b,batch02__JxPath_1__jj_3R_18__jxpath_1f_jj_3R_18_line1897,m05,1,8,88,False
jxpath_1f_jj_3R_18__line1897_1990,codellama:13b,batch02__JxPath_1__jj_3R_18__jxpath_1f_jj_3R_18_line1897,m06,1,8,88,False
jxpath_1f_jj_3R_18__line1897_1990,codellama:13b,batch02__JxPath_1__jj_3R_18__jxpath_1f_jj_3R_18_line1897,m07,1,8,88,False
jxpath_1f_jj_3R_18__line1897_1990,codellama:13b,batch02__JxPath_1__jj_3R_18__jxpath_1f_jj_3R_18_line1897,m08,1,8,88,False
jxpath_1f_jj_3R_19__line3419_3440,codellama:13b,batch02__JxPath_1__jj_3R_19__jxpath_1f_jj_3R_19_line3419,m01,1,1,136,False
jxpath_1f_jj_3R_19__line3419_3440,codellama:13b,batch02__JxPath_1__jj_3R_19__jxpath_1f_jj_3R_19_line3419,m07,1,5,136,False
jxpath_1f_jj_3R_19__line3419_3440,codellama:13b,batch02__JxPath_1__jj_3R_19__jxpath_1f_jj_3R_19_line3419,m08,1,1,136,False
jxpath_6f_canConvert__line51_148,codellama:13b,batch02__JxPath_6__canConvert__jxpath_6f_canConvert_line51,m02,0,0,20,n/a
jxpath_6f_canConvert__line51_148,codellama:13b,batch02__JxPath_6__canConvert__jxpath_6f_canConvert_line51,m03,0,0,20,n/a
jxpath_6f_canConvert__line51_148,codellama:13b,batch02__JxPath_6__canConvert__jxpath_6f_canConvert_line51,m05,1,1,20,False
jxpath_6f_canConvert__line51_148,codellama:13b,batch02__JxPath_6__canConvert__jxpath_6f_canConvert_line51,m06,1,1,20,False
lang_1f_binaryBeMsb0ToHexDigit__line511_582,codellama:13b,batch02__Lang_1__binaryBeMsb0ToHexDigit__lang_1f_binaryBeMsb0ToHexDigit_line511,m01,1,1,2,False
lang_1f_binaryBeMsb0ToHexDigit__line511_582,codellama:13b,batch02__Lang_1__binaryBeMsb0ToHexDigit__lang_1f_binaryBeMsb0ToHexDigit_line511,m03,1,2,2,False
lang_1f_binaryBeMsb0ToHexDigit__line511_582,codellama:13b,batch02__Lang_1__binaryBeMsb0ToHexDigit__lang_1f_binaryBeMsb0ToHexDigit_line511,m04,1,2,2,False
lang_1f_binaryBeMsb0ToHexDigit__line511_582,codellama:13b,batch02__Lang_1__binaryBeMsb0ToHexDigit__lang_1f_binaryBeMsb0ToHexDigit_line511,m05,0,0,2,n/a
lang_1f_binaryBeMsb0ToHexDigit__line511_582,codellama:13b,batch02__Lang_1__binaryBeMsb0ToHexDigit__lang_1f_binaryBeMsb0ToHexDigit_line511,m06,1,1,2,False
lang_1f_binaryBeMsb0ToHexDigit__line511_582,codellama:13b,batch02__Lang_1__binaryBeMsb0ToHexDigit__lang_1f_binaryBeMsb0ToHexDigit_line511,m08,1,1,2,False
lang_1f_binaryToHexDigitMsb0_4bits__line403_474,codellama:13b,batch02__Lang_1__binaryToHexDigitMsb0_4bits__lang_1f_binaryToHexDigitMsb0_4bits_line403,m01,0,0,2,n/a
lang_1f_binaryToHexDigitMsb0_4bits__line403_474,codellama:13b,batch02__Lang_1__binaryToHexDigitMsb0_4bits__lang_1f_binaryToHexDigitMsb0_4bits_line403,m03,1,2,2,False
lang_1f_binaryToHexDigitMsb0_4bits__line403_474,codellama:13b,batch02__Lang_1__binaryToHexDigitMsb0_4bits__lang_1f_binaryToHexDigitMsb0_4bits_line403,m04,0,0,2,n/a
lang_1f_binaryToHexDigitMsb0_4bits__line403_474,codellama:13b,batch02__Lang_1__binaryToHexDigitMsb0_4bits__lang_1f_binaryToHexDigitMsb0_4bits_line403,m05,1,2,2,True
lang_1f_binaryToHexDigitMsb0_4bits__line403_474,codellama:13b,batch02__Lang_1__binaryToHexDigitMsb0_4bits__lang_1f_binaryToHexDigitMsb0_4bits_line403,m06,1,1,2,False
lang_1f_binaryToHexDigitMsb0_4bits__line403_474,codellama:13b,batch02__Lang_1__binaryToHexDigitMsb0_4bits__lang_1f_binaryToHexDigitMsb0_4bits_line403,m07,1,2,2,False
lang_1f_binaryToHexDigitMsb0_4bits__line403_474,codellama:13b,batch02__Lang_1__binaryToHexDigitMsb0_4bits__lang_1f_binaryToHexDigitMsb0_4bits_line403,m08,1,2,2,False
lang_1f_format__line414_467,codellama:13b,batch02__Lang_1__format__lang_1f_format_line414,m03,1,10,15,False
lang_1f_format__line414_467,codellama:13b,batch02__Lang_1__format__lang_1f_format_line414,m07,1,5,15,False
lang_1f_hexDigitMsb0ToBinary__line220_265,codellama:13b,batch02__Lang_1__hexDigitMsb0ToBinary__lang_1f_hexDigitMsb0ToBinary_line220,m01,1,1,1,False
lang_1f_hexDigitMsb0ToBinary__line220_265,codellama:13b,batch02__Lang_1__hexDigitMsb0ToBinary__lang_1f_hexDigitMsb0ToBinary_line220,m02,1,1,1,False
lang_1f_hexDigitMsb0ToBinary__line220_265,codellama:13b,batch02__Lang_1__hexDigitMsb0ToBinary__lang_1f_hexDigitMsb0ToBinary_line220,m03,1,1,1,False
lang_1f_hexDigitMsb0ToBinary__line220_265,codellama:13b,batch02__Lang_1__hexDigitMsb0ToBinary__lang_1f_hexDigitMsb0ToBinary_line220,m04,1,1,1,False
lang_1f_hexDigitMsb0ToBinary__line220_265,codellama:13b,batch02__Lang_1__hexDigitMsb0ToBinary__lang_1f_hexDigitMsb0ToBinary_line220,m05,1,1,1,False
lang_1f_hexDigitMsb0ToBinary__line220_265,codellama:13b,batch02__Lang_1__hexDigitMsb0ToBinary__lang_1f_hexDigitMsb0ToBinary_line220,m06,1,1,1,False
lang_1f_hexDigitMsb0ToBinary__line220_265,codellama:13b,batch02__Lang_1__hexDigitMsb0ToBinary__lang_1f_hexDigitMsb0ToBinary_line220,m07,1,1,1,False
lang_1f_hexDigitMsb0ToBinary__line220_265,codellama:13b,batch02__Lang_1__hexDigitMsb0ToBinary__lang_1f_hexDigitMsb0ToBinary_line220,m08,1,1,1,False
lang_36f_append__line367_409,codellama:13b,batch02__Lang_36__append__lang_36f_append_line367,m03,1,3,45,False
lang_36f_append__line367_409,codellama:13b,batch02__Lang_36__append__lang_36f_append_line367,m04,1,4,45,False
lang_36f_append__line367_409,codellama:13b,batch02__Lang_36__append__lang_36f_append_line367,m05,0,0,45,n/a
lang_37f_append__line441_491,codellama:13b,batch02__Lang_37__append__lang_37f_append_line441,m01,1,2,29,False
lang_37f_append__line441_491,codellama:13b,batch02__Lang_37__append__lang_37f_append_line441,m02,1,1,29,False
lang_37f_append__line441_491,codellama:13b,batch02__Lang_37__append__lang_37f_append_line441,m03,1,1,29,False
lang_37f_append__line441_491,codellama:13b,batch02__Lang_37__append__lang_37f_append_line441,m05,1,13,29,False
lang_37f_append__line441_491,codellama:13b,batch02__Lang_37__append__lang_37f_append_line441,m06,1,13,29,False
lang_37f_append__line441_491,codellama:13b,batch02__Lang_37__append__lang_37f_append_line441,m07,0,0,29,n/a
lang_40f_random__line225_284,codellama:13b,batch02__Lang_40__random__lang_40f_random_line225,m01,1,1,3,False
lang_40f_random__line225_284,codellama:13b,batch02__Lang_40__random__lang_40f_random_line225,m03,1,2,3,False
lang_40f_random__line225_284,codellama:13b,batch02__Lang_40__random__lang_40f_random_line225,m04,1,1,3,False
lang_40f_random__line225_284,codellama:13b,batch02__Lang_40__random__lang_40f_random_line225,m05,1,1,3,False
lang_40f_random__line225_284,codellama:13b,batch02__Lang_40__random__lang_40f_random_line225,m06,1,1,3,False
lang_40f_random__line225_284,codellama:13b,batch02__Lang_40__random__lang_40f_random_line225,m07,1,1,3,False
lang_60f_format__line373_426,codellama:13b,batch02__Lang_60__format__lang_60f_format_line373,m06,1,2,11,False
lang_64f_append__line403_452,codellama:13b,batch02__Lang_64__append__lang_64f_append_line403,m01,1,29,29,False
lang_64f_append__line403_452,codellama:13b,batch02__Lang_64__append__lang_64f_append_line403,m02,1,3,29,False
lang_64f_append__line403_452,codellama:13b,batch02__Lang_64__append__lang_64f_append_line403,m04,1,3,29,False
lang_64f_append__line403_452,codellama:13b,batch02__Lang_64__append__lang_64f_append_line403,m06,1,15,29,False
lang_64f_append__line403_452,codellama:13b,batch02__Lang_64__append__lang_64f_append_line403,m07,1,15,29,False
lang_64f_append__line403_452,codellama:13b,batch02__Lang_64__append__lang_64f_append_line403,m08,1,15,29,False
math_15f_insertEdges__line232_320,codellama:13b,batch02__Math_15__insertEdges__math_15f_insertEdges_line232,m01,0,0,3,n/a
math_15f_insertEdges__line232_320,codellama:13b,batch02__Math_15__insertEdges__math_15f_insertEdges_line232,m02,0,0,3,n/a
math_15f_insertEdges__line232_320,codellama:13b,batch02__Math_15__insertEdges__math_15f_insertEdges_line232,m04,1,3,3,True
math_15f_insertEdges__line232_320,codellama:13b,batch02__Math_15__insertEdges__math_15f_insertEdges_line232,m05,0,0,3,n/a
math_15f_insertEdges__line232_320,codellama:13b,batch02__Math_15__insertEdges__math_15f_insertEdges_line232,m06,0,0,3,n/a
math_15f_insertEdges__line232_320,codellama:13b,batch02__Math_15__insertEdges__math_15f_insertEdges_line232,m07,1,3,3,True
math_15f_insertEdges__line232_320,codellama:13b,batch02__Math_15__insertEdges__math_15f_insertEdges_line232,m08,1,1,3,False
math_23f_copy__line668_739,codellama:13b,batch02__Math_23__copy__math_23f_copy_line668,m01,0,0,3,n/a
math_23f_copy__line668_739,codellama:13b,batch02__Math_23__copy__math_23f_copy_line668,m02,0,0,3,n/a
math_23f_copy__line668_739,codellama:13b,batch02__Math_23__copy__math_23f_copy_line668,m03,1,2,3,False
math_23f_copy__line668_739,codellama:13b,batch02__Math_23__copy__math_23f_copy_line668,m04,0,0,3,n/a
math_23f_copy__line668_739,codellama:13b,batch02__Math_23__copy__math_23f_copy_line668,m05,0,0,3,n/a
math_23f_copy__line668_739,codellama:13b,batch02__Math_23__copy__math_23f_copy_line668,m06,1,1,3,False
math_23f_copy__line668_739,codellama:13b,batch02__Math_23__copy__math_23f_copy_line668,m07,1,3,3,False
math_23f_copy__line668_739,codellama:13b,batch02__Math_23__copy__math_23f_copy_line668,m08,1,2,3,False
math_36f_recurseSides__line436_510,codellama:13b,batch02__Math_36__recurseSides__math_36f_recurseSides_line436,m01,1,22,22,True
math_36f_recurseSides__line436_510,codellama:13b,batch02__Math_36__recurseSides__math_36f_recurseSides_line436,m05,0,0,22,n/a
math_36f_recurseSides__line436_510,codellama:13b,batch02__Math_36__recurseSides__math_36f_recurseSides_line436,m08,0,0,22,n/a
math_43f_regress__line759_823,codellama:13b,batch02__Math_43__regress__math_43f_regress_line759,m01,1,1,1,True
math_43f_regress__line759_823,codellama:13b,batch02__Math_43__regress__math_43f_regress_line759,m02,1,1,1,True
math_43f_regress__line759_823,codellama:13b,batch02__Math_43__regress__math_43f_regress_line759,m04,0,0,1,n/a
math_43f_regress__line759_823,codellama:13b,batch02__Math_43__regress__math_43f_regress_line759,m05,1,1,1,True
math_45f_scalb__line3036_3112,codellama:13b,batch02__Math_45__scalb__math_45f_scalb_line3036,m01,1,1,42,False
math_45f_scalb__line3036_3112,codellama:13b,batch02__Math_45__scalb__math_45f_scalb_line3036,m02,1,1,42,False
math_45f_scalb__line3036_3112,codellama:13b,batch02__Math_45__scalb__math_45f_scalb_line3036,m03,1,1,42,False
math_45f_scalb__line3036_3112,codellama:13b,batch02__Math_45__scalb__math_45f_scalb_line3036,m05,0,0,42,n/a
math_45f_scalb__line3036_3112,codellama:13b,batch02__Math_45__scalb__math_45f_scalb_line3036,m06,0,0,42,n/a
math_45f_scalb__line3036_3112,codellama:13b,batch02__Math_45__scalb__math_45f_scalb_line3036,m07,0,0,42,n/a
math_45f_scalb__line3036_3112,codellama:13b,batch02__Math_45__scalb__math_45f_scalb_line3036,m08,0,0,42,n/a
math_85f_dqd__line1318_1411,codellama:13b,batch02__Math_85__dqd__math_85f_dqd_line1318,m01,0,0,15,n/a
math_85f_dqd__line1318_1411,codellama:13b,batch02__Math_85__dqd__math_85f_dqd_line1318,m02,0,0,15,n/a
math_85f_dqd__line1318_1411,codellama:13b,batch02__Math_85__dqd__math_85f_dqd_line1318,m03,1,13,15,False
math_85f_dqd__line1318_1411,codellama:13b,batch02__Math_85__dqd__math_85f_dqd_line1318,m04,1,13,15,False
math_85f_dqd__line1318_1411,codellama:13b,batch02__Math_85__dqd__math_85f_dqd_line1318,m06,1,13,15,False
math_85f_dqd__line1318_1411,codellama:13b,batch02__Math_85__dqd__math_85f_dqd_line1318,m08,1,7,15,False
math_92f_localMin__line103_201,codellama:13b,batch02__Math_92__localMin__math_92f_localMin_line103,m01,0,0,3,n/a
math_92f_localMin__line103_201,codellama:13b,batch02__Math_92__localMin__math_92f_localMin_line103,m03,1,2,3,False
math_92f_localMin__line103_201,codellama:13b,batch02__Math_92__localMin__math_92f_localMin_line103,m04,0,0,3,n/a
mockito_1f_append__line332_378,codellama:13b,batch02__Mockito_1__append__mockito_1f_append_line332,m01,1,2,36,False
mockito_1f_append__line332_378,codellama:13b,batch02__Mockito_1__append__mockito_1f_append_line332,m02,1,2,36,False
mockito_1f_append__line332_378,codellama:13b,batch02__Mockito_1__append__mockito_1f_append_line332,m03,1,2,36,False
mockito_1f_append__line332_378,codellama:13b,batch02__Mockito_1__append__mockito_1f_append_line332,m04,1,4,36,False
mockito_1f_append__line332_378,codellama:13b,batch02__Mockito_1__append__mockito_1f_append_line332,m05,1,1,36,False
mockito_1f_cast_numeric__line252_297,codellama:13b,batch02__Mockito_1__cast_numeric__mockito_1f_cast_numeric_line252,m01,0,0,1,n/a
mockito_1f_cast_numeric__line252_297,codellama:13b,batch02__Mockito_1__cast_numeric__mockito_1f_cast_numeric_line252,m02,0,0,1,n/a
mockito_1f_cast_numeric__line252_297,codellama:13b,batch02__Mockito_1__cast_numeric__mockito_1f_cast_numeric_line252,m03,0,0,1,n/a
mockito_1f_merge__line1340_1401,codellama:13b,batch02__Mockito_1__merge__mockito_1f_merge_line1340,m01,0,0,1,n/a
mockito_1f_merge__line1340_1401,codellama:13b,batch02__Mockito_1__merge__mockito_1f_merge_line1340,m02,0,0,1,n/a
mockito_1f_merge__line1340_1401,codellama:13b,batch02__Mockito_1__merge__mockito_1f_merge_line1340,m03,0,0,1,n/a
mockito_1f_merge__line1340_1401,codellama:13b,batch02__Mockito_1__merge__mockito_1f_merge_line1340,m04,0,0,1,n/a
mockito_1f_merge__line1340_1401,codellama:13b,batch02__Mockito_1__merge__mockito_1f_merge_line1340,m05,0,0,1,n/a
mockito_1f_merge__line1340_1401,codellama:13b,batch02__Mockito_1__merge__mockito_1f_merge_line1340,m06,0,0,1,n/a
mockito_1f_merge__line1340_1401,codellama:13b,batch02__Mockito_1__merge__mockito_1f_merge_line1340,m08,0,0,1,n/a
mockito_1f_newOperation__line79_128,codellama:13b,batch02__Mockito_1__newOperation__mockito_1f_newOperation_line79,m01,0,0,1,n/a
mockito_1f_newOperation__line79_128,codellama:13b,batch02__Mockito_1__newOperation__mockito_1f_newOperation_line79,m02,0,0,1,n/a
mockito_1f_newOperation__line79_128,codellama:13b,batch02__Mockito_1__newOperation__mockito_1f_newOperation_line79,m03,0,0,1,n/a
mockito_1f_newOperation__line79_128,codellama:13b,batch02__Mockito_1__newOperation__mockito_1f_newOperation_line79,m04,0,0,1,n/a
mockito_1f_newOperation__line79_128,codellama:13b,batch02__Mockito_1__newOperation__mockito_1f_newOperation_line79,m05,0,0,1,n/a
mockito_1f_newOperation__line79_128,codellama:13b,batch02__Mockito_1__newOperation__mockito_1f_newOperation_line79,m06,0,0,1,n/a
mockito_1f_newOperation__line79_128,codellama:13b,batch02__Mockito_1__newOperation__mockito_1f_newOperation_line79,m07,0,0,1,n/a
mockito_1f_newOperation__line79_128,codellama:13b,batch02__Mockito_1__newOperation__mockito_1f_newOperation_line79,m08,0,0,1,n/a
mockito_1f_unaryOperation__line136_222,codellama:13b,batch02__Mockito_1__unaryOperation__mockito_1f_unaryOperation_line136,m01,0,0,1,n/a
mockito_1f_unaryOperation__line136_222,codellama:13b,batch02__Mockito_1__unaryOperation__mockito_1f_unaryOperation_line136,m02,0,0,1,n/a
mockito_1f_unaryOperation__line136_222,codellama:13b,batch02__Mockito_1__unaryOperation__mockito_1f_unaryOperation_line136,m03,0,0,1,n/a
mockito_1f_unaryOperation__line136_222,codellama:13b,batch02__Mockito_1__unaryOperation__mockito_1f_unaryOperation_line136,m04,0,0,1,n/a
mockito_1f_unaryOperation__line136_222,codellama:13b,batch02__Mockito_1__unaryOperation__mockito_1f_unaryOperation_line136,m05,0,0,1,n/a
mockito_1f_unaryOperation__line136_222,codellama:13b,batch02__Mockito_1__unaryOperation__mockito_1f_unaryOperation_line136,m06,0,0,1,n/a
mockito_1f_unaryOperation__line136_222,codellama:13b,batch02__Mockito_1__unaryOperation__mockito_1f_unaryOperation_line136,m07,0,0,1,n/a
mockito_1f_unaryOperation__line136_222,codellama:13b,batch02__Mockito_1__unaryOperation__mockito_1f_unaryOperation_line136,m08,0,0,1,n/a
mockito_1f_visitJumpInsn__line856_945,codellama:13b,batch02__Mockito_1__visitJumpInsn__mockito_1f_visitJumpInsn_line856,m01,0,0,1,n/a
mockito_1f_visitJumpInsn__line856_945,codellama:13b,batch02__Mockito_1__visitJumpInsn__mockito_1f_visitJumpInsn_line856,m02,0,0,1,n/a
mockito_1f_visitJumpInsn__line856_945,codellama:13b,batch02__Mockito_1__visitJumpInsn__mockito_1f_visitJumpInsn_line856,m03,0,0,1,n/a
mockito_1f_visit__line64_151,codellama:13b,batch02__Mockito_1__visit__mockito_1f_visit_line64,m01,0,0,1,n/a
mockito_1f_visit__line64_151,codellama:13b,batch02__Mockito_1__visit__mockito_1f_visit_line64,m02,0,0,1,n/a
mockito_1f_visit__line64_151,codellama:13b,batch02__Mockito_1__visit__mockito_1f_visit_line64,m03,0,0,1,n/a
mockito_1f_visit__line64_151,codellama:13b,batch02__Mockito_1__visit__mockito_1f_visit_line64,m04,0,0,1,n/a
mockito_1f_visit__line64_151,codellama:13b,batch02__Mockito_1__visit__mockito_1f_visit_line64,m06,0,0,1,n/a
mockito_1f_visit__line64_151,codellama:13b,batch02__Mockito_1__visit__mockito_1f_visit_line64,m07,0,0,1,n/a
mockito_25f_returnValueFor__line70_108,codellama:13b,batch02__Mockito_25__returnValueFor__mockito_25f_returnValueFor_line70,m01,1,5,540,False
mockito_25f_returnValueFor__line70_108,codellama:13b,batch02__Mockito_25__returnValueFor__mockito_25f_returnValueFor_line70,m04,1,5,540,False
mockito_25f_returnValueFor__line70_108,codellama:13b,batch02__Mockito_25__returnValueFor__mockito_25f_returnValueFor_line70,m05,1,2,540,False
time_1f_selectSlow__line242_316,codellama:13b,batch02__Time_1__selectSlow__time_1f_selectSlow_line242,m02,1,2,416,False
time_1f_selectSlow__line242_316,codellama:13b,batch02__Time_1__selectSlow__time_1f_selectSlow_line242,m04,1,143,416,False
time_1f_selectSlow__line242_316,codellama:13b,batch02__Time_1__selectSlow__time_1f_selectSlow_line242,m08,1,2,416,False
time_22f_isNumericToken__line632_664,codellama:13b,batch02__Time_22__isNumericToken__time_22f_isNumericToken_line632,m01,0,0,66,n/a
time_22f_isNumericToken__line632_664,codellama:13b,batch02__Time_22__isNumericToken__time_22f_isNumericToken_line632,m02,0,0,66,n/a
time_22f_isNumericToken__line632_664,codellama:13b,batch02__Time_22__isNumericToken__time_22f_isNumericToken_line632,m03,0,0,66,n/a
time_22f_isNumericToken__line632_664,codellama:13b,batch02__Time_22__isNumericToken__time_22f_isNumericToken_line632,m04,0,0,66,n/a
time_22f_isNumericToken__line632_664,codellama:13b,batch02__Time_22__isNumericToken__time_22f_isNumericToken_line632,m05,0,0,66,n/a
time_22f_isNumericToken__line632_664,codellama:13b,batch02__Time_22__isNumericToken__time_22f_isNumericToken_line632,m06,0,0,66,n/a
time_22f_isNumericToken__line632_664,codellama:13b,batch02__Time_22__isNumericToken__time_22f_isNumericToken_line632,m07,0,0,66,n/a
time_22f_isNumericToken__line632_664,codellama:13b,batch02__Time_22__isNumericToken__time_22f_isNumericToken_line632,m08,0,0,66,n/a
chart_1f_clipLine__line62_141,deepseek-coder-v2:16b,batch03__Chart_1__clipLine__chart_1f_clipLine_line62,m05,0,0,3,n/a
chart_1f_clipLine__line62_141,deepseek-coder-v2:16b,batch03__Chart_1__clipLine__chart_1f_clipLine_line62,m07,0,0,3,n/a
chart_20f_addSWTListener__line1460_1488,deepseek-coder-v2:16b,batch03__Chart_20__addSWTListener__chart_20f_addSWTListener_line1460,m01,0,0,1,n/a
chart_20f_widgetSelected__line1386_1433,deepseek-coder-v2:16b,batch03__Chart_20__widgetSelected__chart_20f_widgetSelected_line1386,m01,0,0,1,n/a
chart_20f_widgetSelected__line1386_1433,deepseek-coder-v2:16b,batch03__Chart_20__widgetSelected__chart_20f_widgetSelected_line1386,m02,0,0,1,n/a
chart_20f_widgetSelected__line1386_1433,deepseek-coder-v2:16b,batch03__Chart_20__widgetSelected__chart_20f_widgetSelected_line1386,m03,0,0,1,n/a
chart_20f_widgetSelected__line1386_1433,deepseek-coder-v2:16b,batch03__Chart_20__widgetSelected__chart_20f_widgetSelected_line1386,m05,0,0,1,n/a
chart_20f_widgetSelected__line1386_1433,deepseek-coder-v2:16b,batch03__Chart_20__widgetSelected__chart_20f_widgetSelected_line1386,m06,0,0,1,n/a
chart_20f_widgetSelected__line1386_1433,deepseek-coder-v2:16b,batch03__Chart_20__widgetSelected__chart_20f_widgetSelected_line1386,m07,0,0,1,n/a
chart_20f_widgetSelected__line1386_1433,deepseek-coder-v2:16b,batch03__Chart_20__widgetSelected__chart_20f_widgetSelected_line1386,m08,0,0,1,n/a
chart_26f_drawAxisLine__line517_606,deepseek-coder-v2:16b,batch03__Chart_26__drawAxisLine__chart_26f_drawAxisLine_line517,m01,1,9,42,False
chart_26f_drawAxisLine__line517_606,deepseek-coder-v2:16b,batch03__Chart_26__drawAxisLine__chart_26f_drawAxisLine_line517,m02,0,0,42,n/a
chart_26f_drawAxisLine__line517_606,deepseek-coder-v2:16b,batch03__Chart_26__drawAxisLine__chart_26f_drawAxisLine_line517,m03,0,0,42,n/a
chart_26f_drawAxisLine__line517_606,deepseek-coder-v2:16b,batch03__Chart_26__drawAxisLine__chart_26f_drawAxisLine_line517,m04,0,0,42,n/a
chart_26f_drawAxisLine__line517_606,deepseek-coder-v2:16b,batch03__Chart_26__drawAxisLine__chart_26f_drawAxisLine_line517,m05,0,0,42,n/a
chart_26f_drawAxisLine__line517_606,deepseek-coder-v2:16b,batch03__Chart_26__drawAxisLine__chart_26f_drawAxisLine_line517,m06,0,0,42,n/a
chart_26f_drawAxisLine__line517_606,deepseek-coder-v2:16b,batch03__Chart_26__drawAxisLine__chart_26f_drawAxisLine_line517,m08,0,0,42,n/a
chart_4f_deriveRotationAnchorOffsets__line686_768,deepseek-coder-v2:16b,batch03__Chart_4__deriveRotationAnchorOffsets__chart_4f_deriveRotationAnchorOffsets_line686,m01,1,65,65,False
chart_4f_deriveRotationAnchorOffsets__line686_768,deepseek-coder-v2:16b,batch03__Chart_4__deriveRotationAnchorOffsets__chart_4f_deriveRotationAnchorOffsets_line686,m02,1,65,65,False
chart_4f_deriveRotationAnchorOffsets__line686_768,deepseek-coder-v2:16b,batch03__Chart_4__deriveRotationAnchorOffsets__chart_4f_deriveRotationAnchorOffsets_line686,m03,1,65,65,False
chart_4f_deriveTextBoundsAnchorOffsets__line599_673,deepseek-coder-v2:16b,batch03__Chart_4__deriveTextBoundsAnchorOffsets__chart_4f_deriveTextBoundsAnchorOffsets_line599,m01,0,0,70,n/a
chart_4f_deriveTextBoundsAnchorOffsets__line599_673,deepseek-coder-v2:16b,batch03__Chart_4__deriveTextBoundsAnchorOffsets__chart_4f_deriveTextBoundsAnchorOffsets_line599,m02,0,0,70,n/a
chart_4f_deriveTextBoundsAnchorOffsets__line599_673,deepseek-coder-v2:16b,batch03__Chart_4__deriveTextBoundsAnchorOffsets__chart_4f_deriveTextBoundsAnchorOffsets_line599,m03,0,0,70,n/a
chart_4f_deriveTextBoundsAnchorOffsets__line599_673,deepseek-coder-v2:16b,batch03__Chart_4__deriveTextBoundsAnchorOffsets__chart_4f_deriveTextBoundsAnchorOffsets_line599,m04,0,0,70,n/a
chart_4f_deriveTextBoundsAnchorOffsets__line599_673,deepseek-coder-v2:16b,batch03__Chart_4__deriveTextBoundsAnchorOffsets__chart_4f_deriveTextBoundsAnchorOffsets_line599,m05,0,0,70,n/a
chart_4f_deriveTextBoundsAnchorOffsets__line599_673,deepseek-coder-v2:16b,batch03__Chart_4__deriveTextBoundsAnchorOffsets__chart_4f_deriveTextBoundsAnchorOffsets_line599,m06,0,0,70,n/a
chart_4f_deriveTextBoundsAnchorOffsets__line599_673,deepseek-coder-v2:16b,batch03__Chart_4__deriveTextBoundsAnchorOffsets__chart_4f_deriveTextBoundsAnchorOffsets_line599,m07,0,0,70,n/a
chart_4f_deriveTextBoundsAnchorOffsets__line599_673,deepseek-coder-v2:16b,batch03__Chart_4__deriveTextBoundsAnchorOffsets__chart_4f_deriveTextBoundsAnchorOffsets_line599,m08,0,0,70,n/a
chart_6f_equals__line1488_1582,deepseek-coder-v2:16b,batch03__Chart_6__equals__chart_6f_equals_line1488,m01,0,0,3,n/a
chart_6f_equals__line1488_1582,deepseek-coder-v2:16b,batch03__Chart_6__equals__chart_6f_equals_line1488,m02,0,0,3,n/a
chart_6f_equals__line1488_1582,deepseek-coder-v2:16b,batch03__Chart_6__equals__chart_6f_equals_line1488,m03,1,1,3,False
chart_6f_equals__line1488_1582,deepseek-coder-v2:16b,batch03__Chart_6__equals__chart_6f_equals_line1488,m04,1,1,3,False
chart_6f_equals__line1488_1582,deepseek-coder-v2:16b,batch03__Chart_6__equals__chart_6f_equals_line1488,m05,1,1,3,False
chart_6f_equals__line1488_1582,deepseek-coder-v2:16b,batch03__Chart_6__equals__chart_6f_equals_line1488,m06,1,1,3,False
chart_6f_equals__line1488_1582,deepseek-coder-v2:16b,batch03__Chart_6__equals__chart_6f_equals_line1488,m07,1,1,3,False
cli_14f_appendUsage__line298_390,deepseek-coder-v2:16b,batch03__Cli_14__appendUsage__cli_14f_appendUsage_line298,m01,1,12,31,False
cli_14f_appendUsage__line298_390,deepseek-coder-v2:16b,batch03__Cli_14__appendUsage__cli_14f_appendUsage_line298,m02,1,17,31,False
cli_14f_appendUsage__line298_390,deepseek-coder-v2:16b,batch03__Cli_14__appendUsage__cli_14f_appendUsage_line298,m03,1,5,31,False
cli_14f_appendUsage__line298_390,deepseek-coder-v2:16b,batch03__Cli_14__appendUsage__cli_14f_appendUsage_line298,m04,1,17,31,False
cli_14f_appendUsage__line298_390,deepseek-coder-v2:16b,batch03__Cli_14__appendUsage__cli_14f_appendUsage_line298,m05,1,5,31,False
cli_14f_appendUsage__line298_390,deepseek-coder-v2:16b,batch03__Cli_14__appendUsage__cli_14f_appendUsage_line298,m07,1,16,31,False
cli_14f_appendUsage__line298_390,deepseek-coder-v2:16b,batch03__Cli_14__appendUsage__cli_14f_appendUsage_line298,m08,1,6,31,False
cli_1f_findWrapPos__line789_833,deepseek-coder-v2:16b,batch03__Cli_1__findWrapPos__cli_1f_findWrapPos_line789,m01,1,1,7,False
cli_1f_parse__line129_220,deepseek-coder-v2:16b,batch03__Cli_1__parse__cli_1f_parse_line129,m01,0,0,74,n/a
cli_1f_parse__line129_220,deepseek-coder-v2:16b,batch03__Cli_1__parse__cli_1f_parse_line129,m03,1,5,74,False
cli_1f_parse__line129_220,deepseek-coder-v2:16b,batch03__Cli_1__parse__cli_1f_parse_line129,m04,1,66,74,False
cli_1f_parse__line129_220,deepseek-coder-v2:16b,batch03__Cli_1__parse__cli_1f_parse_line129,m06,1,4,74,False
cli_1f_parse__line129_220,deepseek-coder-v2:16b,batch03__Cli_1__parse__cli_1f_parse_line129,m07,1,9,74,False
cli_30f_createValue__line60_102,deepseek-coder-v2:16b,batch03__Cli_30__createValue__cli_30f_createValue_line60,m02,1,2,6,False
cli_30f_createValue__line60_102,deepseek-coder-v2:16b,batch03__Cli_30__createValue__cli_30f_createValue_line60,m05,1,1,6,False
cli_30f_createValue__line60_102,deepseek-coder-v2:16b,batch03__Cli_30__createValue__cli_30f_createValue_line60,m07,1,1,6,False
cli_30f_processProperties__line252_305,deepseek-coder-v2:16b,batch03__Cli_30__processProperties__cli_30f_processProperties_line252,m01,0,0,64,n/a
cli_30f_processProperties__line252_305,deepseek-coder-v2:16b,batch03__Cli_30__processProperties__cli_30f_processProperties_line252,m02,0,0,64,n/a
cli_30f_processProperties__line252_305,deepseek-coder-v2:16b,batch03__Cli_30__processProperties__cli_30f_processProperties_line252,m03,1,1,64,False
cli_30f_processProperties__line252_305,deepseek-coder-v2:16b,batch03__Cli_30__processProperties__cli_30f_processProperties_line252,m04,1,1,64,False
cli_30f_processProperties__line252_305,deepseek-coder-v2:16b,batch03__Cli_30__processProperties__cli_30f_processProperties_line252,m07,0,0,64,n/a
cli_30f_processProperties__line252_305,deepseek-coder-v2:16b,batch03__Cli_30__processProperties__cli_30f_processProperties_line252,m08,0,0,64,n/a
cli_40f_parse__line144_244,deepseek-coder-v2:16b,batch03__Cli_40__parse__cli_40f_parse_line144,m01,0,0,81,n/a
cli_40f_parse__line144_244,deepseek-coder-v2:16b,batch03__Cli_40__parse__cli_40f_parse_line144,m05,1,1,81,False
cli_7f_appendUsage__line258_320,deepseek-coder-v2:16b,batch03__Cli_7__appendUsage__cli_7f_appendUsage_line258,m05,1,13,27,False
cli_7f_appendUsage__line258_320,deepseek-coder-v2:16b,batch03__Cli_7__appendUsage__cli_7f_appendUsage_line258,m06,1,14,27,False
cli_7f_appendUsage__line258_320,deepseek-coder-v2:16b,batch03__Cli_7__appendUsage__cli_7f_appendUsage_line258,m08,1,9,27,False
cli_7f_process__line156_235,deepseek-coder-v2:16b,batch03__Cli_7__process__cli_7f_process_line156,m01,0,0,32,n/a
cli_7f_process__line156_235,deepseek-coder-v2:16b,batch03__Cli_7__process__cli_7f_process_line156,m02,1,22,32,False
cli_7f_process__line156_235,deepseek-coder-v2:16b,batch03__Cli_7__process__cli_7f_process_line156,m04,1,6,32,False
cli_7f_process__line156_235,deepseek-coder-v2:16b,batch03__Cli_7__process__cli_7f_process_line156,m05,1,3,32,False
cli_7f_process__line156_235,deepseek-coder-v2:16b,batch03__Cli_7__process__cli_7f_process_line156,m06,1,6,32,False
cli_7f_process__line156_235,deepseek-coder-v2:16b,batch03__Cli_7__process__cli_7f_process_line156,m07,1,15,32,False
cli_7f_process__line156_235,deepseek-coder-v2:16b,batch03__Cli_7__process__cli_7f_process_line156,m08,0,0,32,n/a
cli_7f_wrap__line340_438,deepseek-coder-v2:16b,batch03__Cli_7__wrap__cli_7f_wrap_line340,m01,1,15,26,False
cli_7f_wrap__line340_438,deepseek-coder-v2:16b,batch03__Cli_7__wrap__cli_7f_wrap_line340,m02,1,2,26,False
cli_7f_wrap__line340_438,deepseek-coder-v2:16b,batch03__Cli_7__wrap__cli_7f_wrap_line340,m03,0,0,26,n/a
cli_7f_wrap__line340_438,deepseek-coder-v2:16b,batch03__Cli_7__wrap__cli_7f_wrap_line340,m04,0,0,26,n/a
closure_106f_precedence__line605_680,deepseek-coder-v2:16b,batch03__Closure_106__precedence__closure_106f_precedence_line605,m02,1,955,1892,False
closure_1f_biggestPowerTen__line180_277,deepseek-coder-v2:16b,batch03__Closure_1__biggestPowerTen__closure_1f_biggestPowerTen_line180,m08,0,0,1,n/a
closure_44f_bytecodeName__line179_262,deepseek-coder-v2:16b,batch03__Closure_44__bytecodeName__closure_44f_bytecodeName_line179,m01,0,0,1,n/a
closure_44f_bytecodeName__line179_262,deepseek-coder-v2:16b,batch03__Closure_44__bytecodeName__closure_44f_bytecodeName_line179,m07,0,0,1,n/a
closure_44f_bytecodeName__line179_262,deepseek-coder-v2:16b,batch03__Closure_44__bytecodeName__closure_44f_bytecodeName_line179,m08,0,0,1,n/a
closure_44f_findInstanceIdInfo__line139_191,deepseek-coder-v2:16b,batch03__Closure_44__findInstanceIdInfo__closure_44f_findInstanceIdInfo_line139,m04,0,0,1,n/a
closure_44f_findInstanceIdInfo__line139_191,deepseek-coder-v2:16b,batch03__Closure_44__findInstanceIdInfo__closure_44f_findInstanceIdInfo_line139,m05,0,0,1,n/a
closure_44f_findInstanceIdInfo__line139_191,deepseek-coder-v2:16b,batch03__Closure_44__findInstanceIdInfo__closure_44f_findInstanceIdInfo_line139,m06,0,0,1,n/a
closure_44f_findPrototypeId__line459_537,deepseek-coder-v2:16b,batch03__Closure_44__findPrototypeId__closure_44f_findPrototypeId_line459,m01,0,0,1,n/a
closure_44f_findPrototypeId__line459_537,deepseek-coder-v2:16b,batch03__Closure_44__findPrototypeId__closure_44f_findPrototypeId_line459,m02,0,0,1,n/a
closure_44f_findPrototypeId__line459_537,deepseek-coder-v2:16b,batch03__Closure_44__findPrototypeId__closure_44f_findPrototypeId_line459,m03,0,0,1,n/a
closure_44f_findPrototypeId__line459_537,deepseek-coder-v2:16b,batch03__Closure_44__findPrototypeId__closure_44f_findPrototypeId_line459,m04,0,0,1,n/a
closure_44f_findPrototypeId__line459_537,deepseek-coder-v2:16b,batch03__Closure_44__findPrototypeId__closure_44f_findPrototypeId_line459,m05,0,0,1,n/a
closure_44f_findPrototypeId__line459_537,deepseek-coder-v2:16b,batch03__Closure_44__findPrototypeId__closure_44f_findPrototypeId_line459,m06,0,0,1,n/a
closure_44f_findPrototypeId__line459_537,deepseek-coder-v2:16b,batch03__Closure_44__findPrototypeId__closure_44f_findPrototypeId_line459,m07,0,0,1,n/a
closure_44f_findPrototypeId__line459_537,deepseek-coder-v2:16b,batch03__Closure_44__findPrototypeId__closure_44f_findPrototypeId_line459,m08,0,0,1,n/a
closure_44f_hasSideEffects__line950_1043,deepseek-coder-v2:16b,batch03__Closure_44__hasSideEffects__closure_44f_hasSideEffects_line950,m01,0,0,1,n/a
closure_44f_hasSideEffects__line950_1043,deepseek-coder-v2:16b,batch03__Closure_44__hasSideEffects__closure_44f_hasSideEffects_line950,m03,0,0,1,n/a
closure_44f_hasSideEffects__line950_1043,deepseek-coder-v2:16b,batch03__Closure_44__hasSideEffects__closure_44f_hasSideEffects_line950,m05,0,0,1,n/a
closure_46f_mayBeExpression__line487_559,deepseek-coder-v2:16b,batch03__Closure_46__mayBeExpression__closure_46f_mayBeExpression_line487,m03,1,10,100,False
closure_46f_mayBeExpression__line487_559,deepseek-coder-v2:16b,batch03__Closure_46__mayBeExpression__closure_46f_mayBeExpression_line487,m04,1,10,100,False
closure_46f_mayBeExpression__line487_559,deepseek-coder-v2:16b,batch03__Closure_46__mayBeExpression__closure_46f_mayBeExpression_line487,m05,1,20,100,False
closure_46f_mayBeExpression__line487_559,deepseek-coder-v2:16b,batch03__Closure_46__mayBeExpression__closure_46f_mayBeExpression_line487,m06,1,20,100,False
closure_46f_mayBeExpression__line487_559,deepseek-coder-v2:16b,batch03__Closure_46__mayBeExpression__closure_46f_mayBeExpression_line487,m07,1,20,100,False
closure_46f_mayBeExpression__line487_559,deepseek-coder-v2:16b,batch03__Closure_46__mayBeExpression__closure_46f_mayBeExpression_line487,m08,1,20,100,False
codec_11f_pattern__line405_496,deepseek-coder-v2:16b,batch03__Codec_11__pattern__codec_11f_pattern_line405,m01,1,2,11,False
codec_11f_pattern__line405_496,deepseek-coder-v2:16b,batch03__Codec_11__pattern__codec_11f_pattern_line405,m04,0,0,11,n/a
codec_11f_pattern__line405_496,deepseek-coder-v2:16b,batch03__Codec_11__pattern__codec_11f_pattern_line405,m05,0,0,11,n/a
codec_13f_encode__line385_469,deepseek-coder-v2:16b,batch03__Codec_13__encode__codec_13f_encode_line385,m01,0,0,13,n/a
codec_13f_encode__line385_469,deepseek-coder-v2:16b,batch03__Codec_13__encode__codec_13f_encode_line385,m02,0,0,13,n/a
codec_13f_encode__line385_469,deepseek-coder-v2:16b,batch03__Codec_13__encode__codec_13f_encode_line385,m03,1,1,13,False
codec_13f_encode__line385_469,deepseek-coder-v2:16b,batch03__Codec_13__encode__codec_13f_encode_line385,m04,0,0,13,n/a
codec_13f_encode__line385_469,deepseek-coder-v2:16b,batch03__Codec_13__encode__codec_13f_encode_line385,m06,0,0,13,n/a
codec_13f_encode__line385_469,deepseek-coder-v2:16b,batch03__Codec_13__encode__codec_13f_encode_line385,m07,0,0,13,n/a
codec_13f_encode__line385_469,deepseek-coder-v2:16b,batch03__Codec_13__encode__codec_13f_encode_line385,m08,1,2,13,False
codec_13f_handleG__line408_461,deepseek-coder-v2:16b,batch03__Codec_13__handleG__codec_13f_handleG_line408,m03,1,2,5,False
codec_13f_handleG__line408_461,deepseek-coder-v2:16b,batch03__Codec_13__handleG__codec_13f_handleG_line408,m07,1,4,5,False
codec_13f_handleJ__line514_545,deepseek-coder-v2:16b,batch03__Codec_13__handleJ__codec_13f_handleJ_line514,m01,1,5,8,False
codec_13f_handleJ__line514_545,deepseek-coder-v2:16b,batch03__Codec_13__handleJ__codec_13f_handleJ_line514,m03,1,1,8,False
codec_13f_handleJ__line514_545,deepseek-coder-v2:16b,batch03__Codec_13__handleJ__codec_13f_handleJ_line514,m07,0,0,8,n/a
codec_13f_handleS__line597_642,deepseek-coder-v2:16b,batch03__Codec_13__handleS__codec_13f_handleS_line597,m02,0,0,8,n/a
codec_13f_handleS__line597_642,deepseek-coder-v2:16b,batch03__Codec_13__handleS__codec_13f_handleS_line597,m03,1,1,8,False
codec_17f_transcodeRemaining__line118_167,deepseek-coder-v2:16b,batch03__Codec_17__transcodeRemaining__codec_17f_transcodeRemaining_line118,m01,1,13,19,False
codec_17f_transcodeRemaining__line118_167,deepseek-coder-v2:16b,batch03__Codec_17__transcodeRemaining__codec_17f_transcodeRemaining_line118,m02,1,2,19,False
codec_17f_transcodeRemaining__line118_167,deepseek-coder-v2:16b,batch03__Codec_17__transcodeRemaining__codec_17f_transcodeRemaining_line118,m06,0,0,19,n/a
codec_17f_transcodeRemaining__line118_167,deepseek-coder-v2:16b,batch03__Codec_17__transcodeRemaining__codec_17f_transcodeRemaining_line118,m07,1,1,19,False
codec_17f_transcodeRemaining__line118_167,deepseek-coder-v2:16b,batch03__Codec_17__transcodeRemaining__codec_17f_transcodeRemaining_line118,m08,1,1,19,False
codec_17f_transcodeRemaining__line118_167,deepseek-coder-v2:16b,batch03__Codec_17__transcodeRemaining__codec_17f_transcodeRemaining_line118,m09,1,3,19,False
codec_1f_handleG__line418_469,deepseek-coder-v2:16b,batch03__Codec_1__handleG__codec_1f_handleG_line418,m01,1,1,3,False
codec_1f_handleG__line418_469,deepseek-coder-v2:16b,batch03__Codec_1__handleG__codec_1f_handleG_line418,m08,1,2,3,False
codec_1f_handleJ__line526_556,deepseek-coder-v2:16b,batch03__Codec_1__handleJ__codec_1f_handleJ_line526,m01,1,2,5,False
codec_1f_handleJ__line526_556,deepseek-coder-v2:16b,batch03__Codec_1__handleJ__codec_1f_handleJ_line526,m02,1,2,5,False
codec_1f_handleJ__line526_556,deepseek-coder-v2:16b,batch03__Codec_1__handleJ__codec_1f_handleJ_line526,m04,0,0,5,n/a
codec_1f_handleJ__line526_556,deepseek-coder-v2:16b,batch03__Codec_1__handleJ__codec_1f_handleJ_line526,m07,0,0,5,n/a
codec_1f_handleJ__line526_556,deepseek-coder-v2:16b,batch03__Codec_1__handleJ__codec_1f_handleJ_line526,m08,0,0,5,n/a
codec_1f_handleS__line612_660,deepseek-coder-v2:16b,batch03__Codec_1__handleS__codec_1f_handleS_line612,m01,0,0,6,n/a
codec_1f_handleS__line612_660,deepseek-coder-v2:16b,batch03__Codec_1__handleS__codec_1f_handleS_line612,m03,0,0,6,n/a
codec_1f_handleS__line612_660,deepseek-coder-v2:16b,batch03__Codec_1__handleS__codec_1f_handleS_line612,m04,0,0,6,n/a
codec_1f_handleS__line612_660,deepseek-coder-v2:16b,batch03__Codec_1__handleS__codec_1f_handleS_line612,m05,0,0,6,n/a
codec_9f_colognePhonetic__line293_383,deepseek-coder-v2:16b,batch03__Codec_9__colognePhonetic__codec_9f_colognePhonetic_line293,m02,1,1,3,False
codec_9f_read__line76_117,deepseek-coder-v2:16b,batch03__Codec_9__read__codec_9f_read_line76,m01,1,7,8,False
codec_9f_read__line76_117,deepseek-coder-v2:16b,batch03__Codec_9__read__codec_9f_read_line76,m06,0,0,8,n/a
codec_9f_read__line76_117,deepseek-coder-v2:16b,batch03__Codec_9__read__codec_9f_read_line76,m07,1,4,8,False
codec_9f_read__line76_117,deepseek-coder-v2:16b,batch03__Codec_9__read__codec_9f_read_line76,m08,0,0,8,n/a
collections_17f_put__line254_330,deepseek-coder-v2:16b,batch03__Collections_17__put__collections_17f_put_line254,m01,0,0,13,n/a
collections_17f_put__line254_330,deepseek-coder-v2:16b,batch03__Collections_17__put__collections_17f_put_line254,m02,0,0,13,n/a
collections_17f_put__line254_330,deepseek-coder-v2:16b,batch03__Collections_17__put__collections_17f_put_line254,m03,0,0,13,n/a
collections_17f_put__line254_330,deepseek-coder-v2:16b,batch03__Collections_17__put__collections_17f_put_line254,m04,0,0,13,n/a
collections_17f_put__line254_330,deepseek-coder-v2:16b,batch03__Collections_17__put__collections_17f_put_line254,m07,1,10,13,False
collections_17f_size__line1027_1058,deepseek-coder-v2:16b,batch03__Collections_17__size__collections_17f_size_line1027,m02,1,15,15,False
collections_17f_size__line1027_1058,deepseek-coder-v2:16b,batch03__Collections_17__size__collections_17f_size_line1027,m03,1,1,15,False
collections_1f_containsKey__line186_213,deepseek-coder-v2:16b,batch03__Collections_1__containsKey__collections_1f_containsKey_line186,m01,0,0,12,n/a
collections_1f_containsKey__line186_213,deepseek-coder-v2:16b,batch03__Collections_1__containsKey__collections_1f_containsKey_line186,m02,0,0,12,n/a
collections_1f_containsKey__line186_213,deepseek-coder-v2:16b,batch03__Collections_1__containsKey__collections_1f_containsKey_line186,m03,1,8,12,False
collections_1f_containsKey__line186_213,deepseek-coder-v2:16b,batch03__Collections_1__containsKey__collections_1f_containsKey_line186,m04,1,6,12,False
collections_1f_containsKey__line186_213,deepseek-coder-v2:16b,batch03__Collections_1__containsKey__collections_1f_containsKey_line186,m05,1,6,12,False
collections_1f_containsKey__line186_213,deepseek-coder-v2:16b,batch03__Collections_1__containsKey__collections_1f_containsKey_line186,m06,0,0,12,n/a
collections_1f_containsKey__line186_213,deepseek-coder-v2:16b,batch03__Collections_1__containsKey__collections_1f_containsKey_line186,m07,0,0,12,n/a
collections_1f_put__line255_331,deepseek-coder-v2:16b,batch03__Collections_1__put__collections_1f_put_line255,m01,1,12,12,False
collections_1f_swapPosition__line1043_1135,deepseek-coder-v2:16b,batch03__Collections_1__swapPosition__collections_1f_swapPosition_line1043,m01,0,0,6,n/a
collections_1f_swapPosition__line1043_1135,deepseek-coder-v2:16b,batch03__Collections_1__swapPosition__collections_1f_swapPosition_line1043,m02,0,0,6,n/a
collections_1f_swapPosition__line1043_1135,deepseek-coder-v2:16b,batch03__Collections_1__swapPosition__collections_1f_swapPosition_line1043,m03,0,0,6,n/a
collections_1f_swapPosition__line1043_1135,deepseek-coder-v2:16b,batch03__Collections_1__swapPosition__collections_1f_swapPosition_line1043,m04,0,0,6,n/a
collections_1f_swapPosition__line1043_1135,deepseek-coder-v2:16b,batch03__Collections_1__swapPosition__collections_1f_swapPosition_line1043,m05,0,0,6,n/a
collections_1f_swapPosition__line1043_1135,deepseek-coder-v2:16b,batch03__Collections_1__swapPosition__collections_1f_swapPosition_line1043,m06,1,6,6,True
collections_1f_swapPosition__line1043_1135,deepseek-coder-v2:16b,batch03__Collections_1__swapPosition__collections_1f_swapPosition_line1043,m07,0,0,6,n/a
collections_1f_swapPosition__line1043_1135,deepseek-coder-v2:16b,batch03__Collections_1__swapPosition__collections_1f_swapPosition_line1043,m08,1,6,6,True
collections_21f_containsKey__line197_236,deepseek-coder-v2:16b,batch03__Collections_21__containsKey__collections_21f_containsKey_line197,m01,1,2,12,False
collections_21f_containsKey__line197_236,deepseek-coder-v2:16b,batch03__Collections_21__containsKey__collections_21f_containsKey_line197,m03,1,8,12,False
collections_21f_containsKey__line197_236,deepseek-coder-v2:16b,batch03__Collections_21__containsKey__collections_21f_containsKey_line197,m08,1,6,12,False
collections_21f_merge__line1563_1616,deepseek-coder-v2:16b,batch03__Collections_21__merge__collections_21f_merge_line1563,m02,1,1,4,False
collections_21f_merge__line1563_1616,deepseek-coder-v2:16b,batch03__Collections_21__merge__collections_21f_merge_line1563,m03,1,1,4,False
collections_21f_merge__line1563_1616,deepseek-coder-v2:16b,batch03__Collections_21__merge__collections_21f_merge_line1563,m04,1,2,4,False
collections_21f_merge__line1563_1616,deepseek-coder-v2:16b,batch03__Collections_21__merge__collections_21f_merge_line1563,m06,0,0,4,n/a
collections_21f_merge__line1563_1616,deepseek-coder-v2:16b,batch03__Collections_21__merge__collections_21f_merge_line1563,m07,1,1,4,False
collections_21f_merge__line1563_1616,deepseek-coder-v2:16b,batch03__Collections_21__merge__collections_21f_merge_line1563,m08,1,1,4,False
collections_21f_put__line290_366,deepseek-coder-v2:16b,batch03__Collections_21__put__collections_21f_put_line290,m01,1,13,13,False
collections_21f_put__line290_366,deepseek-coder-v2:16b,batch03__Collections_21__put__collections_21f_put_line290,m02,0,0,13,n/a
collections_21f_put__line290_366,deepseek-coder-v2:16b,batch03__Collections_21__put__collections_21f_put_line290,m03,0,0,13,n/a
collections_21f_put__line290_366,deepseek-coder-v2:16b,batch03__Collections_21__put__collections_21f_put_line290,m05,0,0,13,n/a
collections_21f_put__line290_366,deepseek-coder-v2:16b,batch03__Collections_21__put__collections_21f_put_line290,m06,0,0,13,n/a
collections_21f_put__line290_366,deepseek-coder-v2:16b,batch03__Collections_21__put__collections_21f_put_line290,m08,0,0,13,n/a
collections_22f_size__line1301_1332,deepseek-coder-v2:16b,batch03__Collections_22__size__collections_22f_size_line1301,m02,1,1,17,False
collections_22f_size__line1301_1332,deepseek-coder-v2:16b,batch03__Collections_22__size__collections_22f_size_line1301,m03,1,10,17,False
collections_22f_size__line1301_1332,deepseek-coder-v2:16b,batch03__Collections_22__size__collections_22f_size_line1301,m04,1,1,17,False
collections_22f_size__line1301_1332,deepseek-coder-v2:16b,batch03__Collections_22__size__collections_22f_size_line1301,m08,1,1,17,False
compress_10f_read__line212_291,deepseek-coder-v2:16b,batch03__Compress_10__read__compress_10f_read_line212,m01,1,4,5,False
compress_10f_read__line212_291,deepseek-coder-v2:16b,batch03__Compress_10__read__compress_10f_read_line212,m02,0,0,5,n/a
compress_10f_read__line212_291,deepseek-coder-v2:16b,batch03__Compress_10__read__compress_10f_read_line212,m03,1,4,5,False
compress_10f_read__line212_291,deepseek-coder-v2:16b,batch03__Compress_10__read__compress_10f_read_line212,m05,1,4,5,False
compress_1f_generateMTFValues__line1542_1638,deepseek-coder-v2:16b,batch03__Compress_1__generateMTFValues__compress_1f_generateMTFValues_line1542,m01,1,1,1,True
compress_1f_generateMTFValues__line1542_1638,deepseek-coder-v2:16b,batch03__Compress_1__generateMTFValues__compress_1f_generateMTFValues_line1542,m02,0,0,1,n/a
compress_1f_generateMTFValues__line1542_1638,deepseek-coder-v2:16b,batch03__Compress_1__generateMTFValues__compress_1f_generateMTFValues_line1542,m05,0,0,1,n/a
compress_29f_createLocalFileHeader__line1009_1073,deepseek-coder-v2:16b,batch03__Compress_29__createLocalFileHeader__compress_29f_createLocalFileHeader_line1009,m01,0,0,46,n/a
compress_29f_createLocalFileHeader__line1009_1073,deepseek-coder-v2:16b,batch03__Compress_29__createLocalFileHeader__compress_29f_createLocalFileHeader_line1009,m02,0,0,46,n/a
compress_29f_createLocalFileHeader__line1009_1073,deepseek-coder-v2:16b,batch03__Compress_29__createLocalFileHeader__compress_29f_createLocalFileHeader_line1009,m03,0,0,46,n/a
compress_29f_createLocalFileHeader__line1009_1073,deepseek-coder-v2:16b,batch03__Compress_29__createLocalFileHeader__compress_29f_createLocalFileHeader_line1009,m04,1,15,46,False
compress_29f_createLocalFileHeader__line1009_1073,deepseek-coder-v2:16b,batch03__Compress_29__createLocalFileHeader__compress_29f_createLocalFileHeader_line1009,m07,1,39,46,False
compress_29f_createLocalFileHeader__line1009_1073,deepseek-coder-v2:16b,batch03__Compress_29__createLocalFileHeader__compress_29f_createLocalFileHeader_line1009,m08,1,39,46,False
compress_3f_perform__line64_127,deepseek-coder-v2:16b,batch03__Compress_3__perform__compress_3f_perform_line64,m01,1,23,23,True
compress_3f_perform__line64_127,deepseek-coder-v2:16b,batch03__Compress_3__perform__compress_3f_perform_line64,m02,1,18,23,False
compress_3f_perform__line64_127,deepseek-coder-v2:16b,batch03__Compress_3__perform__compress_3f_perform_line64,m04,0,0,23,n/a
compress_3f_perform__line64_127,deepseek-coder-v2:16b,batch03__Compress_3__perform__compress_3f_perform_line64,m06,1,22,23,False
compress_3f_perform__line64_127,deepseek-coder-v2:16b,batch03__Compress_3__perform__compress_3f_perform_line64,m08,0,0,23,n/a
compress_43f_detect__line486_564,deepseek-coder-v2:16b,batch03__Compress_43__detect__compress_43f_detect_line486,m02,1,40,42,False
compress_43f_detect__line486_564,deepseek-coder-v2:16b,batch03__Compress_43__detect__compress_43f_detect_line486,m03,1,33,42,False
compress_43f_detect__line486_564,deepseek-coder-v2:16b,batch03__Compress_43__detect__compress_43f_detect_line486,m05,1,1,42,False
compress_43f_detect__line486_564,deepseek-coder-v2:16b,batch03__Compress_43__detect__compress_43f_detect_line486,m06,0,0,42,n/a
compress_43f_detect__line486_564,deepseek-coder-v2:16b,batch03__Compress_43__detect__compress_43f_detect_line486,m07,1,7,42,False
compress_43f_detect__line486_564,deepseek-coder-v2:16b,batch03__Compress_43__detect__compress_43f_detect_line486,m08,1,13,42,False
compress_46f_processPaxHeader__line1021_1087,deepseek-coder-v2:16b,batch03__Compress_46__processPaxHeader__compress_46f_processPaxHeader_line1021,m01,1,1,17,False
compress_46f_processPaxHeader__line1021_1087,deepseek-coder-v2:16b,batch03__Compress_46__processPaxHeader__compress_46f_processPaxHeader_line1021,m02,0,0,17,n/a
compress_46f_processPaxHeader__line1021_1087,deepseek-coder-v2:16b,batch03__Compress_46__processPaxHeader__compress_46f_processPaxHeader_line1021,m03,1,1,17,False
compress_46f_processPaxHeader__line1021_1087,deepseek-coder-v2:16b,batch03__Compress_46__processPaxHeader__compress_46f_processPaxHeader_line1021,m04,1,2,17,False
compress_46f_processPaxHeader__line1021_1087,deepseek-coder-v2:16b,batch03__Compress_46__processPaxHeader__compress_46f_processPaxHeader_line1021,m06,1,8,17,False
compress_46f_processPaxHeader__line1021_1087,deepseek-coder-v2:16b,batch03__Compress_46__processPaxHeader__compress_46f_processPaxHeader_line1021,m07,1,8,17,False
compress_46f_processPaxHeader__line1021_1087,deepseek-coder-v2:16b,batch03__Compress_46__processPaxHeader__compress_46f_processPaxHeader_line1021,m08,0,0,17,n/a
compress_7f_initBlock__line240_278,deepseek-coder-v2:16b,batch03__Compress_7__initBlock__compress_7f_initBlock_line240,m08,1,3,3,True
compress_7f_recvDecodingTables__line416_495,deepseek-coder-v2:16b,batch03__Compress_7__recvDecodingTables__compress_7f_recvDecodingTables_line416,m01,1,3,3,True
compress_7f_recvDecodingTables__line416_495,deepseek-coder-v2:16b,batch03__Compress_7__recvDecodingTables__compress_7f_recvDecodingTables_line416,m03,1,3,3,True
compress_7f_recvDecodingTables__line416_495,deepseek-coder-v2:16b,batch03__Compress_7__recvDecodingTables__compress_7f_recvDecodingTables_line416,m05,1,3,3,True
compress_7f_recvDecodingTables__line416_495,deepseek-coder-v2:16b,batch03__Compress_7__recvDecodingTables__compress_7f_recvDecodingTables_line416,m08,0,0,3,n/a
csv_1f_encapsulatedTokenLexer__line181_225,deepseek-coder-v2:16b,batch03__Csv_1__encapsulatedTokenLexer__csv_1f_encapsulatedTokenLexer_line181,m01,1,1,13,False
csv_1f_encapsulatedTokenLexer__line181_225,deepseek-coder-v2:16b,batch03__Csv_1__encapsulatedTokenLexer__csv_1f_encapsulatedTokenLexer_line181,m05,1,6,13,False
csv_1f_encapsulatedTokenLexer__line181_225,deepseek-coder-v2:16b,batch03__Csv_1__encapsulatedTokenLexer__csv_1f_encapsulatedTokenLexer_line181,m06,1,8,13,False
csv_1f_encapsulatedTokenLexer__line181_225,deepseek-coder-v2:16b,batch03__Csv_1__encapsulatedTokenLexer__csv_1f_encapsulatedTokenLexer_line181,m07,0,0,13,n/a
csv_1f_encapsulatedTokenLexer__line181_225,deepseek-coder-v2:16b,batch03__Csv_1__encapsulatedTokenLexer__csv_1f_encapsulatedTokenLexer_line181,m08,1,8,13,False
csv_1f_nextToken__line40_118,deepseek-coder-v2:16b,batch03__Csv_1__nextToken__csv_1f_nextToken_line40,m07,0,0,31,n/a
csv_1f_nextToken__line40_118,deepseek-coder-v2:16b,batch03__Csv_1__nextToken__csv_1f_nextToken_line40,m08,0,0,31,n/a
csv_2f_parseEncapsulatedToken__line198_242,deepseek-coder-v2:16b,batch03__Csv_2__parseEncapsulatedToken__csv_2f_parseEncapsulatedToken_line198,m03,0,0,14,n/a
csv_2f_parseEncapsulatedToken__line198_242,deepseek-coder-v2:16b,batch03__Csv_2__parseEncapsulatedToken__csv_2f_parseEncapsulatedToken_line198,m04,1,8,14,False
csv_2f_parseEncapsulatedToken__line198_242,deepseek-coder-v2:16b,batch03__Csv_2__parseEncapsulatedToken__csv_2f_parseEncapsulatedToken_line198,m05,1,1,14,False
csv_2f_parseEncapsulatedToken__line198_242,deepseek-coder-v2:16b,batch03__Csv_2__parseEncapsulatedToken__csv_2f_parseEncapsulatedToken_line198,m06,0,0,14,n/a
csv_2f_parseEncapsulatedToken__line198_242,deepseek-coder-v2:16b,batch03__Csv_2__parseEncapsulatedToken__csv_2f_parseEncapsulatedToken_line198,m08,1,6,14,False
csv_4f_equals__line313_370,deepseek-coder-v2:16b,batch03__Csv_4__equals__csv_4f_equals_line313,m01,1,1,10,False
csv_4f_equals__line313_370,deepseek-coder-v2:16b,batch03__Csv_4__equals__csv_4f_equals_line313,m02,0,0,10,n/a
csv_4f_equals__line313_370,deepseek-coder-v2:16b,batch03__Csv_4__equals__csv_4f_equals_line313,m03,0,0,10,n/a
csv_4f_equals__line313_370,deepseek-coder-v2:16b,batch03__Csv_4__equals__csv_4f_equals_line313,m04,1,1,10,False
csv_4f_equals__line313_370,deepseek-coder-v2:16b,batch03__Csv_4__equals__csv_4f_equals_line313,m05,1,1,10,False
csv_4f_equals__line313_370,deepseek-coder-v2:16b,batch03__Csv_4__equals__csv_4f_equals_line313,m06,1,1,10,False
csv_4f_equals__line313_370,deepseek-coder-v2:16b,batch03__Csv_4__equals__csv_4f_equals_line313,m07,1,1,10,False
csv_4f_equals__line313_370,deepseek-coder-v2:16b,batch03__Csv_4__equals__csv_4f_equals_line313,m08,0,0,10,n/a
csv_4f_nextToken__line82_164,deepseek-coder-v2:16b,batch03__Csv_4__nextToken__csv_4f_nextToken_line82,m01,1,4,65,False
csv_4f_nextToken__line82_164,deepseek-coder-v2:16b,batch03__Csv_4__nextToken__csv_4f_nextToken_line82,m02,1,4,65,False
csv_4f_nextToken__line82_164,deepseek-coder-v2:16b,batch03__Csv_4__nextToken__csv_4f_nextToken_line82,m04,1,63,65,False
csv_4f_nextToken__line82_164,deepseek-coder-v2:16b,batch03__Csv_4__nextToken__csv_4f_nextToken_line82,m05,1,10,65,False
csv_4f_parseEncapsulatedToken__line239_288,deepseek-coder-v2:16b,batch03__Csv_4__parseEncapsulatedToken__csv_4f_parseEncapsulatedToken_line239,m01,1,1,14,False
csv_4f_parseEncapsulatedToken__line239_288,deepseek-coder-v2:16b,batch03__Csv_4__parseEncapsulatedToken__csv_4f_parseEncapsulatedToken_line239,m02,0,0,14,n/a
csv_4f_parseEncapsulatedToken__line239_288,deepseek-coder-v2:16b,batch03__Csv_4__parseEncapsulatedToken__csv_4f_parseEncapsulatedToken_line239,m03,1,6,14,False
csv_4f_parseEncapsulatedToken__line239_288,deepseek-coder-v2:16b,batch03__Csv_4__parseEncapsulatedToken__csv_4f_parseEncapsulatedToken_line239,m08,1,1,14,False
csv_4f_parseSimpleToken__line185_217,deepseek-coder-v2:16b,batch03__Csv_4__parseSimpleToken__csv_4f_parseSimpleToken_line185,m07,0,0,62,n/a
gson_11f_nextUnquotedValue__line1025_1085,deepseek-coder-v2:16b,batch03__Gson_11__nextUnquotedValue__gson_11f_nextUnquotedValue_line1025,m02,0,0,80,n/a
gson_11f_nextUnquotedValue__line1025_1085,deepseek-coder-v2:16b,batch03__Gson_11__nextUnquotedValue__gson_11f_nextUnquotedValue_line1025,m04,0,0,80,n/a
gson_11f_nextUnquotedValue__line1025_1085,deepseek-coder-v2:16b,batch03__Gson_11__nextUnquotedValue__gson_11f_nextUnquotedValue_line1025,m05,0,0,80,n/a
gson_11f_nextUnquotedValue__line1025_1085,deepseek-coder-v2:16b,batch03__Gson_11__nextUnquotedValue__gson_11f_nextUnquotedValue_line1025,m07,0,0,80,n/a
gson_11f_nextUnquotedValue__line1025_1085,deepseek-coder-v2:16b,batch03__Gson_11__nextUnquotedValue__gson_11f_nextUnquotedValue_line1025,m08,0,0,80,n/a
gson_1f_extractTypeForHierarchy__line117_153,deepseek-coder-v2:16b,batch03__Gson_1__extractTypeForHierarchy__gson_1f_extractTypeForHierarchy_line117,m01,0,0,1,n/a
gson_1f_extractTypeForHierarchy__line117_153,deepseek-coder-v2:16b,batch03__Gson_1__extractTypeForHierarchy__gson_1f_extractTypeForHierarchy_line117,m03,0,0,1,n/a
gson_1f_extractTypeForHierarchy__line117_153,deepseek-coder-v2:16b,batch03__Gson_1__extractTypeForHierarchy__gson_1f_extractTypeForHierarchy_line117,m05,0,0,1,n/a
gson_1f_extractTypeForHierarchy__line117_153,deepseek-coder-v2:16b,batch03__Gson_1__extractTypeForHierarchy__gson_1f_extractTypeForHierarchy_line117,m07,1,1,1,True
gson_1f_extractTypeForHierarchy__line117_153,deepseek-coder-v2:16b,batch03__Gson_1__extractTypeForHierarchy__gson_1f_extractTypeForHierarchy_line117,m08,0,0,1,n/a
gson_1f_nextLiteral__line971_1016,deepseek-coder-v2:16b,batch03__Gson_1__nextLiteral__gson_1f_nextLiteral_line971,m02,1,1,183,False
gson_1f_nextLiteral__line971_1016,deepseek-coder-v2:16b,batch03__Gson_1__nextLiteral__gson_1f_nextLiteral_line971,m03,1,120,183,False
gson_1f_nextLiteral__line971_1016,deepseek-coder-v2:16b,batch03__Gson_1__nextLiteral__gson_1f_nextLiteral_line971,m04,0,0,183,n/a
gson_1f_nextLiteral__line971_1016,deepseek-coder-v2:16b,batch03__Gson_1__nextLiteral__gson_1f_nextLiteral_line971,m06,1,1,183,False
gson_1f_nextLiteral__line971_1016,deepseek-coder-v2:16b,batch03__Gson_1__nextLiteral__gson_1f_nextLiteral_line971,m07,1,132,183,False
gson_1f_write__line86_130,deepseek-coder-v2:16b,batch03__Gson_1__write__gson_1f_write_line86,m01,1,214,227,False
gson_1f_write__line86_130,deepseek-coder-v2:16b,batch03__Gson_1__write__gson_1f_write_line86,m05,1,5,227,False
gson_2f_equals__line160_213,deepseek-coder-v2:16b,batch03__Gson_2__equals__gson_2f_equals_line160,m01,1,95,346,False
gson_2f_equals__line160_213,deepseek-coder-v2:16b,batch03__Gson_2__equals__gson_2f_equals_line160,m07,0,0,346,n/a
gson_2f_newDefaultImplementationConstructor__line127_198,deepseek-coder-v2:16b,batch03__Gson_2__newDefaultImplementationConstructor__gson_2f_newDefaultImplementationConstructor_line127,m01,0,0,202,n/a
gson_2f_newDefaultImplementationConstructor__line127_198,deepseek-coder-v2:16b,batch03__Gson_2__newDefaultImplementationConstructor__gson_2f_newDefaultImplementationConstructor_line127,m03,1,1,202,False
gson_2f_newDefaultImplementationConstructor__line127_198,deepseek-coder-v2:16b,batch03__Gson_2__newDefaultImplementationConstructor__gson_2f_newDefaultImplementationConstructor_line127,m05,1,5,202,False
gson_2f_newDefaultImplementationConstructor__line127_198,deepseek-coder-v2:16b,batch03__Gson_2__newDefaultImplementationConstructor__gson_2f_newDefaultImplementationConstructor_line127,m07,1,1,202,False
gson_2f_peek__line86_127,deepseek-coder-v2:16b,batch03__Gson_2__peek__gson_2f_peek_line86,m02,1,14,33,False
gson_2f_peek__line86_127,deepseek-coder-v2:16b,batch03__Gson_2__peek__gson_2f_peek_line86,m04,1,20,33,False
gson_2f_peek__line86_127,deepseek-coder-v2:16b,batch03__Gson_2__peek__gson_2f_peek_line86,m08,0,0,33,n/a
gson_2f_rebalance__line338_396,deepseek-coder-v2:16b,batch03__Gson_2__rebalance__gson_2f_rebalance_line338,m01,0,0,2,n/a
gson_2f_rebalance__line338_396,deepseek-coder-v2:16b,batch03__Gson_2__rebalance__gson_2f_rebalance_line338,m03,0,0,2,n/a
gson_2f_resolve__line324_394,deepseek-coder-v2:16b,batch03__Gson_2__resolve__gson_2f_resolve_line324,m01,1,151,357,False
gson_2f_resolve__line324_394,deepseek-coder-v2:16b,batch03__Gson_2__resolve__gson_2f_resolve_line324,m05,1,7,357,False
gson_2f_resolve__line324_394,deepseek-coder-v2:16b,batch03__Gson_2__resolve__gson_2f_resolve_line324,m06,1,12,357,False
jacksoncore_1f__isNextTokenNameYes__line902_972,deepseek-coder-v2:16b,batch03__JacksonCore_1__isNextTokenNameYes__jacksoncore_1f_isNextTokenNameYes_line902,m02,0,0,4,n/a
jacksoncore_1f__isNextTokenNameYes__line902_972,deepseek-coder-v2:16b,batch03__JacksonCore_1__isNextTokenNameYes__jacksoncore_1f_isNextTokenNameYes_line902,m04,0,0,4,n/a
jacksoncore_1f__isNextTokenNameYes__line902_972,deepseek-coder-v2:16b,batch03__JacksonCore_1__isNextTokenNameYes__jacksoncore_1f_isNextTokenNameYes_line902,m06,0,0,4,n/a
jacksoncore_1f__isNextTokenNameYes__line902_972,deepseek-coder-v2:16b,batch03__JacksonCore_1__isNextTokenNameYes__jacksoncore_1f_isNextTokenNameYes_line902,m08,0,0,4,n/a
jacksoncore_1f__skipColon__line2527_2597,deepseek-coder-v2:16b,batch03__JacksonCore_1__skipColon__jacksoncore_1f_skipColon_line2527,m05,1,1,2,False
jacksoncore_22f__finishToken__line218_293,deepseek-coder-v2:16b,batch03__JacksonCore_22__finishToken__jacksoncore_22f_finishToken_line218,m01,0,0,39,n/a
jacksoncore_22f__finishToken__line218_293,deepseek-coder-v2:16b,batch03__JacksonCore_22__finishToken__jacksoncore_22f_finishToken_line218,m02,1,5,39,False
jacksoncore_22f__parseAposName__line2054_2153,deepseek-coder-v2:16b,batch03__JacksonCore_22__parseAposName__jacksoncore_22f_parseAposName_line2054,m01,0,0,1,n/a
jacksoncore_22f__parseAposName__line2054_2153,deepseek-coder-v2:16b,batch03__JacksonCore_22__parseAposName__jacksoncore_22f_parseAposName_line2054,m02,0,0,1,n/a
jacksoncore_22f__parseAposName__line2054_2153,deepseek-coder-v2:16b,batch03__JacksonCore_22__parseAposName__jacksoncore_22f_parseAposName_line2054,m03,0,0,1,n/a
jacksoncore_22f__parseAposName__line2054_2153,deepseek-coder-v2:16b,batch03__JacksonCore_22__parseAposName__jacksoncore_22f_parseAposName_line2054,m08,0,0,1,n/a
jacksoncore_22f__startValueAfterColon__line545_609,deepseek-coder-v2:16b,batch03__JacksonCore_22__startValueAfterColon__jacksoncore_22f_startValueAfterColon_line545,m02,1,1,14,False
jacksoncore_22f__startValueAfterColon__line545_609,deepseek-coder-v2:16b,batch03__JacksonCore_22__startValueAfterColon__jacksoncore_22f_startValueAfterColon_line545,m04,1,11,14,False
jacksoncore_22f__startValueAfterColon__line545_609,deepseek-coder-v2:16b,batch03__JacksonCore_22__startValueAfterColon__jacksoncore_22f_startValueAfterColon_line545,m06,1,14,14,False
jacksoncore_22f__startValueAfterColon__line545_609,deepseek-coder-v2:16b,batch03__JacksonCore_22__startValueAfterColon__jacksoncore_22f_startValueAfterColon_line545,m08,1,1,14,False
jacksoncore_25f__finishAposName__line2136_2231,deepseek-coder-v2:16b,batch03__JacksonCore_25__finishAposName__jacksoncore_25f_finishAposName_line2136,m02,0,0,2,n/a
jacksoncore_25f__startValueAfterComma__line812_874,deepseek-coder-v2:16b,batch03__JacksonCore_25__startValueAfterComma__jacksoncore_25f_startValueAfterComma_line812,m01,1,20,20,True
jacksoncore_25f__startValueAfterComma__line812_874,deepseek-coder-v2:16b,batch03__JacksonCore_25__startValueAfterComma__jacksoncore_25f_startValueAfterComma_line812,m04,1,20,20,False
jacksoncore_2f__parseFloat__line1329_1421,deepseek-coder-v2:16b,batch03__JacksonCore_2__parseFloat__jacksoncore_2f_parseFloat_line1329,m03,1,6,7,False
jacksoncore_2f__parseFloat__line1329_1421,deepseek-coder-v2:16b,batch03__JacksonCore_2__parseFloat__jacksoncore_2f_parseFloat_line1329,m04,1,2,7,False
jacksoncore_2f__parseFloat__line1329_1421,deepseek-coder-v2:16b,batch03__JacksonCore_2__parseFloat__jacksoncore_2f_parseFloat_line1329,m05,1,2,7,False
jacksoncore_2f__parseFloat__line1329_1421,deepseek-coder-v2:16b,batch03__JacksonCore_2__parseFloat__jacksoncore_2f_parseFloat_line1329,m06,1,7,7,False
jacksoncore_2f__parseFloat__line1329_1421,deepseek-coder-v2:16b,batch03__JacksonCore_2__parseFloat__jacksoncore_2f_parseFloat_line1329,m07,0,0,7,n/a
jacksoncore_4f__writeSimpleObject__line1505_1567,deepseek-coder-v2:16b,batch03__JacksonCore_4__writeSimpleObject__jacksoncore_4f_writeSimpleObject_line1505,m01,1,1,1,False
jacksoncore_4f__writeSimpleObject__line1505_1567,deepseek-coder-v2:16b,batch03__JacksonCore_4__writeSimpleObject__jacksoncore_4f_writeSimpleObject_line1505,m02,0,0,1,n/a
jacksoncore_4f__writeSimpleObject__line1505_1567,deepseek-coder-v2:16b,batch03__JacksonCore_4__writeSimpleObject__jacksoncore_4f_writeSimpleObject_line1505,m04,1,1,1,True
jacksoncore_4f__writeSimpleObject__line1505_1567,deepseek-coder-v2:16b,batch03__JacksonCore_4__writeSimpleObject__jacksoncore_4f_writeSimpleObject_line1505,m08,1,1,1,True
jacksondatabind_1f__addDeserializerConstructors__line357_448,deepseek-coder-v2:16b,batch03__JacksonDatabind_1__addDeserializerConstructors__jacksondatabind_1f_addDeserializerConstructors_line357,m01,1,178,491,False
jacksondatabind_1f__addDeserializerConstructors__line357_448,deepseek-coder-v2:16b,batch03__JacksonDatabind_1__addDeserializerConstructors__jacksondatabind_1f_addDeserializerConstructors_line357,m02,1,17,491,False
jacksondatabind_1f__addDeserializerConstructors__line357_448,deepseek-coder-v2:16b,batch03__JacksonDatabind_1__addDeserializerConstructors__jacksondatabind_1f_addDeserializerConstructors_line357,m03,1,178,491,False
jacksondatabind_1f__addDeserializerConstructors__line357_448,deepseek-coder-v2:16b,batch03__JacksonDatabind_1__addDeserializerConstructors__jacksondatabind_1f_addDeserializerConstructors_line357,m04,1,174,491,False
jacksondatabind_1f__addDeserializerConstructors__line357_448,deepseek-coder-v2:16b,batch03__JacksonDatabind_1__addDeserializerConstructors__jacksondatabind_1f_addDeserializerConstructors_line357,m05,1,1,491,False
jacksondatabind_1f__addDeserializerConstructors__line357_448,deepseek-coder-v2:16b,batch03__JacksonDatabind_1__addDeserializerConstructors__jacksondatabind_1f_addDeserializerConstructors_line357,m06,1,196,491,False
jacksondatabind_1f__addDeserializerConstructors__line357_448,deepseek-coder-v2:16b,batch03__JacksonDatabind_1__addDeserializerConstructors__jacksondatabind_1f_addDeserializerConstructors_line357,m07,1,16,491,False
jacksondatabind_1f_resolveCreators__line323_403,deepseek-coder-v2:16b,batch03__JacksonDatabind_1__resolveCreators__jacksondatabind_1f_resolveCreators_line323,m02,1,388,961,False
jacksondatabind_1f_resolveCreators__line323_403,deepseek-coder-v2:16b,batch03__JacksonDatabind_1__resolveCreators__jacksondatabind_1f_resolveCreators_line323,m03,1,5,961,False
jacksondatabind_1f_resolve__line255_328,deepseek-coder-v2:16b,batch03__JacksonDatabind_1__resolve__jacksondatabind_1f_resolve_line255,m02,1,8,332,False
jacksondatabind_1f_resolve__line255_328,deepseek-coder-v2:16b,batch03__JacksonDatabind_1__resolve__jacksondatabind_1f_resolve_line255,m03,1,6,332,False
jacksondatabind_1f_resolve__line255_328,deepseek-coder-v2:16b,batch03__JacksonDatabind_1__resolve__jacksondatabind_1f_resolve_line255,m05,1,1,332,False
jacksondatabind_1f_resolve__line255_328,deepseek-coder-v2:16b,batch03__JacksonDatabind_1__resolve__jacksondatabind_1f_resolve_line255,m06,0,0,332,n/a
jacksondatabind_1f_resolve__line255_328,deepseek-coder-v2:16b,batch03__JacksonDatabind_1__resolve__jacksondatabind_1f_resolve_line255,m07,1,46,332,False
jacksondatabind_1f_resolve__line255_328,deepseek-coder-v2:16b,batch03__JacksonDatabind_1__resolve__jacksondatabind_1f_resolve_line255,m08,1,6,332,False
jacksondatabind_1f_serialize__line203_303,deepseek-coder-v2:16b,batch03__JacksonDatabind_1__serialize__jacksondatabind_1f_serialize_line203,m02,0,0,2,n/a
jacksondatabind_1f_serialize__line203_303,deepseek-coder-v2:16b,batch03__JacksonDatabind_1__serialize__jacksondatabind_1f_serialize_line203,m03,0,0,2,n/a
jacksondatabind_1f_serialize__line203_303,deepseek-coder-v2:16b,batch03__JacksonDatabind_1__serialize__jacksondatabind_1f_serialize_line203,m04,1,2,2,False
jacksondatabind_1f_serialize__line203_303,deepseek-coder-v2:16b,batch03__JacksonDatabind_1__serialize__jacksondatabind_1f_serialize_line203,m05,0,0,2,n/a
jacksondatabind_1f_serialize__line203_303,deepseek-coder-v2:16b,batch03__JacksonDatabind_1__serialize__jacksondatabind_1f_serialize_line203,m06,1,2,2,True
jacksondatabind_1f_serialize__line203_303,deepseek-coder-v2:16b,batch03__JacksonDatabind_1__serialize__jacksondatabind_1f_serialize_line203,m07,0,0,2,n/a
jacksondatabind_1f_serialize__line203_303,deepseek-coder-v2:16b,batch03__JacksonDatabind_1__serialize__jacksondatabind_1f_serialize_line203,m08,1,1,2,False
jacksondatabind_2f_buildCollectionSerializer__line598_660,deepseek-coder-v2:16b,batch03__JacksonDatabind_2__buildCollectionSerializer__jacksondatabind_2f_buildCollectionSerializer_line598,m02,1,3,77,False
jacksondatabind_2f_buildCollectionSerializer__line598_660,deepseek-coder-v2:16b,batch03__JacksonDatabind_2__buildCollectionSerializer__jacksondatabind_2f_buildCollectionSerializer_line598,m03,0,0,77,n/a
jacksondatabind_2f_buildCollectionSerializer__line598_660,deepseek-coder-v2:16b,batch03__JacksonDatabind_2__buildCollectionSerializer__jacksondatabind_2f_buildCollectionSerializer_line598,m04,0,0,77,n/a
jacksondatabind_2f_buildCollectionSerializer__line598_660,deepseek-coder-v2:16b,batch03__JacksonDatabind_2__buildCollectionSerializer__jacksondatabind_2f_buildCollectionSerializer_line598,m07,1,1,77,False
jacksondatabind_2f_buildCollectionSerializer__line598_660,deepseek-coder-v2:16b,batch03__JacksonDatabind_2__buildCollectionSerializer__jacksondatabind_2f_buildCollectionSerializer_line598,m08,1,1,77,False
jacksondatabind_2f_forType__line63_100,deepseek-coder-v2:16b,batch03__JacksonDatabind_2__forType__jacksondatabind_2f_forType_line63,m01,1,90,219,False
jacksondatabind_59f_deserializeFromObject__line60_156,deepseek-coder-v2:16b,batch03__JacksonDatabind_59__deserializeFromObject__jacksondatabind_59f_deserializeFromObject_line60,m01,0,0,7,n/a
jacksondatabind_59f_deserializeFromObject__line60_156,deepseek-coder-v2:16b,batch03__JacksonDatabind_59__deserializeFromObject__jacksondatabind_59f_deserializeFromObject_line60,m02,1,2,7,False
jacksondatabind_59f_deserializeFromObject__line60_156,deepseek-coder-v2:16b,batch03__JacksonDatabind_59__deserializeFromObject__jacksondatabind_59f_deserializeFromObject_line60,m03,1,6,7,False
jacksondatabind_59f_deserializeFromObject__line60_156,deepseek-coder-v2:16b,batch03__JacksonDatabind_59__deserializeFromObject__jacksondatabind_59f_deserializeFromObject_line60,m04,0,0,7,n/a
jacksondatabind_59f_deserializeFromObject__line60_156,deepseek-coder-v2:16b,batch03__JacksonDatabind_59__deserializeFromObject__jacksondatabind_59f_deserializeFromObject_line60,m05,0,0,7,n/a
jacksondatabind_80f__deserializeUsingProperties__line328_402,deepseek-coder-v2:16b,batch03__JacksonDatabind_80__deserializeUsingProperties__jacksondatabind_80f_deserializeUsingProperties_line328,m02,0,0,1,n/a
jacksondatabind_80f__deserializeUsingProperties__line328_402,deepseek-coder-v2:16b,batch03__JacksonDatabind_80__deserializeUsingProperties__jacksondatabind_80f_deserializeUsingProperties_line328,m03,0,0,1,n/a
jacksondatabind_96f__getSetterInfo__line242_315,deepseek-coder-v2:16b,batch03__JacksonDatabind_96__getSetterInfo__jacksondatabind_96f_getSetterInfo_line242,m01,1,8,694,False
jacksondatabind_96f__getSetterInfo__line242_315,deepseek-coder-v2:16b,batch03__JacksonDatabind_96__getSetterInfo__jacksondatabind_96f_getSetterInfo_line242,m03,1,3,694,False
jacksondatabind_96f__getSetterInfo__line242_315,deepseek-coder-v2:16b,batch03__JacksonDatabind_96__getSetterInfo__jacksondatabind_96f_getSetterInfo_line242,m06,1,2,694,False
jacksondatabind_96f__idFrom__line66_115,deepseek-coder-v2:16b,batch03__JacksonDatabind_96__idFrom__jacksondatabind_96f_idFrom_line66,m01,1,87,103,False
jacksondatabind_96f__idFrom__line66_115,deepseek-coder-v2:16b,batch03__JacksonDatabind_96__idFrom__jacksondatabind_96f_idFrom_line66,m02,1,33,103,False
jacksondatabind_96f__idFrom__line66_115,deepseek-coder-v2:16b,batch03__JacksonDatabind_96__idFrom__jacksondatabind_96f_idFrom_line66,m03,1,1,103,False
jacksondatabind_96f__idFrom__line66_115,deepseek-coder-v2:16b,batch03__JacksonDatabind_96__idFrom__jacksondatabind_96f_idFrom_line66,m06,1,98,103,False
jacksonxml_1f_hasXMLFormat__line682_770,deepseek-coder-v2:16b,batch03__JacksonXml_1__hasXMLFormat__jacksonxml_1f_hasXMLFormat_line682,m01,1,6,8,False
jacksonxml_1f_hasXMLFormat__line682_770,deepseek-coder-v2:16b,batch03__JacksonXml_1__hasXMLFormat__jacksonxml_1f_hasXMLFormat_line682,m02,0,0,8,n/a
jacksonxml_1f_hasXMLFormat__line682_770,deepseek-coder-v2:16b,batch03__JacksonXml_1__hasXMLFormat__jacksonxml_1f_hasXMLFormat_line682,m04,1,1,8,False
jacksonxml_1f_nextTextValue__line594_688,deepseek-coder-v2:16b,batch03__JacksonXml_1__nextTextValue__jacksonxml_1f_nextTextValue_line594,m02,1,1,4,False
jacksonxml_1f_nextTextValue__line594_688,deepseek-coder-v2:16b,batch03__JacksonXml_1__nextTextValue__jacksonxml_1f_nextTextValue_line594,m03,0,0,4,n/a
jacksonxml_1f_nextTextValue__line594_688,deepseek-coder-v2:16b,batch03__JacksonXml_1__nextTextValue__jacksonxml_1f_nextTextValue_line594,m04,0,0,4,n/a
jacksonxml_1f_nextTextValue__line594_688,deepseek-coder-v2:16b,batch03__JacksonXml_1__nextTextValue__jacksonxml_1f_nextTextValue_line594,m06,1,4,4,True
jacksonxml_1f__next__line303_348,deepseek-coder-v2:16b,batch03__JacksonXml_1__next__jacksonxml_1f_next_line303,m03,0,0,79,n/a
jacksonxml_1f__next__line303_348,deepseek-coder-v2:16b,batch03__JacksonXml_1__next__jacksonxml_1f_next_line303,m07,1,45,79,False
jacksonxml_1f_sanitizeXmlTypeName__line32_71,deepseek-coder-v2:16b,batch03__JacksonXml_1__sanitizeXmlTypeName__jacksonxml_1f_sanitizeXmlTypeName_line32,m01,1,1,55,False
jacksonxml_1f_sanitizeXmlTypeName__line32_71,deepseek-coder-v2:16b,batch03__JacksonXml_1__sanitizeXmlTypeName__jacksonxml_1f_sanitizeXmlTypeName_line32,m02,0,0,55,n/a
jacksonxml_1f_sanitizeXmlTypeName__line32_71,deepseek-coder-v2:16b,batch03__JacksonXml_1__sanitizeXmlTypeName__jacksonxml_1f_sanitizeXmlTypeName_line32,m05,0,0,55,n/a
jacksonxml_1f_sanitizeXmlTypeName__line32_71,deepseek-coder-v2:16b,batch03__JacksonXml_1__sanitizeXmlTypeName__jacksonxml_1f_sanitizeXmlTypeName_line32,m07,1,1,55,False
jacksonxml_1f_sanitizeXmlTypeName__line32_71,deepseek-coder-v2:16b,batch03__JacksonXml_1__sanitizeXmlTypeName__jacksonxml_1f_sanitizeXmlTypeName_line32,m08,1,1,55,False
jacksonxml_1f_serializeAsField__line78_152,deepseek-coder-v2:16b,batch03__JacksonXml_1__serializeAsField__jacksonxml_1f_serializeAsField_line78,m01,0,0,16,n/a
jacksonxml_1f_serializeAsField__line78_152,deepseek-coder-v2:16b,batch03__JacksonXml_1__serializeAsField__jacksonxml_1f_serializeAsField_line78,m02,0,0,16,n/a
jacksonxml_1f_serializeAsField__line78_152,deepseek-coder-v2:16b,batch03__JacksonXml_1__serializeAsField__jacksonxml_1f_serializeAsField_line78,m03,1,14,16,False
jacksonxml_1f_serializeAsField__line78_152,deepseek-coder-v2:16b,batch03__JacksonXml_1__serializeAsField__jacksonxml_1f_serializeAsField_line78,m04,0,0,16,n/a
jacksonxml_1f_serializeAsField__line78_152,deepseek-coder-v2:16b,batch03__JacksonXml_1__serializeAsField__jacksonxml_1f_serializeAsField_line78,m06,0,0,16,n/a
jacksonxml_1f_serializeAsField__line78_152,deepseek-coder-v2:16b,batch03__JacksonXml_1__serializeAsField__jacksonxml_1f_serializeAsField_line78,m07,1,1,16,False
jacksonxml_1f_serializeAsField__line78_152,deepseek-coder-v2:16b,batch03__JacksonXml_1__serializeAsField__jacksonxml_1f_serializeAsField_line78,m08,1,1,16,False
jacksonxml_1f_updateProperties__line31_78,deepseek-coder-v2:16b,batch03__JacksonXml_1__updateProperties__jacksonxml_1f_updateProperties_line31,m01,1,10,66,False
jacksonxml_1f_updateProperties__line31_78,deepseek-coder-v2:16b,batch03__JacksonXml_1__updateProperties__jacksonxml_1f_updateProperties_line31,m06,0,0,66,n/a
jacksonxml_1f_updateProperties__line31_78,deepseek-coder-v2:16b,batch03__JacksonXml_1__updateProperties__jacksonxml_1f_updateProperties_line31,m08,0,0,66,n/a
jacksonxml_2f_writeString__line560_595,deepseek-coder-v2:16b,batch03__JacksonXml_2__writeString__jacksonxml_2f_writeString_line560,m01,1,64,64,True
jacksonxml_2f_writeString__line560_595,deepseek-coder-v2:16b,batch03__JacksonXml_2__writeString__jacksonxml_2f_writeString_line560,m02,1,18,64,False
jacksonxml_2f_writeString__line560_595,deepseek-coder-v2:16b,batch03__JacksonXml_2__writeString__jacksonxml_2f_writeString_line560,m03,0,0,64,n/a
jsoup_12f_parseAttribute__line183_214,deepseek-coder-v2:16b,batch03__Jsoup_12__parseAttribute__jsoup_12f_parseAttribute_line183,m01,0,0,129,n/a
jsoup_12f_parseAttribute__line183_214,deepseek-coder-v2:16b,batch03__Jsoup_12__parseAttribute__jsoup_12f_parseAttribute_line183,m03,1,87,129,False
jsoup_12f_parseAttribute__line183_214,deepseek-coder-v2:16b,batch03__Jsoup_12__parseAttribute__jsoup_12f_parseAttribute_line183,m04,0,0,129,n/a
jsoup_12f_parseAttribute__line183_214,deepseek-coder-v2:16b,batch03__Jsoup_12__parseAttribute__jsoup_12f_parseAttribute_line183,m07,1,87,129,False
jsoup_13f_byAttribute__line177_209,deepseek-coder-v2:16b,batch03__Jsoup_13__byAttribute__jsoup_13f_byAttribute_line177,m03,1,15,21,False
jsoup_13f_byAttribute__line177_209,deepseek-coder-v2:16b,batch03__Jsoup_13__byAttribute__jsoup_13f_byAttribute_line177,m04,1,1,21,False
jsoup_13f_byAttribute__line177_209,deepseek-coder-v2:16b,batch03__Jsoup_13__byAttribute__jsoup_13f_byAttribute_line177,m05,1,1,21,False
jsoup_13f_byAttribute__line177_209,deepseek-coder-v2:16b,batch03__Jsoup_13__byAttribute__jsoup_13f_byAttribute_line177,m06,1,1,21,False
jsoup_13f_byAttribute__line177_209,deepseek-coder-v2:16b,batch03__Jsoup_13__byAttribute__jsoup_13f_byAttribute_line177,m07,1,3,21,False
jsoup_13f_byAttribute__line177_209,deepseek-coder-v2:16b,batch03__Jsoup_13__byAttribute__jsoup_13f_byAttribute_line177,m08,1,3,21,False
jsoup_20f_resetInsertionMode__line351_399,deepseek-coder-v2:16b,batch03__Jsoup_20__resetInsertionMode__jsoup_20f_resetInsertionMode_line351,m02,0,0,52,n/a
jsoup_20f_resetInsertionMode__line351_399,deepseek-coder-v2:16b,batch03__Jsoup_20__resetInsertionMode__jsoup_20f_resetInsertionMode_line351,m03,1,36,52,False
jsoup_20f_resetInsertionMode__line351_399,deepseek-coder-v2:16b,batch03__Jsoup_20__resetInsertionMode__jsoup_20f_resetInsertionMode_line351,m04,0,0,52,n/a
jsoup_20f_resetInsertionMode__line351_399,deepseek-coder-v2:16b,batch03__Jsoup_20__resetInsertionMode__jsoup_20f_resetInsertionMode_line351,m07,0,0,52,n/a
jsoup_20f_resetInsertionMode__line351_399,deepseek-coder-v2:16b,batch03__Jsoup_20__resetInsertionMode__jsoup_20f_resetInsertionMode_line351,m08,0,0,52,n/a
jsoup_28f_consumeCharacterReference__line100_155,deepseek-coder-v2:16b,batch03__Jsoup_28__consumeCharacterReference__jsoup_28f_consumeCharacterReference_line100,m01,0,0,29,n/a
jsoup_28f_consumeCharacterReference__line100_155,deepseek-coder-v2:16b,batch03__Jsoup_28__consumeCharacterReference__jsoup_28f_consumeCharacterReference_line100,m02,1,8,29,False
jsoup_28f_consumeCharacterReference__line100_155,deepseek-coder-v2:16b,batch03__Jsoup_28__consumeCharacterReference__jsoup_28f_consumeCharacterReference_line100,m03,1,2,29,False
jsoup_28f_consumeCharacterReference__line100_155,deepseek-coder-v2:16b,batch03__Jsoup_28__consumeCharacterReference__jsoup_28f_consumeCharacterReference_line100,m05,0,0,29,n/a
jsoup_33f_cssNthChild__line277_308,deepseek-coder-v2:16b,batch03__Jsoup_33__cssNthChild__jsoup_33f_cssNthChild_line277,m01,1,4,8,False
jsoup_33f_cssNthChild__line277_308,deepseek-coder-v2:16b,batch03__Jsoup_33__cssNthChild__jsoup_33f_cssNthChild_line277,m03,0,0,8,n/a
jsoup_33f_cssNthChild__line277_308,deepseek-coder-v2:16b,batch03__Jsoup_33__cssNthChild__jsoup_33f_cssNthChild_line277,m07,1,4,8,False
jsoup_33f_cssNthChild__line277_308,deepseek-coder-v2:16b,batch03__Jsoup_33__cssNthChild__jsoup_33f_cssNthChild_line277,m08,1,2,8,False
jsoup_66f_filter__line81_125,deepseek-coder-v2:16b,batch03__Jsoup_66__filter__jsoup_66f_filter_line81,m03,1,6,8,False
jsoup_66f_filter__line81_125,deepseek-coder-v2:16b,batch03__Jsoup_66__filter__jsoup_66f_filter_line81,m05,1,2,8,False
jsoup_66f_filter__line81_125,deepseek-coder-v2:16b,batch03__Jsoup_66__filter__jsoup_66f_filter_line81,m06,1,5,8,False
jsoup_67f_parseInputStream__line92_155,deepseek-coder-v2:16b,batch03__Jsoup_67__parseInputStream__jsoup_67f_parseInputStream_line92,m01,1,38,38,True
jsoup_67f_parseInputStream__line92_155,deepseek-coder-v2:16b,batch03__Jsoup_67__parseInputStream__jsoup_67f_parseInputStream_line92,m02,0,0,38,n/a
jsoup_67f_parseInputStream__line92_155,deepseek-coder-v2:16b,batch03__Jsoup_67__parseInputStream__jsoup_67f_parseInputStream_line92,m04,0,0,38,n/a
jsoup_67f_parseInputStream__line92_155,deepseek-coder-v2:16b,batch03__Jsoup_67__parseInputStream__jsoup_67f_parseInputStream_line92,m05,1,1,38,False
jsoup_67f_parseInputStream__line92_155,deepseek-coder-v2:16b,batch03__Jsoup_67__parseInputStream__jsoup_67f_parseInputStream_line92,m07,1,1,38,False
jxpath_1f_computeContextDependent__line142_186,deepseek-coder-v2:16b,batch03__JxPath_1__computeContextDependent__jxpath_1f_computeContextDependent_line142,m01,0,0,1,n/a
jxpath_1f_computeContextDependent__line142_186,deepseek-coder-v2:16b,batch03__JxPath_1__computeContextDependent__jxpath_1f_computeContextDependent_line142,m02,0,0,1,n/a
jxpath_1f_computeContextDependent__line142_186,deepseek-coder-v2:16b,batch03__JxPath_1__computeContextDependent__jxpath_1f_computeContextDependent_line142,m03,0,0,1,n/a
jxpath_1f_computeContextDependent__line142_186,deepseek-coder-v2:16b,batch03__JxPath_1__computeContextDependent__jxpath_1f_computeContextDependent_line142,m04,0,0,1,n/a
jxpath_1f_computeContextDependent__line142_186,deepseek-coder-v2:16b,batch03__JxPath_1__computeContextDependent__jxpath_1f_computeContextDependent_line142,m05,0,0,1,n/a
jxpath_1f_computeContextDependent__line142_186,deepseek-coder-v2:16b,batch03__JxPath_1__computeContextDependent__jxpath_1f_computeContextDependent_line142,m06,0,0,1,n/a
jxpath_1f_computeValue__line212_276,deepseek-coder-v2:16b,batch03__JxPath_1__computeValue__jxpath_1f_computeValue_line212,m02,0,0,9,n/a
jxpath_1f_computeValue__line212_276,deepseek-coder-v2:16b,batch03__JxPath_1__computeValue__jxpath_1f_computeValue_line212,m03,0,0,9,n/a
jxpath_1f_computeValue__line212_276,deepseek-coder-v2:16b,batch03__JxPath_1__computeValue__jxpath_1f_computeValue_line212,m04,0,0,9,n/a
jxpath_1f_computeValue__line212_276,deepseek-coder-v2:16b,batch03__JxPath_1__computeValue__jxpath_1f_computeValue_line212,m05,1,2,9,False
jxpath_1f_computeValue__line212_276,deepseek-coder-v2:16b,batch03__JxPath_1__computeValue__jxpath_1f_computeValue_line212,m06,0,0,9,n/a
jxpath_1f_computeValue__line212_276,deepseek-coder-v2:16b,batch03__JxPath_1__computeValue__jxpath_1f_computeValue_line212,m07,1,1,9,False
jxpath_1f_computeValue__line212_276,deepseek-coder-v2:16b,batch03__JxPath_1__computeValue__jxpath_1f_computeValue_line212,m08,0,0,9,n/a
jxpath_1f_jjMoveStringLiteralDfa1_0__line480_535,deepseek-coder-v2:16b,batch03__JxPath_1__jjMoveStringLiteralDfa1_0__jxpath_1f_jjMoveStringLiteralDfa1_0_line480,m02,1,2,127,False
jxpath_1f_jjMoveStringLiteralDfa1_0__line480_535,deepseek-coder-v2:16b,batch03__JxPath_1__jjMoveStringLiteralDfa1_0__jxpath_1f_jjMoveStringLiteralDfa1_0_line480,m03,1,10,127,False
jxpath_1f_jjMoveStringLiteralDfa1_0__line480_535,deepseek-coder-v2:16b,batch03__JxPath_1__jjMoveStringLiteralDfa1_0__jxpath_1f_jjMoveStringLiteralDfa1_0_line480,m04,1,7,127,False
jxpath_1f_jjMoveStringLiteralDfa1_0__line480_535,deepseek-coder-v2:16b,batch03__JxPath_1__jjMoveStringLiteralDfa1_0__jxpath_1f_jjMoveStringLiteralDfa1_0_line480,m05,1,4,127,False
jxpath_1f_jjMoveStringLiteralDfa1_0__line480_535,deepseek-coder-v2:16b,batch03__JxPath_1__jjMoveStringLiteralDfa1_0__jxpath_1f_jjMoveStringLiteralDfa1_0_line480,m06,1,7,127,False
jxpath_1f_jjMoveStringLiteralDfa1_0__line480_535,deepseek-coder-v2:16b,batch03__JxPath_1__jjMoveStringLiteralDfa1_0__jxpath_1f_jjMoveStringLiteralDfa1_0_line480,m07,1,1,127,False
jxpath_1f_jjMoveStringLiteralDfa1_0__line480_535,deepseek-coder-v2:16b,batch03__JxPath_1__jjMoveStringLiteralDfa1_0__jxpath_1f_jjMoveStringLiteralDfa1_0_line480,m08,0,0,127,n/a
jxpath_1f_jjMoveStringLiteralDfa3_0__line598_658,deepseek-coder-v2:16b,batch03__JxPath_1__jjMoveStringLiteralDfa3_0__jxpath_1f_jjMoveStringLiteralDfa3_0_line598,m01,0,0,88,n/a
jxpath_1f_jjMoveStringLiteralDfa3_0__line598_658,deepseek-coder-v2:16b,batch03__JxPath_1__jjMoveStringLiteralDfa3_0__jxpath_1f_jjMoveStringLiteralDfa3_0_line598,m02,0,0,88,n/a
jxpath_1f_jjMoveStringLiteralDfa3_0__line598_658,deepseek-coder-v2:16b,batch03__JxPath_1__jjMoveStringLiteralDfa3_0__jxpath_1f_jjMoveStringLiteralDfa3_0_line598,m04,0,0,88,n/a
jxpath_1f_jjMoveStringLiteralDfa3_0__line598_658,deepseek-coder-v2:16b,batch03__JxPath_1__jjMoveStringLiteralDfa3_0__jxpath_1f_jjMoveStringLiteralDfa3_0_line598,m06,0,0,88,n/a
jxpath_1f_jjMoveStringLiteralDfa3_0__line598_658,deepseek-coder-v2:16b,batch03__JxPath_1__jjMoveStringLiteralDfa3_0__jxpath_1f_jjMoveStringLiteralDfa3_0_line598,m07,1,5,88,False
jxpath_1f_jjMoveStringLiteralDfa3_0__line598_658,deepseek-coder-v2:16b,batch03__JxPath_1__jjMoveStringLiteralDfa3_0__jxpath_1f_jjMoveStringLiteralDfa3_0_line598,m08,0,0,88,n/a
jxpath_1f_jj_3R_129__line2567_2609,deepseek-coder-v2:16b,batch03__JxPath_1__jj_3R_129__jxpath_1f_jj_3R_129_line2567,m01,1,38,47,False
jxpath_1f_jj_3R_129__line2567_2609,deepseek-coder-v2:16b,batch03__JxPath_1__jj_3R_129__jxpath_1f_jj_3R_129_line2567,m02,1,38,47,False
jxpath_1f_jj_3R_129__line2567_2609,deepseek-coder-v2:16b,batch03__JxPath_1__jj_3R_129__jxpath_1f_jj_3R_129_line2567,m03,0,0,47,n/a
jxpath_1f_jj_3R_129__line2567_2609,deepseek-coder-v2:16b,batch03__JxPath_1__jj_3R_129__jxpath_1f_jj_3R_129_line2567,m04,0,0,47,n/a
jxpath_1f_jj_3R_129__line2567_2609,deepseek-coder-v2:16b,batch03__JxPath_1__jj_3R_129__jxpath_1f_jj_3R_129_line2567,m05,0,0,47,n/a
jxpath_1f_jj_3R_18__line1897_1990,deepseek-coder-v2:16b,batch03__JxPath_1__jj_3R_18__jxpath_1f_jj_3R_18_line1897,m01,1,7,88,False
jxpath_1f_jj_3R_18__line1897_1990,deepseek-coder-v2:16b,batch03__JxPath_1__jj_3R_18__jxpath_1f_jj_3R_18_line1897,m02,0,0,88,n/a
jxpath_1f_jj_3R_18__line1897_1990,deepseek-coder-v2:16b,batch03__JxPath_1__jj_3R_18__jxpath_1f_jj_3R_18_line1897,m03,1,9,88,False
jxpath_1f_jj_3R_18__line1897_1990,deepseek-coder-v2:16b,batch03__JxPath_1__jj_3R_18__jxpath_1f_jj_3R_18_line1897,m05,1,88,88,True
jxpath_1f_jj_3R_18__line1897_1990,deepseek-coder-v2:16b,batch03__JxPath_1__jj_3R_18__jxpath_1f_jj_3R_18_line1897,m07,1,8,88,False
jxpath_6f_canConvert__line51_148,deepseek-coder-v2:16b,batch03__JxPath_6__canConvert__jxpath_6f_canConvert_line51,m01,1,1,20,False
jxpath_6f_canConvert__line51_148,deepseek-coder-v2:16b,batch03__JxPath_6__canConvert__jxpath_6f_canConvert_line51,m02,1,8,20,False
lang_1f_binaryBeMsb0ToHexDigit__line511_582,deepseek-coder-v2:16b,batch03__Lang_1__binaryBeMsb0ToHexDigit__lang_1f_binaryBeMsb0ToHexDigit_line511,m01,1,2,2,True
lang_1f_binaryBeMsb0ToHexDigit__line511_582,deepseek-coder-v2:16b,batch03__Lang_1__binaryBeMsb0ToHexDigit__lang_1f_binaryBeMsb0ToHexDigit_line511,m02,1,2,2,False
lang_1f_binaryBeMsb0ToHexDigit__line511_582,deepseek-coder-v2:16b,batch03__Lang_1__binaryBeMsb0ToHexDigit__lang_1f_binaryBeMsb0ToHexDigit_line511,m03,1,1,2,False
lang_1f_binaryBeMsb0ToHexDigit__line511_582,deepseek-coder-v2:16b,batch03__Lang_1__binaryBeMsb0ToHexDigit__lang_1f_binaryBeMsb0ToHexDigit_line511,m04,1,2,2,False
lang_1f_binaryBeMsb0ToHexDigit__line511_582,deepseek-coder-v2:16b,batch03__Lang_1__binaryBeMsb0ToHexDigit__lang_1f_binaryBeMsb0ToHexDigit_line511,m05,1,2,2,False
lang_1f_binaryBeMsb0ToHexDigit__line511_582,deepseek-coder-v2:16b,batch03__Lang_1__binaryBeMsb0ToHexDigit__lang_1f_binaryBeMsb0ToHexDigit_line511,m06,1,2,2,True
lang_1f_binaryBeMsb0ToHexDigit__line511_582,deepseek-coder-v2:16b,batch03__Lang_1__binaryBeMsb0ToHexDigit__lang_1f_binaryBeMsb0ToHexDigit_line511,m07,1,2,2,False
lang_1f_binaryBeMsb0ToHexDigit__line511_582,deepseek-coder-v2:16b,batch03__Lang_1__binaryBeMsb0ToHexDigit__lang_1f_binaryBeMsb0ToHexDigit_line511,m08,1,2,2,False
lang_1f_binaryToHexDigitMsb0_4bits__line403_474,deepseek-coder-v2:16b,batch03__Lang_1__binaryToHexDigitMsb0_4bits__lang_1f_binaryToHexDigitMsb0_4bits_line403,m01,1,1,2,False
lang_1f_binaryToHexDigitMsb0_4bits__line403_474,deepseek-coder-v2:16b,batch03__Lang_1__binaryToHexDigitMsb0_4bits__lang_1f_binaryToHexDigitMsb0_4bits_line403,m02,1,2,2,False
lang_1f_binaryToHexDigitMsb0_4bits__line403_474,deepseek-coder-v2:16b,batch03__Lang_1__binaryToHexDigitMsb0_4bits__lang_1f_binaryToHexDigitMsb0_4bits_line403,m03,1,2,2,True
lang_1f_binaryToHexDigitMsb0_4bits__line403_474,deepseek-coder-v2:16b,batch03__Lang_1__binaryToHexDigitMsb0_4bits__lang_1f_binaryToHexDigitMsb0_4bits_line403,m04,1,2,2,False
lang_1f_binaryToHexDigitMsb0_4bits__line403_474,deepseek-coder-v2:16b,batch03__Lang_1__binaryToHexDigitMsb0_4bits__lang_1f_binaryToHexDigitMsb0_4bits_line403,m05,1,2,2,False
lang_1f_binaryToHexDigitMsb0_4bits__line403_474,deepseek-coder-v2:16b,batch03__Lang_1__binaryToHexDigitMsb0_4bits__lang_1f_binaryToHexDigitMsb0_4bits_line403,m06,1,2,2,False
lang_1f_binaryToHexDigitMsb0_4bits__line403_474,deepseek-coder-v2:16b,batch03__Lang_1__binaryToHexDigitMsb0_4bits__lang_1f_binaryToHexDigitMsb0_4bits_line403,m07,1,2,2,False
lang_1f_binaryToHexDigitMsb0_4bits__line403_474,deepseek-coder-v2:16b,batch03__Lang_1__binaryToHexDigitMsb0_4bits__lang_1f_binaryToHexDigitMsb0_4bits_line403,m08,1,2,2,False
lang_1f_binaryToHexDigit__line300_365,deepseek-coder-v2:16b,batch03__Lang_1__binaryToHexDigit__lang_1f_binaryToHexDigit_line300,m01,1,2,2,True
lang_1f_binaryToHexDigit__line300_365,deepseek-coder-v2:16b,batch03__Lang_1__binaryToHexDigit__lang_1f_binaryToHexDigit_line300,m02,1,2,2,False
lang_1f_binaryToHexDigit__line300_365,deepseek-coder-v2:16b,batch03__Lang_1__binaryToHexDigit__lang_1f_binaryToHexDigit_line300,m03,1,2,2,False
lang_1f_binaryToHexDigit__line300_365,deepseek-coder-v2:16b,batch03__Lang_1__binaryToHexDigit__lang_1f_binaryToHexDigit_line300,m04,1,1,2,False
lang_1f_binaryToHexDigit__line300_365,deepseek-coder-v2:16b,batch03__Lang_1__binaryToHexDigit__lang_1f_binaryToHexDigit_line300,m07,1,2,2,False
lang_1f_binaryToHexDigit__line300_365,deepseek-coder-v2:16b,batch03__Lang_1__binaryToHexDigit__lang_1f_binaryToHexDigit_line300,m08,1,2,2,False
lang_36f_append__line367_409,deepseek-coder-v2:16b,batch03__Lang_36__append__lang_36f_append_line367,m01,1,6,45,False
lang_36f_append__line367_409,deepseek-coder-v2:16b,batch03__Lang_36__append__lang_36f_append_line367,m02,1,34,45,False
lang_36f_append__line367_409,deepseek-coder-v2:16b,batch03__Lang_36__append__lang_36f_append_line367,m04,1,23,45,False
lang_37f_append__line441_491,deepseek-coder-v2:16b,batch03__Lang_37__append__lang_37f_append_line441,m01,1,3,29,False
lang_37f_append__line441_491,deepseek-coder-v2:16b,batch03__Lang_37__append__lang_37f_append_line441,m02,1,22,29,False
lang_37f_append__line441_491,deepseek-coder-v2:16b,batch03__Lang_37__append__lang_37f_append_line441,m03,1,1,29,False
lang_37f_append__line441_491,deepseek-coder-v2:16b,batch03__Lang_37__append__lang_37f_append_line441,m04,1,4,29,False
lang_37f_append__line441_491,deepseek-coder-v2:16b,batch03__Lang_37__append__lang_37f_append_line441,m05,1,3,29,False
lang_37f_append__line441_491,deepseek-coder-v2:16b,batch03__Lang_37__append__lang_37f_append_line441,m07,0,0,29,n/a
lang_37f_append__line441_491,deepseek-coder-v2:16b,batch03__Lang_37__append__lang_37f_append_line441,m08,1,3,29,False
lang_40f_random__line225_284,deepseek-coder-v2:16b,batch03__Lang_40__random__lang_40f_random_line225,m01,0,0,3,n/a
lang_40f_random__line225_284,deepseek-coder-v2:16b,batch03__Lang_40__random__lang_40f_random_line225,m05,1,1,3,False
lang_5f_isNumber__line1310_1410,deepseek-coder-v2:16b,batch03__Lang_5__isNumber__lang_5f_isNumber_line1310,m01,0,0,1,n/a
lang_5f_isNumber__line1310_1410,deepseek-coder-v2:16b,batch03__Lang_5__isNumber__lang_5f_isNumber_line1310,m03,0,0,1,n/a
lang_5f_isNumber__line1310_1410,deepseek-coder-v2:16b,batch03__Lang_5__isNumber__lang_5f_isNumber_line1310,m04,1,1,1,True
lang_5f_isNumber__line1310_1410,deepseek-coder-v2:16b,batch03__Lang_5__isNumber__lang_5f_isNumber_line1310,m07,1,1,1,False
lang_5f_isNumber__line1310_1410,deepseek-coder-v2:16b,batch03__Lang_5__isNumber__lang_5f_isNumber_line1310,m08,1,1,1,False
lang_60f_format__line373_426,deepseek-coder-v2:16b,batch03__Lang_60__format__lang_60f_format_line373,m05,1,5,11,False
lang_64f_append__line403_452,deepseek-coder-v2:16b,batch03__Lang_64__append__lang_64f_append_line403,m01,1,29,29,False
lang_64f_append__line403_452,deepseek-coder-v2:16b,batch03__Lang_64__append__lang_64f_append_line403,m02,1,3,29,False
lang_64f_append__line403_452,deepseek-coder-v2:16b,batch03__Lang_64__append__lang_64f_append_line403,m03,1,22,29,False
lang_64f_append__line403_452,deepseek-coder-v2:16b,batch03__Lang_64__append__lang_64f_append_line403,m04,1,3,29,False
lang_64f_append__line403_452,deepseek-coder-v2:16b,batch03__Lang_64__append__lang_64f_append_line403,m05,1,4,29,False
lang_64f_append__line403_452,deepseek-coder-v2:16b,batch03__Lang_64__append__lang_64f_append_line403,m06,1,1,29,False
lang_64f_append__line403_452,deepseek-coder-v2:16b,batch03__Lang_64__append__lang_64f_append_line403,m08,1,3,29,False
math_15f_insertEdges__line232_320,deepseek-coder-v2:16b,batch03__Math_15__insertEdges__math_15f_insertEdges_line232,m01,1,3,3,True
math_15f_insertEdges__line232_320,deepseek-coder-v2:16b,batch03__Math_15__insertEdges__math_15f_insertEdges_line232,m04,1,2,3,False
math_15f_insertEdges__line232_320,deepseek-coder-v2:16b,batch03__Math_15__insertEdges__math_15f_insertEdges_line232,m06,1,1,3,False
math_15f_insertEdges__line232_320,deepseek-coder-v2:16b,batch03__Math_15__insertEdges__math_15f_insertEdges_line232,m07,1,2,3,False
math_23f_copy__line668_739,deepseek-coder-v2:16b,batch03__Math_23__copy__math_23f_copy_line668,m01,0,0,3,n/a
math_23f_copy__line668_739,deepseek-coder-v2:16b,batch03__Math_23__copy__math_23f_copy_line668,m02,1,1,3,False
math_23f_copy__line668_739,deepseek-coder-v2:16b,batch03__Math_23__copy__math_23f_copy_line668,m03,1,2,3,False
math_36f_compareTo__line247_287,deepseek-coder-v2:16b,batch03__Math_36__compareTo__math_36f_compareTo_line247,m02,0,0,18,n/a
math_36f_compareTo__line247_287,deepseek-coder-v2:16b,batch03__Math_36__compareTo__math_36f_compareTo_line247,m03,0,0,18,n/a
math_36f_compareTo__line247_287,deepseek-coder-v2:16b,batch03__Math_36__compareTo__math_36f_compareTo_line247,m04,0,0,18,n/a
math_36f_compareTo__line247_287,deepseek-coder-v2:16b,batch03__Math_36__compareTo__math_36f_compareTo_line247,m05,0,0,18,n/a
math_36f_compareTo__line247_287,deepseek-coder-v2:16b,batch03__Math_36__compareTo__math_36f_compareTo_line247,m07,1,18,18,False
math_36f_compareTo__line247_287,deepseek-coder-v2:16b,batch03__Math_36__compareTo__math_36f_compareTo_line247,m08,0,0,18,n/a
math_36f_recurseSides__line436_510,deepseek-coder-v2:16b,batch03__Math_36__recurseSides__math_36f_recurseSides_line436,m01,0,0,22,n/a
math_36f_recurseSides__line436_510,deepseek-coder-v2:16b,batch03__Math_36__recurseSides__math_36f_recurseSides_line436,m02,0,0,22,n/a
math_36f_recurseSides__line436_510,deepseek-coder-v2:16b,batch03__Math_36__recurseSides__math_36f_recurseSides_line436,m03,0,0,22,n/a
math_36f_recurseSides__line436_510,deepseek-coder-v2:16b,batch03__Math_36__recurseSides__math_36f_recurseSides_line436,m04,1,5,22,False
math_36f_recurseSides__line436_510,deepseek-coder-v2:16b,batch03__Math_36__recurseSides__math_36f_recurseSides_line436,m06,0,0,22,n/a
math_36f_recurseSides__line436_510,deepseek-coder-v2:16b,batch03__Math_36__recurseSides__math_36f_recurseSides_line436,m07,1,1,22,False
math_36f_recurseSides__line436_510,deepseek-coder-v2:16b,batch03__Math_36__recurseSides__math_36f_recurseSides_line436,m08,0,0,22,n/a
math_43f_regress__line759_823,deepseek-coder-v2:16b,batch03__Math_43__regress__math_43f_regress_line759,m03,0,0,1,n/a
math_43f_regress__line759_823,deepseek-coder-v2:16b,batch03__Math_43__regress__math_43f_regress_line759,m04,0,0,1,n/a
math_43f_regress__line759_823,deepseek-coder-v2:16b,batch03__Math_43__regress__math_43f_regress_line759,m05,0,0,1,n/a
math_43f_regress__line759_823,deepseek-coder-v2:16b,batch03__Math_43__regress__math_43f_regress_line759,m06,0,0,1,n/a
math_43f_regress__line759_823,deepseek-coder-v2:16b,batch03__Math_43__regress__math_43f_regress_line759,m07,0,0,1,n/a
math_43f_regress__line759_823,deepseek-coder-v2:16b,batch03__Math_43__regress__math_43f_regress_line759,m08,1,1,1,True
math_45f_scalb__line3036_3112,deepseek-coder-v2:16b,batch03__Math_45__scalb__math_45f_scalb_line3036,m01,1,1,42,False
math_45f_scalb__line3036_3112,deepseek-coder-v2:16b,batch03__Math_45__scalb__math_45f_scalb_line3036,m02,0,0,42,n/a
math_45f_scalb__line3036_3112,deepseek-coder-v2:16b,batch03__Math_45__scalb__math_45f_scalb_line3036,m03,1,1,42,False
math_45f_scalb__line3036_3112,deepseek-coder-v2:16b,batch03__Math_45__scalb__math_45f_scalb_line3036,m04,0,0,42,n/a
math_45f_scalb__line3036_3112,deepseek-coder-v2:16b,batch03__Math_45__scalb__math_45f_scalb_line3036,m05,0,0,42,n/a
math_45f_scalb__line3036_3112,deepseek-coder-v2:16b,batch03__Math_45__scalb__math_45f_scalb_line3036,m06,1,1,42,False
math_45f_scalb__line3036_3112,deepseek-coder-v2:16b,batch03__Math_45__scalb__math_45f_scalb_line3036,m08,0,0,42,n/a
math_55f_round__line1330_1403,deepseek-coder-v2:16b,batch03__Math_55__round__math_55f_round_line1330,m01,0,0,62,n/a
math_55f_round__line1330_1403,deepseek-coder-v2:16b,batch03__Math_55__round__math_55f_round_line1330,m02,0,0,62,n/a
math_55f_round__line1330_1403,deepseek-coder-v2:16b,batch03__Math_55__round__math_55f_round_line1330,m03,0,0,62,n/a
math_55f_round__line1330_1403,deepseek-coder-v2:16b,batch03__Math_55__round__math_55f_round_line1330,m04,0,0,62,n/a
math_55f_round__line1330_1403,deepseek-coder-v2:16b,batch03__Math_55__round__math_55f_round_line1330,m05,0,0,62,n/a
math_55f_round__line1330_1403,deepseek-coder-v2:16b,batch03__Math_55__round__math_55f_round_line1330,m06,0,0,62,n/a
math_55f_round__line1330_1403,deepseek-coder-v2:16b,batch03__Math_55__round__math_55f_round_line1330,m07,0,0,62,n/a
math_55f_round__line1330_1403,deepseek-coder-v2:16b,batch03__Math_55__round__math_55f_round_line1330,m08,1,14,62,False
math_79f_evaluateStep__line166_260,deepseek-coder-v2:16b,batch03__Math_79__evaluateStep__math_79f_evaluateStep_line166,m01,0,0,87,n/a
math_79f_evaluateStep__line166_260,deepseek-coder-v2:16b,batch03__Math_79__evaluateStep__math_79f_evaluateStep_line166,m03,0,0,87,n/a
math_82f_roundUnscaled__line1074_1154,deepseek-coder-v2:16b,batch03__Math_82__roundUnscaled__math_82f_roundUnscaled_line1074,m01,1,1,1,False
math_82f_roundUnscaled__line1074_1154,deepseek-coder-v2:16b,batch03__Math_82__roundUnscaled__math_82f_roundUnscaled_line1074,m02,1,1,1,False
math_82f_roundUnscaled__line1074_1154,deepseek-coder-v2:16b,batch03__Math_82__roundUnscaled__math_82f_roundUnscaled_line1074,m04,1,1,1,False
math_82f_roundUnscaled__line1074_1154,deepseek-coder-v2:16b,batch03__Math_82__roundUnscaled__math_82f_roundUnscaled_line1074,m06,1,1,1,False
math_82f_roundUnscaled__line1074_1154,deepseek-coder-v2:16b,batch03__Math_82__roundUnscaled__math_82f_roundUnscaled_line1074,m07,1,1,1,True
math_82f_roundUnscaled__line1074_1154,deepseek-coder-v2:16b,batch03__Math_82__roundUnscaled__math_82f_roundUnscaled_line1074,m08,1,1,1,False
math_85f_dqd__line1318_1411,deepseek-coder-v2:16b,batch03__Math_85__dqd__math_85f_dqd_line1318,m01,0,0,15,n/a
math_85f_dqd__line1318_1411,deepseek-coder-v2:16b,batch03__Math_85__dqd__math_85f_dqd_line1318,m03,0,0,15,n/a
math_85f_dqd__line1318_1411,deepseek-coder-v2:16b,batch03__Math_85__dqd__math_85f_dqd_line1318,m05,0,0,15,n/a
math_85f_dqd__line1318_1411,deepseek-coder-v2:16b,batch03__Math_85__dqd__math_85f_dqd_line1318,m07,1,2,15,False
math_85f_dqd__line1318_1411,deepseek-coder-v2:16b,batch03__Math_85__dqd__math_85f_dqd_line1318,m08,0,0,15,n/a
math_92f_localMin__line103_201,deepseek-coder-v2:16b,batch03__Math_92__localMin__math_92f_localMin_line103,m02,0,0,3,n/a
math_92f_localMin__line103_201,deepseek-coder-v2:16b,batch03__Math_92__localMin__math_92f_localMin_line103,m03,1,1,3,False
math_92f_localMin__line103_201,deepseek-coder-v2:16b,batch03__Math_92__localMin__math_92f_localMin_line103,m04,1,3,3,False
math_92f_localMin__line103_201,deepseek-coder-v2:16b,batch03__Math_92__localMin__math_92f_localMin_line103,m05,0,0,3,n/a
math_92f_localMin__line103_201,deepseek-coder-v2:16b,batch03__Math_92__localMin__math_92f_localMin_line103,m06,1,2,3,False
math_92f_localMin__line103_201,deepseek-coder-v2:16b,batch03__Math_92__localMin__math_92f_localMin_line103,m07,0,0,3,n/a
mockito_1f_appendConstant__line136_221,deepseek-coder-v2:16b,batch03__Mockito_1__appendConstant__mockito_1f_appendConstant_line136,m01,0,0,1,n/a
mockito_1f_append__line332_378,deepseek-coder-v2:16b,batch03__Mockito_1__append__mockito_1f_append_line332,m01,1,24,36,False
mockito_1f_append__line332_378,deepseek-coder-v2:16b,batch03__Mockito_1__append__mockito_1f_append_line332,m02,1,15,36,False
mockito_1f_append__line332_378,deepseek-coder-v2:16b,batch03__Mockito_1__append__mockito_1f_append_line332,m03,1,1,36,False
mockito_1f_binaryOperation__line224_294,deepseek-coder-v2:16b,batch03__Mockito_1__binaryOperation__mockito_1f_binaryOperation_line224,m01,0,0,1,n/a
mockito_1f_binaryOperation__line224_294,deepseek-coder-v2:16b,batch03__Mockito_1__binaryOperation__mockito_1f_binaryOperation_line224,m02,0,0,1,n/a
mockito_1f_binaryOperation__line224_294,deepseek-coder-v2:16b,batch03__Mockito_1__binaryOperation__mockito_1f_binaryOperation_line224,m03,0,0,1,n/a
mockito_1f_binaryOperation__line224_294,deepseek-coder-v2:16b,batch03__Mockito_1__binaryOperation__mockito_1f_binaryOperation_line224,m04,0,0,1,n/a
mockito_1f_binaryOperation__line224_294,deepseek-coder-v2:16b,batch03__Mockito_1__binaryOperation__mockito_1f_binaryOperation_line224,m05,0,0,1,n/a
mockito_1f_binaryOperation__line224_294,deepseek-coder-v2:16b,batch03__Mockito_1__binaryOperation__mockito_1f_binaryOperation_line224,m06,0,0,1,n/a
mockito_1f_binaryOperation__line224_294,deepseek-coder-v2:16b,batch03__Mockito_1__binaryOperation__mockito_1f_binaryOperation_line224,m07,0,0,1,n/a
mockito_1f_cast_numeric__line252_297,deepseek-coder-v2:16b,batch03__Mockito_1__cast_numeric__mockito_1f_cast_numeric_line252,m01,0,0,1,n/a
mockito_1f_cast_numeric__line252_297,deepseek-coder-v2:16b,batch03__Mockito_1__cast_numeric__mockito_1f_cast_numeric_line252,m03,0,0,1,n/a
mockito_1f_cast_numeric__line252_297,deepseek-coder-v2:16b,batch03__Mockito_1__cast_numeric__mockito_1f_cast_numeric_line252,m05,0,0,1,n/a
mockito_1f_cast_numeric__line252_297,deepseek-coder-v2:16b,batch03__Mockito_1__cast_numeric__mockito_1f_cast_numeric_line252,m06,0,0,1,n/a
mockito_1f_cast_numeric__line252_297,deepseek-coder-v2:16b,batch03__Mockito_1__cast_numeric__mockito_1f_cast_numeric_line252,m08,0,0,1,n/a
mockito_1f_merge__line1340_1401,deepseek-coder-v2:16b,batch03__Mockito_1__merge__mockito_1f_merge_line1340,m01,0,0,1,n/a
mockito_1f_merge__line1340_1401,deepseek-coder-v2:16b,batch03__Mockito_1__merge__mockito_1f_merge_line1340,m02,0,0,1,n/a
mockito_1f_merge__line1340_1401,deepseek-coder-v2:16b,batch03__Mockito_1__merge__mockito_1f_merge_line1340,m03,0,0,1,n/a
mockito_1f_merge__line1340_1401,deepseek-coder-v2:16b,batch03__Mockito_1__merge__mockito_1f_merge_line1340,m04,0,0,1,n/a
mockito_1f_merge__line1340_1401,deepseek-coder-v2:16b,batch03__Mockito_1__merge__mockito_1f_merge_line1340,m05,0,0,1,n/a
mockito_1f_merge__line1340_1401,deepseek-coder-v2:16b,batch03__Mockito_1__merge__mockito_1f_merge_line1340,m07,0,0,1,n/a
mockito_1f_merge__line1340_1401,deepseek-coder-v2:16b,batch03__Mockito_1__merge__mockito_1f_merge_line1340,m08,0,0,1,n/a
mockito_1f_newOperation__line79_128,deepseek-coder-v2:16b,batch03__Mockito_1__newOperation__mockito_1f_newOperation_line79,m01,0,0,1,n/a
mockito_1f_newOperation__line79_128,deepseek-coder-v2:16b,batch03__Mockito_1__newOperation__mockito_1f_newOperation_line79,m02,0,0,1,n/a
mockito_1f_newOperation__line79_128,deepseek-coder-v2:16b,batch03__Mockito_1__newOperation__mockito_1f_newOperation_line79,m03,0,0,1,n/a
mockito_1f_newOperation__line79_128,deepseek-coder-v2:16b,batch03__Mockito_1__newOperation__mockito_1f_newOperation_line79,m04,0,0,1,n/a
mockito_1f_newOperation__line79_128,deepseek-coder-v2:16b,batch03__Mockito_1__newOperation__mockito_1f_newOperation_line79,m05,0,0,1,n/a
mockito_1f_newOperation__line79_128,deepseek-coder-v2:16b,batch03__Mockito_1__newOperation__mockito_1f_newOperation_line79,m06,0,0,1,n/a
mockito_1f_newOperation__line79_128,deepseek-coder-v2:16b,batch03__Mockito_1__newOperation__mockito_1f_newOperation_line79,m07,0,0,1,n/a
mockito_1f_parseType__line140_228,deepseek-coder-v2:16b,batch03__Mockito_1__parseType__mockito_1f_parseType_line140,m01,0,0,1,n/a
mockito_1f_parseType__line140_228,deepseek-coder-v2:16b,batch03__Mockito_1__parseType__mockito_1f_parseType_line140,m02,0,0,1,n/a
mockito_1f_parseType__line140_228,deepseek-coder-v2:16b,batch03__Mockito_1__parseType__mockito_1f_parseType_line140,m03,0,0,1,n/a
mockito_1f_parseType__line140_228,deepseek-coder-v2:16b,batch03__Mockito_1__parseType__mockito_1f_parseType_line140,m04,0,0,1,n/a
mockito_1f_parseType__line140_228,deepseek-coder-v2:16b,batch03__Mockito_1__parseType__mockito_1f_parseType_line140,m05,0,0,1,n/a
mockito_1f_parseType__line140_228,deepseek-coder-v2:16b,batch03__Mockito_1__parseType__mockito_1f_parseType_line140,m06,0,0,1,n/a
mockito_1f_parseType__line140_228,deepseek-coder-v2:16b,batch03__Mockito_1__parseType__mockito_1f_parseType_line140,m08,0,0,1,n/a
mockito_1f_unaryOperation__line136_222,deepseek-coder-v2:16b,batch03__Mockito_1__unaryOperation__mockito_1f_unaryOperation_line136,m01,0,0,1,n/a
mockito_1f_unaryOperation__line136_222,deepseek-coder-v2:16b,batch03__Mockito_1__unaryOperation__mockito_1f_unaryOperation_line136,m02,0,0,1,n/a
mockito_1f_unaryOperation__line136_222,deepseek-coder-v2:16b,batch03__Mockito_1__unaryOperation__mockito_1f_unaryOperation_line136,m03,0,0,1,n/a
mockito_1f_unaryOperation__line136_222,deepseek-coder-v2:16b,batch03__Mockito_1__unaryOperation__mockito_1f_unaryOperation_line136,m04,0,0,1,n/a
mockito_1f_unaryOperation__line136_222,deepseek-coder-v2:16b,batch03__Mockito_1__unaryOperation__mockito_1f_unaryOperation_line136,m05,0,0,1,n/a
mockito_1f_unaryOperation__line136_222,deepseek-coder-v2:16b,batch03__Mockito_1__unaryOperation__mockito_1f_unaryOperation_line136,m07,0,0,1,n/a
mockito_1f_unaryOperation__line136_222,deepseek-coder-v2:16b,batch03__Mockito_1__unaryOperation__mockito_1f_unaryOperation_line136,m08,0,0,1,n/a
mockito_1f_visitJumpInsn__line856_945,deepseek-coder-v2:16b,batch03__Mockito_1__visitJumpInsn__mockito_1f_visitJumpInsn_line856,m02,0,0,1,n/a
mockito_1f_visitJumpInsn__line856_945,deepseek-coder-v2:16b,batch03__Mockito_1__visitJumpInsn__mockito_1f_visitJumpInsn_line856,m03,0,0,1,n/a
mockito_1f_visit__line64_151,deepseek-coder-v2:16b,batch03__Mockito_1__visit__mockito_1f_visit_line64,m01,0,0,1,n/a
mockito_1f_visit__line64_151,deepseek-coder-v2:16b,batch03__Mockito_1__visit__mockito_1f_visit_line64,m02,0,0,1,n/a
mockito_1f_visit__line64_151,deepseek-coder-v2:16b,batch03__Mockito_1__visit__mockito_1f_visit_line64,m03,0,0,1,n/a
mockito_1f_visit__line64_151,deepseek-coder-v2:16b,batch03__Mockito_1__visit__mockito_1f_visit_line64,m08,0,0,1,n/a
mockito_25f_returnValueFor__line70_108,deepseek-coder-v2:16b,batch03__Mockito_25__returnValueFor__mockito_25f_returnValueFor_line70,m01,1,5,540,False
mockito_25f_returnValueFor__line70_108,deepseek-coder-v2:16b,batch03__Mockito_25__returnValueFor__mockito_25f_returnValueFor_line70,m02,0,0,540,n/a
mockito_25f_returnValueFor__line70_108,deepseek-coder-v2:16b,batch03__Mockito_25__returnValueFor__mockito_25f_returnValueFor_line70,m03,1,2,540,False
mockito_25f_returnValueFor__line70_108,deepseek-coder-v2:16b,batch03__Mockito_25__returnValueFor__mockito_25f_returnValueFor_line70,m04,1,1,540,False
mockito_25f_returnValueFor__line70_108,deepseek-coder-v2:16b,batch03__Mockito_25__returnValueFor__mockito_25f_returnValueFor_line70,m05,1,1,540,False
mockito_25f_returnValueFor__line70_108,deepseek-coder-v2:16b,batch03__Mockito_25__returnValueFor__mockito_25f_returnValueFor_line70,m06,0,0,540,n/a
mockito_25f_returnValueFor__line70_108,deepseek-coder-v2:16b,batch03__Mockito_25__returnValueFor__mockito_25f_returnValueFor_line70,m07,1,2,540,False
mockito_25f_returnValueFor__line70_108,deepseek-coder-v2:16b,batch03__Mockito_25__returnValueFor__mockito_25f_returnValueFor_line70,m08,1,1,540,False
mockito_38f_matches__line18_42,deepseek-coder-v2:16b,batch03__Mockito_38__matches__mockito_38f_matches_line18,m01,0,0,4,n/a
time_1f_selectSlow__line242_316,deepseek-coder-v2:16b,batch03__Time_1__selectSlow__time_1f_selectSlow_line242,m01,1,240,416,False
time_1f_selectSlow__line242_316,deepseek-coder-v2:16b,batch03__Time_1__selectSlow__time_1f_selectSlow_line242,m02,1,160,416,False
time_1f_selectSlow__line242_316,deepseek-coder-v2:16b,batch03__Time_1__selectSlow__time_1f_selectSlow_line242,m03,0,0,416,n/a
time_1f_selectSlow__line242_316,deepseek-coder-v2:16b,batch03__Time_1__selectSlow__time_1f_selectSlow_line242,m04,1,2,416,False
time_1f_selectSlow__line242_316,deepseek-coder-v2:16b,batch03__Time_1__selectSlow__time_1f_selectSlow_line242,m06,1,4,416,False
time_22f_compile__line366_453,deepseek-coder-v2:16b,batch03__Time_22__compile__time_22f_compile_line366,m01,1,1,1,True
time_22f_compile__line366_453,deepseek-coder-v2:16b,batch03__Time_22__compile__time_22f_compile_line366,m02,0,0,1,n/a
time_22f_compile__line366_453,deepseek-coder-v2:16b,batch03__Time_22__compile__time_22f_compile_line366,m04,0,0,1,n/a
time_22f_compile__line366_453,deepseek-coder-v2:16b,batch03__Time_22__compile__time_22f_compile_line366,m08,1,1,1,True
time_22f_isNumericToken__line632_664,deepseek-coder-v2:16b,batch03__Time_22__isNumericToken__time_22f_isNumericToken_line632,m01,0,0,66,n/a
time_22f_isNumericToken__line632_664,deepseek-coder-v2:16b,batch03__Time_22__isNumericToken__time_22f_isNumericToken_line632,m04,0,0,66,n/a
time_22f_isNumericToken__line632_664,deepseek-coder-v2:16b,batch03__Time_22__isNumericToken__time_22f_isNumericToken_line632,m06,0,0,66,n/a
time_22f_isNumericToken__line632_664,deepseek-coder-v2:16b,batch03__Time_22__isNumericToken__time_22f_isNumericToken_line632,m07,0,0,66,n/a
time_6f_time__line384_446,deepseek-coder-v2:16b,batch03__Time_6__time__time_6f_time_line384,m01,1,23,86,False
time_6f_time__line384_446,deepseek-coder-v2:16b,batch03__Time_6__time__time_6f_time_line384,m02,1,4,86,False
time_6f_time__line384_446,deepseek-coder-v2:16b,batch03__Time_6__time__time_6f_time_line384,m03,1,1,86,False
time_6f_time__line384_446,deepseek-coder-v2:16b,batch03__Time_6__time__time_6f_time_line384,m04,1,6,86,False
time_6f_time__line384_446,deepseek-coder-v2:16b,batch03__Time_6__time__time_6f_time_line384,m05,1,6,86,False
time_6f_time__line384_446,deepseek-coder-v2:16b,batch03__Time_6__time__time_6f_time_line384,m07,1,8,86,False
time_6f_time__line384_446,deepseek-coder-v2:16b,batch03__Time_6__time__time_6f_time_line384,m08,1,4,86,False
chart_1f_clipLine__line62_141,llama3.1:8b,batch04__Chart_1__clipLine__chart_1f_clipLine_line62,m01,0,0,3,n/a
chart_1f_clipLine__line62_141,llama3.1:8b,batch04__Chart_1__clipLine__chart_1f_clipLine_line62,m02,1,1,3,False
chart_1f_clipLine__line62_141,llama3.1:8b,batch04__Chart_1__clipLine__chart_1f_clipLine_line62,m03,1,1,3,False
chart_1f_clipLine__line62_141,llama3.1:8b,batch04__Chart_1__clipLine__chart_1f_clipLine_line62,m04,0,0,3,n/a
chart_1f_clipLine__line62_141,llama3.1:8b,batch04__Chart_1__clipLine__chart_1f_clipLine_line62,m05,1,1,3,False
chart_1f_clipLine__line62_141,llama3.1:8b,batch04__Chart_1__clipLine__chart_1f_clipLine_line62,m06,1,1,3,False
chart_1f_clipLine__line62_141,llama3.1:8b,batch04__Chart_1__clipLine__chart_1f_clipLine_line62,m07,0,0,3,n/a
chart_1f_clipLine__line62_141,llama3.1:8b,batch04__Chart_1__clipLine__chart_1f_clipLine_line62,m08,1,1,3,False
chart_1f_readResolve__line213_291,llama3.1:8b,batch04__Chart_1__readResolve__chart_1f_readResolve_line213,m01,0,0,69,n/a
chart_1f_readResolve__line213_291,llama3.1:8b,batch04__Chart_1__readResolve__chart_1f_readResolve_line213,m02,1,3,69,False
chart_1f_readResolve__line213_291,llama3.1:8b,batch04__Chart_1__readResolve__chart_1f_readResolve_line213,m03,1,3,69,False
chart_1f_readResolve__line213_291,llama3.1:8b,batch04__Chart_1__readResolve__chart_1f_readResolve_line213,m05,1,63,69,False
chart_1f_readResolve__line213_291,llama3.1:8b,batch04__Chart_1__readResolve__chart_1f_readResolve_line213,m06,0,0,69,n/a
chart_1f_readResolve__line213_291,llama3.1:8b,batch04__Chart_1__readResolve__chart_1f_readResolve_line213,m07,1,3,69,False
chart_20f_addSWTListener__line1460_1488,llama3.1:8b,batch04__Chart_20__addSWTListener__chart_20f_addSWTListener_line1460,m01,0,0,1,n/a
chart_20f_addSWTListener__line1460_1488,llama3.1:8b,batch04__Chart_20__addSWTListener__chart_20f_addSWTListener_line1460,m02,0,0,1,n/a
chart_20f_addSWTListener__line1460_1488,llama3.1:8b,batch04__Chart_20__addSWTListener__chart_20f_addSWTListener_line1460,m03,0,0,1,n/a
chart_20f_addSWTListener__line1460_1488,llama3.1:8b,batch04__Chart_20__addSWTListener__chart_20f_addSWTListener_line1460,m05,0,0,1,n/a
chart_20f_addSWTListener__line1460_1488,llama3.1:8b,batch04__Chart_20__addSWTListener__chart_20f_addSWTListener_line1460,m06,0,0,1,n/a
chart_20f_addSWTListener__line1460_1488,llama3.1:8b,batch04__Chart_20__addSWTListener__chart_20f_addSWTListener_line1460,m08,0,0,1,n/a
chart_20f_widgetSelected__line1386_1433,llama3.1:8b,batch04__Chart_20__widgetSelected__chart_20f_widgetSelected_line1386,m01,0,0,1,n/a
chart_20f_widgetSelected__line1386_1433,llama3.1:8b,batch04__Chart_20__widgetSelected__chart_20f_widgetSelected_line1386,m02,0,0,1,n/a
chart_20f_widgetSelected__line1386_1433,llama3.1:8b,batch04__Chart_20__widgetSelected__chart_20f_widgetSelected_line1386,m05,0,0,1,n/a
chart_20f_widgetSelected__line1386_1433,llama3.1:8b,batch04__Chart_20__widgetSelected__chart_20f_widgetSelected_line1386,m06,0,0,1,n/a
chart_20f_widgetSelected__line1386_1433,llama3.1:8b,batch04__Chart_20__widgetSelected__chart_20f_widgetSelected_line1386,m07,0,0,1,n/a
chart_20f_widgetSelected__line1386_1433,llama3.1:8b,batch04__Chart_20__widgetSelected__chart_20f_widgetSelected_line1386,m08,0,0,1,n/a
chart_26f_drawAxisLine__line517_606,llama3.1:8b,batch04__Chart_26__drawAxisLine__chart_26f_drawAxisLine_line517,m01,0,0,42,n/a
chart_26f_drawAxisLine__line517_606,llama3.1:8b,batch04__Chart_26__drawAxisLine__chart_26f_drawAxisLine_line517,m02,0,0,42,n/a
chart_26f_drawAxisLine__line517_606,llama3.1:8b,batch04__Chart_26__drawAxisLine__chart_26f_drawAxisLine_line517,m08,0,0,42,n/a
chart_4f_deriveRotationAnchorOffsets__line686_768,llama3.1:8b,batch04__Chart_4__deriveRotationAnchorOffsets__chart_4f_deriveRotationAnchorOffsets_line686,m01,1,65,65,False
chart_4f_deriveRotationAnchorOffsets__line686_768,llama3.1:8b,batch04__Chart_4__deriveRotationAnchorOffsets__chart_4f_deriveRotationAnchorOffsets_line686,m02,1,65,65,False
chart_4f_deriveRotationAnchorOffsets__line686_768,llama3.1:8b,batch04__Chart_4__deriveRotationAnchorOffsets__chart_4f_deriveRotationAnchorOffsets_line686,m04,0,0,65,n/a
chart_4f_deriveRotationAnchorOffsets__line686_768,llama3.1:8b,batch04__Chart_4__deriveRotationAnchorOffsets__chart_4f_deriveRotationAnchorOffsets_line686,m05,0,0,65,n/a
chart_4f_deriveRotationAnchorOffsets__line686_768,llama3.1:8b,batch04__Chart_4__deriveRotationAnchorOffsets__chart_4f_deriveRotationAnchorOffsets_line686,m06,0,0,65,n/a
chart_4f_deriveRotationAnchorOffsets__line686_768,llama3.1:8b,batch04__Chart_4__deriveRotationAnchorOffsets__chart_4f_deriveRotationAnchorOffsets_line686,m07,0,0,65,n/a
chart_4f_deriveTextBoundsAnchorOffsets__line599_673,llama3.1:8b,batch04__Chart_4__deriveTextBoundsAnchorOffsets__chart_4f_deriveTextBoundsAnchorOffsets_line599,m03,0,0,70,n/a
chart_4f_deriveTextBoundsAnchorOffsets__line599_673,llama3.1:8b,batch04__Chart_4__deriveTextBoundsAnchorOffsets__chart_4f_deriveTextBoundsAnchorOffsets_line599,m04,0,0,70,n/a
chart_4f_deriveTextBoundsAnchorOffsets__line599_673,llama3.1:8b,batch04__Chart_4__deriveTextBoundsAnchorOffsets__chart_4f_deriveTextBoundsAnchorOffsets_line599,m05,0,0,70,n/a
chart_4f_deriveTextBoundsAnchorOffsets__line599_673,llama3.1:8b,batch04__Chart_4__deriveTextBoundsAnchorOffsets__chart_4f_deriveTextBoundsAnchorOffsets_line599,m07,1,70,70,False
chart_4f_deriveTextBoundsAnchorOffsets__line599_673,llama3.1:8b,batch04__Chart_4__deriveTextBoundsAnchorOffsets__chart_4f_deriveTextBoundsAnchorOffsets_line599,m08,0,0,70,n/a
chart_6f_equals__line1488_1582,llama3.1:8b,batch04__Chart_6__equals__chart_6f_equals_line1488,m01,0,0,3,n/a
chart_6f_equals__line1488_1582,llama3.1:8b,batch04__Chart_6__equals__chart_6f_equals_line1488,m06,1,3,3,False
chart_6f_equals__line1488_1582,llama3.1:8b,batch04__Chart_6__equals__chart_6f_equals_line1488,m08,1,3,3,False
cli_1f_findWrapPos__line789_833,llama3.1:8b,batch04__Cli_1__findWrapPos__cli_1f_findWrapPos_line789,m02,1,7,7,False
cli_1f_findWrapPos__line789_833,llama3.1:8b,batch04__Cli_1__findWrapPos__cli_1f_findWrapPos_line789,m03,1,1,7,False
cli_1f_findWrapPos__line789_833,llama3.1:8b,batch04__Cli_1__findWrapPos__cli_1f_findWrapPos_line789,m05,0,0,7,n/a
cli_1f_findWrapPos__line789_833,llama3.1:8b,batch04__Cli_1__findWrapPos__cli_1f_findWrapPos_line789,m07,0,0,7,n/a
cli_1f_parse__line129_220,llama3.1:8b,batch04__Cli_1__parse__cli_1f_parse_line129,m01,1,66,74,False
cli_1f_parse__line129_220,llama3.1:8b,batch04__Cli_1__parse__cli_1f_parse_line129,m02,1,5,74,False
cli_1f_parse__line129_220,llama3.1:8b,batch04__Cli_1__parse__cli_1f_parse_line129,m03,0,0,74,n/a
cli_1f_parse__line129_220,llama3.1:8b,batch04__Cli_1__parse__cli_1f_parse_line129,m04,1,2,74,False
cli_1f_parse__line129_220,llama3.1:8b,batch04__Cli_1__parse__cli_1f_parse_line129,m05,1,1,74,False
cli_1f_parse__line129_220,llama3.1:8b,batch04__Cli_1__parse__cli_1f_parse_line129,m06,1,64,74,False
cli_1f_parse__line129_220,llama3.1:8b,batch04__Cli_1__parse__cli_1f_parse_line129,m07,1,14,74,False
cli_1f_parse__line129_220,llama3.1:8b,batch04__Cli_1__parse__cli_1f_parse_line129,m08,1,38,74,False
cli_30f_createValue__line60_102,llama3.1:8b,batch04__Cli_30__createValue__cli_30f_createValue_line60,m01,0,0,6,n/a
cli_30f_createValue__line60_102,llama3.1:8b,batch04__Cli_30__createValue__cli_30f_createValue_line60,m04,0,0,6,n/a
cli_30f_processProperties__line252_305,llama3.1:8b,batch04__Cli_30__processProperties__cli_30f_processProperties_line252,m01,1,62,64,False
cli_30f_processProperties__line252_305,llama3.1:8b,batch04__Cli_30__processProperties__cli_30f_processProperties_line252,m03,0,0,64,n/a
cli_30f_processProperties__line252_305,llama3.1:8b,batch04__Cli_30__processProperties__cli_30f_processProperties_line252,m05,0,0,64,n/a
cli_30f_processProperties__line252_305,llama3.1:8b,batch04__Cli_30__processProperties__cli_30f_processProperties_line252,m06,1,1,64,False
cli_30f_processProperties__line252_305,llama3.1:8b,batch04__Cli_30__processProperties__cli_30f_processProperties_line252,m08,0,0,64,n/a
cli_3f_createValue__line59_101,llama3.1:8b,batch04__Cli_3__createValue__cli_3f_createValue_line59,m01,0,0,1,n/a
cli_3f_createValue__line59_101,llama3.1:8b,batch04__Cli_3__createValue__cli_3f_createValue_line59,m02,1,1,1,False
cli_3f_createValue__line59_101,llama3.1:8b,batch04__Cli_3__createValue__cli_3f_createValue_line59,m03,0,0,1,n/a
cli_3f_createValue__line59_101,llama3.1:8b,batch04__Cli_3__createValue__cli_3f_createValue_line59,m05,1,1,1,False
cli_3f_createValue__line59_101,llama3.1:8b,batch04__Cli_3__createValue__cli_3f_createValue_line59,m07,1,1,1,False
cli_40f_parse__line144_244,llama3.1:8b,batch04__Cli_40__parse__cli_40f_parse_line144,m01,1,1,81,False
cli_40f_parse__line144_244,llama3.1:8b,batch04__Cli_40__parse__cli_40f_parse_line144,m03,1,77,81,False
cli_40f_parse__line144_244,llama3.1:8b,batch04__Cli_40__parse__cli_40f_parse_line144,m04,0,0,81,n/a
cli_40f_parse__line144_244,llama3.1:8b,batch04__Cli_40__parse__cli_40f_parse_line144,m08,1,81,81,True
cli_7f_appendUsage__line258_320,llama3.1:8b,batch04__Cli_7__appendUsage__cli_7f_appendUsage_line258,m03,0,0,27,n/a
cli_7f_appendUsage__line258_320,llama3.1:8b,batch04__Cli_7__appendUsage__cli_7f_appendUsage_line258,m06,0,0,27,n/a
cli_7f_appendUsage__line258_320,llama3.1:8b,batch04__Cli_7__appendUsage__cli_7f_appendUsage_line258,m08,1,13,27,False
cli_7f_process__line156_235,llama3.1:8b,batch04__Cli_7__process__cli_7f_process_line156,m02,0,0,32,n/a
cli_7f_process__line156_235,llama3.1:8b,batch04__Cli_7__process__cli_7f_process_line156,m03,1,22,32,False
cli_7f_process__line156_235,llama3.1:8b,batch04__Cli_7__process__cli_7f_process_line156,m05,1,9,32,False
cli_7f_process__line156_235,llama3.1:8b,batch04__Cli_7__process__cli_7f_process_line156,m06,1,11,32,False
cli_7f_process__line156_235,llama3.1:8b,batch04__Cli_7__process__cli_7f_process_line156,m07,1,15,32,False
cli_7f_process__line156_235,llama3.1:8b,batch04__Cli_7__process__cli_7f_process_line156,m08,0,0,32,n/a
cli_7f_wrap__line340_438,llama3.1:8b,batch04__Cli_7__wrap__cli_7f_wrap_line340,m06,1,13,26,False
closure_125f_precedenceWithDefault__line1179_1254,llama3.1:8b,batch04__Closure_125__precedenceWithDefault__closure_125f_precedenceWithDefault_line1179,m02,1,1674,3533,False
closure_125f_precedenceWithDefault__line1179_1254,llama3.1:8b,batch04__Closure_125__precedenceWithDefault__closure_125f_precedenceWithDefault_line1179,m03,1,117,3533,False
closure_125f_precedenceWithDefault__line1179_1254,llama3.1:8b,batch04__Closure_125__precedenceWithDefault__closure_125f_precedenceWithDefault_line1179,m05,1,3516,3533,False
closure_1f_biggestPowerTen__line180_277,llama3.1:8b,batch04__Closure_1__biggestPowerTen__closure_1f_biggestPowerTen_line180,m01,0,0,1,n/a
closure_1f_biggestPowerTen__line180_277,llama3.1:8b,batch04__Closure_1__biggestPowerTen__closure_1f_biggestPowerTen_line180,m03,0,0,1,n/a
closure_1f_biggestPowerTen__line180_277,llama3.1:8b,batch04__Closure_1__biggestPowerTen__closure_1f_biggestPowerTen_line180,m04,0,0,1,n/a
closure_44f_bytecodeName__line179_262,llama3.1:8b,batch04__Closure_44__bytecodeName__closure_44f_bytecodeName_line179,m01,0,0,1,n/a
closure_44f_bytecodeName__line179_262,llama3.1:8b,batch04__Closure_44__bytecodeName__closure_44f_bytecodeName_line179,m02,0,0,1,n/a
closure_44f_bytecodeName__line179_262,llama3.1:8b,batch04__Closure_44__bytecodeName__closure_44f_bytecodeName_line179,m03,0,0,1,n/a
closure_44f_bytecodeName__line179_262,llama3.1:8b,batch04__Closure_44__bytecodeName__closure_44f_bytecodeName_line179,m04,0,0,1,n/a
closure_44f_bytecodeName__line179_262,llama3.1:8b,batch04__Closure_44__bytecodeName__closure_44f_bytecodeName_line179,m07,0,0,1,n/a
closure_44f_findInstanceIdInfo__line139_191,llama3.1:8b,batch04__Closure_44__findInstanceIdInfo__closure_44f_findInstanceIdInfo_line139,m02,0,0,1,n/a
closure_44f_findInstanceIdInfo__line139_191,llama3.1:8b,batch04__Closure_44__findInstanceIdInfo__closure_44f_findInstanceIdInfo_line139,m07,0,0,1,n/a
closure_44f_findInstanceIdInfo__line139_191,llama3.1:8b,batch04__Closure_44__findInstanceIdInfo__closure_44f_findInstanceIdInfo_line139,m08,0,0,1,n/a
closure_44f_findPrototypeId__line459_537,llama3.1:8b,batch04__Closure_44__findPrototypeId__closure_44f_findPrototypeId_line459,m01,0,0,1,n/a
closure_44f_findPrototypeId__line459_537,llama3.1:8b,batch04__Closure_44__findPrototypeId__closure_44f_findPrototypeId_line459,m02,0,0,1,n/a
closure_44f_findPrototypeId__line459_537,llama3.1:8b,batch04__Closure_44__findPrototypeId__closure_44f_findPrototypeId_line459,m03,0,0,1,n/a
closure_44f_findPrototypeId__line459_537,llama3.1:8b,batch04__Closure_44__findPrototypeId__closure_44f_findPrototypeId_line459,m04,0,0,1,n/a
closure_44f_findPrototypeId__line459_537,llama3.1:8b,batch04__Closure_44__findPrototypeId__closure_44f_findPrototypeId_line459,m05,0,0,1,n/a
closure_44f_findPrototypeId__line459_537,llama3.1:8b,batch04__Closure_44__findPrototypeId__closure_44f_findPrototypeId_line459,m06,0,0,1,n/a
closure_44f_findPrototypeId__line459_537,llama3.1:8b,batch04__Closure_44__findPrototypeId__closure_44f_findPrototypeId_line459,m07,0,0,1,n/a
closure_44f_findPrototypeId__line459_537,llama3.1:8b,batch04__Closure_44__findPrototypeId__closure_44f_findPrototypeId_line459,m08,0,0,1,n/a
closure_46f_mayBeExpression__line487_559,llama3.1:8b,batch04__Closure_46__mayBeExpression__closure_46f_mayBeExpression_line487,m01,0,0,100,n/a
codec_13f_encode__line385_469,llama3.1:8b,batch04__Codec_13__encode__codec_13f_encode_line385,m02,1,3,13,False
codec_13f_encode__line385_469,llama3.1:8b,batch04__Codec_13__encode__codec_13f_encode_line385,m03,1,1,13,False
codec_13f_encode__line385_469,llama3.1:8b,batch04__Codec_13__encode__codec_13f_encode_line385,m07,1,13,13,True
codec_13f_handleG__line408_461,llama3.1:8b,batch04__Codec_13__handleG__codec_13f_handleG_line408,m01,1,4,5,False
codec_13f_handleG__line408_461,llama3.1:8b,batch04__Codec_13__handleG__codec_13f_handleG_line408,m02,1,2,5,False
codec_13f_handleG__line408_461,llama3.1:8b,batch04__Codec_13__handleG__codec_13f_handleG_line408,m03,1,2,5,False
codec_13f_handleG__line408_461,llama3.1:8b,batch04__Codec_13__handleG__codec_13f_handleG_line408,m04,1,3,5,False
codec_13f_handleG__line408_461,llama3.1:8b,batch04__Codec_13__handleG__codec_13f_handleG_line408,m05,1,1,5,False
codec_13f_handleG__line408_461,llama3.1:8b,batch04__Codec_13__handleG__codec_13f_handleG_line408,m06,1,3,5,False
codec_13f_handleG__line408_461,llama3.1:8b,batch04__Codec_13__handleG__codec_13f_handleG_line408,m07,1,2,5,False
codec_13f_handleS__line597_642,llama3.1:8b,batch04__Codec_13__handleS__codec_13f_handleS_line597,m01,1,2,8,False
codec_13f_handleS__line597_642,llama3.1:8b,batch04__Codec_13__handleS__codec_13f_handleS_line597,m04,1,2,8,False
codec_13f_handleS__line597_642,llama3.1:8b,batch04__Codec_13__handleS__codec_13f_handleS_line597,m05,0,0,8,n/a
codec_13f_handleS__line597_642,llama3.1:8b,batch04__Codec_13__handleS__codec_13f_handleS_line597,m06,1,3,8,False
codec_13f_handleS__line597_642,llama3.1:8b,batch04__Codec_13__handleS__codec_13f_handleS_line597,m07,0,0,8,n/a
codec_13f_handleS__line597_642,llama3.1:8b,batch04__Codec_13__handleS__codec_13f_handleS_line597,m08,1,6,8,False
codec_1f_handleC__line281_330,llama3.1:8b,batch04__Codec_1__handleC__codec_1f_handleC_line281,m01,0,0,4,n/a
codec_1f_handleC__line281_330,llama3.1:8b,batch04__Codec_1__handleC__codec_1f_handleC_line281,m02,1,1,4,False
codec_1f_handleC__line281_330,llama3.1:8b,batch04__Codec_1__handleC__codec_1f_handleC_line281,m05,0,0,4,n/a
codec_1f_handleC__line281_330,llama3.1:8b,batch04__Codec_1__handleC__codec_1f_handleC_line281,m08,0,0,4,n/a
codec_1f_handleJ__line526_556,llama3.1:8b,batch04__Codec_1__handleJ__codec_1f_handleJ_line526,m03,0,0,5,n/a
codec_9f_colognePhonetic__line293_383,llama3.1:8b,batch04__Codec_9__colognePhonetic__codec_9f_colognePhonetic_line293,m01,1,3,3,False
codec_9f_colognePhonetic__line293_383,llama3.1:8b,batch04__Codec_9__colognePhonetic__codec_9f_colognePhonetic_line293,m02,1,3,3,False
codec_9f_colognePhonetic__line293_383,llama3.1:8b,batch04__Codec_9__colognePhonetic__codec_9f_colognePhonetic_line293,m07,1,1,3,False
codec_9f_read__line76_117,llama3.1:8b,batch04__Codec_9__read__codec_9f_read_line76,m04,1,1,8,False
codec_9f_read__line76_117,llama3.1:8b,batch04__Codec_9__read__codec_9f_read_line76,m06,0,0,8,n/a
codec_9f_read__line76_117,llama3.1:8b,batch04__Codec_9__read__codec_9f_read_line76,m07,0,0,8,n/a
codec_9f_read__line76_117,llama3.1:8b,batch04__Codec_9__read__codec_9f_read_line76,m08,1,4,8,False
collections_17f_put__line254_330,llama3.1:8b,batch04__Collections_17__put__collections_17f_put_line254,m01,1,13,13,False
collections_17f_put__line254_330,llama3.1:8b,batch04__Collections_17__put__collections_17f_put_line254,m02,0,0,13,n/a
collections_17f_put__line254_330,llama3.1:8b,batch04__Collections_17__put__collections_17f_put_line254,m04,0,0,13,n/a
collections_17f_put__line254_330,llama3.1:8b,batch04__Collections_17__put__collections_17f_put_line254,m05,0,0,13,n/a
collections_17f_put__line254_330,llama3.1:8b,batch04__Collections_17__put__collections_17f_put_line254,m06,1,10,13,False
collections_17f_put__line254_330,llama3.1:8b,batch04__Collections_17__put__collections_17f_put_line254,m07,0,0,13,n/a
collections_17f_put__line254_330,llama3.1:8b,batch04__Collections_17__put__collections_17f_put_line254,m08,0,0,13,n/a
collections_17f_size__line1027_1058,llama3.1:8b,batch04__Collections_17__size__collections_17f_size_line1027,m01,1,15,15,False
collections_17f_size__line1027_1058,llama3.1:8b,batch04__Collections_17__size__collections_17f_size_line1027,m02,1,1,15,False
collections_17f_size__line1027_1058,llama3.1:8b,batch04__Collections_17__size__collections_17f_size_line1027,m03,1,1,15,False
collections_17f_size__line1027_1058,llama3.1:8b,batch04__Collections_17__size__collections_17f_size_line1027,m04,1,2,15,False
collections_17f_size__line1027_1058,llama3.1:8b,batch04__Collections_17__size__collections_17f_size_line1027,m05,1,1,15,False
collections_17f_size__line1027_1058,llama3.1:8b,batch04__Collections_17__size__collections_17f_size_line1027,m06,1,1,15,False
collections_17f_size__line1027_1058,llama3.1:8b,batch04__Collections_17__size__collections_17f_size_line1027,m07,1,1,15,False
collections_1f_containsKey__line186_213,llama3.1:8b,batch04__Collections_1__containsKey__collections_1f_containsKey_line186,m01,0,0,12,n/a
collections_1f_containsKey__line186_213,llama3.1:8b,batch04__Collections_1__containsKey__collections_1f_containsKey_line186,m05,0,0,12,n/a
collections_1f_put__line255_331,llama3.1:8b,batch04__Collections_1__put__collections_1f_put_line255,m01,0,0,12,n/a
collections_1f_put__line255_331,llama3.1:8b,batch04__Collections_1__put__collections_1f_put_line255,m02,1,12,12,False
collections_1f_put__line255_331,llama3.1:8b,batch04__Collections_1__put__collections_1f_put_line255,m06,0,0,12,n/a
collections_1f_put__line255_331,llama3.1:8b,batch04__Collections_1__put__collections_1f_put_line255,m07,1,8,12,False
collections_1f_put__line255_331,llama3.1:8b,batch04__Collections_1__put__collections_1f_put_line255,m08,1,8,12,False
collections_1f_swapPosition__line1043_1135,llama3.1:8b,batch04__Collections_1__swapPosition__collections_1f_swapPosition_line1043,m01,0,0,6,n/a
collections_1f_swapPosition__line1043_1135,llama3.1:8b,batch04__Collections_1__swapPosition__collections_1f_swapPosition_line1043,m02,0,0,6,n/a
collections_1f_swapPosition__line1043_1135,llama3.1:8b,batch04__Collections_1__swapPosition__collections_1f_swapPosition_line1043,m03,0,0,6,n/a
collections_1f_swapPosition__line1043_1135,llama3.1:8b,batch04__Collections_1__swapPosition__collections_1f_swapPosition_line1043,m04,0,0,6,n/a
collections_1f_swapPosition__line1043_1135,llama3.1:8b,batch04__Collections_1__swapPosition__collections_1f_swapPosition_line1043,m05,0,0,6,n/a
collections_1f_swapPosition__line1043_1135,llama3.1:8b,batch04__Collections_1__swapPosition__collections_1f_swapPosition_line1043,m06,0,0,6,n/a
collections_1f_swapPosition__line1043_1135,llama3.1:8b,batch04__Collections_1__swapPosition__collections_1f_swapPosition_line1043,m07,0,0,6,n/a
collections_1f_swapPosition__line1043_1135,llama3.1:8b,batch04__Collections_1__swapPosition__collections_1f_swapPosition_line1043,m08,0,0,6,n/a
collections_21f_containsKey__line197_236,llama3.1:8b,batch04__Collections_21__containsKey__collections_21f_containsKey_line197,m01,1,10,12,False
collections_21f_put__line290_366,llama3.1:8b,batch04__Collections_21__put__collections_21f_put_line290,m01,0,0,13,n/a
collections_21f_put__line290_366,llama3.1:8b,batch04__Collections_21__put__collections_21f_put_line290,m02,1,1,13,False
collections_21f_put__line290_366,llama3.1:8b,batch04__Collections_21__put__collections_21f_put_line290,m03,0,0,13,n/a
collections_21f_put__line290_366,llama3.1:8b,batch04__Collections_21__put__collections_21f_put_line290,m05,0,0,13,n/a
collections_21f_put__line290_366,llama3.1:8b,batch04__Collections_21__put__collections_21f_put_line290,m06,0,0,13,n/a
collections_21f_put__line290_366,llama3.1:8b,batch04__Collections_21__put__collections_21f_put_line290,m08,1,13,13,False
collections_22f_size__line1301_1332,llama3.1:8b,batch04__Collections_22__size__collections_22f_size_line1301,m01,1,4,17,False
collections_22f_size__line1301_1332,llama3.1:8b,batch04__Collections_22__size__collections_22f_size_line1301,m06,0,0,17,n/a
collections_22f_size__line1301_1332,llama3.1:8b,batch04__Collections_22__size__collections_22f_size_line1301,m07,1,1,17,False
collections_22f_size__line1301_1332,llama3.1:8b,batch04__Collections_22__size__collections_22f_size_line1301,m08,1,2,17,False
compress_10f_read__line212_291,llama3.1:8b,batch04__Compress_10__read__compress_10f_read_line212,m06,1,3,5,False
compress_10f_read__line212_291,llama3.1:8b,batch04__Compress_10__read__compress_10f_read_line212,m08,1,3,5,False
compress_1f_generateMTFValues__line1542_1638,llama3.1:8b,batch04__Compress_1__generateMTFValues__compress_1f_generateMTFValues_line1542,m01,0,0,1,n/a
compress_1f_generateMTFValues__line1542_1638,llama3.1:8b,batch04__Compress_1__generateMTFValues__compress_1f_generateMTFValues_line1542,m02,0,0,1,n/a
compress_1f_generateMTFValues__line1542_1638,llama3.1:8b,batch04__Compress_1__generateMTFValues__compress_1f_generateMTFValues_line1542,m03,0,0,1,n/a
compress_1f_generateMTFValues__line1542_1638,llama3.1:8b,batch04__Compress_1__generateMTFValues__compress_1f_generateMTFValues_line1542,m04,0,0,1,n/a
compress_1f_generateMTFValues__line1542_1638,llama3.1:8b,batch04__Compress_1__generateMTFValues__compress_1f_generateMTFValues_line1542,m05,0,0,1,n/a
compress_1f_generateMTFValues__line1542_1638,llama3.1:8b,batch04__Compress_1__generateMTFValues__compress_1f_generateMTFValues_line1542,m06,0,0,1,n/a
compress_1f_generateMTFValues__line1542_1638,llama3.1:8b,batch04__Compress_1__generateMTFValues__compress_1f_generateMTFValues_line1542,m08,0,0,1,n/a
compress_29f_createLocalFileHeader__line1009_1073,llama3.1:8b,batch04__Compress_29__createLocalFileHeader__compress_29f_createLocalFileHeader_line1009,m01,1,36,46,False
compress_29f_createLocalFileHeader__line1009_1073,llama3.1:8b,batch04__Compress_29__createLocalFileHeader__compress_29f_createLocalFileHeader_line1009,m02,1,39,46,False
compress_29f_createLocalFileHeader__line1009_1073,llama3.1:8b,batch04__Compress_29__createLocalFileHeader__compress_29f_createLocalFileHeader_line1009,m03,0,0,46,n/a
compress_29f_createLocalFileHeader__line1009_1073,llama3.1:8b,batch04__Compress_29__createLocalFileHeader__compress_29f_createLocalFileHeader_line1009,m04,0,0,46,n/a
compress_29f_createLocalFileHeader__line1009_1073,llama3.1:8b,batch04__Compress_29__createLocalFileHeader__compress_29f_createLocalFileHeader_line1009,m05,0,0,46,n/a
compress_29f_createLocalFileHeader__line1009_1073,llama3.1:8b,batch04__Compress_29__createLocalFileHeader__compress_29f_createLocalFileHeader_line1009,m06,0,0,46,n/a
compress_29f_createLocalFileHeader__line1009_1073,llama3.1:8b,batch04__Compress_29__createLocalFileHeader__compress_29f_createLocalFileHeader_line1009,m07,0,0,46,n/a
compress_29f_createLocalFileHeader__line1009_1073,llama3.1:8b,batch04__Compress_29__createLocalFileHeader__compress_29f_createLocalFileHeader_line1009,m08,0,0,46,n/a
compress_3f_perform__line64_127,llama3.1:8b,batch04__Compress_3__perform__compress_3f_perform_line64,m01,0,0,23,n/a
compress_3f_perform__line64_127,llama3.1:8b,batch04__Compress_3__perform__compress_3f_perform_line64,m02,0,0,23,n/a
compress_3f_perform__line64_127,llama3.1:8b,batch04__Compress_3__perform__compress_3f_perform_line64,m03,1,11,23,False
compress_3f_perform__line64_127,llama3.1:8b,batch04__Compress_3__perform__compress_3f_perform_line64,m04,1,1,23,False
compress_3f_perform__line64_127,llama3.1:8b,batch04__Compress_3__perform__compress_3f_perform_line64,m05,1,2,23,False
compress_3f_perform__line64_127,llama3.1:8b,batch04__Compress_3__perform__compress_3f_perform_line64,m06,0,0,23,n/a
compress_3f_perform__line64_127,llama3.1:8b,batch04__Compress_3__perform__compress_3f_perform_line64,m07,1,20,23,False
compress_43f_detect__line486_564,llama3.1:8b,batch04__Compress_43__detect__compress_43f_detect_line486,m07,1,2,42,False
compress_43f_readFrameDescriptor__line190_233,llama3.1:8b,batch04__Compress_43__readFrameDescriptor__compress_43f_readFrameDescriptor_line190,m01,1,1,33,False
compress_43f_readFrameDescriptor__line190_233,llama3.1:8b,batch04__Compress_43__readFrameDescriptor__compress_43f_readFrameDescriptor_line190,m02,0,0,33,n/a
compress_43f_readFrameDescriptor__line190_233,llama3.1:8b,batch04__Compress_43__readFrameDescriptor__compress_43f_readFrameDescriptor_line190,m03,0,0,33,n/a
compress_43f_readFrameDescriptor__line190_233,llama3.1:8b,batch04__Compress_43__readFrameDescriptor__compress_43f_readFrameDescriptor_line190,m04,0,0,33,n/a
compress_43f_readFrameDescriptor__line190_233,llama3.1:8b,batch04__Compress_43__readFrameDescriptor__compress_43f_readFrameDescriptor_line190,m05,0,0,33,n/a
compress_43f_readFrameDescriptor__line190_233,llama3.1:8b,batch04__Compress_43__readFrameDescriptor__compress_43f_readFrameDescriptor_line190,m06,0,0,33,n/a
compress_43f_readFrameDescriptor__line190_233,llama3.1:8b,batch04__Compress_43__readFrameDescriptor__compress_43f_readFrameDescriptor_line190,m08,1,1,33,False
compress_7f_initBlock__line240_278,llama3.1:8b,batch04__Compress_7__initBlock__compress_7f_initBlock_line240,m01,1,3,3,True
compress_7f_initBlock__line240_278,llama3.1:8b,batch04__Compress_7__initBlock__compress_7f_initBlock_line240,m02,1,3,3,True
compress_7f_initBlock__line240_278,llama3.1:8b,batch04__Compress_7__initBlock__compress_7f_initBlock_line240,m03,0,0,3,n/a
compress_7f_initBlock__line240_278,llama3.1:8b,batch04__Compress_7__initBlock__compress_7f_initBlock_line240,m07,1,2,3,False
compress_7f_initBlock__line240_278,llama3.1:8b,batch04__Compress_7__initBlock__compress_7f_initBlock_line240,m08,0,0,3,n/a
compress_7f_recvDecodingTables__line416_495,llama3.1:8b,batch04__Compress_7__recvDecodingTables__compress_7f_recvDecodingTables_line416,m01,1,1,3,False
compress_7f_recvDecodingTables__line416_495,llama3.1:8b,batch04__Compress_7__recvDecodingTables__compress_7f_recvDecodingTables_line416,m02,0,0,3,n/a
compress_7f_recvDecodingTables__line416_495,llama3.1:8b,batch04__Compress_7__recvDecodingTables__compress_7f_recvDecodingTables_line416,m03,1,3,3,True
compress_7f_recvDecodingTables__line416_495,llama3.1:8b,batch04__Compress_7__recvDecodingTables__compress_7f_recvDecodingTables_line416,m04,0,0,3,n/a
compress_7f_recvDecodingTables__line416_495,llama3.1:8b,batch04__Compress_7__recvDecodingTables__compress_7f_recvDecodingTables_line416,m05,1,3,3,True
compress_7f_recvDecodingTables__line416_495,llama3.1:8b,batch04__Compress_7__recvDecodingTables__compress_7f_recvDecodingTables_line416,m06,1,3,3,True
compress_7f_recvDecodingTables__line416_495,llama3.1:8b,batch04__Compress_7__recvDecodingTables__compress_7f_recvDecodingTables_line416,m07,1,3,3,True
compress_7f_recvDecodingTables__line416_495,llama3.1:8b,batch04__Compress_7__recvDecodingTables__compress_7f_recvDecodingTables_line416,m08,1,3,3,True
csv_11f_initializeHeader__line359_394,llama3.1:8b,batch04__Csv_11__initializeHeader__csv_11f_initializeHeader_line359,m01,0,0,50,n/a
csv_11f_initializeHeader__line359_394,llama3.1:8b,batch04__Csv_11__initializeHeader__csv_11f_initializeHeader_line359,m04,0,0,50,n/a
csv_11f_initializeHeader__line359_394,llama3.1:8b,batch04__Csv_11__initializeHeader__csv_11f_initializeHeader_line359,m06,0,0,50,n/a
csv_1f_nextToken__line40_118,llama3.1:8b,batch04__Csv_1__nextToken__csv_1f_nextToken_line40,m03,1,9,31,False
csv_1f_nextToken__line40_118,llama3.1:8b,batch04__Csv_1__nextToken__csv_1f_nextToken_line40,m04,1,30,31,False
csv_1f_nextToken__line40_118,llama3.1:8b,batch04__Csv_1__nextToken__csv_1f_nextToken_line40,m06,0,0,31,n/a
csv_1f_nextToken__line40_118,llama3.1:8b,batch04__Csv_1__nextToken__csv_1f_nextToken_line40,m08,1,2,31,False
csv_2f_nextRecord__line183_222,llama3.1:8b,batch04__Csv_2__nextRecord__csv_2f_nextRecord_line183,m01,0,0,33,n/a
csv_2f_nextRecord__line183_222,llama3.1:8b,batch04__Csv_2__nextRecord__csv_2f_nextRecord_line183,m02,0,0,33,n/a
csv_2f_nextRecord__line183_222,llama3.1:8b,batch04__Csv_2__nextRecord__csv_2f_nextRecord_line183,m03,1,4,33,False
csv_2f_nextRecord__line183_222,llama3.1:8b,batch04__Csv_2__nextRecord__csv_2f_nextRecord_line183,m04,0,0,33,n/a
csv_2f_nextRecord__line183_222,llama3.1:8b,batch04__Csv_2__nextRecord__csv_2f_nextRecord_line183,m05,1,31,33,False
csv_2f_nextRecord__line183_222,llama3.1:8b,batch04__Csv_2__nextRecord__csv_2f_nextRecord_line183,m07,1,1,33,False
csv_2f_parseEncapsulatedToken__line198_242,llama3.1:8b,batch04__Csv_2__parseEncapsulatedToken__csv_2f_parseEncapsulatedToken_line198,m03,1,14,14,True
csv_2f_parseEncapsulatedToken__line198_242,llama3.1:8b,batch04__Csv_2__parseEncapsulatedToken__csv_2f_parseEncapsulatedToken_line198,m08,1,14,14,True
csv_2f_parseSimpleToken__line149_176,llama3.1:8b,batch04__Csv_2__parseSimpleToken__csv_2f_parseSimpleToken_line149,m02,1,32,48,False
csv_2f_parseSimpleToken__line149_176,llama3.1:8b,batch04__Csv_2__parseSimpleToken__csv_2f_parseSimpleToken_line149,m03,1,3,48,False
csv_2f_parseSimpleToken__line149_176,llama3.1:8b,batch04__Csv_2__parseSimpleToken__csv_2f_parseSimpleToken_line149,m04,1,34,48,False
csv_2f_parseSimpleToken__line149_176,llama3.1:8b,batch04__Csv_2__parseSimpleToken__csv_2f_parseSimpleToken_line149,m05,1,11,48,False
csv_2f_parseSimpleToken__line149_176,llama3.1:8b,batch04__Csv_2__parseSimpleToken__csv_2f_parseSimpleToken_line149,m06,1,4,48,False
csv_2f_parseSimpleToken__line149_176,llama3.1:8b,batch04__Csv_2__parseSimpleToken__csv_2f_parseSimpleToken_line149,m07,1,13,48,False
csv_3f_readEscape__line87_117,llama3.1:8b,batch04__Csv_3__readEscape__csv_3f_readEscape_line87,m01,1,3,14,False
csv_3f_readEscape__line87_117,llama3.1:8b,batch04__Csv_3__readEscape__csv_3f_readEscape_line87,m02,1,1,14,False
csv_3f_readEscape__line87_117,llama3.1:8b,batch04__Csv_3__readEscape__csv_3f_readEscape_line87,m03,1,1,14,False
csv_3f_readEscape__line87_117,llama3.1:8b,batch04__Csv_3__readEscape__csv_3f_readEscape_line87,m07,1,3,14,False
csv_4f_equals__line313_370,llama3.1:8b,batch04__Csv_4__equals__csv_4f_equals_line313,m01,1,1,10,False
csv_4f_equals__line313_370,llama3.1:8b,batch04__Csv_4__equals__csv_4f_equals_line313,m03,1,2,10,False
csv_4f_equals__line313_370,llama3.1:8b,batch04__Csv_4__equals__csv_4f_equals_line313,m05,1,2,10,False
csv_4f_equals__line313_370,llama3.1:8b,batch04__Csv_4__equals__csv_4f_equals_line313,m07,0,0,10,n/a
csv_4f_equals__line313_370,llama3.1:8b,batch04__Csv_4__equals__csv_4f_equals_line313,m08,1,1,10,False
csv_4f_nextToken__line82_164,llama3.1:8b,batch04__Csv_4__nextToken__csv_4f_nextToken_line82,m01,1,4,65,False
csv_4f_nextToken__line82_164,llama3.1:8b,batch04__Csv_4__nextToken__csv_4f_nextToken_line82,m02,1,3,65,False
csv_4f_nextToken__line82_164,llama3.1:8b,batch04__Csv_4__nextToken__csv_4f_nextToken_line82,m03,1,63,65,False
csv_4f_nextToken__line82_164,llama3.1:8b,batch04__Csv_4__nextToken__csv_4f_nextToken_line82,m04,1,40,65,False
csv_4f_nextToken__line82_164,llama3.1:8b,batch04__Csv_4__nextToken__csv_4f_nextToken_line82,m06,1,63,65,False
csv_4f_nextToken__line82_164,llama3.1:8b,batch04__Csv_4__nextToken__csv_4f_nextToken_line82,m07,1,2,65,False
csv_4f_nextToken__line82_164,llama3.1:8b,batch04__Csv_4__nextToken__csv_4f_nextToken_line82,m08,0,0,65,n/a
csv_4f_parseEncapsulatedToken__line239_288,llama3.1:8b,batch04__Csv_4__parseEncapsulatedToken__csv_4f_parseEncapsulatedToken_line239,m02,0,0,14,n/a
csv_4f_parseEncapsulatedToken__line239_288,llama3.1:8b,batch04__Csv_4__parseEncapsulatedToken__csv_4f_parseEncapsulatedToken_line239,m03,1,6,14,False
csv_4f_parseEncapsulatedToken__line239_288,llama3.1:8b,batch04__Csv_4__parseEncapsulatedToken__csv_4f_parseEncapsulatedToken_line239,m05,1,6,14,False
csv_4f_parseEncapsulatedToken__line239_288,llama3.1:8b,batch04__Csv_4__parseEncapsulatedToken__csv_4f_parseEncapsulatedToken_line239,m06,1,1,14,False
csv_4f_parseEncapsulatedToken__line239_288,llama3.1:8b,batch04__Csv_4__parseEncapsulatedToken__csv_4f_parseEncapsulatedToken_line239,m07,1,6,14,False
csv_4f_parseEncapsulatedToken__line239_288,llama3.1:8b,batch04__Csv_4__parseEncapsulatedToken__csv_4f_parseEncapsulatedToken_line239,m08,1,7,14,False
csv_4f_parseSimpleToken__line185_217,llama3.1:8b,batch04__Csv_4__parseSimpleToken__csv_4f_parseSimpleToken_line185,m01,1,61,62,False
csv_4f_parseSimpleToken__line185_217,llama3.1:8b,batch04__Csv_4__parseSimpleToken__csv_4f_parseSimpleToken_line185,m02,1,15,62,False
csv_4f_parseSimpleToken__line185_217,llama3.1:8b,batch04__Csv_4__parseSimpleToken__csv_4f_parseSimpleToken_line185,m04,1,3,62,False
csv_4f_parseSimpleToken__line185_217,llama3.1:8b,batch04__Csv_4__parseSimpleToken__csv_4f_parseSimpleToken_line185,m06,1,13,62,False
csv_4f_parseSimpleToken__line185_217,llama3.1:8b,batch04__Csv_4__parseSimpleToken__csv_4f_parseSimpleToken_line185,m07,1,11,62,False
csv_4f_parseSimpleToken__line185_217,llama3.1:8b,batch04__Csv_4__parseSimpleToken__csv_4f_parseSimpleToken_line185,m08,1,13,62,False
gson_11f_nextUnquotedValue__line1025_1085,llama3.1:8b,batch04__Gson_11__nextUnquotedValue__gson_11f_nextUnquotedValue_line1025,m01,1,80,80,True
gson_11f_nextUnquotedValue__line1025_1085,llama3.1:8b,batch04__Gson_11__nextUnquotedValue__gson_11f_nextUnquotedValue_line1025,m02,0,0,80,n/a
gson_11f_nextUnquotedValue__line1025_1085,llama3.1:8b,batch04__Gson_11__nextUnquotedValue__gson_11f_nextUnquotedValue_line1025,m03,0,0,80,n/a
gson_11f_nextUnquotedValue__line1025_1085,llama3.1:8b,batch04__Gson_11__nextUnquotedValue__gson_11f_nextUnquotedValue_line1025,m04,1,4,80,False
gson_11f_nextUnquotedValue__line1025_1085,llama3.1:8b,batch04__Gson_11__nextUnquotedValue__gson_11f_nextUnquotedValue_line1025,m05,1,1,80,False
gson_11f_nextUnquotedValue__line1025_1085,llama3.1:8b,batch04__Gson_11__nextUnquotedValue__gson_11f_nextUnquotedValue_line1025,m07,1,46,80,False
gson_11f_nextUnquotedValue__line1025_1085,llama3.1:8b,batch04__Gson_11__nextUnquotedValue__gson_11f_nextUnquotedValue_line1025,m08,1,4,80,False
gson_11f_skipValue__line1219_1253,llama3.1:8b,batch04__Gson_11__skipValue__gson_11f_skipValue_line1219,m01,1,9,45,False
gson_11f_skipValue__line1219_1253,llama3.1:8b,batch04__Gson_11__skipValue__gson_11f_skipValue_line1219,m02,0,0,45,n/a
gson_11f_skipValue__line1219_1253,llama3.1:8b,batch04__Gson_11__skipValue__gson_11f_skipValue_line1219,m03,1,2,45,False
gson_1f_nextLiteral__line971_1016,llama3.1:8b,batch04__Gson_1__nextLiteral__gson_1f_nextLiteral_line971,m01,0,0,183,n/a
gson_2f_equals__line160_213,llama3.1:8b,batch04__Gson_2__equals__gson_2f_equals_line160,m01,0,0,346,n/a
gson_2f_equals__line160_213,llama3.1:8b,batch04__Gson_2__equals__gson_2f_equals_line160,m03,1,9,346,False
gson_2f_equals__line160_213,llama3.1:8b,batch04__Gson_2__equals__gson_2f_equals_line160,m07,0,0,346,n/a
gson_2f_newDefaultImplementationConstructor__line127_198,llama3.1:8b,batch04__Gson_2__newDefaultImplementationConstructor__gson_2f_newDefaultImplementationConstructor_line127,m01,1,1,202,False
gson_2f_newDefaultImplementationConstructor__line127_198,llama3.1:8b,batch04__Gson_2__newDefaultImplementationConstructor__gson_2f_newDefaultImplementationConstructor_line127,m06,0,0,202,n/a
gson_2f_peek__line86_127,llama3.1:8b,batch04__Gson_2__peek__gson_2f_peek_line86,m01,1,2,33,False
gson_2f_peek__line86_127,llama3.1:8b,batch04__Gson_2__peek__gson_2f_peek_line86,m03,1,14,33,False
gson_2f_peek__line86_127,llama3.1:8b,batch04__Gson_2__peek__gson_2f_peek_line86,m05,1,1,33,False
gson_2f_peek__line86_127,llama3.1:8b,batch04__Gson_2__peek__gson_2f_peek_line86,m06,0,0,33,n/a
gson_2f_peek__line86_127,llama3.1:8b,batch04__Gson_2__peek__gson_2f_peek_line86,m08,1,1,33,False
gson_2f_rebalance__line338_396,llama3.1:8b,batch04__Gson_2__rebalance__gson_2f_rebalance_line338,m01,1,2,2,True
gson_2f_rebalance__line338_396,llama3.1:8b,batch04__Gson_2__rebalance__gson_2f_rebalance_line338,m02,1,1,2,False
gson_2f_rebalance__line338_396,llama3.1:8b,batch04__Gson_2__rebalance__gson_2f_rebalance_line338,m03,1,1,2,False
gson_2f_rebalance__line338_396,llama3.1:8b,batch04__Gson_2__rebalance__gson_2f_rebalance_line338,m08,0,0,2,n/a
gson_2f_resolve__line324_394,llama3.1:8b,batch04__Gson_2__resolve__gson_2f_resolve_line324,m01,0,0,357,n/a
gson_2f_resolve__line324_394,llama3.1:8b,batch04__Gson_2__resolve__gson_2f_resolve_line324,m02,1,26,357,False
gson_2f_resolve__line324_394,llama3.1:8b,batch04__Gson_2__resolve__gson_2f_resolve_line324,m03,0,0,357,n/a
gson_2f_resolve__line324_394,llama3.1:8b,batch04__Gson_2__resolve__gson_2f_resolve_line324,m07,0,0,357,n/a
gson_2f_resolve__line324_394,llama3.1:8b,batch04__Gson_2__resolve__gson_2f_resolve_line324,m08,0,0,357,n/a
jacksoncore_1f__isNextTokenNameYes__line902_972,llama3.1:8b,batch04__JacksonCore_1__isNextTokenNameYes__jacksoncore_1f_isNextTokenNameYes_line902,m02,1,2,4,False
jacksoncore_1f__isNextTokenNameYes__line902_972,llama3.1:8b,batch04__JacksonCore_1__isNextTokenNameYes__jacksoncore_1f_isNextTokenNameYes_line902,m03,1,2,4,False
jacksoncore_1f__isNextTokenNameYes__line902_972,llama3.1:8b,batch04__JacksonCore_1__isNextTokenNameYes__jacksoncore_1f_isNextTokenNameYes_line902,m07,0,0,4,n/a
jacksoncore_1f__isNextTokenNameYes__line902_972,llama3.1:8b,batch04__JacksonCore_1__isNextTokenNameYes__jacksoncore_1f_isNextTokenNameYes_line902,m08,1,3,4,False
jacksoncore_1f__skipColon__line2527_2597,llama3.1:8b,batch04__JacksonCore_1__skipColon__jacksoncore_1f_skipColon_line2527,m01,1,2,2,True
jacksoncore_1f__skipColon__line2527_2597,llama3.1:8b,batch04__JacksonCore_1__skipColon__jacksoncore_1f_skipColon_line2527,m02,0,0,2,n/a
jacksoncore_1f__skipColon__line2527_2597,llama3.1:8b,batch04__JacksonCore_1__skipColon__jacksoncore_1f_skipColon_line2527,m07,1,1,2,False
jacksoncore_1f__writeSimpleObject__line465_528,llama3.1:8b,batch04__JacksonCore_1__writeSimpleObject__jacksoncore_1f_writeSimpleObject_line465,m01,0,0,1,n/a
jacksoncore_1f__writeSimpleObject__line465_528,llama3.1:8b,batch04__JacksonCore_1__writeSimpleObject__jacksoncore_1f_writeSimpleObject_line465,m03,0,0,1,n/a
jacksoncore_1f__writeSimpleObject__line465_528,llama3.1:8b,batch04__JacksonCore_1__writeSimpleObject__jacksoncore_1f_writeSimpleObject_line465,m05,0,0,1,n/a
jacksoncore_22f__finishToken__line218_293,llama3.1:8b,batch04__JacksonCore_22__finishToken__jacksoncore_22f_finishToken_line218,m02,1,5,39,False
jacksoncore_22f__finishToken__line218_293,llama3.1:8b,batch04__JacksonCore_22__finishToken__jacksoncore_22f_finishToken_line218,m03,1,9,39,False
jacksoncore_22f__finishToken__line218_293,llama3.1:8b,batch04__JacksonCore_22__finishToken__jacksoncore_22f_finishToken_line218,m04,1,6,39,False
jacksoncore_22f__finishToken__line218_293,llama3.1:8b,batch04__JacksonCore_22__finishToken__jacksoncore_22f_finishToken_line218,m05,1,3,39,False
jacksoncore_22f__finishToken__line218_293,llama3.1:8b,batch04__JacksonCore_22__finishToken__jacksoncore_22f_finishToken_line218,m06,1,3,39,False
jacksoncore_22f__finishToken__line218_293,llama3.1:8b,batch04__JacksonCore_22__finishToken__jacksoncore_22f_finishToken_line218,m07,1,5,39,False
jacksoncore_22f__finishToken__line218_293,llama3.1:8b,batch04__JacksonCore_22__finishToken__jacksoncore_22f_finishToken_line218,m08,1,1,39,False
jacksoncore_25f__finishAposName__line2136_2231,llama3.1:8b,batch04__JacksonCore_25__finishAposName__jacksoncore_25f_finishAposName_line2136,m02,0,0,2,n/a
jacksoncore_25f__finishAposName__line2136_2231,llama3.1:8b,batch04__JacksonCore_25__finishAposName__jacksoncore_25f_finishAposName_line2136,m06,1,2,2,True
jacksoncore_25f__finishAposName__line2136_2231,llama3.1:8b,batch04__JacksonCore_25__finishAposName__jacksoncore_25f_finishAposName_line2136,m07,1,2,2,False
jacksoncore_25f__finishAposName__line2136_2231,llama3.1:8b,batch04__JacksonCore_25__finishAposName__jacksoncore_25f_finishAposName_line2136,m08,0,0,2,n/a
jacksoncore_25f__startValueAfterComma__line812_874,llama3.1:8b,batch04__JacksonCore_25__startValueAfterComma__jacksoncore_25f_startValueAfterComma_line812,m01,1,20,20,True
jacksoncore_25f__startValueAfterComma__line812_874,llama3.1:8b,batch04__JacksonCore_25__startValueAfterComma__jacksoncore_25f_startValueAfterComma_line812,m04,1,9,20,False
jacksoncore_25f__startValueAfterComma__line812_874,llama3.1:8b,batch04__JacksonCore_25__startValueAfterComma__jacksoncore_25f_startValueAfterComma_line812,m05,0,0,20,n/a
jacksoncore_25f__startValueAfterComma__line812_874,llama3.1:8b,batch04__JacksonCore_25__startValueAfterComma__jacksoncore_25f_startValueAfterComma_line812,m07,0,0,20,n/a
jacksoncore_25f__startValueExpectComma__line642_730,llama3.1:8b,batch04__JacksonCore_25__startValueExpectComma__jacksoncore_25f_startValueExpectComma_line642,m02,1,6,29,False
jacksoncore_2f__parseFloat__line1329_1421,llama3.1:8b,batch04__JacksonCore_2__parseFloat__jacksoncore_2f_parseFloat_line1329,m01,1,1,7,False
jacksoncore_2f__parseFloat__line1329_1421,llama3.1:8b,batch04__JacksonCore_2__parseFloat__jacksoncore_2f_parseFloat_line1329,m02,1,2,7,False
jacksoncore_2f__parseFloat__line1329_1421,llama3.1:8b,batch04__JacksonCore_2__parseFloat__jacksoncore_2f_parseFloat_line1329,m03,1,2,7,False
jacksoncore_2f__parseFloat__line1329_1421,llama3.1:8b,batch04__JacksonCore_2__parseFloat__jacksoncore_2f_parseFloat_line1329,m06,1,6,7,False
jacksoncore_2f__parseFloat__line1329_1421,llama3.1:8b,batch04__JacksonCore_2__parseFloat__jacksoncore_2f_parseFloat_line1329,m07,1,1,7,False
jacksoncore_2f__parseFloat__line1329_1421,llama3.1:8b,batch04__JacksonCore_2__parseFloat__jacksoncore_2f_parseFloat_line1329,m08,0,0,7,n/a
jacksoncore_4f__writeSimpleObject__line1505_1567,llama3.1:8b,batch04__JacksonCore_4__writeSimpleObject__jacksoncore_4f_writeSimpleObject_line1505,m01,1,1,1,False
jacksondatabind_1f__addDeserializerConstructors__line357_448,llama3.1:8b,batch04__JacksonDatabind_1__addDeserializerConstructors__jacksondatabind_1f_addDeserializerConstructors_line357,m01,1,385,491,False
jacksondatabind_1f__addDeserializerConstructors__line357_448,llama3.1:8b,batch04__JacksonDatabind_1__addDeserializerConstructors__jacksondatabind_1f_addDeserializerConstructors_line357,m02,1,35,491,False
jacksondatabind_1f__addDeserializerConstructors__line357_448,llama3.1:8b,batch04__JacksonDatabind_1__addDeserializerConstructors__jacksondatabind_1f_addDeserializerConstructors_line357,m07,1,192,491,False
jacksondatabind_1f__addDeserializerFactoryMethods__line507_578,llama3.1:8b,batch04__JacksonDatabind_1__addDeserializerFactoryMethods__jacksondatabind_1f_addDeserializerFactoryMethods_line507,m01,1,19,494,False
jacksondatabind_1f__addDeserializerFactoryMethods__line507_578,llama3.1:8b,batch04__JacksonDatabind_1__addDeserializerFactoryMethods__jacksondatabind_1f_addDeserializerFactoryMethods_line507,m02,0,0,494,n/a
jacksondatabind_1f__addDeserializerFactoryMethods__line507_578,llama3.1:8b,batch04__JacksonDatabind_1__addDeserializerFactoryMethods__jacksondatabind_1f_addDeserializerFactoryMethods_line507,m03,1,3,494,False
jacksondatabind_1f_resolve__line255_328,llama3.1:8b,batch04__JacksonDatabind_1__resolve__jacksondatabind_1f_resolve_line255,m01,1,8,332,False
jacksondatabind_1f_resolve__line255_328,llama3.1:8b,batch04__JacksonDatabind_1__resolve__jacksondatabind_1f_resolve_line255,m02,1,6,332,False
jacksondatabind_1f_resolve__line255_328,llama3.1:8b,batch04__JacksonDatabind_1__resolve__jacksondatabind_1f_resolve_line255,m03,1,309,332,False
jacksondatabind_1f_resolve__line255_328,llama3.1:8b,batch04__JacksonDatabind_1__resolve__jacksondatabind_1f_resolve_line255,m08,0,0,332,n/a
jacksondatabind_1f_serialize__line203_303,llama3.1:8b,batch04__JacksonDatabind_1__serialize__jacksondatabind_1f_serialize_line203,m02,1,1,2,False
jacksondatabind_1f_serialize__line203_303,llama3.1:8b,batch04__JacksonDatabind_1__serialize__jacksondatabind_1f_serialize_line203,m03,1,1,2,False
jacksondatabind_1f_serialize__line203_303,llama3.1:8b,batch04__JacksonDatabind_1__serialize__jacksondatabind_1f_serialize_line203,m06,0,0,2,n/a
jacksondatabind_2f_forType__line63_100,llama3.1:8b,batch04__JacksonDatabind_2__forType__jacksondatabind_2f_forType_line63,m01,1,2,219,False
jacksondatabind_2f_forType__line63_100,llama3.1:8b,batch04__JacksonDatabind_2__forType__jacksondatabind_2f_forType_line63,m02,1,1,219,False
jacksondatabind_2f_forType__line63_100,llama3.1:8b,batch04__JacksonDatabind_2__forType__jacksondatabind_2f_forType_line63,m05,1,17,219,False
jacksondatabind_59f_deserializeFromObject__line60_156,llama3.1:8b,batch04__JacksonDatabind_59__deserializeFromObject__jacksondatabind_59f_deserializeFromObject_line60,m01,1,1,7,False
jacksondatabind_59f_deserializeFromObject__line60_156,llama3.1:8b,batch04__JacksonDatabind_59__deserializeFromObject__jacksondatabind_59f_deserializeFromObject_line60,m02,1,4,7,False
jacksondatabind_59f_deserializeFromObject__line60_156,llama3.1:8b,batch04__JacksonDatabind_59__deserializeFromObject__jacksondatabind_59f_deserializeFromObject_line60,m03,0,0,7,n/a
jacksondatabind_59f_deserializeFromObject__line60_156,llama3.1:8b,batch04__JacksonDatabind_59__deserializeFromObject__jacksondatabind_59f_deserializeFromObject_line60,m05,1,1,7,False
jacksondatabind_59f_deserializeFromObject__line60_156,llama3.1:8b,batch04__JacksonDatabind_59__deserializeFromObject__jacksondatabind_59f_deserializeFromObject_line60,m06,1,1,7,False
jacksondatabind_59f_deserializeFromObject__line60_156,llama3.1:8b,batch04__JacksonDatabind_59__deserializeFromObject__jacksondatabind_59f_deserializeFromObject_line60,m08,1,2,7,False
jacksondatabind_80f__deserializeUsingProperties__line328_402,llama3.1:8b,batch04__JacksonDatabind_80__deserializeUsingProperties__jacksondatabind_80f_deserializeUsingProperties_line328,m01,0,0,1,n/a
jacksondatabind_80f__deserializeUsingProperties__line328_402,llama3.1:8b,batch04__JacksonDatabind_80__deserializeUsingProperties__jacksondatabind_80f_deserializeUsingProperties_line328,m02,0,0,1,n/a
jacksondatabind_80f__deserializeUsingProperties__line328_402,llama3.1:8b,batch04__JacksonDatabind_80__deserializeUsingProperties__jacksondatabind_80f_deserializeUsingProperties_line328,m03,1,1,1,True
jacksondatabind_80f__deserializeUsingProperties__line328_402,llama3.1:8b,batch04__JacksonDatabind_80__deserializeUsingProperties__jacksondatabind_80f_deserializeUsingProperties_line328,m07,1,1,1,True
jacksondatabind_80f__isValuePresent__line179_275,llama3.1:8b,batch04__JacksonDatabind_80__isValuePresent__jacksondatabind_80f_isValuePresent_line179,m01,0,0,20,n/a
jacksondatabind_80f__isValuePresent__line179_275,llama3.1:8b,batch04__JacksonDatabind_80__isValuePresent__jacksondatabind_80f_isValuePresent_line179,m03,1,1,20,False
jacksondatabind_80f__isValuePresent__line179_275,llama3.1:8b,batch04__JacksonDatabind_80__isValuePresent__jacksondatabind_80f_isValuePresent_line179,m04,0,0,20,n/a
jacksondatabind_80f__isValuePresent__line179_275,llama3.1:8b,batch04__JacksonDatabind_80__isValuePresent__jacksondatabind_80f_isValuePresent_line179,m05,0,0,20,n/a
jacksondatabind_80f__isValuePresent__line179_275,llama3.1:8b,batch04__JacksonDatabind_80__isValuePresent__jacksondatabind_80f_isValuePresent_line179,m06,0,0,20,n/a
jacksondatabind_80f__isValuePresent__line179_275,llama3.1:8b,batch04__JacksonDatabind_80__isValuePresent__jacksondatabind_80f_isValuePresent_line179,m07,0,0,20,n/a
jacksondatabind_80f__isValuePresent__line179_275,llama3.1:8b,batch04__JacksonDatabind_80__isValuePresent__jacksondatabind_80f_isValuePresent_line179,m08,0,0,20,n/a
jacksondatabind_96f__idFrom__line66_115,llama3.1:8b,batch04__JacksonDatabind_96__idFrom__jacksondatabind_96f_idFrom_line66,m01,0,0,103,n/a
jacksondatabind_96f__idFrom__line66_115,llama3.1:8b,batch04__JacksonDatabind_96__idFrom__jacksondatabind_96f_idFrom_line66,m08,1,98,103,False
jacksonxml_1f__findRootName__line63_91,llama3.1:8b,batch04__JacksonXml_1__findRootName__jacksonxml_1f_findRootName_line63,m04,1,54,69,False
jacksonxml_1f__findRootName__line63_91,llama3.1:8b,batch04__JacksonXml_1__findRootName__jacksonxml_1f_findRootName_line63,m07,1,16,69,False
jacksonxml_1f__findRootName__line63_91,llama3.1:8b,batch04__JacksonXml_1__findRootName__jacksonxml_1f_findRootName_line63,m08,1,15,69,False
jacksonxml_1f_hasXMLFormat__line682_770,llama3.1:8b,batch04__JacksonXml_1__hasXMLFormat__jacksonxml_1f_hasXMLFormat_line682,m01,0,0,8,n/a
jacksonxml_1f_hasXMLFormat__line682_770,llama3.1:8b,batch04__JacksonXml_1__hasXMLFormat__jacksonxml_1f_hasXMLFormat_line682,m02,1,1,8,False
jacksonxml_1f_hasXMLFormat__line682_770,llama3.1:8b,batch04__JacksonXml_1__hasXMLFormat__jacksonxml_1f_hasXMLFormat_line682,m03,1,1,8,False
jacksonxml_1f_hasXMLFormat__line682_770,llama3.1:8b,batch04__JacksonXml_1__hasXMLFormat__jacksonxml_1f_hasXMLFormat_line682,m04,1,1,8,False
jacksonxml_1f_hasXMLFormat__line682_770,llama3.1:8b,batch04__JacksonXml_1__hasXMLFormat__jacksonxml_1f_hasXMLFormat_line682,m05,1,1,8,False
jacksonxml_1f_hasXMLFormat__line682_770,llama3.1:8b,batch04__JacksonXml_1__hasXMLFormat__jacksonxml_1f_hasXMLFormat_line682,m06,1,2,8,False
jacksonxml_1f_hasXMLFormat__line682_770,llama3.1:8b,batch04__JacksonXml_1__hasXMLFormat__jacksonxml_1f_hasXMLFormat_line682,m07,1,2,8,False
jacksonxml_1f_hasXMLFormat__line682_770,llama3.1:8b,batch04__JacksonXml_1__hasXMLFormat__jacksonxml_1f_hasXMLFormat_line682,m08,1,1,8,False
jacksonxml_1f_nextTextValue__line594_688,llama3.1:8b,batch04__JacksonXml_1__nextTextValue__jacksonxml_1f_nextTextValue_line594,m01,1,4,4,True
jacksonxml_1f_nextTextValue__line594_688,llama3.1:8b,batch04__JacksonXml_1__nextTextValue__jacksonxml_1f_nextTextValue_line594,m02,0,0,4,n/a
jacksonxml_1f_nextTextValue__line594_688,llama3.1:8b,batch04__JacksonXml_1__nextTextValue__jacksonxml_1f_nextTextValue_line594,m03,1,3,4,False
jacksonxml_1f_nextTextValue__line594_688,llama3.1:8b,batch04__JacksonXml_1__nextTextValue__jacksonxml_1f_nextTextValue_line594,m05,1,4,4,True
jacksonxml_1f_nextTextValue__line594_688,llama3.1:8b,batch04__JacksonXml_1__nextTextValue__jacksonxml_1f_nextTextValue_line594,m06,1,1,4,False
jacksonxml_1f__next__line303_348,llama3.1:8b,batch04__JacksonXml_1__next__jacksonxml_1f_next_line303,m01,1,79,79,True
jacksonxml_1f__next__line303_348,llama3.1:8b,batch04__JacksonXml_1__next__jacksonxml_1f_next_line303,m03,1,75,79,False
jacksonxml_1f__next__line303_348,llama3.1:8b,batch04__JacksonXml_1__next__jacksonxml_1f_next_line303,m07,1,24,79,False
jacksonxml_1f__next__line303_348,llama3.1:8b,batch04__JacksonXml_1__next__jacksonxml_1f_next_line303,m08,1,65,79,False
jacksonxml_1f_sanitizeXmlTypeName__line32_71,llama3.1:8b,batch04__JacksonXml_1__sanitizeXmlTypeName__jacksonxml_1f_sanitizeXmlTypeName_line32,m02,0,0,55,n/a
jacksonxml_1f_sanitizeXmlTypeName__line32_71,llama3.1:8b,batch04__JacksonXml_1__sanitizeXmlTypeName__jacksonxml_1f_sanitizeXmlTypeName_line32,m03,0,0,55,n/a
jacksonxml_1f_sanitizeXmlTypeName__line32_71,llama3.1:8b,batch04__JacksonXml_1__sanitizeXmlTypeName__jacksonxml_1f_sanitizeXmlTypeName_line32,m05,1,2,55,False
jacksonxml_1f_sanitizeXmlTypeName__line32_71,llama3.1:8b,batch04__JacksonXml_1__sanitizeXmlTypeName__jacksonxml_1f_sanitizeXmlTypeName_line32,m07,0,0,55,n/a
jacksonxml_1f_sanitizeXmlTypeName__line32_71,llama3.1:8b,batch04__JacksonXml_1__sanitizeXmlTypeName__jacksonxml_1f_sanitizeXmlTypeName_line32,m08,1,1,55,False
jacksonxml_1f_serializeAsField__line78_152,llama3.1:8b,batch04__JacksonXml_1__serializeAsField__jacksonxml_1f_serializeAsField_line78,m01,1,1,16,False
jacksonxml_1f_serializeAsField__line78_152,llama3.1:8b,batch04__JacksonXml_1__serializeAsField__jacksonxml_1f_serializeAsField_line78,m02,1,1,16,False
jacksonxml_1f_serializeAsField__line78_152,llama3.1:8b,batch04__JacksonXml_1__serializeAsField__jacksonxml_1f_serializeAsField_line78,m08,0,0,16,n/a
jacksonxml_1f_updateProperties__line31_78,llama3.1:8b,batch04__JacksonXml_1__updateProperties__jacksonxml_1f_updateProperties_line31,m02,0,0,66,n/a
jacksonxml_1f_updateProperties__line31_78,llama3.1:8b,batch04__JacksonXml_1__updateProperties__jacksonxml_1f_updateProperties_line31,m03,1,10,66,False
jacksonxml_1f_updateProperties__line31_78,llama3.1:8b,batch04__JacksonXml_1__updateProperties__jacksonxml_1f_updateProperties_line31,m05,1,10,66,False
jacksonxml_1f_updateProperties__line31_78,llama3.1:8b,batch04__JacksonXml_1__updateProperties__jacksonxml_1f_updateProperties_line31,m06,0,0,66,n/a
jacksonxml_1f_updateProperties__line31_78,llama3.1:8b,batch04__JacksonXml_1__updateProperties__jacksonxml_1f_updateProperties_line31,m07,1,21,66,False
jacksonxml_2f_writeString__line560_595,llama3.1:8b,batch04__JacksonXml_2__writeString__jacksonxml_2f_writeString_line560,m03,1,21,64,False
jacksonxml_2f_writeString__line560_595,llama3.1:8b,batch04__JacksonXml_2__writeString__jacksonxml_2f_writeString_line560,m04,1,19,64,False
jacksonxml_2f_writeString__line560_595,llama3.1:8b,batch04__JacksonXml_2__writeString__jacksonxml_2f_writeString_line560,m07,0,0,64,n/a
jacksonxml_2f_writeString__line560_595,llama3.1:8b,batch04__JacksonXml_2__writeString__jacksonxml_2f_writeString_line560,m08,1,39,64,False
jsoup_12f_parseAttribute__line183_214,llama3.1:8b,batch04__Jsoup_12__parseAttribute__jsoup_12f_parseAttribute_line183,m01,0,0,129,n/a
jsoup_1f_canContain__line67_99,llama3.1:8b,batch04__Jsoup_1__canContain__jsoup_1f_canContain_line67,m01,1,43,128,False
jsoup_1f_canContain__line67_99,llama3.1:8b,batch04__Jsoup_1__canContain__jsoup_1f_canContain_line67,m03,1,126,128,False
jsoup_1f_canContain__line67_99,llama3.1:8b,batch04__Jsoup_1__canContain__jsoup_1f_canContain_line67,m04,1,127,128,False
jsoup_1f_canContain__line67_99,llama3.1:8b,batch04__Jsoup_1__canContain__jsoup_1f_canContain_line67,m05,1,119,128,False
jsoup_1f_canContain__line67_99,llama3.1:8b,batch04__Jsoup_1__canContain__jsoup_1f_canContain_line67,m07,1,127,128,False
jsoup_20f_resetInsertionMode__line351_399,llama3.1:8b,batch04__Jsoup_20__resetInsertionMode__jsoup_20f_resetInsertionMode_line351,m01,0,0,52,n/a
jsoup_20f_resetInsertionMode__line351_399,llama3.1:8b,batch04__Jsoup_20__resetInsertionMode__jsoup_20f_resetInsertionMode_line351,m02,1,43,52,False
jsoup_20f_resetInsertionMode__line351_399,llama3.1:8b,batch04__Jsoup_20__resetInsertionMode__jsoup_20f_resetInsertionMode_line351,m03,1,21,52,False
jsoup_20f_resetInsertionMode__line351_399,llama3.1:8b,batch04__Jsoup_20__resetInsertionMode__jsoup_20f_resetInsertionMode_line351,m04,0,0,52,n/a
jsoup_20f_resetInsertionMode__line351_399,llama3.1:8b,batch04__Jsoup_20__resetInsertionMode__jsoup_20f_resetInsertionMode_line351,m05,1,2,52,False
jsoup_20f_resetInsertionMode__line351_399,llama3.1:8b,batch04__Jsoup_20__resetInsertionMode__jsoup_20f_resetInsertionMode_line351,m06,0,0,52,n/a
jsoup_20f_resetInsertionMode__line351_399,llama3.1:8b,batch04__Jsoup_20__resetInsertionMode__jsoup_20f_resetInsertionMode_line351,m07,0,0,52,n/a
jsoup_20f_resetInsertionMode__line351_399,llama3.1:8b,batch04__Jsoup_20__resetInsertionMode__jsoup_20f_resetInsertionMode_line351,m08,0,0,52,n/a
jsoup_67f_parseInputStream__line92_155,llama3.1:8b,batch04__Jsoup_67__parseInputStream__jsoup_67f_parseInputStream_line92,m03,0,0,38,n/a
jxpath_1f_computeContextDependent__line142_186,llama3.1:8b,batch04__JxPath_1__computeContextDependent__jxpath_1f_computeContextDependent_line142,m02,0,0,1,n/a
jxpath_1f_computeContextDependent__line142_186,llama3.1:8b,batch04__JxPath_1__computeContextDependent__jxpath_1f_computeContextDependent_line142,m04,0,0,1,n/a
jxpath_1f_computeContextDependent__line142_186,llama3.1:8b,batch04__JxPath_1__computeContextDependent__jxpath_1f_computeContextDependent_line142,m05,0,0,1,n/a
jxpath_1f_computeContextDependent__line142_186,llama3.1:8b,batch04__JxPath_1__computeContextDependent__jxpath_1f_computeContextDependent_line142,m06,0,0,1,n/a
jxpath_1f_computeValue__line212_276,llama3.1:8b,batch04__JxPath_1__computeValue__jxpath_1f_computeValue_line212,m01,0,0,9,n/a
jxpath_1f_computeValue__line212_276,llama3.1:8b,batch04__JxPath_1__computeValue__jxpath_1f_computeValue_line212,m04,0,0,9,n/a
jxpath_1f_computeValue__line212_276,llama3.1:8b,batch04__JxPath_1__computeValue__jxpath_1f_computeValue_line212,m08,1,1,9,False
jxpath_1f_jjMoveStringLiteralDfa0_0__line402_479,llama3.1:8b,batch04__JxPath_1__jjMoveStringLiteralDfa0_0__jxpath_1f_jjMoveStringLiteralDfa0_0_line402,m01,1,3,136,False
jxpath_1f_jjMoveStringLiteralDfa0_0__line402_479,llama3.1:8b,batch04__JxPath_1__jjMoveStringLiteralDfa0_0__jxpath_1f_jjMoveStringLiteralDfa0_0_line402,m03,1,1,136,False
jxpath_1f_jjMoveStringLiteralDfa0_0__line402_479,llama3.1:8b,batch04__JxPath_1__jjMoveStringLiteralDfa0_0__jxpath_1f_jjMoveStringLiteralDfa0_0_line402,m04,1,16,136,False
jxpath_1f_jjMoveStringLiteralDfa0_0__line402_479,llama3.1:8b,batch04__JxPath_1__jjMoveStringLiteralDfa0_0__jxpath_1f_jjMoveStringLiteralDfa0_0_line402,m05,1,6,136,False
jxpath_1f_jjMoveStringLiteralDfa0_0__line402_479,llama3.1:8b,batch04__JxPath_1__jjMoveStringLiteralDfa0_0__jxpath_1f_jjMoveStringLiteralDfa0_0_line402,m06,1,70,136,False
jxpath_1f_jjMoveStringLiteralDfa0_0__line402_479,llama3.1:8b,batch04__JxPath_1__jjMoveStringLiteralDfa0_0__jxpath_1f_jjMoveStringLiteralDfa0_0_line402,m08,1,3,136,False
jxpath_1f_jjMoveStringLiteralDfa2_0__line536_597,llama3.1:8b,batch04__JxPath_1__jjMoveStringLiteralDfa2_0__jxpath_1f_jjMoveStringLiteralDfa2_0_line536,m05,0,0,117,n/a
jxpath_1f_jjMoveStringLiteralDfa2_0__line536_597,llama3.1:8b,batch04__JxPath_1__jjMoveStringLiteralDfa2_0__jxpath_1f_jjMoveStringLiteralDfa2_0_line536,m06,1,82,117,False
jxpath_1f_jjMoveStringLiteralDfa2_0__line536_597,llama3.1:8b,batch04__JxPath_1__jjMoveStringLiteralDfa2_0__jxpath_1f_jjMoveStringLiteralDfa2_0_line536,m07,0,0,117,n/a
jxpath_1f_jjMoveStringLiteralDfa2_0__line536_597,llama3.1:8b,batch04__JxPath_1__jjMoveStringLiteralDfa2_0__jxpath_1f_jjMoveStringLiteralDfa2_0_line536,m08,0,0,117,n/a
jxpath_1f_jjMoveStringLiteralDfa3_0__line598_658,llama3.1:8b,batch04__JxPath_1__jjMoveStringLiteralDfa3_0__jxpath_1f_jjMoveStringLiteralDfa3_0_line598,m03,1,19,88,False
jxpath_1f_jjMoveStringLiteralDfa3_0__line598_658,llama3.1:8b,batch04__JxPath_1__jjMoveStringLiteralDfa3_0__jxpath_1f_jjMoveStringLiteralDfa3_0_line598,m04,1,4,88,False
jxpath_1f_jjMoveStringLiteralDfa3_0__line598_658,llama3.1:8b,batch04__JxPath_1__jjMoveStringLiteralDfa3_0__jxpath_1f_jjMoveStringLiteralDfa3_0_line598,m05,1,9,88,False
jxpath_1f_jjMoveStringLiteralDfa3_0__line598_658,llama3.1:8b,batch04__JxPath_1__jjMoveStringLiteralDfa3_0__jxpath_1f_jjMoveStringLiteralDfa3_0_line598,m06,0,0,88,n/a
jxpath_1f_jjMoveStringLiteralDfa3_0__line598_658,llama3.1:8b,batch04__JxPath_1__jjMoveStringLiteralDfa3_0__jxpath_1f_jjMoveStringLiteralDfa3_0_line598,m07,1,30,88,False
jxpath_1f_jj_3R_129__line2567_2609,llama3.1:8b,batch04__JxPath_1__jj_3R_129__jxpath_1f_jj_3R_129_line2567,m01,0,0,47,n/a
jxpath_1f_jj_3R_129__line2567_2609,llama3.1:8b,batch04__JxPath_1__jj_3R_129__jxpath_1f_jj_3R_129_line2567,m02,0,0,47,n/a
jxpath_1f_jj_3R_129__line2567_2609,llama3.1:8b,batch04__JxPath_1__jj_3R_129__jxpath_1f_jj_3R_129_line2567,m03,0,0,47,n/a
jxpath_1f_jj_3R_129__line2567_2609,llama3.1:8b,batch04__JxPath_1__jj_3R_129__jxpath_1f_jj_3R_129_line2567,m04,1,47,47,True
jxpath_1f_jj_3R_129__line2567_2609,llama3.1:8b,batch04__JxPath_1__jj_3R_129__jxpath_1f_jj_3R_129_line2567,m05,0,0,47,n/a
jxpath_1f_jj_3R_129__line2567_2609,llama3.1:8b,batch04__JxPath_1__jj_3R_129__jxpath_1f_jj_3R_129_line2567,m06,0,0,47,n/a
jxpath_1f_jj_3R_129__line2567_2609,llama3.1:8b,batch04__JxPath_1__jj_3R_129__jxpath_1f_jj_3R_129_line2567,m07,0,0,47,n/a
jxpath_1f_jj_3R_18__line1897_1990,llama3.1:8b,batch04__JxPath_1__jj_3R_18__jxpath_1f_jj_3R_18_line1897,m02,0,0,88,n/a
jxpath_6f_canConvert__line51_148,llama3.1:8b,batch04__JxPath_6__canConvert__jxpath_6f_canConvert_line51,m01,0,0,20,n/a
jxpath_6f_canConvert__line51_148,llama3.1:8b,batch04__JxPath_6__canConvert__jxpath_6f_canConvert_line51,m02,0,0,20,n/a
jxpath_6f_canConvert__line51_148,llama3.1:8b,batch04__JxPath_6__canConvert__jxpath_6f_canConvert_line51,m03,1,7,20,False
jxpath_6f_canConvert__line51_148,llama3.1:8b,batch04__JxPath_6__canConvert__jxpath_6f_canConvert_line51,m04,1,6,20,False
jxpath_6f_canConvert__line51_148,llama3.1:8b,batch04__JxPath_6__canConvert__jxpath_6f_canConvert_line51,m05,0,0,20,n/a
jxpath_6f_canConvert__line51_148,llama3.1:8b,batch04__JxPath_6__canConvert__jxpath_6f_canConvert_line51,m08,0,0,20,n/a
lang_1f_binaryBeMsb0ToHexDigit__line511_582,llama3.1:8b,batch04__Lang_1__binaryBeMsb0ToHexDigit__lang_1f_binaryBeMsb0ToHexDigit_line511,m01,1,1,2,False
lang_1f_binaryBeMsb0ToHexDigit__line511_582,llama3.1:8b,batch04__Lang_1__binaryBeMsb0ToHexDigit__lang_1f_binaryBeMsb0ToHexDigit_line511,m02,1,2,2,True
lang_1f_binaryBeMsb0ToHexDigit__line511_582,llama3.1:8b,batch04__Lang_1__binaryBeMsb0ToHexDigit__lang_1f_binaryBeMsb0ToHexDigit_line511,m03,1,2,2,True
lang_1f_binaryBeMsb0ToHexDigit__line511_582,llama3.1:8b,batch04__Lang_1__binaryBeMsb0ToHexDigit__lang_1f_binaryBeMsb0ToHexDigit_line511,m04,1,2,2,False
lang_1f_binaryBeMsb0ToHexDigit__line511_582,llama3.1:8b,batch04__Lang_1__binaryBeMsb0ToHexDigit__lang_1f_binaryBeMsb0ToHexDigit_line511,m05,1,1,2,False
lang_1f_binaryBeMsb0ToHexDigit__line511_582,llama3.1:8b,batch04__Lang_1__binaryBeMsb0ToHexDigit__lang_1f_binaryBeMsb0ToHexDigit_line511,m06,1,2,2,False
lang_1f_binaryBeMsb0ToHexDigit__line511_582,llama3.1:8b,batch04__Lang_1__binaryBeMsb0ToHexDigit__lang_1f_binaryBeMsb0ToHexDigit_line511,m07,1,2,2,False
lang_1f_binaryBeMsb0ToHexDigit__line511_582,llama3.1:8b,batch04__Lang_1__binaryBeMsb0ToHexDigit__lang_1f_binaryBeMsb0ToHexDigit_line511,m08,1,2,2,False
lang_1f_binaryToHexDigitMsb0_4bits__line403_474,llama3.1:8b,batch04__Lang_1__binaryToHexDigitMsb0_4bits__lang_1f_binaryToHexDigitMsb0_4bits_line403,m01,1,1,2,False
lang_1f_binaryToHexDigitMsb0_4bits__line403_474,llama3.1:8b,batch04__Lang_1__binaryToHexDigitMsb0_4bits__lang_1f_binaryToHexDigitMsb0_4bits_line403,m02,1,2,2,True
lang_1f_binaryToHexDigitMsb0_4bits__line403_474,llama3.1:8b,batch04__Lang_1__binaryToHexDigitMsb0_4bits__lang_1f_binaryToHexDigitMsb0_4bits_line403,m03,1,2,2,False
lang_1f_binaryToHexDigitMsb0_4bits__line403_474,llama3.1:8b,batch04__Lang_1__binaryToHexDigitMsb0_4bits__lang_1f_binaryToHexDigitMsb0_4bits_line403,m04,1,2,2,False
lang_1f_binaryToHexDigitMsb0_4bits__line403_474,llama3.1:8b,batch04__Lang_1__binaryToHexDigitMsb0_4bits__lang_1f_binaryToHexDigitMsb0_4bits_line403,m06,1,2,2,False
lang_1f_binaryToHexDigitMsb0_4bits__line403_474,llama3.1:8b,batch04__Lang_1__binaryToHexDigitMsb0_4bits__lang_1f_binaryToHexDigitMsb0_4bits_line403,m07,1,2,2,False
lang_1f_binaryToHexDigit__line300_365,llama3.1:8b,batch04__Lang_1__binaryToHexDigit__lang_1f_binaryToHexDigit_line300,m01,0,0,2,n/a
lang_1f_binaryToHexDigit__line300_365,llama3.1:8b,batch04__Lang_1__binaryToHexDigit__lang_1f_binaryToHexDigit_line300,m02,0,0,2,n/a
lang_1f_binaryToHexDigit__line300_365,llama3.1:8b,batch04__Lang_1__binaryToHexDigit__lang_1f_binaryToHexDigit_line300,m03,0,0,2,n/a
lang_1f_binaryToHexDigit__line300_365,llama3.1:8b,batch04__Lang_1__binaryToHexDigit__lang_1f_binaryToHexDigit_line300,m04,1,2,2,False
lang_1f_binaryToHexDigit__line300_365,llama3.1:8b,batch04__Lang_1__binaryToHexDigit__lang_1f_binaryToHexDigit_line300,m05,1,2,2,False
lang_1f_binaryToHexDigit__line300_365,llama3.1:8b,batch04__Lang_1__binaryToHexDigit__lang_1f_binaryToHexDigit_line300,m06,1,1,2,False
lang_1f_binaryToHexDigit__line300_365,llama3.1:8b,batch04__Lang_1__binaryToHexDigit__lang_1f_binaryToHexDigit_line300,m07,1,2,2,False
lang_1f_format__line414_467,llama3.1:8b,batch04__Lang_1__format__lang_1f_format_line414,m07,1,6,15,False
lang_1f_hexDigitMsb0ToBinary__line220_265,llama3.1:8b,batch04__Lang_1__hexDigitMsb0ToBinary__lang_1f_hexDigitMsb0ToBinary_line220,m04,1,1,1,True
lang_1f_hexDigitMsb0ToBinary__line220_265,llama3.1:8b,batch04__Lang_1__hexDigitMsb0ToBinary__lang_1f_hexDigitMsb0ToBinary_line220,m06,1,1,1,False
lang_36f_appendInternal__line454_551,llama3.1:8b,batch04__Lang_36__appendInternal__lang_36f_appendInternal_line454,m02,0,0,111,n/a
lang_36f_appendInternal__line454_551,llama3.1:8b,batch04__Lang_36__appendInternal__lang_36f_appendInternal_line454,m03,0,0,111,n/a
lang_36f_appendInternal__line454_551,llama3.1:8b,batch04__Lang_36__appendInternal__lang_36f_appendInternal_line454,m04,1,101,111,False
lang_36f_appendInternal__line454_551,llama3.1:8b,batch04__Lang_36__appendInternal__lang_36f_appendInternal_line454,m06,1,7,111,False
lang_36f_appendInternal__line454_551,llama3.1:8b,batch04__Lang_36__appendInternal__lang_36f_appendInternal_line454,m07,1,11,111,False
lang_36f_append__line367_409,llama3.1:8b,batch04__Lang_36__append__lang_36f_append_line367,m01,1,29,45,False
lang_36f_append__line367_409,llama3.1:8b,batch04__Lang_36__append__lang_36f_append_line367,m02,1,3,45,False
lang_36f_append__line367_409,llama3.1:8b,batch04__Lang_36__append__lang_36f_append_line367,m03,1,30,45,False
lang_37f_append__line441_491,llama3.1:8b,batch04__Lang_37__append__lang_37f_append_line441,m01,1,3,29,False
lang_37f_append__line441_491,llama3.1:8b,batch04__Lang_37__append__lang_37f_append_line441,m03,1,1,29,False
lang_37f_append__line441_491,llama3.1:8b,batch04__Lang_37__append__lang_37f_append_line441,m05,1,4,29,False
lang_37f_append__line441_491,llama3.1:8b,batch04__Lang_37__append__lang_37f_append_line441,m06,1,1,29,False
lang_40f_random__line225_284,llama3.1:8b,batch04__Lang_40__random__lang_40f_random_line225,m01,1,2,3,False
lang_40f_random__line225_284,llama3.1:8b,batch04__Lang_40__random__lang_40f_random_line225,m02,1,2,3,False
lang_40f_random__line225_284,llama3.1:8b,batch04__Lang_40__random__lang_40f_random_line225,m03,0,0,3,n/a
lang_40f_random__line225_284,llama3.1:8b,batch04__Lang_40__random__lang_40f_random_line225,m04,1,1,3,False
lang_40f_random__line225_284,llama3.1:8b,batch04__Lang_40__random__lang_40f_random_line225,m05,1,1,3,False
lang_40f_random__line225_284,llama3.1:8b,batch04__Lang_40__random__lang_40f_random_line225,m07,0,0,3,n/a
lang_40f_random__line225_284,llama3.1:8b,batch04__Lang_40__random__lang_40f_random_line225,m08,1,1,3,False
lang_5f_isNumber__line1310_1410,llama3.1:8b,batch04__Lang_5__isNumber__lang_5f_isNumber_line1310,m01,1,1,1,True
lang_5f_isNumber__line1310_1410,llama3.1:8b,batch04__Lang_5__isNumber__lang_5f_isNumber_line1310,m02,1,1,1,False
lang_5f_isNumber__line1310_1410,llama3.1:8b,batch04__Lang_5__isNumber__lang_5f_isNumber_line1310,m03,1,1,1,False
lang_5f_isNumber__line1310_1410,llama3.1:8b,batch04__Lang_5__isNumber__lang_5f_isNumber_line1310,m05,1,1,1,False
lang_5f_isNumber__line1310_1410,llama3.1:8b,batch04__Lang_5__isNumber__lang_5f_isNumber_line1310,m06,0,0,1,n/a
lang_60f_format__line373_426,llama3.1:8b,batch04__Lang_60__format__lang_60f_format_line373,m07,1,2,11,False
lang_64f_append__line403_452,llama3.1:8b,batch04__Lang_64__append__lang_64f_append_line403,m01,1,3,29,False
lang_64f_append__line403_452,llama3.1:8b,batch04__Lang_64__append__lang_64f_append_line403,m02,1,11,29,False
lang_64f_append__line403_452,llama3.1:8b,batch04__Lang_64__append__lang_64f_append_line403,m03,1,1,29,False
lang_64f_append__line403_452,llama3.1:8b,batch04__Lang_64__append__lang_64f_append_line403,m04,1,4,29,False
lang_64f_append__line403_452,llama3.1:8b,batch04__Lang_64__append__lang_64f_append_line403,m05,1,1,29,False
lang_64f_append__line403_452,llama3.1:8b,batch04__Lang_64__append__lang_64f_append_line403,m06,1,3,29,False
lang_64f_append__line403_452,llama3.1:8b,batch04__Lang_64__append__lang_64f_append_line403,m08,1,9,29,False
math_23f_copy__line668_739,llama3.1:8b,batch04__Math_23__copy__math_23f_copy_line668,m01,1,3,3,True
math_23f_copy__line668_739,llama3.1:8b,batch04__Math_23__copy__math_23f_copy_line668,m02,1,2,3,False
math_23f_copy__line668_739,llama3.1:8b,batch04__Math_23__copy__math_23f_copy_line668,m03,0,0,3,n/a
math_23f_copy__line668_739,llama3.1:8b,batch04__Math_23__copy__math_23f_copy_line668,m04,1,1,3,False
math_23f_copy__line668_739,llama3.1:8b,batch04__Math_23__copy__math_23f_copy_line668,m05,0,0,3,n/a
math_23f_copy__line668_739,llama3.1:8b,batch04__Math_23__copy__math_23f_copy_line668,m06,1,1,3,False
math_23f_copy__line668_739,llama3.1:8b,batch04__Math_23__copy__math_23f_copy_line668,m07,0,0,3,n/a
math_36f_compareTo__line247_287,llama3.1:8b,batch04__Math_36__compareTo__math_36f_compareTo_line247,m01,0,0,18,n/a
math_36f_compareTo__line247_287,llama3.1:8b,batch04__Math_36__compareTo__math_36f_compareTo_line247,m03,0,0,18,n/a
math_36f_compareTo__line247_287,llama3.1:8b,batch04__Math_36__compareTo__math_36f_compareTo_line247,m04,1,10,18,False
math_36f_compareTo__line247_287,llama3.1:8b,batch04__Math_36__compareTo__math_36f_compareTo_line247,m05,1,18,18,False
math_36f_compareTo__line247_287,llama3.1:8b,batch04__Math_36__compareTo__math_36f_compareTo_line247,m06,0,0,18,n/a
math_36f_compareTo__line247_287,llama3.1:8b,batch04__Math_36__compareTo__math_36f_compareTo_line247,m07,0,0,18,n/a
math_36f_compareTo__line247_287,llama3.1:8b,batch04__Math_36__compareTo__math_36f_compareTo_line247,m08,1,18,18,False
math_36f_recurseSides__line436_510,llama3.1:8b,batch04__Math_36__recurseSides__math_36f_recurseSides_line436,m01,1,15,22,False
math_36f_recurseSides__line436_510,llama3.1:8b,batch04__Math_36__recurseSides__math_36f_recurseSides_line436,m04,1,8,22,False
math_36f_recurseSides__line436_510,llama3.1:8b,batch04__Math_36__recurseSides__math_36f_recurseSides_line436,m05,0,0,22,n/a
math_36f_recurseSides__line436_510,llama3.1:8b,batch04__Math_36__recurseSides__math_36f_recurseSides_line436,m06,1,20,22,False
math_36f_recurseSides__line436_510,llama3.1:8b,batch04__Math_36__recurseSides__math_36f_recurseSides_line436,m08,0,0,22,n/a
math_43f_regress__line759_823,llama3.1:8b,batch04__Math_43__regress__math_43f_regress_line759,m01,0,0,1,n/a
math_43f_regress__line759_823,llama3.1:8b,batch04__Math_43__regress__math_43f_regress_line759,m02,0,0,1,n/a
math_43f_regress__line759_823,llama3.1:8b,batch04__Math_43__regress__math_43f_regress_line759,m03,1,1,1,True
math_43f_regress__line759_823,llama3.1:8b,batch04__Math_43__regress__math_43f_regress_line759,m04,0,0,1,n/a
math_43f_regress__line759_823,llama3.1:8b,batch04__Math_43__regress__math_43f_regress_line759,m07,1,1,1,False
math_43f_regress__line759_823,llama3.1:8b,batch04__Math_43__regress__math_43f_regress_line759,m08,1,1,1,False
math_45f_scalb__line3036_3112,llama3.1:8b,batch04__Math_45__scalb__math_45f_scalb_line3036,m01,1,1,42,False
math_45f_scalb__line3036_3112,llama3.1:8b,batch04__Math_45__scalb__math_45f_scalb_line3036,m03,0,0,42,n/a
math_45f_scalb__line3036_3112,llama3.1:8b,batch04__Math_45__scalb__math_45f_scalb_line3036,m05,0,0,42,n/a
math_45f_scalb__line3036_3112,llama3.1:8b,batch04__Math_45__scalb__math_45f_scalb_line3036,m07,0,0,42,n/a
math_45f_scalb__line3036_3112,llama3.1:8b,batch04__Math_45__scalb__math_45f_scalb_line3036,m08,1,1,42,False
math_55f_round__line1330_1403,llama3.1:8b,batch04__Math_55__round__math_55f_round_line1330,m02,1,1,62,False
math_55f_round__line1330_1403,llama3.1:8b,batch04__Math_55__round__math_55f_round_line1330,m03,1,2,62,False
math_55f_round__line1330_1403,llama3.1:8b,batch04__Math_55__round__math_55f_round_line1330,m04,1,2,62,False
math_55f_round__line1330_1403,llama3.1:8b,batch04__Math_55__round__math_55f_round_line1330,m05,1,36,62,False
math_55f_round__line1330_1403,llama3.1:8b,batch04__Math_55__round__math_55f_round_line1330,m06,1,2,62,False
math_55f_round__line1330_1403,llama3.1:8b,batch04__Math_55__round__math_55f_round_line1330,m07,1,2,62,False
math_55f_round__line1330_1403,llama3.1:8b,batch04__Math_55__round__math_55f_round_line1330,m08,1,2,62,False
math_79f_evaluateStep__line166_260,llama3.1:8b,batch04__Math_79__evaluateStep__math_79f_evaluateStep_line166,m01,0,0,87,n/a
math_79f_evaluateStep__line166_260,llama3.1:8b,batch04__Math_79__evaluateStep__math_79f_evaluateStep_line166,m03,0,0,87,n/a
math_79f_evaluateStep__line166_260,llama3.1:8b,batch04__Math_79__evaluateStep__math_79f_evaluateStep_line166,m04,0,0,87,n/a
math_79f_evaluateStep__line166_260,llama3.1:8b,batch04__Math_79__evaluateStep__math_79f_evaluateStep_line166,m05,0,0,87,n/a
math_79f_evaluateStep__line166_260,llama3.1:8b,batch04__Math_79__evaluateStep__math_79f_evaluateStep_line166,m06,0,0,87,n/a
math_79f_evaluateStep__line166_260,llama3.1:8b,batch04__Math_79__evaluateStep__math_79f_evaluateStep_line166,m07,0,0,87,n/a
math_85f_dqd__line1318_1411,llama3.1:8b,batch04__Math_85__dqd__math_85f_dqd_line1318,m02,0,0,15,n/a
math_85f_dqd__line1318_1411,llama3.1:8b,batch04__Math_85__dqd__math_85f_dqd_line1318,m04,0,0,15,n/a
math_85f_dqd__line1318_1411,llama3.1:8b,batch04__Math_85__dqd__math_85f_dqd_line1318,m05,0,0,15,n/a
math_85f_dqd__line1318_1411,llama3.1:8b,batch04__Math_85__dqd__math_85f_dqd_line1318,m08,1,2,15,False
math_92f_localMin__line103_201,llama3.1:8b,batch04__Math_92__localMin__math_92f_localMin_line103,m01,1,3,3,True
math_92f_localMin__line103_201,llama3.1:8b,batch04__Math_92__localMin__math_92f_localMin_line103,m02,0,0,3,n/a
math_92f_localMin__line103_201,llama3.1:8b,batch04__Math_92__localMin__math_92f_localMin_line103,m03,0,0,3,n/a
math_92f_localMin__line103_201,llama3.1:8b,batch04__Math_92__localMin__math_92f_localMin_line103,m04,0,0,3,n/a
math_92f_localMin__line103_201,llama3.1:8b,batch04__Math_92__localMin__math_92f_localMin_line103,m05,0,0,3,n/a
math_92f_localMin__line103_201,llama3.1:8b,batch04__Math_92__localMin__math_92f_localMin_line103,m06,1,3,3,True
math_92f_localMin__line103_201,llama3.1:8b,batch04__Math_92__localMin__math_92f_localMin_line103,m07,1,2,3,False
math_92f_localMin__line103_201,llama3.1:8b,batch04__Math_92__localMin__math_92f_localMin_line103,m08,1,3,3,True
mockito_1f_append__line332_378,llama3.1:8b,batch04__Mockito_1__append__mockito_1f_append_line332,m01,1,4,36,False
mockito_1f_append__line332_378,llama3.1:8b,batch04__Mockito_1__append__mockito_1f_append_line332,m03,0,0,36,n/a
mockito_1f_append__line332_378,llama3.1:8b,batch04__Mockito_1__append__mockito_1f_append_line332,m05,1,2,36,False
mockito_1f_append__line332_378,llama3.1:8b,batch04__Mockito_1__append__mockito_1f_append_line332,m08,1,12,36,False
mockito_1f_binaryOperation__line224_294,llama3.1:8b,batch04__Mockito_1__binaryOperation__mockito_1f_binaryOperation_line224,m01,0,0,1,n/a
mockito_1f_binaryOperation__line224_294,llama3.1:8b,batch04__Mockito_1__binaryOperation__mockito_1f_binaryOperation_line224,m02,0,0,1,n/a
mockito_1f_binaryOperation__line224_294,llama3.1:8b,batch04__Mockito_1__binaryOperation__mockito_1f_binaryOperation_line224,m03,0,0,1,n/a
mockito_1f_binaryOperation__line224_294,llama3.1:8b,batch04__Mockito_1__binaryOperation__mockito_1f_binaryOperation_line224,m04,0,0,1,n/a
mockito_1f_cast_numeric__line252_297,llama3.1:8b,batch04__Mockito_1__cast_numeric__mockito_1f_cast_numeric_line252,m01,0,0,1,n/a
mockito_1f_cast_numeric__line252_297,llama3.1:8b,batch04__Mockito_1__cast_numeric__mockito_1f_cast_numeric_line252,m02,0,0,1,n/a
mockito_1f_cast_numeric__line252_297,llama3.1:8b,batch04__Mockito_1__cast_numeric__mockito_1f_cast_numeric_line252,m03,0,0,1,n/a
mockito_1f_cast_numeric__line252_297,llama3.1:8b,batch04__Mockito_1__cast_numeric__mockito_1f_cast_numeric_line252,m04,0,0,1,n/a
mockito_1f_cast_numeric__line252_297,llama3.1:8b,batch04__Mockito_1__cast_numeric__mockito_1f_cast_numeric_line252,m05,0,0,1,n/a
mockito_1f_cast_numeric__line252_297,llama3.1:8b,batch04__Mockito_1__cast_numeric__mockito_1f_cast_numeric_line252,m06,0,0,1,n/a
mockito_1f_cast_numeric__line252_297,llama3.1:8b,batch04__Mockito_1__cast_numeric__mockito_1f_cast_numeric_line252,m07,0,0,1,n/a
mockito_1f_cast_numeric__line252_297,llama3.1:8b,batch04__Mockito_1__cast_numeric__mockito_1f_cast_numeric_line252,m08,0,0,1,n/a
mockito_1f_merge__line1340_1401,llama3.1:8b,batch04__Mockito_1__merge__mockito_1f_merge_line1340,m01,0,0,1,n/a
mockito_1f_merge__line1340_1401,llama3.1:8b,batch04__Mockito_1__merge__mockito_1f_merge_line1340,m02,0,0,1,n/a
mockito_1f_merge__line1340_1401,llama3.1:8b,batch04__Mockito_1__merge__mockito_1f_merge_line1340,m03,0,0,1,n/a
mockito_1f_merge__line1340_1401,llama3.1:8b,batch04__Mockito_1__merge__mockito_1f_merge_line1340,m04,0,0,1,n/a
mockito_1f_merge__line1340_1401,llama3.1:8b,batch04__Mockito_1__merge__mockito_1f_merge_line1340,m05,0,0,1,n/a
mockito_1f_merge__line1340_1401,llama3.1:8b,batch04__Mockito_1__merge__mockito_1f_merge_line1340,m06,0,0,1,n/a
mockito_1f_merge__line1340_1401,llama3.1:8b,batch04__Mockito_1__merge__mockito_1f_merge_line1340,m07,0,0,1,n/a
mockito_1f_merge__line1340_1401,llama3.1:8b,batch04__Mockito_1__merge__mockito_1f_merge_line1340,m08,0,0,1,n/a
mockito_1f_newOperation__line79_128,llama3.1:8b,batch04__Mockito_1__newOperation__mockito_1f_newOperation_line79,m01,0,0,1,n/a
mockito_1f_newOperation__line79_128,llama3.1:8b,batch04__Mockito_1__newOperation__mockito_1f_newOperation_line79,m02,0,0,1,n/a
mockito_1f_newOperation__line79_128,llama3.1:8b,batch04__Mockito_1__newOperation__mockito_1f_newOperation_line79,m03,0,0,1,n/a
mockito_1f_newOperation__line79_128,llama3.1:8b,batch04__Mockito_1__newOperation__mockito_1f_newOperation_line79,m04,0,0,1,n/a
mockito_1f_newOperation__line79_128,llama3.1:8b,batch04__Mockito_1__newOperation__mockito_1f_newOperation_line79,m06,0,0,1,n/a
mockito_1f_newOperation__line79_128,llama3.1:8b,batch04__Mockito_1__newOperation__mockito_1f_newOperation_line79,m08,0,0,1,n/a
mockito_1f_parseType__line140_228,llama3.1:8b,batch04__Mockito_1__parseType__mockito_1f_parseType_line140,m01,0,0,1,n/a
mockito_1f_parseType__line140_228,llama3.1:8b,batch04__Mockito_1__parseType__mockito_1f_parseType_line140,m03,0,0,1,n/a
mockito_1f_parseType__line140_228,llama3.1:8b,batch04__Mockito_1__parseType__mockito_1f_parseType_line140,m04,0,0,1,n/a
mockito_1f_parseType__line140_228,llama3.1:8b,batch04__Mockito_1__parseType__mockito_1f_parseType_line140,m05,0,0,1,n/a
mockito_1f_parseType__line140_228,llama3.1:8b,batch04__Mockito_1__parseType__mockito_1f_parseType_line140,m07,0,0,1,n/a
mockito_1f_visitJumpInsn__line856_945,llama3.1:8b,batch04__Mockito_1__visitJumpInsn__mockito_1f_visitJumpInsn_line856,m01,0,0,1,n/a
mockito_1f_visitJumpInsn__line856_945,llama3.1:8b,batch04__Mockito_1__visitJumpInsn__mockito_1f_visitJumpInsn_line856,m02,0,0,1,n/a
mockito_1f_visitJumpInsn__line856_945,llama3.1:8b,batch04__Mockito_1__visitJumpInsn__mockito_1f_visitJumpInsn_line856,m03,0,0,1,n/a
mockito_1f_visitJumpInsn__line856_945,llama3.1:8b,batch04__Mockito_1__visitJumpInsn__mockito_1f_visitJumpInsn_line856,m04,0,0,1,n/a
mockito_1f_visitJumpInsn__line856_945,llama3.1:8b,batch04__Mockito_1__visitJumpInsn__mockito_1f_visitJumpInsn_line856,m05,0,0,1,n/a
mockito_1f_visitJumpInsn__line856_945,llama3.1:8b,batch04__Mockito_1__visitJumpInsn__mockito_1f_visitJumpInsn_line856,m06,0,0,1,n/a
mockito_1f_visitJumpInsn__line856_945,llama3.1:8b,batch04__Mockito_1__visitJumpInsn__mockito_1f_visitJumpInsn_line856,m07,0,0,1,n/a
mockito_1f_visitJumpInsn__line856_945,llama3.1:8b,batch04__Mockito_1__visitJumpInsn__mockito_1f_visitJumpInsn_line856,m08,0,0,1,n/a
mockito_38f_matches__line18_42,llama3.1:8b,batch04__Mockito_38__matches__mockito_38f_matches_line18,m01,1,1,4,False
mockito_38f_matches__line18_42,llama3.1:8b,batch04__Mockito_38__matches__mockito_38f_matches_line18,m02,1,1,4,False
mockito_38f_matches__line18_42,llama3.1:8b,batch04__Mockito_38__matches__mockito_38f_matches_line18,m03,1,1,4,False
mockito_38f_matches__line18_42,llama3.1:8b,batch04__Mockito_38__matches__mockito_38f_matches_line18,m04,1,1,4,False
mockito_38f_matches__line18_42,llama3.1:8b,batch04__Mockito_38__matches__mockito_38f_matches_line18,m05,1,1,4,False
mockito_38f_matches__line18_42,llama3.1:8b,batch04__Mockito_38__matches__mockito_38f_matches_line18,m06,1,1,4,False
mockito_38f_matches__line18_42,llama3.1:8b,batch04__Mockito_38__matches__mockito_38f_matches_line18,m07,1,1,4,False
mockito_38f_matches__line18_42,llama3.1:8b,batch04__Mockito_38__matches__mockito_38f_matches_line18,m08,1,1,4,False
time_1f_selectSlow__line242_316,llama3.1:8b,batch04__Time_1__selectSlow__time_1f_selectSlow_line242,m01,0,0,416,n/a
time_1f_selectSlow__line242_316,llama3.1:8b,batch04__Time_1__selectSlow__time_1f_selectSlow_line242,m02,1,344,416,False
time_1f_selectSlow__line242_316,llama3.1:8b,batch04__Time_1__selectSlow__time_1f_selectSlow_line242,m03,0,0,416,n/a
time_1f_selectSlow__line242_316,llama3.1:8b,batch04__Time_1__selectSlow__time_1f_selectSlow_line242,m04,0,0,416,n/a
time_1f_selectSlow__line242_316,llama3.1:8b,batch04__Time_1__selectSlow__time_1f_selectSlow_line242,m05,1,2,416,False
time_1f_selectSlow__line242_316,llama3.1:8b,batch04__Time_1__selectSlow__time_1f_selectSlow_line242,m06,1,2,416,False
time_22f_compile__line366_453,llama3.1:8b,batch04__Time_22__compile__time_22f_compile_line366,m01,0,0,1,n/a
time_22f_compile__line366_453,llama3.1:8b,batch04__Time_22__compile__time_22f_compile_line366,m04,1,1,1,True
time_22f_compile__line366_453,llama3.1:8b,batch04__Time_22__compile__time_22f_compile_line366,m06,1,1,1,True
time_22f_isNumericToken__line632_664,llama3.1:8b,batch04__Time_22__isNumericToken__time_22f_isNumericToken_line632,m01,0,0,66,n/a
time_22f_isNumericToken__line632_664,llama3.1:8b,batch04__Time_22__isNumericToken__time_22f_isNumericToken_line632,m02,0,0,66,n/a
time_22f_isNumericToken__line632_664,llama3.1:8b,batch04__Time_22__isNumericToken__time_22f_isNumericToken_line632,m03,0,0,66,n/a
time_22f_isNumericToken__line632_664,llama3.1:8b,batch04__Time_22__isNumericToken__time_22f_isNumericToken_line632,m06,0,0,66,n/a
time_22f_isNumericToken__line632_664,llama3.1:8b,batch04__Time_22__isNumericToken__time_22f_isNumericToken_line632,m07,0,0,66,n/a
time_22f_isNumericToken__line632_664,llama3.1:8b,batch04__Time_22__isNumericToken__time_22f_isNumericToken_line632,m08,0,0,66,n/a
time_6f_time__line384_446,llama3.1:8b,batch04__Time_6__time__time_6f_time_line384,m01,1,46,86,False
time_6f_time__line384_446,llama3.1:8b,batch04__Time_6__time__time_6f_time_line384,m02,0,0,86,n/a
time_6f_time__line384_446,llama3.1:8b,batch04__Time_6__time__time_6f_time_line384,m06,1,8,86,False
chart_1f_clipLine__line62_141,qwen3:14b,batch05__Chart_1__clipLine__chart_1f_clipLine_line62,m01,1,1,3,False
chart_1f_clipLine__line62_141,qwen3:14b,batch05__Chart_1__clipLine__chart_1f_clipLine_line62,m08,1,1,3,False
chart_1f_readResolve__line213_291,qwen3:14b,batch05__Chart_1__readResolve__chart_1f_readResolve_line213,m01,1,3,69,False
chart_1f_readResolve__line213_291,qwen3:14b,batch05__Chart_1__readResolve__chart_1f_readResolve_line213,m02,1,3,69,False
chart_1f_readResolve__line213_291,qwen3:14b,batch05__Chart_1__readResolve__chart_1f_readResolve_line213,m03,1,3,69,False
chart_1f_readResolve__line213_291,qwen3:14b,batch05__Chart_1__readResolve__chart_1f_readResolve_line213,m04,1,66,69,False
chart_1f_readResolve__line213_291,qwen3:14b,batch05__Chart_1__readResolve__chart_1f_readResolve_line213,m05,1,1,69,False
chart_1f_readResolve__line213_291,qwen3:14b,batch05__Chart_1__readResolve__chart_1f_readResolve_line213,m06,1,1,69,False
chart_1f_readResolve__line213_291,qwen3:14b,batch05__Chart_1__readResolve__chart_1f_readResolve_line213,m07,0,0,69,n/a
chart_1f_readResolve__line213_291,qwen3:14b,batch05__Chart_1__readResolve__chart_1f_readResolve_line213,m08,1,63,69,False
chart_20f_widgetSelected__line1386_1433,qwen3:14b,batch05__Chart_20__widgetSelected__chart_20f_widgetSelected_line1386,m01,0,0,1,n/a
chart_20f_widgetSelected__line1386_1433,qwen3:14b,batch05__Chart_20__widgetSelected__chart_20f_widgetSelected_line1386,m03,0,0,1,n/a
chart_20f_widgetSelected__line1386_1433,qwen3:14b,batch05__Chart_20__widgetSelected__chart_20f_widgetSelected_line1386,m04,0,0,1,n/a
chart_20f_widgetSelected__line1386_1433,qwen3:14b,batch05__Chart_20__widgetSelected__chart_20f_widgetSelected_line1386,m05,0,0,1,n/a
chart_20f_widgetSelected__line1386_1433,qwen3:14b,batch05__Chart_20__widgetSelected__chart_20f_widgetSelected_line1386,m06,0,0,1,n/a
chart_20f_widgetSelected__line1386_1433,qwen3:14b,batch05__Chart_20__widgetSelected__chart_20f_widgetSelected_line1386,m07,0,0,1,n/a
chart_20f_widgetSelected__line1386_1433,qwen3:14b,batch05__Chart_20__widgetSelected__chart_20f_widgetSelected_line1386,m08,0,0,1,n/a
chart_4f_deriveRotationAnchorOffsets__line686_768,qwen3:14b,batch05__Chart_4__deriveRotationAnchorOffsets__chart_4f_deriveRotationAnchorOffsets_line686,m01,0,0,65,n/a
chart_4f_deriveRotationAnchorOffsets__line686_768,qwen3:14b,batch05__Chart_4__deriveRotationAnchorOffsets__chart_4f_deriveRotationAnchorOffsets_line686,m02,0,0,65,n/a
chart_4f_deriveRotationAnchorOffsets__line686_768,qwen3:14b,batch05__Chart_4__deriveRotationAnchorOffsets__chart_4f_deriveRotationAnchorOffsets_line686,m03,0,0,65,n/a
chart_4f_deriveRotationAnchorOffsets__line686_768,qwen3:14b,batch05__Chart_4__deriveRotationAnchorOffsets__chart_4f_deriveRotationAnchorOffsets_line686,m04,0,0,65,n/a
chart_4f_deriveRotationAnchorOffsets__line686_768,qwen3:14b,batch05__Chart_4__deriveRotationAnchorOffsets__chart_4f_deriveRotationAnchorOffsets_line686,m05,0,0,65,n/a
chart_4f_deriveRotationAnchorOffsets__line686_768,qwen3:14b,batch05__Chart_4__deriveRotationAnchorOffsets__chart_4f_deriveRotationAnchorOffsets_line686,m06,0,0,65,n/a
chart_4f_deriveRotationAnchorOffsets__line686_768,qwen3:14b,batch05__Chart_4__deriveRotationAnchorOffsets__chart_4f_deriveRotationAnchorOffsets_line686,m07,0,0,65,n/a
chart_4f_deriveRotationAnchorOffsets__line686_768,qwen3:14b,batch05__Chart_4__deriveRotationAnchorOffsets__chart_4f_deriveRotationAnchorOffsets_line686,m08,0,0,65,n/a
chart_4f_deriveTextBoundsAnchorOffsets__line599_673,qwen3:14b,batch05__Chart_4__deriveTextBoundsAnchorOffsets__chart_4f_deriveTextBoundsAnchorOffsets_line599,m01,0,0,70,n/a
chart_4f_deriveTextBoundsAnchorOffsets__line599_673,qwen3:14b,batch05__Chart_4__deriveTextBoundsAnchorOffsets__chart_4f_deriveTextBoundsAnchorOffsets_line599,m02,0,0,70,n/a
chart_4f_deriveTextBoundsAnchorOffsets__line599_673,qwen3:14b,batch05__Chart_4__deriveTextBoundsAnchorOffsets__chart_4f_deriveTextBoundsAnchorOffsets_line599,m03,0,0,70,n/a
chart_4f_deriveTextBoundsAnchorOffsets__line599_673,qwen3:14b,batch05__Chart_4__deriveTextBoundsAnchorOffsets__chart_4f_deriveTextBoundsAnchorOffsets_line599,m04,0,0,70,n/a
chart_4f_deriveTextBoundsAnchorOffsets__line599_673,qwen3:14b,batch05__Chart_4__deriveTextBoundsAnchorOffsets__chart_4f_deriveTextBoundsAnchorOffsets_line599,m05,0,0,70,n/a
chart_4f_deriveTextBoundsAnchorOffsets__line599_673,qwen3:14b,batch05__Chart_4__deriveTextBoundsAnchorOffsets__chart_4f_deriveTextBoundsAnchorOffsets_line599,m06,0,0,70,n/a
chart_4f_deriveTextBoundsAnchorOffsets__line599_673,qwen3:14b,batch05__Chart_4__deriveTextBoundsAnchorOffsets__chart_4f_deriveTextBoundsAnchorOffsets_line599,m07,0,0,70,n/a
chart_4f_deriveTextBoundsAnchorOffsets__line599_673,qwen3:14b,batch05__Chart_4__deriveTextBoundsAnchorOffsets__chart_4f_deriveTextBoundsAnchorOffsets_line599,m08,0,0,70,n/a
chart_6f_equals__line1488_1582,qwen3:14b,batch05__Chart_6__equals__chart_6f_equals_line1488,m01,1,2,3,False
chart_6f_equals__line1488_1582,qwen3:14b,batch05__Chart_6__equals__chart_6f_equals_line1488,m02,1,3,3,False
chart_6f_equals__line1488_1582,qwen3:14b,batch05__Chart_6__equals__chart_6f_equals_line1488,m03,0,0,3,n/a
chart_6f_equals__line1488_1582,qwen3:14b,batch05__Chart_6__equals__chart_6f_equals_line1488,m04,1,3,3,False
chart_6f_equals__line1488_1582,qwen3:14b,batch05__Chart_6__equals__chart_6f_equals_line1488,m05,1,3,3,False
chart_6f_equals__line1488_1582,qwen3:14b,batch05__Chart_6__equals__chart_6f_equals_line1488,m06,0,0,3,n/a
chart_6f_equals__line1488_1582,qwen3:14b,batch05__Chart_6__equals__chart_6f_equals_line1488,m07,1,1,3,False
chart_6f_equals__line1488_1582,qwen3:14b,batch05__Chart_6__equals__chart_6f_equals_line1488,m08,1,3,3,False
cli_14f_appendUsage__line298_390,qwen3:14b,batch05__Cli_14__appendUsage__cli_14f_appendUsage_line298,m03,1,13,31,False
cli_14f_appendUsage__line298_390,qwen3:14b,batch05__Cli_14__appendUsage__cli_14f_appendUsage_line298,m04,1,8,31,False
cli_14f_appendUsage__line298_390,qwen3:14b,batch05__Cli_14__appendUsage__cli_14f_appendUsage_line298,m05,1,1,31,False
cli_14f_appendUsage__line298_390,qwen3:14b,batch05__Cli_14__appendUsage__cli_14f_appendUsage_line298,m06,1,16,31,False
cli_14f_appendUsage__line298_390,qwen3:14b,batch05__Cli_14__appendUsage__cli_14f_appendUsage_line298,m07,0,0,31,n/a
cli_14f_appendUsage__line298_390,qwen3:14b,batch05__Cli_14__appendUsage__cli_14f_appendUsage_line298,m08,1,14,31,False
cli_1f_findWrapPos__line789_833,qwen3:14b,batch05__Cli_1__findWrapPos__cli_1f_findWrapPos_line789,m02,1,3,7,False
cli_1f_findWrapPos__line789_833,qwen3:14b,batch05__Cli_1__findWrapPos__cli_1f_findWrapPos_line789,m03,1,3,7,False
cli_1f_findWrapPos__line789_833,qwen3:14b,batch05__Cli_1__findWrapPos__cli_1f_findWrapPos_line789,m04,1,1,7,False
cli_1f_findWrapPos__line789_833,qwen3:14b,batch05__Cli_1__findWrapPos__cli_1f_findWrapPos_line789,m08,1,1,7,False
cli_1f_parse__line129_220,qwen3:14b,batch05__Cli_1__parse__cli_1f_parse_line129,m02,0,0,74,n/a
cli_1f_parse__line129_220,qwen3:14b,batch05__Cli_1__parse__cli_1f_parse_line129,m06,1,9,74,False
cli_1f_parse__line129_220,qwen3:14b,batch05__Cli_1__parse__cli_1f_parse_line129,m07,1,3,74,False
cli_1f_parse__line129_220,qwen3:14b,batch05__Cli_1__parse__cli_1f_parse_line129,m08,1,3,74,False
cli_30f_processProperties__line252_305,qwen3:14b,batch05__Cli_30__processProperties__cli_30f_processProperties_line252,m01,1,62,64,False
cli_30f_processProperties__line252_305,qwen3:14b,batch05__Cli_30__processProperties__cli_30f_processProperties_line252,m02,1,2,64,False
cli_30f_processProperties__line252_305,qwen3:14b,batch05__Cli_30__processProperties__cli_30f_processProperties_line252,m03,1,1,64,False
cli_30f_processProperties__line252_305,qwen3:14b,batch05__Cli_30__processProperties__cli_30f_processProperties_line252,m04,1,1,64,False
cli_30f_processProperties__line252_305,qwen3:14b,batch05__Cli_30__processProperties__cli_30f_processProperties_line252,m05,0,0,64,n/a
cli_30f_processProperties__line252_305,qwen3:14b,batch05__Cli_30__processProperties__cli_30f_processProperties_line252,m08,0,0,64,n/a
cli_3f_createValue__line59_101,qwen3:14b,batch05__Cli_3__createValue__cli_3f_createValue_line59,m01,1,1,1,False
cli_3f_createValue__line59_101,qwen3:14b,batch05__Cli_3__createValue__cli_3f_createValue_line59,m02,1,1,1,False
cli_3f_createValue__line59_101,qwen3:14b,batch05__Cli_3__createValue__cli_3f_createValue_line59,m03,1,1,1,False
cli_3f_createValue__line59_101,qwen3:14b,batch05__Cli_3__createValue__cli_3f_createValue_line59,m04,0,0,1,n/a
cli_3f_createValue__line59_101,qwen3:14b,batch05__Cli_3__createValue__cli_3f_createValue_line59,m05,1,1,1,False
cli_3f_createValue__line59_101,qwen3:14b,batch05__Cli_3__createValue__cli_3f_createValue_line59,m06,1,1,1,False
cli_3f_createValue__line59_101,qwen3:14b,batch05__Cli_3__createValue__cli_3f_createValue_line59,m07,0,0,1,n/a
cli_3f_createValue__line59_101,qwen3:14b,batch05__Cli_3__createValue__cli_3f_createValue_line59,m08,1,1,1,False
cli_40f_flatten__line94_174,qwen3:14b,batch05__Cli_40__flatten__cli_40f_flatten_line94,m01,0,0,76,n/a
cli_40f_flatten__line94_174,qwen3:14b,batch05__Cli_40__flatten__cli_40f_flatten_line94,m02,1,1,76,False
cli_40f_flatten__line94_174,qwen3:14b,batch05__Cli_40__flatten__cli_40f_flatten_line94,m04,0,0,76,n/a
cli_40f_flatten__line94_174,qwen3:14b,batch05__Cli_40__flatten__cli_40f_flatten_line94,m05,1,11,76,False
cli_40f_flatten__line94_174,qwen3:14b,batch05__Cli_40__flatten__cli_40f_flatten_line94,m06,1,5,76,False
cli_40f_flatten__line94_174,qwen3:14b,batch05__Cli_40__flatten__cli_40f_flatten_line94,m07,1,51,76,False
cli_40f_flatten__line94_174,qwen3:14b,batch05__Cli_40__flatten__cli_40f_flatten_line94,m08,1,21,76,False
cli_40f_parse__line144_244,qwen3:14b,batch05__Cli_40__parse__cli_40f_parse_line144,m01,0,0,81,n/a
cli_40f_parse__line144_244,qwen3:14b,batch05__Cli_40__parse__cli_40f_parse_line144,m02,0,0,81,n/a
cli_40f_parse__line144_244,qwen3:14b,batch05__Cli_40__parse__cli_40f_parse_line144,m03,0,0,81,n/a
cli_40f_parse__line144_244,qwen3:14b,batch05__Cli_40__parse__cli_40f_parse_line144,m04,1,73,81,False
cli_40f_parse__line144_244,qwen3:14b,batch05__Cli_40__parse__cli_40f_parse_line144,m05,1,6,81,False
cli_40f_parse__line144_244,qwen3:14b,batch05__Cli_40__parse__cli_40f_parse_line144,m06,1,1,81,False
cli_40f_parse__line144_244,qwen3:14b,batch05__Cli_40__parse__cli_40f_parse_line144,m07,1,2,81,False
cli_40f_parse__line144_244,qwen3:14b,batch05__Cli_40__parse__cli_40f_parse_line144,m08,0,0,81,n/a
cli_7f_process__line156_235,qwen3:14b,batch05__Cli_7__process__cli_7f_process_line156,m01,0,0,32,n/a
cli_7f_process__line156_235,qwen3:14b,batch05__Cli_7__process__cli_7f_process_line156,m02,1,24,32,False
cli_7f_process__line156_235,qwen3:14b,batch05__Cli_7__process__cli_7f_process_line156,m03,1,22,32,False
cli_7f_process__line156_235,qwen3:14b,batch05__Cli_7__process__cli_7f_process_line156,m04,1,19,32,False
cli_7f_process__line156_235,qwen3:14b,batch05__Cli_7__process__cli_7f_process_line156,m05,1,14,32,False
cli_7f_process__line156_235,qwen3:14b,batch05__Cli_7__process__cli_7f_process_line156,m06,1,15,32,False
cli_7f_process__line156_235,qwen3:14b,batch05__Cli_7__process__cli_7f_process_line156,m07,1,6,32,False
cli_7f_process__line156_235,qwen3:14b,batch05__Cli_7__process__cli_7f_process_line156,m08,0,0,32,n/a
cli_7f_wrap__line340_438,qwen3:14b,batch05__Cli_7__wrap__cli_7f_wrap_line340,m01,1,13,26,False
cli_7f_wrap__line340_438,qwen3:14b,batch05__Cli_7__wrap__cli_7f_wrap_line340,m02,0,0,26,n/a
cli_7f_wrap__line340_438,qwen3:14b,batch05__Cli_7__wrap__cli_7f_wrap_line340,m03,1,9,26,False
cli_7f_wrap__line340_438,qwen3:14b,batch05__Cli_7__wrap__cli_7f_wrap_line340,m04,1,12,26,False
cli_7f_wrap__line340_438,qwen3:14b,batch05__Cli_7__wrap__cli_7f_wrap_line340,m05,1,23,26,False
cli_7f_wrap__line340_438,qwen3:14b,batch05__Cli_7__wrap__cli_7f_wrap_line340,m07,1,15,26,False
cli_7f_wrap__line340_438,qwen3:14b,batch05__Cli_7__wrap__cli_7f_wrap_line340,m08,1,2,26,False
closure_106f_precedence__line605_680,qwen3:14b,batch05__Closure_106__precedence__closure_106f_precedence_line605,m01,1,2,1892,False
closure_106f_precedence__line605_680,qwen3:14b,batch05__Closure_106__precedence__closure_106f_precedence_line605,m02,0,0,1892,n/a
closure_106f_precedence__line605_680,qwen3:14b,batch05__Closure_106__precedence__closure_106f_precedence_line605,m03,1,3,1892,False
closure_106f_precedence__line605_680,qwen3:14b,batch05__Closure_106__precedence__closure_106f_precedence_line605,m04,0,0,1892,n/a
closure_106f_precedence__line605_680,qwen3:14b,batch05__Closure_106__precedence__closure_106f_precedence_line605,m05,0,0,1892,n/a
closure_106f_precedence__line605_680,qwen3:14b,batch05__Closure_106__precedence__closure_106f_precedence_line605,m06,1,1,1892,False
closure_106f_precedence__line605_680,qwen3:14b,batch05__Closure_106__precedence__closure_106f_precedence_line605,m07,0,0,1892,n/a
closure_125f_precedenceWithDefault__line1179_1254,qwen3:14b,batch05__Closure_125__precedenceWithDefault__closure_125f_precedenceWithDefault_line1179,m01,1,4,3533,False
closure_125f_precedenceWithDefault__line1179_1254,qwen3:14b,batch05__Closure_125__precedenceWithDefault__closure_125f_precedenceWithDefault_line1179,m02,0,0,3533,n/a
closure_125f_precedenceWithDefault__line1179_1254,qwen3:14b,batch05__Closure_125__precedenceWithDefault__closure_125f_precedenceWithDefault_line1179,m03,0,0,3533,n/a
closure_125f_precedenceWithDefault__line1179_1254,qwen3:14b,batch05__Closure_125__precedenceWithDefault__closure_125f_precedenceWithDefault_line1179,m04,0,0,3533,n/a
closure_125f_precedenceWithDefault__line1179_1254,qwen3:14b,batch05__Closure_125__precedenceWithDefault__closure_125f_precedenceWithDefault_line1179,m05,0,0,3533,n/a
closure_125f_precedenceWithDefault__line1179_1254,qwen3:14b,batch05__Closure_125__precedenceWithDefault__closure_125f_precedenceWithDefault_line1179,m06,1,2,3533,False
closure_125f_precedenceWithDefault__line1179_1254,qwen3:14b,batch05__Closure_125__precedenceWithDefault__closure_125f_precedenceWithDefault_line1179,m07,1,1,3533,False
closure_125f_precedenceWithDefault__line1179_1254,qwen3:14b,batch05__Closure_125__precedenceWithDefault__closure_125f_precedenceWithDefault_line1179,m08,0,0,3533,n/a
closure_1f_biggestPowerTen__line180_277,qwen3:14b,batch05__Closure_1__biggestPowerTen__closure_1f_biggestPowerTen_line180,m01,0,0,1,n/a
closure_1f_biggestPowerTen__line180_277,qwen3:14b,batch05__Closure_1__biggestPowerTen__closure_1f_biggestPowerTen_line180,m05,0,0,1,n/a
closure_1f_biggestPowerTen__line180_277,qwen3:14b,batch05__Closure_1__biggestPowerTen__closure_1f_biggestPowerTen_line180,m07,0,0,1,n/a
closure_44f_bytecodeName__line179_262,qwen3:14b,batch05__Closure_44__bytecodeName__closure_44f_bytecodeName_line179,m01,0,0,1,n/a
closure_44f_bytecodeName__line179_262,qwen3:14b,batch05__Closure_44__bytecodeName__closure_44f_bytecodeName_line179,m02,0,0,1,n/a
closure_44f_bytecodeName__line179_262,qwen3:14b,batch05__Closure_44__bytecodeName__closure_44f_bytecodeName_line179,m03,0,0,1,n/a
closure_44f_bytecodeName__line179_262,qwen3:14b,batch05__Closure_44__bytecodeName__closure_44f_bytecodeName_line179,m04,0,0,1,n/a
closure_44f_bytecodeName__line179_262,qwen3:14b,batch05__Closure_44__bytecodeName__closure_44f_bytecodeName_line179,m05,0,0,1,n/a
closure_44f_bytecodeName__line179_262,qwen3:14b,batch05__Closure_44__bytecodeName__closure_44f_bytecodeName_line179,m06,0,0,1,n/a
closure_44f_bytecodeName__line179_262,qwen3:14b,batch05__Closure_44__bytecodeName__closure_44f_bytecodeName_line179,m07,0,0,1,n/a
closure_44f_bytecodeName__line179_262,qwen3:14b,batch05__Closure_44__bytecodeName__closure_44f_bytecodeName_line179,m08,0,0,1,n/a
closure_44f_findInstanceIdInfo__line139_191,qwen3:14b,batch05__Closure_44__findInstanceIdInfo__closure_44f_findInstanceIdInfo_line139,m04,0,0,1,n/a
closure_44f_findInstanceIdInfo__line139_191,qwen3:14b,batch05__Closure_44__findInstanceIdInfo__closure_44f_findInstanceIdInfo_line139,m05,0,0,1,n/a
closure_44f_findInstanceIdInfo__line139_191,qwen3:14b,batch05__Closure_44__findInstanceIdInfo__closure_44f_findInstanceIdInfo_line139,m06,0,0,1,n/a
closure_44f_findInstanceIdInfo__line139_191,qwen3:14b,batch05__Closure_44__findInstanceIdInfo__closure_44f_findInstanceIdInfo_line139,m07,0,0,1,n/a
closure_44f_findPrototypeId__line459_537,qwen3:14b,batch05__Closure_44__findPrototypeId__closure_44f_findPrototypeId_line459,m01,0,0,1,n/a
closure_44f_findPrototypeId__line459_537,qwen3:14b,batch05__Closure_44__findPrototypeId__closure_44f_findPrototypeId_line459,m02,0,0,1,n/a
closure_44f_findPrototypeId__line459_537,qwen3:14b,batch05__Closure_44__findPrototypeId__closure_44f_findPrototypeId_line459,m03,0,0,1,n/a
closure_44f_findPrototypeId__line459_537,qwen3:14b,batch05__Closure_44__findPrototypeId__closure_44f_findPrototypeId_line459,m04,0,0,1,n/a
closure_44f_findPrototypeId__line459_537,qwen3:14b,batch05__Closure_44__findPrototypeId__closure_44f_findPrototypeId_line459,m05,0,0,1,n/a
closure_44f_findPrototypeId__line459_537,qwen3:14b,batch05__Closure_44__findPrototypeId__closure_44f_findPrototypeId_line459,m06,0,0,1,n/a
closure_44f_findPrototypeId__line459_537,qwen3:14b,batch05__Closure_44__findPrototypeId__closure_44f_findPrototypeId_line459,m07,0,0,1,n/a
closure_44f_findPrototypeId__line459_537,qwen3:14b,batch05__Closure_44__findPrototypeId__closure_44f_findPrototypeId_line459,m08,0,0,1,n/a
closure_44f_hasSideEffects__line950_1043,qwen3:14b,batch05__Closure_44__hasSideEffects__closure_44f_hasSideEffects_line950,m01,0,0,1,n/a
closure_44f_hasSideEffects__line950_1043,qwen3:14b,batch05__Closure_44__hasSideEffects__closure_44f_hasSideEffects_line950,m03,0,0,1,n/a
closure_44f_hasSideEffects__line950_1043,qwen3:14b,batch05__Closure_44__hasSideEffects__closure_44f_hasSideEffects_line950,m04,0,0,1,n/a
closure_44f_hasSideEffects__line950_1043,qwen3:14b,batch05__Closure_44__hasSideEffects__closure_44f_hasSideEffects_line950,m05,0,0,1,n/a
closure_44f_hasSideEffects__line950_1043,qwen3:14b,batch05__Closure_44__hasSideEffects__closure_44f_hasSideEffects_line950,m06,0,0,1,n/a
closure_44f_hasSideEffects__line950_1043,qwen3:14b,batch05__Closure_44__hasSideEffects__closure_44f_hasSideEffects_line950,m07,0,0,1,n/a
closure_44f_hasSideEffects__line950_1043,qwen3:14b,batch05__Closure_44__hasSideEffects__closure_44f_hasSideEffects_line950,m08,0,0,1,n/a
closure_46f_mayBeExpression__line487_559,qwen3:14b,batch05__Closure_46__mayBeExpression__closure_46f_mayBeExpression_line487,m02,1,5,100,False
closure_46f_mayBeExpression__line487_559,qwen3:14b,batch05__Closure_46__mayBeExpression__closure_46f_mayBeExpression_line487,m03,1,20,100,False
closure_46f_mayBeExpression__line487_559,qwen3:14b,batch05__Closure_46__mayBeExpression__closure_46f_mayBeExpression_line487,m04,1,44,100,False
closure_46f_mayBeExpression__line487_559,qwen3:14b,batch05__Closure_46__mayBeExpression__closure_46f_mayBeExpression_line487,m05,1,72,100,False
closure_46f_mayBeExpression__line487_559,qwen3:14b,batch05__Closure_46__mayBeExpression__closure_46f_mayBeExpression_line487,m07,1,86,100,False
closure_47f_tokenToName__line1461_1548,qwen3:14b,batch05__Closure_47__tokenToName__closure_47f_tokenToName_line1461,m01,0,0,656,n/a
closure_47f_tokenToName__line1461_1548,qwen3:14b,batch05__Closure_47__tokenToName__closure_47f_tokenToName_line1461,m02,0,0,656,n/a
closure_47f_tokenToName__line1461_1548,qwen3:14b,batch05__Closure_47__tokenToName__closure_47f_tokenToName_line1461,m03,0,0,656,n/a
closure_47f_tokenToName__line1461_1548,qwen3:14b,batch05__Closure_47__tokenToName__closure_47f_tokenToName_line1461,m04,0,0,656,n/a
closure_47f_tokenToName__line1461_1548,qwen3:14b,batch05__Closure_47__tokenToName__closure_47f_tokenToName_line1461,m06,0,0,656,n/a
closure_47f_tokenToName__line1461_1548,qwen3:14b,batch05__Closure_47__tokenToName__closure_47f_tokenToName_line1461,m07,0,0,656,n/a
closure_47f_tokenToName__line1461_1548,qwen3:14b,batch05__Closure_47__tokenToName__closure_47f_tokenToName_line1461,m08,1,1,656,False
codec_13f_encode__line385_469,qwen3:14b,batch05__Codec_13__encode__codec_13f_encode_line385,m01,0,0,13,n/a
codec_13f_encode__line385_469,qwen3:14b,batch05__Codec_13__encode__codec_13f_encode_line385,m02,1,1,13,False
codec_13f_encode__line385_469,qwen3:14b,batch05__Codec_13__encode__codec_13f_encode_line385,m04,1,1,13,False
codec_13f_encode__line385_469,qwen3:14b,batch05__Codec_13__encode__codec_13f_encode_line385,m05,1,2,13,False
codec_13f_encode__line385_469,qwen3:14b,batch05__Codec_13__encode__codec_13f_encode_line385,m06,1,3,13,False
codec_13f_encode__line385_469,qwen3:14b,batch05__Codec_13__encode__codec_13f_encode_line385,m07,0,0,13,n/a
codec_13f_encode__line385_469,qwen3:14b,batch05__Codec_13__encode__codec_13f_encode_line385,m08,1,3,13,False
codec_13f_handleG__line408_461,qwen3:14b,batch05__Codec_13__handleG__codec_13f_handleG_line408,m01,1,3,5,False
codec_13f_handleG__line408_461,qwen3:14b,batch05__Codec_13__handleG__codec_13f_handleG_line408,m02,0,0,5,n/a
codec_13f_handleG__line408_461,qwen3:14b,batch05__Codec_13__handleG__codec_13f_handleG_line408,m04,1,1,5,False
codec_13f_handleG__line408_461,qwen3:14b,batch05__Codec_13__handleG__codec_13f_handleG_line408,m05,1,1,5,False
codec_13f_handleG__line408_461,qwen3:14b,batch05__Codec_13__handleG__codec_13f_handleG_line408,m06,1,2,5,False
codec_13f_handleG__line408_461,qwen3:14b,batch05__Codec_13__handleG__codec_13f_handleG_line408,m07,1,3,5,False
codec_13f_handleG__line408_461,qwen3:14b,batch05__Codec_13__handleG__codec_13f_handleG_line408,m08,1,4,5,False
codec_13f_handleJ__line514_545,qwen3:14b,batch05__Codec_13__handleJ__codec_13f_handleJ_line514,m01,1,5,8,False
codec_13f_handleJ__line514_545,qwen3:14b,batch05__Codec_13__handleJ__codec_13f_handleJ_line514,m02,1,4,8,False
codec_13f_handleJ__line514_545,qwen3:14b,batch05__Codec_13__handleJ__codec_13f_handleJ_line514,m04,0,0,8,n/a
codec_13f_handleJ__line514_545,qwen3:14b,batch05__Codec_13__handleJ__codec_13f_handleJ_line514,m06,0,0,8,n/a
codec_13f_handleJ__line514_545,qwen3:14b,batch05__Codec_13__handleJ__codec_13f_handleJ_line514,m08,1,2,8,False
codec_13f_handleS__line597_642,qwen3:14b,batch05__Codec_13__handleS__codec_13f_handleS_line597,m01,1,6,8,False
codec_13f_handleS__line597_642,qwen3:14b,batch05__Codec_13__handleS__codec_13f_handleS_line597,m03,1,2,8,False
codec_13f_handleS__line597_642,qwen3:14b,batch05__Codec_13__handleS__codec_13f_handleS_line597,m04,0,0,8,n/a
codec_13f_handleS__line597_642,qwen3:14b,batch05__Codec_13__handleS__codec_13f_handleS_line597,m05,1,1,8,False
codec_13f_handleS__line597_642,qwen3:14b,batch05__Codec_13__handleS__codec_13f_handleS_line597,m06,1,3,8,False
codec_13f_handleS__line597_642,qwen3:14b,batch05__Codec_13__handleS__codec_13f_handleS_line597,m07,1,1,8,False
codec_13f_handleS__line597_642,qwen3:14b,batch05__Codec_13__handleS__codec_13f_handleS_line597,m08,1,4,8,False
codec_17f_transcodeRemaining__line118_167,qwen3:14b,batch05__Codec_17__transcodeRemaining__codec_17f_transcodeRemaining_line118,m01,1,2,19,False
codec_17f_transcodeRemaining__line118_167,qwen3:14b,batch05__Codec_17__transcodeRemaining__codec_17f_transcodeRemaining_line118,m02,1,14,19,False
codec_17f_transcodeRemaining__line118_167,qwen3:14b,batch05__Codec_17__transcodeRemaining__codec_17f_transcodeRemaining_line118,m03,1,7,19,False
codec_17f_transcodeRemaining__line118_167,qwen3:14b,batch05__Codec_17__transcodeRemaining__codec_17f_transcodeRemaining_line118,m04,1,4,19,False
codec_17f_transcodeRemaining__line118_167,qwen3:14b,batch05__Codec_17__transcodeRemaining__codec_17f_transcodeRemaining_line118,m05,0,0,19,n/a
codec_17f_transcodeRemaining__line118_167,qwen3:14b,batch05__Codec_17__transcodeRemaining__codec_17f_transcodeRemaining_line118,m06,1,1,19,False
codec_17f_transcodeRemaining__line118_167,qwen3:14b,batch05__Codec_17__transcodeRemaining__codec_17f_transcodeRemaining_line118,m07,1,1,19,False
codec_17f_transcodeRemaining__line118_167,qwen3:14b,batch05__Codec_17__transcodeRemaining__codec_17f_transcodeRemaining_line118,m08,1,3,19,False
codec_1f_handleC__line281_330,qwen3:14b,batch05__Codec_1__handleC__codec_1f_handleC_line281,m01,0,0,4,n/a
codec_1f_handleC__line281_330,qwen3:14b,batch05__Codec_1__handleC__codec_1f_handleC_line281,m02,1,1,4,False
codec_1f_handleC__line281_330,qwen3:14b,batch05__Codec_1__handleC__codec_1f_handleC_line281,m03,0,0,4,n/a
codec_1f_handleC__line281_330,qwen3:14b,batch05__Codec_1__handleC__codec_1f_handleC_line281,m04,0,0,4,n/a
codec_1f_handleC__line281_330,qwen3:14b,batch05__Codec_1__handleC__codec_1f_handleC_line281,m05,0,0,4,n/a
codec_1f_handleG__line418_469,qwen3:14b,batch05__Codec_1__handleG__codec_1f_handleG_line418,m01,1,1,3,False
codec_1f_handleG__line418_469,qwen3:14b,batch05__Codec_1__handleG__codec_1f_handleG_line418,m02,0,0,3,n/a
codec_1f_handleG__line418_469,qwen3:14b,batch05__Codec_1__handleG__codec_1f_handleG_line418,m08,1,2,3,False
codec_1f_handleJ__line526_556,qwen3:14b,batch05__Codec_1__handleJ__codec_1f_handleJ_line526,m01,1,2,5,False
codec_1f_handleJ__line526_556,qwen3:14b,batch05__Codec_1__handleJ__codec_1f_handleJ_line526,m03,1,2,5,False
codec_1f_handleJ__line526_556,qwen3:14b,batch05__Codec_1__handleJ__codec_1f_handleJ_line526,m05,0,0,5,n/a
codec_1f_handleJ__line526_556,qwen3:14b,batch05__Codec_1__handleJ__codec_1f_handleJ_line526,m07,0,0,5,n/a
codec_1f_handleJ__line526_556,qwen3:14b,batch05__Codec_1__handleJ__codec_1f_handleJ_line526,m08,1,2,5,False
codec_1f_handleS__line612_660,qwen3:14b,batch05__Codec_1__handleS__codec_1f_handleS_line612,m01,0,0,6,n/a
codec_1f_handleS__line612_660,qwen3:14b,batch05__Codec_1__handleS__codec_1f_handleS_line612,m04,1,1,6,False
codec_9f_colognePhonetic__line293_383,qwen3:14b,batch05__Codec_9__colognePhonetic__codec_9f_colognePhonetic_line293,m01,1,3,3,False
codec_9f_colognePhonetic__line293_383,qwen3:14b,batch05__Codec_9__colognePhonetic__codec_9f_colognePhonetic_line293,m02,1,3,3,False
codec_9f_colognePhonetic__line293_383,qwen3:14b,batch05__Codec_9__colognePhonetic__codec_9f_colognePhonetic_line293,m03,1,2,3,False
codec_9f_colognePhonetic__line293_383,qwen3:14b,batch05__Codec_9__colognePhonetic__codec_9f_colognePhonetic_line293,m04,1,1,3,False
codec_9f_read__line76_117,qwen3:14b,batch05__Codec_9__read__codec_9f_read_line76,m01,0,0,8,n/a
codec_9f_read__line76_117,qwen3:14b,batch05__Codec_9__read__codec_9f_read_line76,m05,0,0,8,n/a
collections_17f_put__line254_330,qwen3:14b,batch05__Collections_17__put__collections_17f_put_line254,m02,0,0,13,n/a
collections_17f_put__line254_330,qwen3:14b,batch05__Collections_17__put__collections_17f_put_line254,m03,0,0,13,n/a
collections_17f_put__line254_330,qwen3:14b,batch05__Collections_17__put__collections_17f_put_line254,m04,1,3,13,False
collections_17f_put__line254_330,qwen3:14b,batch05__Collections_17__put__collections_17f_put_line254,m05,0,0,13,n/a
collections_17f_put__line254_330,qwen3:14b,batch05__Collections_17__put__collections_17f_put_line254,m06,1,13,13,False
collections_17f_put__line254_330,qwen3:14b,batch05__Collections_17__put__collections_17f_put_line254,m07,1,6,13,False
collections_17f_put__line254_330,qwen3:14b,batch05__Collections_17__put__collections_17f_put_line254,m08,1,9,13,False
collections_17f_size__line1027_1058,qwen3:14b,batch05__Collections_17__size__collections_17f_size_line1027,m01,1,1,15,False
collections_17f_size__line1027_1058,qwen3:14b,batch05__Collections_17__size__collections_17f_size_line1027,m02,1,1,15,False
collections_17f_size__line1027_1058,qwen3:14b,batch05__Collections_17__size__collections_17f_size_line1027,m03,1,9,15,False
collections_17f_size__line1027_1058,qwen3:14b,batch05__Collections_17__size__collections_17f_size_line1027,m04,1,1,15,False
collections_17f_size__line1027_1058,qwen3:14b,batch05__Collections_17__size__collections_17f_size_line1027,m05,1,1,15,False
collections_17f_size__line1027_1058,qwen3:14b,batch05__Collections_17__size__collections_17f_size_line1027,m06,1,1,15,False
collections_17f_size__line1027_1058,qwen3:14b,batch05__Collections_17__size__collections_17f_size_line1027,m07,1,2,15,False
collections_17f_size__line1027_1058,qwen3:14b,batch05__Collections_17__size__collections_17f_size_line1027,m08,1,1,15,False
collections_1f_containsKey__line186_213,qwen3:14b,batch05__Collections_1__containsKey__collections_1f_containsKey_line186,m01,1,8,12,False
collections_1f_containsKey__line186_213,qwen3:14b,batch05__Collections_1__containsKey__collections_1f_containsKey_line186,m02,0,0,12,n/a
collections_1f_containsKey__line186_213,qwen3:14b,batch05__Collections_1__containsKey__collections_1f_containsKey_line186,m03,1,8,12,False
collections_1f_containsKey__line186_213,qwen3:14b,batch05__Collections_1__containsKey__collections_1f_containsKey_line186,m04,1,6,12,False
collections_1f_containsKey__line186_213,qwen3:14b,batch05__Collections_1__containsKey__collections_1f_containsKey_line186,m05,1,8,12,False
collections_1f_containsKey__line186_213,qwen3:14b,batch05__Collections_1__containsKey__collections_1f_containsKey_line186,m06,1,8,12,False
collections_1f_containsKey__line186_213,qwen3:14b,batch05__Collections_1__containsKey__collections_1f_containsKey_line186,m07,1,12,12,False
collections_1f_containsKey__line186_213,qwen3:14b,batch05__Collections_1__containsKey__collections_1f_containsKey_line186,m08,0,0,12,n/a
collections_1f_put__line255_331,qwen3:14b,batch05__Collections_1__put__collections_1f_put_line255,m01,0,0,12,n/a
collections_1f_put__line255_331,qwen3:14b,batch05__Collections_1__put__collections_1f_put_line255,m02,0,0,12,n/a
collections_1f_put__line255_331,qwen3:14b,batch05__Collections_1__put__collections_1f_put_line255,m03,0,0,12,n/a
collections_1f_put__line255_331,qwen3:14b,batch05__Collections_1__put__collections_1f_put_line255,m04,1,12,12,False
collections_1f_put__line255_331,qwen3:14b,batch05__Collections_1__put__collections_1f_put_line255,m05,1,3,12,False
collections_1f_put__line255_331,qwen3:14b,batch05__Collections_1__put__collections_1f_put_line255,m06,0,0,12,n/a
collections_1f_put__line255_331,qwen3:14b,batch05__Collections_1__put__collections_1f_put_line255,m07,1,8,12,False
collections_1f_swapPosition__line1043_1135,qwen3:14b,batch05__Collections_1__swapPosition__collections_1f_swapPosition_line1043,m01,0,0,6,n/a
collections_1f_swapPosition__line1043_1135,qwen3:14b,batch05__Collections_1__swapPosition__collections_1f_swapPosition_line1043,m02,0,0,6,n/a
collections_1f_swapPosition__line1043_1135,qwen3:14b,batch05__Collections_1__swapPosition__collections_1f_swapPosition_line1043,m03,0,0,6,n/a
collections_1f_swapPosition__line1043_1135,qwen3:14b,batch05__Collections_1__swapPosition__collections_1f_swapPosition_line1043,m04,0,0,6,n/a
collections_1f_swapPosition__line1043_1135,qwen3:14b,batch05__Collections_1__swapPosition__collections_1f_swapPosition_line1043,m05,0,0,6,n/a
collections_1f_swapPosition__line1043_1135,qwen3:14b,batch05__Collections_1__swapPosition__collections_1f_swapPosition_line1043,m06,0,0,6,n/a
collections_1f_swapPosition__line1043_1135,qwen3:14b,batch05__Collections_1__swapPosition__collections_1f_swapPosition_line1043,m07,0,0,6,n/a
collections_1f_swapPosition__line1043_1135,qwen3:14b,batch05__Collections_1__swapPosition__collections_1f_swapPosition_line1043,m08,0,0,6,n/a
collections_21f_merge__line1563_1616,qwen3:14b,batch05__Collections_21__merge__collections_21f_merge_line1563,m01,1,1,4,False
collections_21f_merge__line1563_1616,qwen3:14b,batch05__Collections_21__merge__collections_21f_merge_line1563,m02,1,1,4,False
collections_21f_merge__line1563_1616,qwen3:14b,batch05__Collections_21__merge__collections_21f_merge_line1563,m03,1,1,4,False
collections_21f_merge__line1563_1616,qwen3:14b,batch05__Collections_21__merge__collections_21f_merge_line1563,m04,1,2,4,False
collections_21f_merge__line1563_1616,qwen3:14b,batch05__Collections_21__merge__collections_21f_merge_line1563,m05,1,1,4,False
collections_21f_merge__line1563_1616,qwen3:14b,batch05__Collections_21__merge__collections_21f_merge_line1563,m06,0,0,4,n/a
collections_21f_merge__line1563_1616,qwen3:14b,batch05__Collections_21__merge__collections_21f_merge_line1563,m07,1,2,4,False
collections_21f_merge__line1563_1616,qwen3:14b,batch05__Collections_21__merge__collections_21f_merge_line1563,m08,1,2,4,False
collections_21f_put__line290_366,qwen3:14b,batch05__Collections_21__put__collections_21f_put_line290,m01,0,0,13,n/a
collections_21f_put__line290_366,qwen3:14b,batch05__Collections_21__put__collections_21f_put_line290,m02,0,0,13,n/a
collections_21f_put__line290_366,qwen3:14b,batch05__Collections_21__put__collections_21f_put_line290,m03,1,13,13,False
collections_21f_put__line290_366,qwen3:14b,batch05__Collections_21__put__collections_21f_put_line290,m04,1,3,13,False
collections_21f_put__line290_366,qwen3:14b,batch05__Collections_21__put__collections_21f_put_line290,m05,0,0,13,n/a
collections_21f_put__line290_366,qwen3:14b,batch05__Collections_21__put__collections_21f_put_line290,m06,1,9,13,False
collections_21f_put__line290_366,qwen3:14b,batch05__Collections_21__put__collections_21f_put_line290,m07,0,0,13,n/a
collections_21f_put__line290_366,qwen3:14b,batch05__Collections_21__put__collections_21f_put_line290,m08,0,0,13,n/a
collections_22f_size__line1301_1332,qwen3:14b,batch05__Collections_22__size__collections_22f_size_line1301,m01,1,1,17,False
collections_22f_size__line1301_1332,qwen3:14b,batch05__Collections_22__size__collections_22f_size_line1301,m02,1,1,17,False
collections_22f_size__line1301_1332,qwen3:14b,batch05__Collections_22__size__collections_22f_size_line1301,m03,1,10,17,False
collections_22f_size__line1301_1332,qwen3:14b,batch05__Collections_22__size__collections_22f_size_line1301,m04,1,1,17,False
collections_22f_size__line1301_1332,qwen3:14b,batch05__Collections_22__size__collections_22f_size_line1301,m05,1,1,17,False
collections_22f_size__line1301_1332,qwen3:14b,batch05__Collections_22__size__collections_22f_size_line1301,m06,1,1,17,False
collections_22f_size__line1301_1332,qwen3:14b,batch05__Collections_22__size__collections_22f_size_line1301,m07,1,2,17,False
collections_22f_size__line1301_1332,qwen3:14b,batch05__Collections_22__size__collections_22f_size_line1301,m08,0,0,17,n/a
compress_10f_read__line212_291,qwen3:14b,batch05__Compress_10__read__compress_10f_read_line212,m01,0,0,5,n/a
compress_10f_read__line212_291,qwen3:14b,batch05__Compress_10__read__compress_10f_read_line212,m02,0,0,5,n/a
compress_10f_read__line212_291,qwen3:14b,batch05__Compress_10__read__compress_10f_read_line212,m03,0,0,5,n/a
compress_10f_read__line212_291,qwen3:14b,batch05__Compress_10__read__compress_10f_read_line212,m04,0,0,5,n/a
compress_10f_read__line212_291,qwen3:14b,batch05__Compress_10__read__compress_10f_read_line212,m05,1,4,5,False
compress_10f_read__line212_291,qwen3:14b,batch05__Compress_10__read__compress_10f_read_line212,m06,1,4,5,False
compress_10f_read__line212_291,qwen3:14b,batch05__Compress_10__read__compress_10f_read_line212,m07,1,4,5,False
compress_10f_read__line212_291,qwen3:14b,batch05__Compress_10__read__compress_10f_read_line212,m08,1,1,5,False
compress_1f_generateMTFValues__line1542_1638,qwen3:14b,batch05__Compress_1__generateMTFValues__compress_1f_generateMTFValues_line1542,m01,0,0,1,n/a
compress_1f_generateMTFValues__line1542_1638,qwen3:14b,batch05__Compress_1__generateMTFValues__compress_1f_generateMTFValues_line1542,m02,0,0,1,n/a
compress_1f_generateMTFValues__line1542_1638,qwen3:14b,batch05__Compress_1__generateMTFValues__compress_1f_generateMTFValues_line1542,m03,0,0,1,n/a
compress_1f_generateMTFValues__line1542_1638,qwen3:14b,batch05__Compress_1__generateMTFValues__compress_1f_generateMTFValues_line1542,m04,0,0,1,n/a
compress_1f_generateMTFValues__line1542_1638,qwen3:14b,batch05__Compress_1__generateMTFValues__compress_1f_generateMTFValues_line1542,m05,0,0,1,n/a
compress_1f_generateMTFValues__line1542_1638,qwen3:14b,batch05__Compress_1__generateMTFValues__compress_1f_generateMTFValues_line1542,m06,0,0,1,n/a
compress_1f_generateMTFValues__line1542_1638,qwen3:14b,batch05__Compress_1__generateMTFValues__compress_1f_generateMTFValues_line1542,m07,0,0,1,n/a
compress_1f_generateMTFValues__line1542_1638,qwen3:14b,batch05__Compress_1__generateMTFValues__compress_1f_generateMTFValues_line1542,m08,0,0,1,n/a
compress_29f_createLocalFileHeader__line1009_1073,qwen3:14b,batch05__Compress_29__createLocalFileHeader__compress_29f_createLocalFileHeader_line1009,m01,0,0,46,n/a
compress_29f_createLocalFileHeader__line1009_1073,qwen3:14b,batch05__Compress_29__createLocalFileHeader__compress_29f_createLocalFileHeader_line1009,m02,1,15,46,False
compress_29f_createLocalFileHeader__line1009_1073,qwen3:14b,batch05__Compress_29__createLocalFileHeader__compress_29f_createLocalFileHeader_line1009,m03,0,0,46,n/a
compress_29f_createLocalFileHeader__line1009_1073,qwen3:14b,batch05__Compress_29__createLocalFileHeader__compress_29f_createLocalFileHeader_line1009,m04,0,0,46,n/a
compress_29f_createLocalFileHeader__line1009_1073,qwen3:14b,batch05__Compress_29__createLocalFileHeader__compress_29f_createLocalFileHeader_line1009,m06,0,0,46,n/a
compress_29f_createLocalFileHeader__line1009_1073,qwen3:14b,batch05__Compress_29__createLocalFileHeader__compress_29f_createLocalFileHeader_line1009,m07,1,36,46,False
compress_29f_createLocalFileHeader__line1009_1073,qwen3:14b,batch05__Compress_29__createLocalFileHeader__compress_29f_createLocalFileHeader_line1009,m08,0,0,46,n/a
compress_3f_perform__line64_127,qwen3:14b,batch05__Compress_3__perform__compress_3f_perform_line64,m01,1,1,23,False
compress_3f_perform__line64_127,qwen3:14b,batch05__Compress_3__perform__compress_3f_perform_line64,m02,0,0,23,n/a
compress_3f_perform__line64_127,qwen3:14b,batch05__Compress_3__perform__compress_3f_perform_line64,m03,1,1,23,False
compress_3f_perform__line64_127,qwen3:14b,batch05__Compress_3__perform__compress_3f_perform_line64,m04,0,0,23,n/a
compress_3f_perform__line64_127,qwen3:14b,batch05__Compress_3__perform__compress_3f_perform_line64,m06,1,20,23,False
compress_3f_perform__line64_127,qwen3:14b,batch05__Compress_3__perform__compress_3f_perform_line64,m07,0,0,23,n/a
compress_43f_detect__line486_564,qwen3:14b,batch05__Compress_43__detect__compress_43f_detect_line486,m01,1,42,42,True
compress_43f_detect__line486_564,qwen3:14b,batch05__Compress_43__detect__compress_43f_detect_line486,m02,1,42,42,True
compress_43f_detect__line486_564,qwen3:14b,batch05__Compress_43__detect__compress_43f_detect_line486,m03,0,0,42,n/a
compress_43f_detect__line486_564,qwen3:14b,batch05__Compress_43__detect__compress_43f_detect_line486,m04,1,33,42,False
compress_43f_detect__line486_564,qwen3:14b,batch05__Compress_43__detect__compress_43f_detect_line486,m05,1,4,42,False
compress_43f_detect__line486_564,qwen3:14b,batch05__Compress_43__detect__compress_43f_detect_line486,m06,1,6,42,False
compress_43f_detect__line486_564,qwen3:14b,batch05__Compress_43__detect__compress_43f_detect_line486,m07,1,2,42,False
compress_43f_detect__line486_564,qwen3:14b,batch05__Compress_43__detect__compress_43f_detect_line486,m08,1,4,42,False
compress_43f_readFrameDescriptor__line190_233,qwen3:14b,batch05__Compress_43__readFrameDescriptor__compress_43f_readFrameDescriptor_line190,m01,1,1,33,False
compress_43f_readFrameDescriptor__line190_233,qwen3:14b,batch05__Compress_43__readFrameDescriptor__compress_43f_readFrameDescriptor_line190,m03,0,0,33,n/a
compress_43f_readFrameDescriptor__line190_233,qwen3:14b,batch05__Compress_43__readFrameDescriptor__compress_43f_readFrameDescriptor_line190,m04,1,1,33,False
compress_43f_readFrameDescriptor__line190_233,qwen3:14b,batch05__Compress_43__readFrameDescriptor__compress_43f_readFrameDescriptor_line190,m05,1,13,33,False
compress_43f_readFrameDescriptor__line190_233,qwen3:14b,batch05__Compress_43__readFrameDescriptor__compress_43f_readFrameDescriptor_line190,m06,1,27,33,False
compress_43f_readFrameDescriptor__line190_233,qwen3:14b,batch05__Compress_43__readFrameDescriptor__compress_43f_readFrameDescriptor_line190,m08,1,28,33,False
compress_46f_processPaxHeader__line1021_1087,qwen3:14b,batch05__Compress_46__processPaxHeader__compress_46f_processPaxHeader_line1021,m05,0,0,17,n/a
compress_46f_processPaxHeader__line1021_1087,qwen3:14b,batch05__Compress_46__processPaxHeader__compress_46f_processPaxHeader_line1021,m06,0,0,17,n/a
compress_46f_processPaxHeader__line1021_1087,qwen3:14b,batch05__Compress_46__processPaxHeader__compress_46f_processPaxHeader_line1021,m07,1,2,17,False
compress_46f_processPaxHeader__line1021_1087,qwen3:14b,batch05__Compress_46__processPaxHeader__compress_46f_processPaxHeader_line1021,m08,1,8,17,False
compress_7f_initBlock__line240_278,qwen3:14b,batch05__Compress_7__initBlock__compress_7f_initBlock_line240,m04,1,3,3,True
compress_7f_initBlock__line240_278,qwen3:14b,batch05__Compress_7__initBlock__compress_7f_initBlock_line240,m05,0,0,3,n/a
compress_7f_recvDecodingTables__line416_495,qwen3:14b,batch05__Compress_7__recvDecodingTables__compress_7f_recvDecodingTables_line416,m01,1,3,3,True
compress_7f_recvDecodingTables__line416_495,qwen3:14b,batch05__Compress_7__recvDecodingTables__compress_7f_recvDecodingTables_line416,m04,1,3,3,True
compress_7f_recvDecodingTables__line416_495,qwen3:14b,batch05__Compress_7__recvDecodingTables__compress_7f_recvDecodingTables_line416,m08,1,3,3,True
csv_11f_initializeHeader__line359_394,qwen3:14b,batch05__Csv_11__initializeHeader__csv_11f_initializeHeader_line359,m01,1,1,50,False
csv_11f_initializeHeader__line359_394,qwen3:14b,batch05__Csv_11__initializeHeader__csv_11f_initializeHeader_line359,m02,1,15,50,False
csv_11f_initializeHeader__line359_394,qwen3:14b,batch05__Csv_11__initializeHeader__csv_11f_initializeHeader_line359,m03,1,7,50,False
csv_11f_initializeHeader__line359_394,qwen3:14b,batch05__Csv_11__initializeHeader__csv_11f_initializeHeader_line359,m05,1,2,50,False
csv_11f_initializeHeader__line359_394,qwen3:14b,batch05__Csv_11__initializeHeader__csv_11f_initializeHeader_line359,m06,1,9,50,False
csv_11f_initializeHeader__line359_394,qwen3:14b,batch05__Csv_11__initializeHeader__csv_11f_initializeHeader_line359,m07,1,2,50,False
csv_11f_initializeHeader__line359_394,qwen3:14b,batch05__Csv_11__initializeHeader__csv_11f_initializeHeader_line359,m08,1,10,50,False
csv_1f_encapsulatedTokenLexer__line181_225,qwen3:14b,batch05__Csv_1__encapsulatedTokenLexer__csv_1f_encapsulatedTokenLexer_line181,m01,1,1,13,False
csv_1f_encapsulatedTokenLexer__line181_225,qwen3:14b,batch05__Csv_1__encapsulatedTokenLexer__csv_1f_encapsulatedTokenLexer_line181,m02,1,6,13,False
csv_1f_encapsulatedTokenLexer__line181_225,qwen3:14b,batch05__Csv_1__encapsulatedTokenLexer__csv_1f_encapsulatedTokenLexer_line181,m03,1,8,13,False
csv_1f_encapsulatedTokenLexer__line181_225,qwen3:14b,batch05__Csv_1__encapsulatedTokenLexer__csv_1f_encapsulatedTokenLexer_line181,m04,0,0,13,n/a
csv_1f_encapsulatedTokenLexer__line181_225,qwen3:14b,batch05__Csv_1__encapsulatedTokenLexer__csv_1f_encapsulatedTokenLexer_line181,m05,1,8,13,False
csv_1f_encapsulatedTokenLexer__line181_225,qwen3:14b,batch05__Csv_1__encapsulatedTokenLexer__csv_1f_encapsulatedTokenLexer_line181,m06,1,6,13,False
csv_1f_encapsulatedTokenLexer__line181_225,qwen3:14b,batch05__Csv_1__encapsulatedTokenLexer__csv_1f_encapsulatedTokenLexer_line181,m07,0,0,13,n/a
csv_1f_encapsulatedTokenLexer__line181_225,qwen3:14b,batch05__Csv_1__encapsulatedTokenLexer__csv_1f_encapsulatedTokenLexer_line181,m08,0,0,13,n/a
csv_1f_nextToken__line40_118,qwen3:14b,batch05__Csv_1__nextToken__csv_1f_nextToken_line40,m01,1,21,31,False
csv_1f_nextToken__line40_118,qwen3:14b,batch05__Csv_1__nextToken__csv_1f_nextToken_line40,m02,1,2,31,False
csv_1f_nextToken__line40_118,qwen3:14b,batch05__Csv_1__nextToken__csv_1f_nextToken_line40,m03,1,2,31,False
csv_1f_nextToken__line40_118,qwen3:14b,batch05__Csv_1__nextToken__csv_1f_nextToken_line40,m04,1,2,31,False
csv_1f_nextToken__line40_118,qwen3:14b,batch05__Csv_1__nextToken__csv_1f_nextToken_line40,m05,1,9,31,False
csv_1f_nextToken__line40_118,qwen3:14b,batch05__Csv_1__nextToken__csv_1f_nextToken_line40,m06,1,13,31,False
csv_1f_nextToken__line40_118,qwen3:14b,batch05__Csv_1__nextToken__csv_1f_nextToken_line40,m07,0,0,31,n/a
csv_1f_nextToken__line40_118,qwen3:14b,batch05__Csv_1__nextToken__csv_1f_nextToken_line40,m08,1,2,31,False
csv_2f_nextRecord__line183_222,qwen3:14b,batch05__Csv_2__nextRecord__csv_2f_nextRecord_line183,m01,0,0,33,n/a
csv_2f_nextRecord__line183_222,qwen3:14b,batch05__Csv_2__nextRecord__csv_2f_nextRecord_line183,m02,1,20,33,False
csv_2f_nextRecord__line183_222,qwen3:14b,batch05__Csv_2__nextRecord__csv_2f_nextRecord_line183,m03,1,15,33,False
csv_2f_nextRecord__line183_222,qwen3:14b,batch05__Csv_2__nextRecord__csv_2f_nextRecord_line183,m04,0,0,33,n/a
csv_2f_nextRecord__line183_222,qwen3:14b,batch05__Csv_2__nextRecord__csv_2f_nextRecord_line183,m05,1,2,33,False
csv_2f_nextRecord__line183_222,qwen3:14b,batch05__Csv_2__nextRecord__csv_2f_nextRecord_line183,m06,0,0,33,n/a
csv_2f_nextRecord__line183_222,qwen3:14b,batch05__Csv_2__nextRecord__csv_2f_nextRecord_line183,m08,1,4,33,False
csv_2f_parseEncapsulatedToken__line198_242,qwen3:14b,batch05__Csv_2__parseEncapsulatedToken__csv_2f_parseEncapsulatedToken_line198,m01,1,14,14,True
csv_2f_parseEncapsulatedToken__line198_242,qwen3:14b,batch05__Csv_2__parseEncapsulatedToken__csv_2f_parseEncapsulatedToken_line198,m02,1,14,14,True
csv_2f_parseEncapsulatedToken__line198_242,qwen3:14b,batch05__Csv_2__parseEncapsulatedToken__csv_2f_parseEncapsulatedToken_line198,m03,1,9,14,False
csv_2f_parseEncapsulatedToken__line198_242,qwen3:14b,batch05__Csv_2__parseEncapsulatedToken__csv_2f_parseEncapsulatedToken_line198,m04,1,1,14,False
csv_2f_parseEncapsulatedToken__line198_242,qwen3:14b,batch05__Csv_2__parseEncapsulatedToken__csv_2f_parseEncapsulatedToken_line198,m06,1,8,14,False
csv_2f_parseEncapsulatedToken__line198_242,qwen3:14b,batch05__Csv_2__parseEncapsulatedToken__csv_2f_parseEncapsulatedToken_line198,m08,1,9,14,False
csv_2f_parseSimpleToken__line149_176,qwen3:14b,batch05__Csv_2__parseSimpleToken__csv_2f_parseSimpleToken_line149,m02,1,13,48,False
csv_2f_parseSimpleToken__line149_176,qwen3:14b,batch05__Csv_2__parseSimpleToken__csv_2f_parseSimpleToken_line149,m03,1,30,48,False
csv_2f_parseSimpleToken__line149_176,qwen3:14b,batch05__Csv_2__parseSimpleToken__csv_2f_parseSimpleToken_line149,m04,1,12,48,False
csv_2f_parseSimpleToken__line149_176,qwen3:14b,batch05__Csv_2__parseSimpleToken__csv_2f_parseSimpleToken_line149,m05,1,35,48,False
csv_2f_parseSimpleToken__line149_176,qwen3:14b,batch05__Csv_2__parseSimpleToken__csv_2f_parseSimpleToken_line149,m06,1,4,48,False
csv_2f_parseSimpleToken__line149_176,qwen3:14b,batch05__Csv_2__parseSimpleToken__csv_2f_parseSimpleToken_line149,m07,1,11,48,False
csv_2f_parseSimpleToken__line149_176,qwen3:14b,batch05__Csv_2__parseSimpleToken__csv_2f_parseSimpleToken_line149,m08,1,2,48,False
csv_3f_readEscape__line87_117,qwen3:14b,batch05__Csv_3__readEscape__csv_3f_readEscape_line87,m02,1,2,14,False
csv_3f_readEscape__line87_117,qwen3:14b,batch05__Csv_3__readEscape__csv_3f_readEscape_line87,m03,1,3,14,False
csv_3f_readEscape__line87_117,qwen3:14b,batch05__Csv_3__readEscape__csv_3f_readEscape_line87,m04,1,1,14,False
csv_3f_readEscape__line87_117,qwen3:14b,batch05__Csv_3__readEscape__csv_3f_readEscape_line87,m05,1,3,14,False
csv_3f_readEscape__line87_117,qwen3:14b,batch05__Csv_3__readEscape__csv_3f_readEscape_line87,m06,1,4,14,False
csv_3f_readEscape__line87_117,qwen3:14b,batch05__Csv_3__readEscape__csv_3f_readEscape_line87,m07,1,8,14,False
csv_4f_equals__line313_370,qwen3:14b,batch05__Csv_4__equals__csv_4f_equals_line313,m01,1,2,10,False
csv_4f_equals__line313_370,qwen3:14b,batch05__Csv_4__equals__csv_4f_equals_line313,m02,1,1,10,False
csv_4f_equals__line313_370,qwen3:14b,batch05__Csv_4__equals__csv_4f_equals_line313,m04,0,0,10,n/a
csv_4f_equals__line313_370,qwen3:14b,batch05__Csv_4__equals__csv_4f_equals_line313,m05,1,1,10,False
csv_4f_equals__line313_370,qwen3:14b,batch05__Csv_4__equals__csv_4f_equals_line313,m06,1,1,10,False
csv_4f_equals__line313_370,qwen3:14b,batch05__Csv_4__equals__csv_4f_equals_line313,m07,1,2,10,False
csv_4f_equals__line313_370,qwen3:14b,batch05__Csv_4__equals__csv_4f_equals_line313,m08,1,1,10,False
csv_4f_nextToken__line82_164,qwen3:14b,batch05__Csv_4__nextToken__csv_4f_nextToken_line82,m01,1,53,65,False
csv_4f_nextToken__line82_164,qwen3:14b,batch05__Csv_4__nextToken__csv_4f_nextToken_line82,m02,1,3,65,False
csv_4f_nextToken__line82_164,qwen3:14b,batch05__Csv_4__nextToken__csv_4f_nextToken_line82,m03,1,15,65,False
csv_4f_nextToken__line82_164,qwen3:14b,batch05__Csv_4__nextToken__csv_4f_nextToken_line82,m04,1,63,65,False
csv_4f_nextToken__line82_164,qwen3:14b,batch05__Csv_4__nextToken__csv_4f_nextToken_line82,m05,1,2,65,False
csv_4f_nextToken__line82_164,qwen3:14b,batch05__Csv_4__nextToken__csv_4f_nextToken_line82,m06,1,14,65,False
csv_4f_nextToken__line82_164,qwen3:14b,batch05__Csv_4__nextToken__csv_4f_nextToken_line82,m07,1,15,65,False
csv_4f_nextToken__line82_164,qwen3:14b,batch05__Csv_4__nextToken__csv_4f_nextToken_line82,m08,1,2,65,False
csv_4f_parseEncapsulatedToken__line239_288,qwen3:14b,batch05__Csv_4__parseEncapsulatedToken__csv_4f_parseEncapsulatedToken_line239,m01,0,0,14,n/a
csv_4f_parseEncapsulatedToken__line239_288,qwen3:14b,batch05__Csv_4__parseEncapsulatedToken__csv_4f_parseEncapsulatedToken_line239,m02,1,6,14,False
csv_4f_parseEncapsulatedToken__line239_288,qwen3:14b,batch05__Csv_4__parseEncapsulatedToken__csv_4f_parseEncapsulatedToken_line239,m03,1,9,14,False
csv_4f_parseEncapsulatedToken__line239_288,qwen3:14b,batch05__Csv_4__parseEncapsulatedToken__csv_4f_parseEncapsulatedToken_line239,m06,1,9,14,False
csv_4f_parseEncapsulatedToken__line239_288,qwen3:14b,batch05__Csv_4__parseEncapsulatedToken__csv_4f_parseEncapsulatedToken_line239,m07,1,8,14,False
csv_4f_parseEncapsulatedToken__line239_288,qwen3:14b,batch05__Csv_4__parseEncapsulatedToken__csv_4f_parseEncapsulatedToken_line239,m08,1,6,14,False
csv_4f_parseSimpleToken__line185_217,qwen3:14b,batch05__Csv_4__parseSimpleToken__csv_4f_parseSimpleToken_line185,m01,1,37,62,False
csv_4f_parseSimpleToken__line185_217,qwen3:14b,batch05__Csv_4__parseSimpleToken__csv_4f_parseSimpleToken_line185,m02,1,15,62,False
csv_4f_parseSimpleToken__line185_217,qwen3:14b,batch05__Csv_4__parseSimpleToken__csv_4f_parseSimpleToken_line185,m03,1,40,62,False
csv_4f_parseSimpleToken__line185_217,qwen3:14b,batch05__Csv_4__parseSimpleToken__csv_4f_parseSimpleToken_line185,m04,1,11,62,False
csv_4f_parseSimpleToken__line185_217,qwen3:14b,batch05__Csv_4__parseSimpleToken__csv_4f_parseSimpleToken_line185,m05,1,3,62,False
csv_4f_parseSimpleToken__line185_217,qwen3:14b,batch05__Csv_4__parseSimpleToken__csv_4f_parseSimpleToken_line185,m06,1,48,62,False
csv_4f_parseSimpleToken__line185_217,qwen3:14b,batch05__Csv_4__parseSimpleToken__csv_4f_parseSimpleToken_line185,m07,1,5,62,False
csv_4f_parseSimpleToken__line185_217,qwen3:14b,batch05__Csv_4__parseSimpleToken__csv_4f_parseSimpleToken_line185,m08,0,0,62,n/a
gson_11f_nextUnquotedValue__line1025_1085,qwen3:14b,batch05__Gson_11__nextUnquotedValue__gson_11f_nextUnquotedValue_line1025,m01,1,53,80,False
gson_11f_nextUnquotedValue__line1025_1085,qwen3:14b,batch05__Gson_11__nextUnquotedValue__gson_11f_nextUnquotedValue_line1025,m02,0,0,80,n/a
gson_11f_nextUnquotedValue__line1025_1085,qwen3:14b,batch05__Gson_11__nextUnquotedValue__gson_11f_nextUnquotedValue_line1025,m03,1,4,80,False
gson_11f_nextUnquotedValue__line1025_1085,qwen3:14b,batch05__Gson_11__nextUnquotedValue__gson_11f_nextUnquotedValue_line1025,m04,1,4,80,False
gson_11f_nextUnquotedValue__line1025_1085,qwen3:14b,batch05__Gson_11__nextUnquotedValue__gson_11f_nextUnquotedValue_line1025,m05,1,1,80,False
gson_11f_nextUnquotedValue__line1025_1085,qwen3:14b,batch05__Gson_11__nextUnquotedValue__gson_11f_nextUnquotedValue_line1025,m06,1,67,80,False
gson_11f_nextUnquotedValue__line1025_1085,qwen3:14b,batch05__Gson_11__nextUnquotedValue__gson_11f_nextUnquotedValue_line1025,m07,1,3,80,False
gson_11f_nextUnquotedValue__line1025_1085,qwen3:14b,batch05__Gson_11__nextUnquotedValue__gson_11f_nextUnquotedValue_line1025,m08,1,4,80,False
gson_1f_extractTypeForHierarchy__line117_153,qwen3:14b,batch05__Gson_1__extractTypeForHierarchy__gson_1f_extractTypeForHierarchy_line117,m08,0,0,1,n/a
gson_1f_nextLiteral__line971_1016,qwen3:14b,batch05__Gson_1__nextLiteral__gson_1f_nextLiteral_line971,m01,0,0,183,n/a
gson_1f_nextLiteral__line971_1016,qwen3:14b,batch05__Gson_1__nextLiteral__gson_1f_nextLiteral_line971,m02,1,132,183,False
gson_1f_nextLiteral__line971_1016,qwen3:14b,batch05__Gson_1__nextLiteral__gson_1f_nextLiteral_line971,m03,0,0,183,n/a
gson_1f_nextLiteral__line971_1016,qwen3:14b,batch05__Gson_1__nextLiteral__gson_1f_nextLiteral_line971,m05,0,0,183,n/a
gson_1f_nextLiteral__line971_1016,qwen3:14b,batch05__Gson_1__nextLiteral__gson_1f_nextLiteral_line971,m07,1,38,183,False
gson_1f_write__line86_130,qwen3:14b,batch05__Gson_1__write__gson_1f_write_line86,m01,1,21,227,False
gson_1f_write__line86_130,qwen3:14b,batch05__Gson_1__write__gson_1f_write_line86,m02,1,99,227,False
gson_1f_write__line86_130,qwen3:14b,batch05__Gson_1__write__gson_1f_write_line86,m03,1,5,227,False
gson_1f_write__line86_130,qwen3:14b,batch05__Gson_1__write__gson_1f_write_line86,m04,1,16,227,False
gson_1f_write__line86_130,qwen3:14b,batch05__Gson_1__write__gson_1f_write_line86,m05,1,66,227,False
gson_1f_write__line86_130,qwen3:14b,batch05__Gson_1__write__gson_1f_write_line86,m06,1,125,227,False
gson_1f_write__line86_130,qwen3:14b,batch05__Gson_1__write__gson_1f_write_line86,m07,1,116,227,False
gson_1f_write__line86_130,qwen3:14b,batch05__Gson_1__write__gson_1f_write_line86,m08,0,0,227,n/a
gson_2f_equals__line160_213,qwen3:14b,batch05__Gson_2__equals__gson_2f_equals_line160,m03,1,4,346,False
gson_2f_equals__line160_213,qwen3:14b,batch05__Gson_2__equals__gson_2f_equals_line160,m05,1,2,346,False
gson_2f_equals__line160_213,qwen3:14b,batch05__Gson_2__equals__gson_2f_equals_line160,m06,0,0,346,n/a
gson_2f_newDefaultImplementationConstructor__line127_198,qwen3:14b,batch05__Gson_2__newDefaultImplementationConstructor__gson_2f_newDefaultImplementationConstructor_line127,m02,0,0,202,n/a
gson_2f_newDefaultImplementationConstructor__line127_198,qwen3:14b,batch05__Gson_2__newDefaultImplementationConstructor__gson_2f_newDefaultImplementationConstructor_line127,m04,1,2,202,False
gson_2f_newDefaultImplementationConstructor__line127_198,qwen3:14b,batch05__Gson_2__newDefaultImplementationConstructor__gson_2f_newDefaultImplementationConstructor_line127,m06,1,1,202,False
gson_2f_parse__line140_234,qwen3:14b,batch05__Gson_2__parse__gson_2f_parse_line140,m01,0,0,1,n/a
gson_2f_parse__line140_234,qwen3:14b,batch05__Gson_2__parse__gson_2f_parse_line140,m02,0,0,1,n/a
gson_2f_parse__line140_234,qwen3:14b,batch05__Gson_2__parse__gson_2f_parse_line140,m03,0,0,1,n/a
gson_2f_parse__line140_234,qwen3:14b,batch05__Gson_2__parse__gson_2f_parse_line140,m04,0,0,1,n/a
gson_2f_parse__line140_234,qwen3:14b,batch05__Gson_2__parse__gson_2f_parse_line140,m05,0,0,1,n/a
gson_2f_parse__line140_234,qwen3:14b,batch05__Gson_2__parse__gson_2f_parse_line140,m06,0,0,1,n/a
gson_2f_parse__line140_234,qwen3:14b,batch05__Gson_2__parse__gson_2f_parse_line140,m07,0,0,1,n/a
gson_2f_parse__line140_234,qwen3:14b,batch05__Gson_2__parse__gson_2f_parse_line140,m08,0,0,1,n/a
gson_2f_peek__line86_127,qwen3:14b,batch05__Gson_2__peek__gson_2f_peek_line86,m01,1,2,33,False
gson_2f_peek__line86_127,qwen3:14b,batch05__Gson_2__peek__gson_2f_peek_line86,m02,1,13,33,False
gson_2f_peek__line86_127,qwen3:14b,batch05__Gson_2__peek__gson_2f_peek_line86,m03,1,14,33,False
gson_2f_peek__line86_127,qwen3:14b,batch05__Gson_2__peek__gson_2f_peek_line86,m04,1,27,33,False
gson_2f_peek__line86_127,qwen3:14b,batch05__Gson_2__peek__gson_2f_peek_line86,m05,0,0,33,n/a
gson_2f_peek__line86_127,qwen3:14b,batch05__Gson_2__peek__gson_2f_peek_line86,m06,1,1,33,False
gson_2f_peek__line86_127,qwen3:14b,batch05__Gson_2__peek__gson_2f_peek_line86,m07,1,15,33,False
gson_2f_peek__line86_127,qwen3:14b,batch05__Gson_2__peek__gson_2f_peek_line86,m08,1,29,33,False
gson_2f_rebalance__line338_396,qwen3:14b,batch05__Gson_2__rebalance__gson_2f_rebalance_line338,m01,1,1,2,False
gson_2f_rebalance__line338_396,qwen3:14b,batch05__Gson_2__rebalance__gson_2f_rebalance_line338,m03,1,1,2,False
gson_2f_rebalance__line338_396,qwen3:14b,batch05__Gson_2__rebalance__gson_2f_rebalance_line338,m04,1,1,2,False
gson_2f_rebalance__line338_396,qwen3:14b,batch05__Gson_2__rebalance__gson_2f_rebalance_line338,m05,0,0,2,n/a
gson_2f_rebalance__line338_396,qwen3:14b,batch05__Gson_2__rebalance__gson_2f_rebalance_line338,m06,0,0,2,n/a
gson_2f_rebalance__line338_396,qwen3:14b,batch05__Gson_2__rebalance__gson_2f_rebalance_line338,m07,0,0,2,n/a
gson_2f_rebalance__line338_396,qwen3:14b,batch05__Gson_2__rebalance__gson_2f_rebalance_line338,m08,0,0,2,n/a
gson_2f_resolve__line324_394,qwen3:14b,batch05__Gson_2__resolve__gson_2f_resolve_line324,m01,0,0,357,n/a
gson_2f_resolve__line324_394,qwen3:14b,batch05__Gson_2__resolve__gson_2f_resolve_line324,m02,0,0,357,n/a
gson_2f_resolve__line324_394,qwen3:14b,batch05__Gson_2__resolve__gson_2f_resolve_line324,m03,1,3,357,False
gson_2f_resolve__line324_394,qwen3:14b,batch05__Gson_2__resolve__gson_2f_resolve_line324,m05,0,0,357,n/a
gson_2f_resolve__line324_394,qwen3:14b,batch05__Gson_2__resolve__gson_2f_resolve_line324,m06,1,1,357,False
gson_2f_resolve__line324_394,qwen3:14b,batch05__Gson_2__resolve__gson_2f_resolve_line324,m07,1,321,357,False
gson_2f_resolve__line324_394,qwen3:14b,batch05__Gson_2__resolve__gson_2f_resolve_line324,m08,0,0,357,n/a
jacksoncore_1f__isNextTokenNameYes__line902_972,qwen3:14b,batch05__JacksonCore_1__isNextTokenNameYes__jacksoncore_1f_isNextTokenNameYes_line902,m01,1,1,4,False
jacksoncore_1f__isNextTokenNameYes__line902_972,qwen3:14b,batch05__JacksonCore_1__isNextTokenNameYes__jacksoncore_1f_isNextTokenNameYes_line902,m02,1,1,4,False
jacksoncore_1f__isNextTokenNameYes__line902_972,qwen3:14b,batch05__JacksonCore_1__isNextTokenNameYes__jacksoncore_1f_isNextTokenNameYes_line902,m03,0,0,4,n/a
jacksoncore_1f__isNextTokenNameYes__line902_972,qwen3:14b,batch05__JacksonCore_1__isNextTokenNameYes__jacksoncore_1f_isNextTokenNameYes_line902,m04,1,1,4,False
jacksoncore_1f__isNextTokenNameYes__line902_972,qwen3:14b,batch05__JacksonCore_1__isNextTokenNameYes__jacksoncore_1f_isNextTokenNameYes_line902,m05,0,0,4,n/a
jacksoncore_1f__isNextTokenNameYes__line902_972,qwen3:14b,batch05__JacksonCore_1__isNextTokenNameYes__jacksoncore_1f_isNextTokenNameYes_line902,m06,1,2,4,False
jacksoncore_1f__isNextTokenNameYes__line902_972,qwen3:14b,batch05__JacksonCore_1__isNextTokenNameYes__jacksoncore_1f_isNextTokenNameYes_line902,m07,0,0,4,n/a
jacksoncore_1f__isNextTokenNameYes__line902_972,qwen3:14b,batch05__JacksonCore_1__isNextTokenNameYes__jacksoncore_1f_isNextTokenNameYes_line902,m08,0,0,4,n/a
jacksoncore_1f__skipColon__line2527_2597,qwen3:14b,batch05__JacksonCore_1__skipColon__jacksoncore_1f_skipColon_line2527,m01,0,0,2,n/a
jacksoncore_1f__skipColon__line2527_2597,qwen3:14b,batch05__JacksonCore_1__skipColon__jacksoncore_1f_skipColon_line2527,m03,0,0,2,n/a
jacksoncore_1f__skipColon__line2527_2597,qwen3:14b,batch05__JacksonCore_1__skipColon__jacksoncore_1f_skipColon_line2527,m04,0,0,2,n/a
jacksoncore_1f__skipColon__line2527_2597,qwen3:14b,batch05__JacksonCore_1__skipColon__jacksoncore_1f_skipColon_line2527,m05,0,0,2,n/a
jacksoncore_1f__skipColon__line2527_2597,qwen3:14b,batch05__JacksonCore_1__skipColon__jacksoncore_1f_skipColon_line2527,m06,1,2,2,True
jacksoncore_1f__skipColon__line2527_2597,qwen3:14b,batch05__JacksonCore_1__skipColon__jacksoncore_1f_skipColon_line2527,m07,0,0,2,n/a
jacksoncore_1f__skipColon__line2527_2597,qwen3:14b,batch05__JacksonCore_1__skipColon__jacksoncore_1f_skipColon_line2527,m08,0,0,2,n/a
jacksoncore_1f__writeSimpleObject__line465_528,qwen3:14b,batch05__JacksonCore_1__writeSimpleObject__jacksoncore_1f_writeSimpleObject_line465,m01,0,0,1,n/a
jacksoncore_1f__writeSimpleObject__line465_528,qwen3:14b,batch05__JacksonCore_1__writeSimpleObject__jacksoncore_1f_writeSimpleObject_line465,m02,1,1,1,True
jacksoncore_1f__writeSimpleObject__line465_528,qwen3:14b,batch05__JacksonCore_1__writeSimpleObject__jacksoncore_1f_writeSimpleObject_line465,m03,0,0,1,n/a
jacksoncore_1f__writeSimpleObject__line465_528,qwen3:14b,batch05__JacksonCore_1__writeSimpleObject__jacksoncore_1f_writeSimpleObject_line465,m07,0,0,1,n/a
jacksoncore_1f__writeSimpleObject__line465_528,qwen3:14b,batch05__JacksonCore_1__writeSimpleObject__jacksoncore_1f_writeSimpleObject_line465,m08,0,0,1,n/a
jacksoncore_22f__finishToken__line218_293,qwen3:14b,batch05__JacksonCore_22__finishToken__jacksoncore_22f_finishToken_line218,m01,1,7,39,False
jacksoncore_22f__finishToken__line218_293,qwen3:14b,batch05__JacksonCore_22__finishToken__jacksoncore_22f_finishToken_line218,m02,1,5,39,False
jacksoncore_22f__finishToken__line218_293,qwen3:14b,batch05__JacksonCore_22__finishToken__jacksoncore_22f_finishToken_line218,m03,1,3,39,False
jacksoncore_22f__finishToken__line218_293,qwen3:14b,batch05__JacksonCore_22__finishToken__jacksoncore_22f_finishToken_line218,m04,1,9,39,False
jacksoncore_22f__finishToken__line218_293,qwen3:14b,batch05__JacksonCore_22__finishToken__jacksoncore_22f_finishToken_line218,m05,0,0,39,n/a
jacksoncore_22f__finishToken__line218_293,qwen3:14b,batch05__JacksonCore_22__finishToken__jacksoncore_22f_finishToken_line218,m07,1,2,39,False
jacksoncore_22f__startValueAfterColon__line545_609,qwen3:14b,batch05__JacksonCore_22__startValueAfterColon__jacksoncore_22f_startValueAfterColon_line545,m01,0,0,14,n/a
jacksoncore_22f__startValueAfterColon__line545_609,qwen3:14b,batch05__JacksonCore_22__startValueAfterColon__jacksoncore_22f_startValueAfterColon_line545,m02,1,14,14,True
jacksoncore_22f__startValueAfterColon__line545_609,qwen3:14b,batch05__JacksonCore_22__startValueAfterColon__jacksoncore_22f_startValueAfterColon_line545,m03,1,14,14,True
jacksoncore_22f__startValueAfterColon__line545_609,qwen3:14b,batch05__JacksonCore_22__startValueAfterColon__jacksoncore_22f_startValueAfterColon_line545,m07,1,2,14,False
jacksoncore_25f__finishAposName__line2136_2231,qwen3:14b,batch05__JacksonCore_25__finishAposName__jacksoncore_25f_finishAposName_line2136,m01,1,2,2,True
jacksoncore_25f__finishAposName__line2136_2231,qwen3:14b,batch05__JacksonCore_25__finishAposName__jacksoncore_25f_finishAposName_line2136,m02,0,0,2,n/a
jacksoncore_25f__finishAposName__line2136_2231,qwen3:14b,batch05__JacksonCore_25__finishAposName__jacksoncore_25f_finishAposName_line2136,m03,1,1,2,False
jacksoncore_25f__finishAposName__line2136_2231,qwen3:14b,batch05__JacksonCore_25__finishAposName__jacksoncore_25f_finishAposName_line2136,m06,1,2,2,False
jacksoncore_25f__startValueAfterComma__line812_874,qwen3:14b,batch05__JacksonCore_25__startValueAfterComma__jacksoncore_25f_startValueAfterComma_line812,m01,1,20,20,True
jacksoncore_25f__startValueAfterComma__line812_874,qwen3:14b,batch05__JacksonCore_25__startValueAfterComma__jacksoncore_25f_startValueAfterComma_line812,m06,0,0,20,n/a
jacksoncore_25f__startValueExpectComma__line642_730,qwen3:14b,batch05__JacksonCore_25__startValueExpectComma__jacksoncore_25f_startValueExpectComma_line642,m01,1,29,29,False
jacksoncore_25f__startValueExpectComma__line642_730,qwen3:14b,batch05__JacksonCore_25__startValueExpectComma__jacksoncore_25f_startValueExpectComma_line642,m02,1,29,29,False
jacksoncore_25f__startValueExpectComma__line642_730,qwen3:14b,batch05__JacksonCore_25__startValueExpectComma__jacksoncore_25f_startValueExpectComma_line642,m03,1,28,29,False
jacksoncore_25f__startValueExpectComma__line642_730,qwen3:14b,batch05__JacksonCore_25__startValueExpectComma__jacksoncore_25f_startValueExpectComma_line642,m04,1,21,29,False
jacksoncore_25f__startValueExpectComma__line642_730,qwen3:14b,batch05__JacksonCore_25__startValueExpectComma__jacksoncore_25f_startValueExpectComma_line642,m05,0,0,29,n/a
jacksoncore_25f__startValueExpectComma__line642_730,qwen3:14b,batch05__JacksonCore_25__startValueExpectComma__jacksoncore_25f_startValueExpectComma_line642,m06,0,0,29,n/a
jacksoncore_25f__startValueExpectComma__line642_730,qwen3:14b,batch05__JacksonCore_25__startValueExpectComma__jacksoncore_25f_startValueExpectComma_line642,m07,0,0,29,n/a
jacksoncore_25f__startValueExpectComma__line642_730,qwen3:14b,batch05__JacksonCore_25__startValueExpectComma__jacksoncore_25f_startValueExpectComma_line642,m08,1,1,29,False
jacksoncore_2f__parseFloat__line1329_1421,qwen3:14b,batch05__JacksonCore_2__parseFloat__jacksoncore_2f_parseFloat_line1329,m04,0,0,7,n/a
jacksoncore_2f__parseFloat__line1329_1421,qwen3:14b,batch05__JacksonCore_2__parseFloat__jacksoncore_2f_parseFloat_line1329,m05,1,6,7,False
jacksoncore_2f__parseFloat__line1329_1421,qwen3:14b,batch05__JacksonCore_2__parseFloat__jacksoncore_2f_parseFloat_line1329,m07,1,2,7,False
jacksoncore_2f__parseFloat__line1329_1421,qwen3:14b,batch05__JacksonCore_2__parseFloat__jacksoncore_2f_parseFloat_line1329,m08,1,6,7,False
jacksoncore_4f__writeSimpleObject__line1505_1567,qwen3:14b,batch05__JacksonCore_4__writeSimpleObject__jacksoncore_4f_writeSimpleObject_line1505,m01,1,1,1,False
jacksoncore_4f__writeSimpleObject__line1505_1567,qwen3:14b,batch05__JacksonCore_4__writeSimpleObject__jacksoncore_4f_writeSimpleObject_line1505,m04,1,1,1,True
jacksondatabind_1f__addDeserializerConstructors__line357_448,qwen3:14b,batch05__JacksonDatabind_1__addDeserializerConstructors__jacksondatabind_1f_addDeserializerConstructors_line357,m01,0,0,491,n/a
jacksondatabind_1f__addDeserializerConstructors__line357_448,qwen3:14b,batch05__JacksonDatabind_1__addDeserializerConstructors__jacksondatabind_1f_addDeserializerConstructors_line357,m02,1,38,491,False
jacksondatabind_1f__addDeserializerConstructors__line357_448,qwen3:14b,batch05__JacksonDatabind_1__addDeserializerConstructors__jacksondatabind_1f_addDeserializerConstructors_line357,m03,1,1,491,False
jacksondatabind_1f__addDeserializerConstructors__line357_448,qwen3:14b,batch05__JacksonDatabind_1__addDeserializerConstructors__jacksondatabind_1f_addDeserializerConstructors_line357,m05,0,0,491,n/a
jacksondatabind_1f__addDeserializerConstructors__line357_448,qwen3:14b,batch05__JacksonDatabind_1__addDeserializerConstructors__jacksondatabind_1f_addDeserializerConstructors_line357,m07,1,1,491,False
jacksondatabind_1f__addDeserializerConstructors__line357_448,qwen3:14b,batch05__JacksonDatabind_1__addDeserializerConstructors__jacksondatabind_1f_addDeserializerConstructors_line357,m08,1,253,491,False
jacksondatabind_1f__addDeserializerFactoryMethods__line507_578,qwen3:14b,batch05__JacksonDatabind_1__addDeserializerFactoryMethods__jacksondatabind_1f_addDeserializerFactoryMethods_line507,m01,1,1,494,False
jacksondatabind_1f__addDeserializerFactoryMethods__line507_578,qwen3:14b,batch05__JacksonDatabind_1__addDeserializerFactoryMethods__jacksondatabind_1f_addDeserializerFactoryMethods_line507,m03,0,0,494,n/a
jacksondatabind_1f__addDeserializerFactoryMethods__line507_578,qwen3:14b,batch05__JacksonDatabind_1__addDeserializerFactoryMethods__jacksondatabind_1f_addDeserializerFactoryMethods_line507,m04,1,9,494,False
jacksondatabind_1f__addDeserializerFactoryMethods__line507_578,qwen3:14b,batch05__JacksonDatabind_1__addDeserializerFactoryMethods__jacksondatabind_1f_addDeserializerFactoryMethods_line507,m05,1,1,494,False
jacksondatabind_1f__addDeserializerFactoryMethods__line507_578,qwen3:14b,batch05__JacksonDatabind_1__addDeserializerFactoryMethods__jacksondatabind_1f_addDeserializerFactoryMethods_line507,m06,0,0,494,n/a
jacksondatabind_1f__addDeserializerFactoryMethods__line507_578,qwen3:14b,batch05__JacksonDatabind_1__addDeserializerFactoryMethods__jacksondatabind_1f_addDeserializerFactoryMethods_line507,m07,1,8,494,False
jacksondatabind_1f__addDeserializerFactoryMethods__line507_578,qwen3:14b,batch05__JacksonDatabind_1__addDeserializerFactoryMethods__jacksondatabind_1f_addDeserializerFactoryMethods_line507,m08,1,1,494,False
jacksondatabind_1f_resolveCreators__line323_403,qwen3:14b,batch05__JacksonDatabind_1__resolveCreators__jacksondatabind_1f_resolveCreators_line323,m01,1,389,961,False
jacksondatabind_1f_resolveCreators__line323_403,qwen3:14b,batch05__JacksonDatabind_1__resolveCreators__jacksondatabind_1f_resolveCreators_line323,m02,0,0,961,n/a
jacksondatabind_1f_resolveCreators__line323_403,qwen3:14b,batch05__JacksonDatabind_1__resolveCreators__jacksondatabind_1f_resolveCreators_line323,m03,1,78,961,False
jacksondatabind_1f_resolveCreators__line323_403,qwen3:14b,batch05__JacksonDatabind_1__resolveCreators__jacksondatabind_1f_resolveCreators_line323,m06,0,0,961,n/a
jacksondatabind_1f_resolveCreators__line323_403,qwen3:14b,batch05__JacksonDatabind_1__resolveCreators__jacksondatabind_1f_resolveCreators_line323,m07,0,0,961,n/a
jacksondatabind_1f_resolve__line255_328,qwen3:14b,batch05__JacksonDatabind_1__resolve__jacksondatabind_1f_resolve_line255,m01,1,311,332,False
jacksondatabind_1f_resolve__line255_328,qwen3:14b,batch05__JacksonDatabind_1__resolve__jacksondatabind_1f_resolve_line255,m02,1,11,332,False
jacksondatabind_1f_resolve__line255_328,qwen3:14b,batch05__JacksonDatabind_1__resolve__jacksondatabind_1f_resolve_line255,m03,1,3,332,False
jacksondatabind_1f_resolve__line255_328,qwen3:14b,batch05__JacksonDatabind_1__resolve__jacksondatabind_1f_resolve_line255,m04,1,46,332,False
jacksondatabind_1f_resolve__line255_328,qwen3:14b,batch05__JacksonDatabind_1__resolve__jacksondatabind_1f_resolve_line255,m05,1,2,332,False
jacksondatabind_1f_resolve__line255_328,qwen3:14b,batch05__JacksonDatabind_1__resolve__jacksondatabind_1f_resolve_line255,m06,1,116,332,False
jacksondatabind_1f_resolve__line255_328,qwen3:14b,batch05__JacksonDatabind_1__resolve__jacksondatabind_1f_resolve_line255,m07,1,325,332,False
jacksondatabind_1f_resolve__line255_328,qwen3:14b,batch05__JacksonDatabind_1__resolve__jacksondatabind_1f_resolve_line255,m08,1,2,332,False
jacksondatabind_1f_serialize__line203_303,qwen3:14b,batch05__JacksonDatabind_1__serialize__jacksondatabind_1f_serialize_line203,m01,0,0,2,n/a
jacksondatabind_1f_serialize__line203_303,qwen3:14b,batch05__JacksonDatabind_1__serialize__jacksondatabind_1f_serialize_line203,m02,0,0,2,n/a
jacksondatabind_1f_serialize__line203_303,qwen3:14b,batch05__JacksonDatabind_1__serialize__jacksondatabind_1f_serialize_line203,m03,1,2,2,True
jacksondatabind_1f_serialize__line203_303,qwen3:14b,batch05__JacksonDatabind_1__serialize__jacksondatabind_1f_serialize_line203,m04,0,0,2,n/a
jacksondatabind_1f_serialize__line203_303,qwen3:14b,batch05__JacksonDatabind_1__serialize__jacksondatabind_1f_serialize_line203,m05,1,2,2,True
jacksondatabind_1f_serialize__line203_303,qwen3:14b,batch05__JacksonDatabind_1__serialize__jacksondatabind_1f_serialize_line203,m06,1,1,2,False
jacksondatabind_1f_serialize__line203_303,qwen3:14b,batch05__JacksonDatabind_1__serialize__jacksondatabind_1f_serialize_line203,m07,1,2,2,True
jacksondatabind_1f_serialize__line203_303,qwen3:14b,batch05__JacksonDatabind_1__serialize__jacksondatabind_1f_serialize_line203,m08,0,0,2,n/a
jacksondatabind_2f_buildCollectionSerializer__line598_660,qwen3:14b,batch05__JacksonDatabind_2__buildCollectionSerializer__jacksondatabind_2f_buildCollectionSerializer_line598,m03,1,2,77,False
jacksondatabind_2f_buildCollectionSerializer__line598_660,qwen3:14b,batch05__JacksonDatabind_2__buildCollectionSerializer__jacksondatabind_2f_buildCollectionSerializer_line598,m04,0,0,77,n/a
jacksondatabind_2f_buildCollectionSerializer__line598_660,qwen3:14b,batch05__JacksonDatabind_2__buildCollectionSerializer__jacksondatabind_2f_buildCollectionSerializer_line598,m06,1,1,77,False
jacksondatabind_2f_buildCollectionSerializer__line598_660,qwen3:14b,batch05__JacksonDatabind_2__buildCollectionSerializer__jacksondatabind_2f_buildCollectionSerializer_line598,m07,1,1,77,False
jacksondatabind_2f_buildCollectionSerializer__line598_660,qwen3:14b,batch05__JacksonDatabind_2__buildCollectionSerializer__jacksondatabind_2f_buildCollectionSerializer_line598,m08,0,0,77,n/a
jacksondatabind_2f_forType__line63_100,qwen3:14b,batch05__JacksonDatabind_2__forType__jacksondatabind_2f_forType_line63,m01,1,90,219,False
jacksondatabind_2f_forType__line63_100,qwen3:14b,batch05__JacksonDatabind_2__forType__jacksondatabind_2f_forType_line63,m02,1,1,219,False
jacksondatabind_2f_forType__line63_100,qwen3:14b,batch05__JacksonDatabind_2__forType__jacksondatabind_2f_forType_line63,m03,1,3,219,False
jacksondatabind_2f_forType__line63_100,qwen3:14b,batch05__JacksonDatabind_2__forType__jacksondatabind_2f_forType_line63,m04,1,1,219,False
jacksondatabind_2f_forType__line63_100,qwen3:14b,batch05__JacksonDatabind_2__forType__jacksondatabind_2f_forType_line63,m05,1,1,219,False
jacksondatabind_2f_forType__line63_100,qwen3:14b,batch05__JacksonDatabind_2__forType__jacksondatabind_2f_forType_line63,m06,1,8,219,False
jacksondatabind_2f_forType__line63_100,qwen3:14b,batch05__JacksonDatabind_2__forType__jacksondatabind_2f_forType_line63,m07,0,0,219,n/a
jacksondatabind_2f_forType__line63_100,qwen3:14b,batch05__JacksonDatabind_2__forType__jacksondatabind_2f_forType_line63,m08,1,1,219,False
jacksondatabind_59f_deserializeFromObject__line60_156,qwen3:14b,batch05__JacksonDatabind_59__deserializeFromObject__jacksondatabind_59f_deserializeFromObject_line60,m01,1,6,7,False
jacksondatabind_59f_deserializeFromObject__line60_156,qwen3:14b,batch05__JacksonDatabind_59__deserializeFromObject__jacksondatabind_59f_deserializeFromObject_line60,m02,0,0,7,n/a
jacksondatabind_59f_deserializeFromObject__line60_156,qwen3:14b,batch05__JacksonDatabind_59__deserializeFromObject__jacksondatabind_59f_deserializeFromObject_line60,m03,0,0,7,n/a
jacksondatabind_59f_deserializeFromObject__line60_156,qwen3:14b,batch05__JacksonDatabind_59__deserializeFromObject__jacksondatabind_59f_deserializeFromObject_line60,m04,0,0,7,n/a
jacksondatabind_59f_deserializeFromObject__line60_156,qwen3:14b,batch05__JacksonDatabind_59__deserializeFromObject__jacksondatabind_59f_deserializeFromObject_line60,m05,1,2,7,False
jacksondatabind_59f_deserializeFromObject__line60_156,qwen3:14b,batch05__JacksonDatabind_59__deserializeFromObject__jacksondatabind_59f_deserializeFromObject_line60,m06,1,4,7,False
jacksondatabind_59f_deserializeFromObject__line60_156,qwen3:14b,batch05__JacksonDatabind_59__deserializeFromObject__jacksondatabind_59f_deserializeFromObject_line60,m07,0,0,7,n/a
jacksondatabind_59f_deserializeFromObject__line60_156,qwen3:14b,batch05__JacksonDatabind_59__deserializeFromObject__jacksondatabind_59f_deserializeFromObject_line60,m08,0,0,7,n/a
jacksondatabind_80f__deserializeUsingProperties__line328_402,qwen3:14b,batch05__JacksonDatabind_80__deserializeUsingProperties__jacksondatabind_80f_deserializeUsingProperties_line328,m01,1,1,1,False
jacksondatabind_80f__deserializeUsingProperties__line328_402,qwen3:14b,batch05__JacksonDatabind_80__deserializeUsingProperties__jacksondatabind_80f_deserializeUsingProperties_line328,m02,0,0,1,n/a
jacksondatabind_80f__deserializeUsingProperties__line328_402,qwen3:14b,batch05__JacksonDatabind_80__deserializeUsingProperties__jacksondatabind_80f_deserializeUsingProperties_line328,m03,1,1,1,True
jacksondatabind_80f__deserializeUsingProperties__line328_402,qwen3:14b,batch05__JacksonDatabind_80__deserializeUsingProperties__jacksondatabind_80f_deserializeUsingProperties_line328,m05,1,1,1,False
jacksondatabind_80f__deserializeUsingProperties__line328_402,qwen3:14b,batch05__JacksonDatabind_80__deserializeUsingProperties__jacksondatabind_80f_deserializeUsingProperties_line328,m06,0,0,1,n/a
jacksondatabind_80f__deserializeUsingProperties__line328_402,qwen3:14b,batch05__JacksonDatabind_80__deserializeUsingProperties__jacksondatabind_80f_deserializeUsingProperties_line328,m07,0,0,1,n/a
jacksondatabind_80f__deserializeUsingProperties__line328_402,qwen3:14b,batch05__JacksonDatabind_80__deserializeUsingProperties__jacksondatabind_80f_deserializeUsingProperties_line328,m08,0,0,1,n/a
jacksondatabind_80f__isValuePresent__line179_275,qwen3:14b,batch05__JacksonDatabind_80__isValuePresent__jacksondatabind_80f_isValuePresent_line179,m05,0,0,20,n/a
jacksondatabind_96f__getSetterInfo__line242_315,qwen3:14b,batch05__JacksonDatabind_96__getSetterInfo__jacksondatabind_96f_getSetterInfo_line242,m06,1,2,694,False
jacksondatabind_96f__getSetterInfo__line242_315,qwen3:14b,batch05__JacksonDatabind_96__getSetterInfo__jacksondatabind_96f_getSetterInfo_line242,m08,1,31,694,False
jacksondatabind_96f__idFrom__line66_115,qwen3:14b,batch05__JacksonDatabind_96__idFrom__jacksondatabind_96f_idFrom_line66,m01,0,0,103,n/a
jacksondatabind_96f__idFrom__line66_115,qwen3:14b,batch05__JacksonDatabind_96__idFrom__jacksondatabind_96f_idFrom_line66,m02,1,7,103,False
jacksondatabind_96f__idFrom__line66_115,qwen3:14b,batch05__JacksonDatabind_96__idFrom__jacksondatabind_96f_idFrom_line66,m03,0,0,103,n/a
jacksondatabind_96f__idFrom__line66_115,qwen3:14b,batch05__JacksonDatabind_96__idFrom__jacksondatabind_96f_idFrom_line66,m04,0,0,103,n/a
jacksondatabind_96f__idFrom__line66_115,qwen3:14b,batch05__JacksonDatabind_96__idFrom__jacksondatabind_96f_idFrom_line66,m05,1,1,103,False
jacksondatabind_96f__idFrom__line66_115,qwen3:14b,batch05__JacksonDatabind_96__idFrom__jacksondatabind_96f_idFrom_line66,m06,1,1,103,False
jacksondatabind_96f__idFrom__line66_115,qwen3:14b,batch05__JacksonDatabind_96__idFrom__jacksondatabind_96f_idFrom_line66,m07,1,1,103,False
jacksondatabind_96f__idFrom__line66_115,qwen3:14b,batch05__JacksonDatabind_96__idFrom__jacksondatabind_96f_idFrom_line66,m08,1,2,103,False
jacksonxml_1f__findRootName__line63_91,qwen3:14b,batch05__JacksonXml_1__findRootName__jacksonxml_1f_findRootName_line63,m01,1,13,69,False
jacksonxml_1f__findRootName__line63_91,qwen3:14b,batch05__JacksonXml_1__findRootName__jacksonxml_1f_findRootName_line63,m02,1,65,69,False
jacksonxml_1f__findRootName__line63_91,qwen3:14b,batch05__JacksonXml_1__findRootName__jacksonxml_1f_findRootName_line63,m03,1,65,69,False
jacksonxml_1f__findRootName__line63_91,qwen3:14b,batch05__JacksonXml_1__findRootName__jacksonxml_1f_findRootName_line63,m04,1,1,69,False
jacksonxml_1f__findRootName__line63_91,qwen3:14b,batch05__JacksonXml_1__findRootName__jacksonxml_1f_findRootName_line63,m05,1,12,69,False
jacksonxml_1f__findRootName__line63_91,qwen3:14b,batch05__JacksonXml_1__findRootName__jacksonxml_1f_findRootName_line63,m06,1,12,69,False
jacksonxml_1f__findRootName__line63_91,qwen3:14b,batch05__JacksonXml_1__findRootName__jacksonxml_1f_findRootName_line63,m07,1,17,69,False
jacksonxml_1f__findRootName__line63_91,qwen3:14b,batch05__JacksonXml_1__findRootName__jacksonxml_1f_findRootName_line63,m08,1,37,69,False
jacksonxml_1f_hasXMLFormat__line682_770,qwen3:14b,batch05__JacksonXml_1__hasXMLFormat__jacksonxml_1f_hasXMLFormat_line682,m01,1,7,8,False
jacksonxml_1f_hasXMLFormat__line682_770,qwen3:14b,batch05__JacksonXml_1__hasXMLFormat__jacksonxml_1f_hasXMLFormat_line682,m02,0,0,8,n/a
jacksonxml_1f_hasXMLFormat__line682_770,qwen3:14b,batch05__JacksonXml_1__hasXMLFormat__jacksonxml_1f_hasXMLFormat_line682,m03,1,1,8,False
jacksonxml_1f_hasXMLFormat__line682_770,qwen3:14b,batch05__JacksonXml_1__hasXMLFormat__jacksonxml_1f_hasXMLFormat_line682,m04,0,0,8,n/a
jacksonxml_1f_hasXMLFormat__line682_770,qwen3:14b,batch05__JacksonXml_1__hasXMLFormat__jacksonxml_1f_hasXMLFormat_line682,m05,1,1,8,False
jacksonxml_1f_hasXMLFormat__line682_770,qwen3:14b,batch05__JacksonXml_1__hasXMLFormat__jacksonxml_1f_hasXMLFormat_line682,m06,0,0,8,n/a
jacksonxml_1f_hasXMLFormat__line682_770,qwen3:14b,batch05__JacksonXml_1__hasXMLFormat__jacksonxml_1f_hasXMLFormat_line682,m07,1,1,8,False
jacksonxml_1f_hasXMLFormat__line682_770,qwen3:14b,batch05__JacksonXml_1__hasXMLFormat__jacksonxml_1f_hasXMLFormat_line682,m08,1,3,8,False
jacksonxml_1f_nextTextValue__line594_688,qwen3:14b,batch05__JacksonXml_1__nextTextValue__jacksonxml_1f_nextTextValue_line594,m01,0,0,4,n/a
jacksonxml_1f_nextTextValue__line594_688,qwen3:14b,batch05__JacksonXml_1__nextTextValue__jacksonxml_1f_nextTextValue_line594,m02,0,0,4,n/a
jacksonxml_1f_nextTextValue__line594_688,qwen3:14b,batch05__JacksonXml_1__nextTextValue__jacksonxml_1f_nextTextValue_line594,m03,0,0,4,n/a
jacksonxml_1f_nextTextValue__line594_688,qwen3:14b,batch05__JacksonXml_1__nextTextValue__jacksonxml_1f_nextTextValue_line594,m04,1,1,4,False
jacksonxml_1f_nextTextValue__line594_688,qwen3:14b,batch05__JacksonXml_1__nextTextValue__jacksonxml_1f_nextTextValue_line594,m05,0,0,4,n/a
jacksonxml_1f_nextTextValue__line594_688,qwen3:14b,batch05__JacksonXml_1__nextTextValue__jacksonxml_1f_nextTextValue_line594,m06,0,0,4,n/a
jacksonxml_1f_nextTextValue__line594_688,qwen3:14b,batch05__JacksonXml_1__nextTextValue__jacksonxml_1f_nextTextValue_line594,m07,1,4,4,False
jacksonxml_1f_nextTextValue__line594_688,qwen3:14b,batch05__JacksonXml_1__nextTextValue__jacksonxml_1f_nextTextValue_line594,m08,0,0,4,n/a
jacksonxml_1f__next__line303_348,qwen3:14b,batch05__JacksonXml_1__next__jacksonxml_1f_next_line303,m01,0,0,79,n/a
jacksonxml_1f__next__line303_348,qwen3:14b,batch05__JacksonXml_1__next__jacksonxml_1f_next_line303,m02,1,78,79,False
jacksonxml_1f__next__line303_348,qwen3:14b,batch05__JacksonXml_1__next__jacksonxml_1f_next_line303,m03,1,79,79,False
jacksonxml_1f__next__line303_348,qwen3:14b,batch05__JacksonXml_1__next__jacksonxml_1f_next_line303,m04,1,75,79,False
jacksonxml_1f__next__line303_348,qwen3:14b,batch05__JacksonXml_1__next__jacksonxml_1f_next_line303,m06,1,12,79,False
jacksonxml_1f__next__line303_348,qwen3:14b,batch05__JacksonXml_1__next__jacksonxml_1f_next_line303,m07,0,0,79,n/a
jacksonxml_1f__next__line303_348,qwen3:14b,batch05__JacksonXml_1__next__jacksonxml_1f_next_line303,m08,1,47,79,False
jacksonxml_1f_sanitizeXmlTypeName__line32_71,qwen3:14b,batch05__JacksonXml_1__sanitizeXmlTypeName__jacksonxml_1f_sanitizeXmlTypeName_line32,m02,0,0,55,n/a
jacksonxml_1f_sanitizeXmlTypeName__line32_71,qwen3:14b,batch05__JacksonXml_1__sanitizeXmlTypeName__jacksonxml_1f_sanitizeXmlTypeName_line32,m03,0,0,55,n/a
jacksonxml_1f_sanitizeXmlTypeName__line32_71,qwen3:14b,batch05__JacksonXml_1__sanitizeXmlTypeName__jacksonxml_1f_sanitizeXmlTypeName_line32,m04,1,2,55,False
jacksonxml_1f_sanitizeXmlTypeName__line32_71,qwen3:14b,batch05__JacksonXml_1__sanitizeXmlTypeName__jacksonxml_1f_sanitizeXmlTypeName_line32,m05,0,0,55,n/a
jacksonxml_1f_sanitizeXmlTypeName__line32_71,qwen3:14b,batch05__JacksonXml_1__sanitizeXmlTypeName__jacksonxml_1f_sanitizeXmlTypeName_line32,m06,1,5,55,False
jacksonxml_1f_sanitizeXmlTypeName__line32_71,qwen3:14b,batch05__JacksonXml_1__sanitizeXmlTypeName__jacksonxml_1f_sanitizeXmlTypeName_line32,m07,1,1,55,False
jacksonxml_1f_sanitizeXmlTypeName__line32_71,qwen3:14b,batch05__JacksonXml_1__sanitizeXmlTypeName__jacksonxml_1f_sanitizeXmlTypeName_line32,m08,0,0,55,n/a
jacksonxml_1f_serializeAsField__line78_152,qwen3:14b,batch05__JacksonXml_1__serializeAsField__jacksonxml_1f_serializeAsField_line78,m01,1,1,16,False
jacksonxml_1f_serializeAsField__line78_152,qwen3:14b,batch05__JacksonXml_1__serializeAsField__jacksonxml_1f_serializeAsField_line78,m02,0,0,16,n/a
jacksonxml_1f_serializeAsField__line78_152,qwen3:14b,batch05__JacksonXml_1__serializeAsField__jacksonxml_1f_serializeAsField_line78,m03,0,0,16,n/a
jacksonxml_1f_serializeAsField__line78_152,qwen3:14b,batch05__JacksonXml_1__serializeAsField__jacksonxml_1f_serializeAsField_line78,m04,0,0,16,n/a
jacksonxml_1f_serializeAsField__line78_152,qwen3:14b,batch05__JacksonXml_1__serializeAsField__jacksonxml_1f_serializeAsField_line78,m05,1,14,16,False
jacksonxml_1f_serializeAsField__line78_152,qwen3:14b,batch05__JacksonXml_1__serializeAsField__jacksonxml_1f_serializeAsField_line78,m06,1,15,16,False
jacksonxml_1f_serializeAsField__line78_152,qwen3:14b,batch05__JacksonXml_1__serializeAsField__jacksonxml_1f_serializeAsField_line78,m08,1,9,16,False
jacksonxml_1f_updateProperties__line31_78,qwen3:14b,batch05__JacksonXml_1__updateProperties__jacksonxml_1f_updateProperties_line31,m01,0,0,66,n/a
jacksonxml_1f_updateProperties__line31_78,qwen3:14b,batch05__JacksonXml_1__updateProperties__jacksonxml_1f_updateProperties_line31,m02,1,21,66,False
jacksonxml_1f_updateProperties__line31_78,qwen3:14b,batch05__JacksonXml_1__updateProperties__jacksonxml_1f_updateProperties_line31,m04,0,0,66,n/a
jacksonxml_1f_updateProperties__line31_78,qwen3:14b,batch05__JacksonXml_1__updateProperties__jacksonxml_1f_updateProperties_line31,m05,0,0,66,n/a
jacksonxml_2f_writeString__line560_595,qwen3:14b,batch05__JacksonXml_2__writeString__jacksonxml_2f_writeString_line560,m01,1,21,64,False
jacksonxml_2f_writeString__line560_595,qwen3:14b,batch05__JacksonXml_2__writeString__jacksonxml_2f_writeString_line560,m02,0,0,64,n/a
jacksonxml_2f_writeString__line560_595,qwen3:14b,batch05__JacksonXml_2__writeString__jacksonxml_2f_writeString_line560,m05,1,19,64,False
jacksonxml_2f_writeString__line560_595,qwen3:14b,batch05__JacksonXml_2__writeString__jacksonxml_2f_writeString_line560,m06,1,1,64,False
jacksonxml_2f_writeString__line560_595,qwen3:14b,batch05__JacksonXml_2__writeString__jacksonxml_2f_writeString_line560,m07,0,0,64,n/a
jacksonxml_2f_writeString__line560_595,qwen3:14b,batch05__JacksonXml_2__writeString__jacksonxml_2f_writeString_line560,m08,0,0,64,n/a
jsoup_12f_parseAttribute__line183_214,qwen3:14b,batch05__Jsoup_12__parseAttribute__jsoup_12f_parseAttribute_line183,m01,1,27,129,False
jsoup_12f_parseAttribute__line183_214,qwen3:14b,batch05__Jsoup_12__parseAttribute__jsoup_12f_parseAttribute_line183,m02,0,0,129,n/a
jsoup_12f_parseAttribute__line183_214,qwen3:14b,batch05__Jsoup_12__parseAttribute__jsoup_12f_parseAttribute_line183,m04,1,116,129,False
jsoup_12f_parseAttribute__line183_214,qwen3:14b,batch05__Jsoup_12__parseAttribute__jsoup_12f_parseAttribute_line183,m05,1,2,129,False
jsoup_12f_parseAttribute__line183_214,qwen3:14b,batch05__Jsoup_12__parseAttribute__jsoup_12f_parseAttribute_line183,m06,0,0,129,n/a
jsoup_12f_parseAttribute__line183_214,qwen3:14b,batch05__Jsoup_12__parseAttribute__jsoup_12f_parseAttribute_line183,m07,1,23,129,False
jsoup_13f_byAttribute__line177_209,qwen3:14b,batch05__Jsoup_13__byAttribute__jsoup_13f_byAttribute_line177,m02,1,1,21,False
jsoup_13f_byAttribute__line177_209,qwen3:14b,batch05__Jsoup_13__byAttribute__jsoup_13f_byAttribute_line177,m03,1,13,21,False
jsoup_13f_byAttribute__line177_209,qwen3:14b,batch05__Jsoup_13__byAttribute__jsoup_13f_byAttribute_line177,m04,1,1,21,False
jsoup_13f_byAttribute__line177_209,qwen3:14b,batch05__Jsoup_13__byAttribute__jsoup_13f_byAttribute_line177,m08,1,17,21,False
jsoup_13f_findElements__line120_152,qwen3:14b,batch05__Jsoup_13__findElements__jsoup_13f_findElements_line120,m04,1,21,136,False
jsoup_13f_findElements__line120_152,qwen3:14b,batch05__Jsoup_13__findElements__jsoup_13f_findElements_line120,m05,0,0,136,n/a
jsoup_13f_findElements__line120_152,qwen3:14b,batch05__Jsoup_13__findElements__jsoup_13f_findElements_line120,m06,1,2,136,False
jsoup_13f_findElements__line120_152,qwen3:14b,batch05__Jsoup_13__findElements__jsoup_13f_findElements_line120,m07,1,136,136,True
jsoup_13f_findElements__line120_152,qwen3:14b,batch05__Jsoup_13__findElements__jsoup_13f_findElements_line120,m08,1,7,136,False
jsoup_1f_canContain__line67_99,qwen3:14b,batch05__Jsoup_1__canContain__jsoup_1f_canContain_line67,m01,1,8,128,False
jsoup_1f_canContain__line67_99,qwen3:14b,batch05__Jsoup_1__canContain__jsoup_1f_canContain_line67,m02,0,0,128,n/a
jsoup_1f_canContain__line67_99,qwen3:14b,batch05__Jsoup_1__canContain__jsoup_1f_canContain_line67,m03,1,8,128,False
jsoup_1f_canContain__line67_99,qwen3:14b,batch05__Jsoup_1__canContain__jsoup_1f_canContain_line67,m04,0,0,128,n/a
jsoup_1f_canContain__line67_99,qwen3:14b,batch05__Jsoup_1__canContain__jsoup_1f_canContain_line67,m06,1,1,128,False
jsoup_20f_resetInsertionMode__line351_399,qwen3:14b,batch05__Jsoup_20__resetInsertionMode__jsoup_20f_resetInsertionMode_line351,m01,1,43,52,False
jsoup_28f_consumeCharacterReference__line100_155,qwen3:14b,batch05__Jsoup_28__consumeCharacterReference__jsoup_28f_consumeCharacterReference_line100,m01,0,0,29,n/a
jsoup_28f_consumeCharacterReference__line100_155,qwen3:14b,batch05__Jsoup_28__consumeCharacterReference__jsoup_28f_consumeCharacterReference_line100,m02,0,0,29,n/a
jsoup_28f_consumeCharacterReference__line100_155,qwen3:14b,batch05__Jsoup_28__consumeCharacterReference__jsoup_28f_consumeCharacterReference_line100,m03,0,0,29,n/a
jsoup_28f_consumeCharacterReference__line100_155,qwen3:14b,batch05__Jsoup_28__consumeCharacterReference__jsoup_28f_consumeCharacterReference_line100,m04,0,0,29,n/a
jsoup_28f_consumeCharacterReference__line100_155,qwen3:14b,batch05__Jsoup_28__consumeCharacterReference__jsoup_28f_consumeCharacterReference_line100,m05,1,3,29,False
jsoup_28f_consumeCharacterReference__line100_155,qwen3:14b,batch05__Jsoup_28__consumeCharacterReference__jsoup_28f_consumeCharacterReference_line100,m06,0,0,29,n/a
jsoup_28f_consumeCharacterReference__line100_155,qwen3:14b,batch05__Jsoup_28__consumeCharacterReference__jsoup_28f_consumeCharacterReference_line100,m07,1,2,29,False
jsoup_28f_consumeCharacterReference__line100_155,qwen3:14b,batch05__Jsoup_28__consumeCharacterReference__jsoup_28f_consumeCharacterReference_line100,m08,1,14,29,False
jsoup_33f_cssNthChild__line277_308,qwen3:14b,batch05__Jsoup_33__cssNthChild__jsoup_33f_cssNthChild_line277,m07,1,2,8,False
jsoup_33f_cssNthChild__line277_308,qwen3:14b,batch05__Jsoup_33__cssNthChild__jsoup_33f_cssNthChild_line277,m08,1,2,8,False
jsoup_66f_filter__line81_125,qwen3:14b,batch05__Jsoup_66__filter__jsoup_66f_filter_line81,m01,1,1,8,False
jsoup_66f_filter__line81_125,qwen3:14b,batch05__Jsoup_66__filter__jsoup_66f_filter_line81,m02,1,2,8,False
jsoup_66f_filter__line81_125,qwen3:14b,batch05__Jsoup_66__filter__jsoup_66f_filter_line81,m03,1,8,8,True
jsoup_66f_filter__line81_125,qwen3:14b,batch05__Jsoup_66__filter__jsoup_66f_filter_line81,m04,1,7,8,False
jsoup_66f_filter__line81_125,qwen3:14b,batch05__Jsoup_66__filter__jsoup_66f_filter_line81,m05,0,0,8,n/a
jsoup_66f_filter__line81_125,qwen3:14b,batch05__Jsoup_66__filter__jsoup_66f_filter_line81,m06,0,0,8,n/a
jsoup_66f_filter__line81_125,qwen3:14b,batch05__Jsoup_66__filter__jsoup_66f_filter_line81,m07,1,8,8,False
jsoup_66f_filter__line81_125,qwen3:14b,batch05__Jsoup_66__filter__jsoup_66f_filter_line81,m08,0,0,8,n/a
jsoup_67f_parseInputStream__line92_155,qwen3:14b,batch05__Jsoup_67__parseInputStream__jsoup_67f_parseInputStream_line92,m01,0,0,38,n/a
jsoup_67f_parseInputStream__line92_155,qwen3:14b,batch05__Jsoup_67__parseInputStream__jsoup_67f_parseInputStream_line92,m02,1,3,38,False
jsoup_67f_parseInputStream__line92_155,qwen3:14b,batch05__Jsoup_67__parseInputStream__jsoup_67f_parseInputStream_line92,m03,0,0,38,n/a
jsoup_67f_parseInputStream__line92_155,qwen3:14b,batch05__Jsoup_67__parseInputStream__jsoup_67f_parseInputStream_line92,m04,1,2,38,False
jsoup_67f_parseInputStream__line92_155,qwen3:14b,batch05__Jsoup_67__parseInputStream__jsoup_67f_parseInputStream_line92,m05,0,0,38,n/a
jsoup_67f_parseInputStream__line92_155,qwen3:14b,batch05__Jsoup_67__parseInputStream__jsoup_67f_parseInputStream_line92,m06,1,6,38,False
jsoup_67f_parseInputStream__line92_155,qwen3:14b,batch05__Jsoup_67__parseInputStream__jsoup_67f_parseInputStream_line92,m08,0,0,38,n/a
jxpath_1f_computeContextDependent__line142_186,qwen3:14b,batch05__JxPath_1__computeContextDependent__jxpath_1f_computeContextDependent_line142,m01,1,1,1,True
jxpath_1f_computeValue__line212_276,qwen3:14b,batch05__JxPath_1__computeValue__jxpath_1f_computeValue_line212,m01,0,0,9,n/a
jxpath_1f_computeValue__line212_276,qwen3:14b,batch05__JxPath_1__computeValue__jxpath_1f_computeValue_line212,m02,0,0,9,n/a
jxpath_1f_computeValue__line212_276,qwen3:14b,batch05__JxPath_1__computeValue__jxpath_1f_computeValue_line212,m03,0,0,9,n/a
jxpath_1f_computeValue__line212_276,qwen3:14b,batch05__JxPath_1__computeValue__jxpath_1f_computeValue_line212,m04,1,2,9,False
jxpath_1f_computeValue__line212_276,qwen3:14b,batch05__JxPath_1__computeValue__jxpath_1f_computeValue_line212,m05,0,0,9,n/a
jxpath_1f_computeValue__line212_276,qwen3:14b,batch05__JxPath_1__computeValue__jxpath_1f_computeValue_line212,m06,1,1,9,False
jxpath_1f_computeValue__line212_276,qwen3:14b,batch05__JxPath_1__computeValue__jxpath_1f_computeValue_line212,m07,0,0,9,n/a
jxpath_1f_computeValue__line212_276,qwen3:14b,batch05__JxPath_1__computeValue__jxpath_1f_computeValue_line212,m08,0,0,9,n/a
jxpath_1f_jjMoveStringLiteralDfa0_0__line402_479,qwen3:14b,batch05__JxPath_1__jjMoveStringLiteralDfa0_0__jxpath_1f_jjMoveStringLiteralDfa0_0_line402,m01,1,1,136,False
jxpath_1f_jjMoveStringLiteralDfa0_0__line402_479,qwen3:14b,batch05__JxPath_1__jjMoveStringLiteralDfa0_0__jxpath_1f_jjMoveStringLiteralDfa0_0_line402,m02,1,16,136,False
jxpath_1f_jjMoveStringLiteralDfa0_0__line402_479,qwen3:14b,batch05__JxPath_1__jjMoveStringLiteralDfa0_0__jxpath_1f_jjMoveStringLiteralDfa0_0_line402,m03,1,108,136,False
jxpath_1f_jjMoveStringLiteralDfa0_0__line402_479,qwen3:14b,batch05__JxPath_1__jjMoveStringLiteralDfa0_0__jxpath_1f_jjMoveStringLiteralDfa0_0_line402,m04,1,77,136,False
jxpath_1f_jjMoveStringLiteralDfa0_0__line402_479,qwen3:14b,batch05__JxPath_1__jjMoveStringLiteralDfa0_0__jxpath_1f_jjMoveStringLiteralDfa0_0_line402,m05,1,17,136,False
jxpath_1f_jjMoveStringLiteralDfa0_0__line402_479,qwen3:14b,batch05__JxPath_1__jjMoveStringLiteralDfa0_0__jxpath_1f_jjMoveStringLiteralDfa0_0_line402,m06,1,4,136,False
jxpath_1f_jjMoveStringLiteralDfa0_0__line402_479,qwen3:14b,batch05__JxPath_1__jjMoveStringLiteralDfa0_0__jxpath_1f_jjMoveStringLiteralDfa0_0_line402,m07,1,3,136,False
jxpath_1f_jjMoveStringLiteralDfa0_0__line402_479,qwen3:14b,batch05__JxPath_1__jjMoveStringLiteralDfa0_0__jxpath_1f_jjMoveStringLiteralDfa0_0_line402,m08,1,2,136,False
jxpath_1f_jjMoveStringLiteralDfa1_0__line480_535,qwen3:14b,batch05__JxPath_1__jjMoveStringLiteralDfa1_0__jxpath_1f_jjMoveStringLiteralDfa1_0_line480,m01,0,0,127,n/a
jxpath_1f_jjMoveStringLiteralDfa1_0__line480_535,qwen3:14b,batch05__JxPath_1__jjMoveStringLiteralDfa1_0__jxpath_1f_jjMoveStringLiteralDfa1_0_line480,m02,1,2,127,False
jxpath_1f_jjMoveStringLiteralDfa1_0__line480_535,qwen3:14b,batch05__JxPath_1__jjMoveStringLiteralDfa1_0__jxpath_1f_jjMoveStringLiteralDfa1_0_line480,m03,1,10,127,False
jxpath_1f_jjMoveStringLiteralDfa1_0__line480_535,qwen3:14b,batch05__JxPath_1__jjMoveStringLiteralDfa1_0__jxpath_1f_jjMoveStringLiteralDfa1_0_line480,m05,1,3,127,False
jxpath_1f_jjMoveStringLiteralDfa1_0__line480_535,qwen3:14b,batch05__JxPath_1__jjMoveStringLiteralDfa1_0__jxpath_1f_jjMoveStringLiteralDfa1_0_line480,m06,1,2,127,False
jxpath_1f_jjMoveStringLiteralDfa1_0__line480_535,qwen3:14b,batch05__JxPath_1__jjMoveStringLiteralDfa1_0__jxpath_1f_jjMoveStringLiteralDfa1_0_line480,m07,1,4,127,False
jxpath_1f_jjMoveStringLiteralDfa1_0__line480_535,qwen3:14b,batch05__JxPath_1__jjMoveStringLiteralDfa1_0__jxpath_1f_jjMoveStringLiteralDfa1_0_line480,m08,1,72,127,False
jxpath_1f_jjMoveStringLiteralDfa2_0__line536_597,qwen3:14b,batch05__JxPath_1__jjMoveStringLiteralDfa2_0__jxpath_1f_jjMoveStringLiteralDfa2_0_line536,m01,1,23,117,False
jxpath_1f_jjMoveStringLiteralDfa2_0__line536_597,qwen3:14b,batch05__JxPath_1__jjMoveStringLiteralDfa2_0__jxpath_1f_jjMoveStringLiteralDfa2_0_line536,m04,1,4,117,False
jxpath_1f_jjMoveStringLiteralDfa2_0__line536_597,qwen3:14b,batch05__JxPath_1__jjMoveStringLiteralDfa2_0__jxpath_1f_jjMoveStringLiteralDfa2_0_line536,m06,1,2,117,False
jxpath_1f_jjMoveStringLiteralDfa2_0__line536_597,qwen3:14b,batch05__JxPath_1__jjMoveStringLiteralDfa2_0__jxpath_1f_jjMoveStringLiteralDfa2_0_line536,m07,1,1,117,False
jxpath_1f_jjMoveStringLiteralDfa2_0__line536_597,qwen3:14b,batch05__JxPath_1__jjMoveStringLiteralDfa2_0__jxpath_1f_jjMoveStringLiteralDfa2_0_line536,m08,1,3,117,False
jxpath_1f_jjMoveStringLiteralDfa3_0__line598_658,qwen3:14b,batch05__JxPath_1__jjMoveStringLiteralDfa3_0__jxpath_1f_jjMoveStringLiteralDfa3_0_line598,m01,1,16,88,False
jxpath_1f_jjMoveStringLiteralDfa3_0__line598_658,qwen3:14b,batch05__JxPath_1__jjMoveStringLiteralDfa3_0__jxpath_1f_jjMoveStringLiteralDfa3_0_line598,m04,1,1,88,False
jxpath_1f_jjMoveStringLiteralDfa3_0__line598_658,qwen3:14b,batch05__JxPath_1__jjMoveStringLiteralDfa3_0__jxpath_1f_jjMoveStringLiteralDfa3_0_line598,m05,1,1,88,False
jxpath_1f_jjMoveStringLiteralDfa3_0__line598_658,qwen3:14b,batch05__JxPath_1__jjMoveStringLiteralDfa3_0__jxpath_1f_jjMoveStringLiteralDfa3_0_line598,m08,1,30,88,False
jxpath_1f_jj_3R_129__line2567_2609,qwen3:14b,batch05__JxPath_1__jj_3R_129__jxpath_1f_jj_3R_129_line2567,m05,0,0,47,n/a
jxpath_1f_jj_3R_18__line1897_1990,qwen3:14b,batch05__JxPath_1__jj_3R_18__jxpath_1f_jj_3R_18_line1897,m03,1,1,88,False
jxpath_1f_jj_3R_18__line1897_1990,qwen3:14b,batch05__JxPath_1__jj_3R_18__jxpath_1f_jj_3R_18_line1897,m04,0,0,88,n/a
jxpath_1f_jj_3R_18__line1897_1990,qwen3:14b,batch05__JxPath_1__jj_3R_18__jxpath_1f_jj_3R_18_line1897,m05,0,0,88,n/a
jxpath_1f_jj_3R_18__line1897_1990,qwen3:14b,batch05__JxPath_1__jj_3R_18__jxpath_1f_jj_3R_18_line1897,m07,1,11,88,False
jxpath_1f_jj_3R_19__line3419_3440,qwen3:14b,batch05__JxPath_1__jj_3R_19__jxpath_1f_jj_3R_19_line3419,m04,1,75,136,False
jxpath_6f_canConvert__line51_148,qwen3:14b,batch05__JxPath_6__canConvert__jxpath_6f_canConvert_line51,m01,0,0,20,n/a
jxpath_6f_canConvert__line51_148,qwen3:14b,batch05__JxPath_6__canConvert__jxpath_6f_canConvert_line51,m02,1,2,20,False
jxpath_6f_canConvert__line51_148,qwen3:14b,batch05__JxPath_6__canConvert__jxpath_6f_canConvert_line51,m03,1,11,20,False
jxpath_6f_canConvert__line51_148,qwen3:14b,batch05__JxPath_6__canConvert__jxpath_6f_canConvert_line51,m07,0,0,20,n/a
jxpath_6f_canConvert__line51_148,qwen3:14b,batch05__JxPath_6__canConvert__jxpath_6f_canConvert_line51,m08,1,1,20,False
lang_1f_binaryBeMsb0ToHexDigit__line511_582,qwen3:14b,batch05__Lang_1__binaryBeMsb0ToHexDigit__lang_1f_binaryBeMsb0ToHexDigit_line511,m01,1,1,2,False
lang_1f_binaryBeMsb0ToHexDigit__line511_582,qwen3:14b,batch05__Lang_1__binaryBeMsb0ToHexDigit__lang_1f_binaryBeMsb0ToHexDigit_line511,m02,1,2,2,False
lang_1f_binaryBeMsb0ToHexDigit__line511_582,qwen3:14b,batch05__Lang_1__binaryBeMsb0ToHexDigit__lang_1f_binaryBeMsb0ToHexDigit_line511,m03,1,1,2,False
lang_1f_binaryBeMsb0ToHexDigit__line511_582,qwen3:14b,batch05__Lang_1__binaryBeMsb0ToHexDigit__lang_1f_binaryBeMsb0ToHexDigit_line511,m04,1,2,2,False
lang_1f_binaryBeMsb0ToHexDigit__line511_582,qwen3:14b,batch05__Lang_1__binaryBeMsb0ToHexDigit__lang_1f_binaryBeMsb0ToHexDigit_line511,m05,1,1,2,False
lang_1f_binaryBeMsb0ToHexDigit__line511_582,qwen3:14b,batch05__Lang_1__binaryBeMsb0ToHexDigit__lang_1f_binaryBeMsb0ToHexDigit_line511,m06,1,2,2,False
lang_1f_binaryBeMsb0ToHexDigit__line511_582,qwen3:14b,batch05__Lang_1__binaryBeMsb0ToHexDigit__lang_1f_binaryBeMsb0ToHexDigit_line511,m07,1,2,2,False
lang_1f_binaryBeMsb0ToHexDigit__line511_582,qwen3:14b,batch05__Lang_1__binaryBeMsb0ToHexDigit__lang_1f_binaryBeMsb0ToHexDigit_line511,m08,1,2,2,False
lang_1f_binaryToHexDigitMsb0_4bits__line403_474,qwen3:14b,batch05__Lang_1__binaryToHexDigitMsb0_4bits__lang_1f_binaryToHexDigitMsb0_4bits_line403,m01,1,2,2,True
lang_1f_binaryToHexDigitMsb0_4bits__line403_474,qwen3:14b,batch05__Lang_1__binaryToHexDigitMsb0_4bits__lang_1f_binaryToHexDigitMsb0_4bits_line403,m02,1,2,2,True
lang_1f_binaryToHexDigitMsb0_4bits__line403_474,qwen3:14b,batch05__Lang_1__binaryToHexDigitMsb0_4bits__lang_1f_binaryToHexDigitMsb0_4bits_line403,m04,1,2,2,False
lang_1f_binaryToHexDigitMsb0_4bits__line403_474,qwen3:14b,batch05__Lang_1__binaryToHexDigitMsb0_4bits__lang_1f_binaryToHexDigitMsb0_4bits_line403,m06,1,2,2,False
lang_1f_binaryToHexDigit__line300_365,qwen3:14b,batch05__Lang_1__binaryToHexDigit__lang_1f_binaryToHexDigit_line300,m01,1,1,2,False
lang_1f_binaryToHexDigit__line300_365,qwen3:14b,batch05__Lang_1__binaryToHexDigit__lang_1f_binaryToHexDigit_line300,m02,1,2,2,True
lang_1f_binaryToHexDigit__line300_365,qwen3:14b,batch05__Lang_1__binaryToHexDigit__lang_1f_binaryToHexDigit_line300,m03,1,2,2,False
lang_1f_binaryToHexDigit__line300_365,qwen3:14b,batch05__Lang_1__binaryToHexDigit__lang_1f_binaryToHexDigit_line300,m05,1,2,2,True
lang_1f_binaryToHexDigit__line300_365,qwen3:14b,batch05__Lang_1__binaryToHexDigit__lang_1f_binaryToHexDigit_line300,m06,1,2,2,False
lang_1f_binaryToHexDigit__line300_365,qwen3:14b,batch05__Lang_1__binaryToHexDigit__lang_1f_binaryToHexDigit_line300,m07,1,2,2,True
lang_1f_binaryToHexDigit__line300_365,qwen3:14b,batch05__Lang_1__binaryToHexDigit__lang_1f_binaryToHexDigit_line300,m08,1,1,2,False
lang_1f_format__line414_467,qwen3:14b,batch05__Lang_1__format__lang_1f_format_line414,m03,1,2,15,False
lang_1f_format__line414_467,qwen3:14b,batch05__Lang_1__format__lang_1f_format_line414,m08,1,15,15,False
lang_1f_hexDigitMsb0ToBinary__line220_265,qwen3:14b,batch05__Lang_1__hexDigitMsb0ToBinary__lang_1f_hexDigitMsb0ToBinary_line220,m01,1,1,1,False
lang_1f_hexDigitMsb0ToBinary__line220_265,qwen3:14b,batch05__Lang_1__hexDigitMsb0ToBinary__lang_1f_hexDigitMsb0ToBinary_line220,m02,1,1,1,False
lang_1f_hexDigitMsb0ToBinary__line220_265,qwen3:14b,batch05__Lang_1__hexDigitMsb0ToBinary__lang_1f_hexDigitMsb0ToBinary_line220,m03,1,1,1,False
lang_1f_hexDigitMsb0ToBinary__line220_265,qwen3:14b,batch05__Lang_1__hexDigitMsb0ToBinary__lang_1f_hexDigitMsb0ToBinary_line220,m04,1,1,1,False
lang_1f_hexDigitMsb0ToBinary__line220_265,qwen3:14b,batch05__Lang_1__hexDigitMsb0ToBinary__lang_1f_hexDigitMsb0ToBinary_line220,m05,1,1,1,False
lang_1f_hexDigitMsb0ToBinary__line220_265,qwen3:14b,batch05__Lang_1__hexDigitMsb0ToBinary__lang_1f_hexDigitMsb0ToBinary_line220,m07,1,1,1,False
lang_1f_hexDigitMsb0ToBinary__line220_265,qwen3:14b,batch05__Lang_1__hexDigitMsb0ToBinary__lang_1f_hexDigitMsb0ToBinary_line220,m08,1,1,1,False
lang_36f_appendInternal__line454_551,qwen3:14b,batch05__Lang_36__appendInternal__lang_36f_appendInternal_line454,m02,0,0,111,n/a
lang_36f_appendInternal__line454_551,qwen3:14b,batch05__Lang_36__appendInternal__lang_36f_appendInternal_line454,m03,1,7,111,False
lang_36f_appendInternal__line454_551,qwen3:14b,batch05__Lang_36__appendInternal__lang_36f_appendInternal_line454,m04,1,15,111,False
lang_36f_appendInternal__line454_551,qwen3:14b,batch05__Lang_36__appendInternal__lang_36f_appendInternal_line454,m06,1,61,111,False
lang_36f_appendInternal__line454_551,qwen3:14b,batch05__Lang_36__appendInternal__lang_36f_appendInternal_line454,m07,1,77,111,False
lang_36f_appendInternal__line454_551,qwen3:14b,batch05__Lang_36__appendInternal__lang_36f_appendInternal_line454,m08,1,7,111,False
lang_36f_append__line367_409,qwen3:14b,batch05__Lang_36__append__lang_36f_append_line367,m01,1,34,45,False
lang_36f_append__line367_409,qwen3:14b,batch05__Lang_36__append__lang_36f_append_line367,m02,1,3,45,False
lang_36f_append__line367_409,qwen3:14b,batch05__Lang_36__append__lang_36f_append_line367,m03,1,2,45,False
lang_36f_append__line367_409,qwen3:14b,batch05__Lang_36__append__lang_36f_append_line367,m04,1,6,45,False
lang_36f_append__line367_409,qwen3:14b,batch05__Lang_36__append__lang_36f_append_line367,m05,1,2,45,False
lang_36f_append__line367_409,qwen3:14b,batch05__Lang_36__append__lang_36f_append_line367,m06,1,10,45,False
lang_36f_append__line367_409,qwen3:14b,batch05__Lang_36__append__lang_36f_append_line367,m08,0,0,45,n/a
lang_37f_append__line441_491,qwen3:14b,batch05__Lang_37__append__lang_37f_append_line441,m03,0,0,29,n/a
lang_37f_append__line441_491,qwen3:14b,batch05__Lang_37__append__lang_37f_append_line441,m04,1,6,29,False
lang_37f_append__line441_491,qwen3:14b,batch05__Lang_37__append__lang_37f_append_line441,m05,1,1,29,False
lang_37f_append__line441_491,qwen3:14b,batch05__Lang_37__append__lang_37f_append_line441,m06,1,9,29,False
lang_37f_append__line441_491,qwen3:14b,batch05__Lang_37__append__lang_37f_append_line441,m07,1,1,29,False
lang_37f_append__line441_491,qwen3:14b,batch05__Lang_37__append__lang_37f_append_line441,m08,1,2,29,False
lang_40f_random__line225_284,qwen3:14b,batch05__Lang_40__random__lang_40f_random_line225,m01,1,1,3,False
lang_40f_random__line225_284,qwen3:14b,batch05__Lang_40__random__lang_40f_random_line225,m02,1,1,3,False
lang_40f_random__line225_284,qwen3:14b,batch05__Lang_40__random__lang_40f_random_line225,m05,1,1,3,False
lang_40f_random__line225_284,qwen3:14b,batch05__Lang_40__random__lang_40f_random_line225,m06,1,1,3,False
lang_40f_random__line225_284,qwen3:14b,batch05__Lang_40__random__lang_40f_random_line225,m07,1,1,3,False
lang_40f_random__line225_284,qwen3:14b,batch05__Lang_40__random__lang_40f_random_line225,m08,1,1,3,False
lang_5f_isNumber__line1310_1410,qwen3:14b,batch05__Lang_5__isNumber__lang_5f_isNumber_line1310,m01,0,0,1,n/a
lang_5f_isNumber__line1310_1410,qwen3:14b,batch05__Lang_5__isNumber__lang_5f_isNumber_line1310,m02,1,1,1,False
lang_5f_isNumber__line1310_1410,qwen3:14b,batch05__Lang_5__isNumber__lang_5f_isNumber_line1310,m03,0,0,1,n/a
lang_5f_isNumber__line1310_1410,qwen3:14b,batch05__Lang_5__isNumber__lang_5f_isNumber_line1310,m04,1,1,1,False
lang_5f_isNumber__line1310_1410,qwen3:14b,batch05__Lang_5__isNumber__lang_5f_isNumber_line1310,m06,0,0,1,n/a
lang_5f_isNumber__line1310_1410,qwen3:14b,batch05__Lang_5__isNumber__lang_5f_isNumber_line1310,m07,1,1,1,False
lang_60f_format__line373_426,qwen3:14b,batch05__Lang_60__format__lang_60f_format_line373,m07,1,4,11,False
lang_64f_append__line403_452,qwen3:14b,batch05__Lang_64__append__lang_64f_append_line403,m01,1,29,29,False
lang_64f_append__line403_452,qwen3:14b,batch05__Lang_64__append__lang_64f_append_line403,m02,1,29,29,False
lang_64f_append__line403_452,qwen3:14b,batch05__Lang_64__append__lang_64f_append_line403,m03,1,6,29,False
lang_64f_append__line403_452,qwen3:14b,batch05__Lang_64__append__lang_64f_append_line403,m04,1,11,29,False
lang_64f_append__line403_452,qwen3:14b,batch05__Lang_64__append__lang_64f_append_line403,m06,1,29,29,False
lang_64f_append__line403_452,qwen3:14b,batch05__Lang_64__append__lang_64f_append_line403,m07,1,21,29,False
math_15f_insertEdges__line232_320,qwen3:14b,batch05__Math_15__insertEdges__math_15f_insertEdges_line232,m01,1,3,3,True
math_23f_copy__line668_739,qwen3:14b,batch05__Math_23__copy__math_23f_copy_line668,m02,0,0,3,n/a
math_23f_copy__line668_739,qwen3:14b,batch05__Math_23__copy__math_23f_copy_line668,m03,1,2,3,False
math_23f_copy__line668_739,qwen3:14b,batch05__Math_23__copy__math_23f_copy_line668,m04,1,2,3,False
math_23f_copy__line668_739,qwen3:14b,batch05__Math_23__copy__math_23f_copy_line668,m05,1,1,3,False
math_23f_copy__line668_739,qwen3:14b,batch05__Math_23__copy__math_23f_copy_line668,m06,0,0,3,n/a
math_23f_copy__line668_739,qwen3:14b,batch05__Math_23__copy__math_23f_copy_line668,m07,0,0,3,n/a
math_23f_copy__line668_739,qwen3:14b,batch05__Math_23__copy__math_23f_copy_line668,m08,0,0,3,n/a
math_36f_compareTo__line247_287,qwen3:14b,batch05__Math_36__compareTo__math_36f_compareTo_line247,m01,0,0,18,n/a
math_36f_compareTo__line247_287,qwen3:14b,batch05__Math_36__compareTo__math_36f_compareTo_line247,m03,0,0,18,n/a
math_36f_compareTo__line247_287,qwen3:14b,batch05__Math_36__compareTo__math_36f_compareTo_line247,m04,1,16,18,False
math_36f_compareTo__line247_287,qwen3:14b,batch05__Math_36__compareTo__math_36f_compareTo_line247,m05,1,9,18,False
math_36f_compareTo__line247_287,qwen3:14b,batch05__Math_36__compareTo__math_36f_compareTo_line247,m06,0,0,18,n/a
math_36f_compareTo__line247_287,qwen3:14b,batch05__Math_36__compareTo__math_36f_compareTo_line247,m07,0,0,18,n/a
math_36f_recurseSides__line436_510,qwen3:14b,batch05__Math_36__recurseSides__math_36f_recurseSides_line436,m01,1,20,22,False
math_36f_recurseSides__line436_510,qwen3:14b,batch05__Math_36__recurseSides__math_36f_recurseSides_line436,m02,1,7,22,False
math_36f_recurseSides__line436_510,qwen3:14b,batch05__Math_36__recurseSides__math_36f_recurseSides_line436,m03,1,12,22,False
math_36f_recurseSides__line436_510,qwen3:14b,batch05__Math_36__recurseSides__math_36f_recurseSides_line436,m04,1,5,22,False
math_36f_recurseSides__line436_510,qwen3:14b,batch05__Math_36__recurseSides__math_36f_recurseSides_line436,m05,1,16,22,False
math_36f_recurseSides__line436_510,qwen3:14b,batch05__Math_36__recurseSides__math_36f_recurseSides_line436,m06,1,12,22,False
math_36f_recurseSides__line436_510,qwen3:14b,batch05__Math_36__recurseSides__math_36f_recurseSides_line436,m07,1,11,22,False
math_36f_recurseSides__line436_510,qwen3:14b,batch05__Math_36__recurseSides__math_36f_recurseSides_line436,m08,0,0,22,n/a
math_43f_regress__line759_823,qwen3:14b,batch05__Math_43__regress__math_43f_regress_line759,m01,0,0,1,n/a
math_43f_regress__line759_823,qwen3:14b,batch05__Math_43__regress__math_43f_regress_line759,m02,0,0,1,n/a
math_43f_regress__line759_823,qwen3:14b,batch05__Math_43__regress__math_43f_regress_line759,m03,0,0,1,n/a
math_43f_regress__line759_823,qwen3:14b,batch05__Math_43__regress__math_43f_regress_line759,m04,0,0,1,n/a
math_43f_regress__line759_823,qwen3:14b,batch05__Math_43__regress__math_43f_regress_line759,m05,0,0,1,n/a
math_43f_regress__line759_823,qwen3:14b,batch05__Math_43__regress__math_43f_regress_line759,m06,1,1,1,False
math_43f_regress__line759_823,qwen3:14b,batch05__Math_43__regress__math_43f_regress_line759,m07,1,1,1,False
math_43f_regress__line759_823,qwen3:14b,batch05__Math_43__regress__math_43f_regress_line759,m08,1,1,1,False
math_45f_scalb__line3036_3112,qwen3:14b,batch05__Math_45__scalb__math_45f_scalb_line3036,m01,0,0,42,n/a
math_45f_scalb__line3036_3112,qwen3:14b,batch05__Math_45__scalb__math_45f_scalb_line3036,m02,1,1,42,False
math_45f_scalb__line3036_3112,qwen3:14b,batch05__Math_45__scalb__math_45f_scalb_line3036,m03,0,0,42,n/a
math_45f_scalb__line3036_3112,qwen3:14b,batch05__Math_45__scalb__math_45f_scalb_line3036,m04,1,1,42,False
math_45f_scalb__line3036_3112,qwen3:14b,batch05__Math_45__scalb__math_45f_scalb_line3036,m05,1,1,42,False
math_45f_scalb__line3036_3112,qwen3:14b,batch05__Math_45__scalb__math_45f_scalb_line3036,m06,1,1,42,False
math_45f_scalb__line3036_3112,qwen3:14b,batch05__Math_45__scalb__math_45f_scalb_line3036,m07,0,0,42,n/a
math_55f_round__line1330_1403,qwen3:14b,batch05__Math_55__round__math_55f_round_line1330,m01,1,2,62,False
math_55f_round__line1330_1403,qwen3:14b,batch05__Math_55__round__math_55f_round_line1330,m02,1,2,62,False
math_55f_round__line1330_1403,qwen3:14b,batch05__Math_55__round__math_55f_round_line1330,m03,1,4,62,False
math_55f_round__line1330_1403,qwen3:14b,batch05__Math_55__round__math_55f_round_line1330,m04,1,2,62,False
math_55f_round__line1330_1403,qwen3:14b,batch05__Math_55__round__math_55f_round_line1330,m05,1,8,62,False
math_55f_round__line1330_1403,qwen3:14b,batch05__Math_55__round__math_55f_round_line1330,m06,1,7,62,False
math_55f_round__line1330_1403,qwen3:14b,batch05__Math_55__round__math_55f_round_line1330,m07,1,14,62,False
math_55f_round__line1330_1403,qwen3:14b,batch05__Math_55__round__math_55f_round_line1330,m08,1,2,62,False
math_79f_evaluateStep__line166_260,qwen3:14b,batch05__Math_79__evaluateStep__math_79f_evaluateStep_line166,m01,0,0,87,n/a
math_79f_evaluateStep__line166_260,qwen3:14b,batch05__Math_79__evaluateStep__math_79f_evaluateStep_line166,m02,0,0,87,n/a
math_79f_evaluateStep__line166_260,qwen3:14b,batch05__Math_79__evaluateStep__math_79f_evaluateStep_line166,m03,1,7,87,False
math_79f_evaluateStep__line166_260,qwen3:14b,batch05__Math_79__evaluateStep__math_79f_evaluateStep_line166,m04,0,0,87,n/a
math_79f_evaluateStep__line166_260,qwen3:14b,batch05__Math_79__evaluateStep__math_79f_evaluateStep_line166,m07,0,0,87,n/a
math_79f_evaluateStep__line166_260,qwen3:14b,batch05__Math_79__evaluateStep__math_79f_evaluateStep_line166,m08,1,41,87,False
math_82f_roundUnscaled__line1074_1154,qwen3:14b,batch05__Math_82__roundUnscaled__math_82f_roundUnscaled_line1074,m01,1,1,1,False
math_82f_roundUnscaled__line1074_1154,qwen3:14b,batch05__Math_82__roundUnscaled__math_82f_roundUnscaled_line1074,m02,1,1,1,False
math_82f_roundUnscaled__line1074_1154,qwen3:14b,batch05__Math_82__roundUnscaled__math_82f_roundUnscaled_line1074,m03,1,1,1,False
math_82f_roundUnscaled__line1074_1154,qwen3:14b,batch05__Math_82__roundUnscaled__math_82f_roundUnscaled_line1074,m04,0,0,1,n/a
math_82f_roundUnscaled__line1074_1154,qwen3:14b,batch05__Math_82__roundUnscaled__math_82f_roundUnscaled_line1074,m06,0,0,1,n/a
math_82f_roundUnscaled__line1074_1154,qwen3:14b,batch05__Math_82__roundUnscaled__math_82f_roundUnscaled_line1074,m07,1,1,1,True
math_82f_roundUnscaled__line1074_1154,qwen3:14b,batch05__Math_82__roundUnscaled__math_82f_roundUnscaled_line1074,m08,1,1,1,False
math_85f_dqd__line1318_1411,qwen3:14b,batch05__Math_85__dqd__math_85f_dqd_line1318,m01,1,13,15,False
math_85f_dqd__line1318_1411,qwen3:14b,batch05__Math_85__dqd__math_85f_dqd_line1318,m02,1,13,15,False
math_85f_dqd__line1318_1411,qwen3:14b,batch05__Math_85__dqd__math_85f_dqd_line1318,m04,0,0,15,n/a
math_92f_localMin__line103_201,qwen3:14b,batch05__Math_92__localMin__math_92f_localMin_line103,m01,1,3,3,False
math_92f_localMin__line103_201,qwen3:14b,batch05__Math_92__localMin__math_92f_localMin_line103,m02,0,0,3,n/a
math_92f_localMin__line103_201,qwen3:14b,batch05__Math_92__localMin__math_92f_localMin_line103,m03,0,0,3,n/a
math_92f_localMin__line103_201,qwen3:14b,batch05__Math_92__localMin__math_92f_localMin_line103,m05,1,3,3,True
math_92f_localMin__line103_201,qwen3:14b,batch05__Math_92__localMin__math_92f_localMin_line103,m06,0,0,3,n/a
math_92f_localMin__line103_201,qwen3:14b,batch05__Math_92__localMin__math_92f_localMin_line103,m07,1,3,3,True
math_92f_localMin__line103_201,qwen3:14b,batch05__Math_92__localMin__math_92f_localMin_line103,m08,0,0,3,n/a
mockito_1f_appendConstant__line136_221,qwen3:14b,batch05__Mockito_1__appendConstant__mockito_1f_appendConstant_line136,m01,0,0,1,n/a
mockito_1f_appendConstant__line136_221,qwen3:14b,batch05__Mockito_1__appendConstant__mockito_1f_appendConstant_line136,m02,0,0,1,n/a
mockito_1f_appendConstant__line136_221,qwen3:14b,batch05__Mockito_1__appendConstant__mockito_1f_appendConstant_line136,m03,0,0,1,n/a
mockito_1f_appendConstant__line136_221,qwen3:14b,batch05__Mockito_1__appendConstant__mockito_1f_appendConstant_line136,m04,0,0,1,n/a
mockito_1f_appendConstant__line136_221,qwen3:14b,batch05__Mockito_1__appendConstant__mockito_1f_appendConstant_line136,m05,0,0,1,n/a
mockito_1f_appendConstant__line136_221,qwen3:14b,batch05__Mockito_1__appendConstant__mockito_1f_appendConstant_line136,m06,0,0,1,n/a
mockito_1f_appendConstant__line136_221,qwen3:14b,batch05__Mockito_1__appendConstant__mockito_1f_appendConstant_line136,m07,0,0,1,n/a
mockito_1f_appendConstant__line136_221,qwen3:14b,batch05__Mockito_1__appendConstant__mockito_1f_appendConstant_line136,m08,0,0,1,n/a
mockito_1f_append__line332_378,qwen3:14b,batch05__Mockito_1__append__mockito_1f_append_line332,m01,1,2,36,False
mockito_1f_append__line332_378,qwen3:14b,batch05__Mockito_1__append__mockito_1f_append_line332,m02,1,30,36,False
mockito_1f_append__line332_378,qwen3:14b,batch05__Mockito_1__append__mockito_1f_append_line332,m03,1,1,36,False
mockito_1f_append__line332_378,qwen3:14b,batch05__Mockito_1__append__mockito_1f_append_line332,m04,1,12,36,False
mockito_1f_append__line332_378,qwen3:14b,batch05__Mockito_1__append__mockito_1f_append_line332,m06,0,0,36,n/a
mockito_1f_append__line332_378,qwen3:14b,batch05__Mockito_1__append__mockito_1f_append_line332,m07,0,0,36,n/a
mockito_1f_append__line332_378,qwen3:14b,batch05__Mockito_1__append__mockito_1f_append_line332,m08,1,33,36,False
mockito_1f_binaryOperation__line224_294,qwen3:14b,batch05__Mockito_1__binaryOperation__mockito_1f_binaryOperation_line224,m01,0,0,1,n/a
mockito_1f_binaryOperation__line224_294,qwen3:14b,batch05__Mockito_1__binaryOperation__mockito_1f_binaryOperation_line224,m02,0,0,1,n/a
mockito_1f_binaryOperation__line224_294,qwen3:14b,batch05__Mockito_1__binaryOperation__mockito_1f_binaryOperation_line224,m03,0,0,1,n/a
mockito_1f_binaryOperation__line224_294,qwen3:14b,batch05__Mockito_1__binaryOperation__mockito_1f_binaryOperation_line224,m04,0,0,1,n/a
mockito_1f_binaryOperation__line224_294,qwen3:14b,batch05__Mockito_1__binaryOperation__mockito_1f_binaryOperation_line224,m05,0,0,1,n/a
mockito_1f_binaryOperation__line224_294,qwen3:14b,batch05__Mockito_1__binaryOperation__mockito_1f_binaryOperation_line224,m07,0,0,1,n/a
mockito_1f_binaryOperation__line224_294,qwen3:14b,batch05__Mockito_1__binaryOperation__mockito_1f_binaryOperation_line224,m08,0,0,1,n/a
mockito_1f_cast_numeric__line252_297,qwen3:14b,batch05__Mockito_1__cast_numeric__mockito_1f_cast_numeric_line252,m01,0,0,1,n/a
mockito_1f_cast_numeric__line252_297,qwen3:14b,batch05__Mockito_1__cast_numeric__mockito_1f_cast_numeric_line252,m02,0,0,1,n/a
mockito_1f_cast_numeric__line252_297,qwen3:14b,batch05__Mockito_1__cast_numeric__mockito_1f_cast_numeric_line252,m03,0,0,1,n/a
mockito_1f_cast_numeric__line252_297,qwen3:14b,batch05__Mockito_1__cast_numeric__mockito_1f_cast_numeric_line252,m04,0,0,1,n/a
mockito_1f_cast_numeric__line252_297,qwen3:14b,batch05__Mockito_1__cast_numeric__mockito_1f_cast_numeric_line252,m06,0,0,1,n/a
mockito_1f_cast_numeric__line252_297,qwen3:14b,batch05__Mockito_1__cast_numeric__mockito_1f_cast_numeric_line252,m08,0,0,1,n/a
mockito_1f_merge__line1340_1401,qwen3:14b,batch05__Mockito_1__merge__mockito_1f_merge_line1340,m01,0,0,1,n/a
mockito_1f_merge__line1340_1401,qwen3:14b,batch05__Mockito_1__merge__mockito_1f_merge_line1340,m02,0,0,1,n/a
mockito_1f_merge__line1340_1401,qwen3:14b,batch05__Mockito_1__merge__mockito_1f_merge_line1340,m03,0,0,1,n/a
mockito_1f_merge__line1340_1401,qwen3:14b,batch05__Mockito_1__merge__mockito_1f_merge_line1340,m04,0,0,1,n/a
mockito_1f_merge__line1340_1401,qwen3:14b,batch05__Mockito_1__merge__mockito_1f_merge_line1340,m05,0,0,1,n/a
mockito_1f_merge__line1340_1401,qwen3:14b,batch05__Mockito_1__merge__mockito_1f_merge_line1340,m06,0,0,1,n/a
mockito_1f_merge__line1340_1401,qwen3:14b,batch05__Mockito_1__merge__mockito_1f_merge_line1340,m07,0,0,1,n/a
mockito_1f_merge__line1340_1401,qwen3:14b,batch05__Mockito_1__merge__mockito_1f_merge_line1340,m08,0,0,1,n/a
mockito_1f_newOperation__line79_128,qwen3:14b,batch05__Mockito_1__newOperation__mockito_1f_newOperation_line79,m01,0,0,1,n/a
mockito_1f_newOperation__line79_128,qwen3:14b,batch05__Mockito_1__newOperation__mockito_1f_newOperation_line79,m02,0,0,1,n/a
mockito_1f_newOperation__line79_128,qwen3:14b,batch05__Mockito_1__newOperation__mockito_1f_newOperation_line79,m04,0,0,1,n/a
mockito_1f_newOperation__line79_128,qwen3:14b,batch05__Mockito_1__newOperation__mockito_1f_newOperation_line79,m05,0,0,1,n/a
mockito_1f_newOperation__line79_128,qwen3:14b,batch05__Mockito_1__newOperation__mockito_1f_newOperation_line79,m06,0,0,1,n/a
mockito_1f_newOperation__line79_128,qwen3:14b,batch05__Mockito_1__newOperation__mockito_1f_newOperation_line79,m07,0,0,1,n/a
mockito_1f_newOperation__line79_128,qwen3:14b,batch05__Mockito_1__newOperation__mockito_1f_newOperation_line79,m08,0,0,1,n/a
mockito_1f_parseType__line140_228,qwen3:14b,batch05__Mockito_1__parseType__mockito_1f_parseType_line140,m01,0,0,1,n/a
mockito_1f_parseType__line140_228,qwen3:14b,batch05__Mockito_1__parseType__mockito_1f_parseType_line140,m02,0,0,1,n/a
mockito_1f_parseType__line140_228,qwen3:14b,batch05__Mockito_1__parseType__mockito_1f_parseType_line140,m03,0,0,1,n/a
mockito_1f_parseType__line140_228,qwen3:14b,batch05__Mockito_1__parseType__mockito_1f_parseType_line140,m04,0,0,1,n/a
mockito_1f_parseType__line140_228,qwen3:14b,batch05__Mockito_1__parseType__mockito_1f_parseType_line140,m05,0,0,1,n/a
mockito_1f_parseType__line140_228,qwen3:14b,batch05__Mockito_1__parseType__mockito_1f_parseType_line140,m06,0,0,1,n/a
mockito_1f_unaryOperation__line136_222,qwen3:14b,batch05__Mockito_1__unaryOperation__mockito_1f_unaryOperation_line136,m01,0,0,1,n/a
mockito_1f_unaryOperation__line136_222,qwen3:14b,batch05__Mockito_1__unaryOperation__mockito_1f_unaryOperation_line136,m02,0,0,1,n/a
mockito_1f_unaryOperation__line136_222,qwen3:14b,batch05__Mockito_1__unaryOperation__mockito_1f_unaryOperation_line136,m03,0,0,1,n/a
mockito_1f_unaryOperation__line136_222,qwen3:14b,batch05__Mockito_1__unaryOperation__mockito_1f_unaryOperation_line136,m04,0,0,1,n/a
mockito_1f_unaryOperation__line136_222,qwen3:14b,batch05__Mockito_1__unaryOperation__mockito_1f_unaryOperation_line136,m05,0,0,1,n/a
mockito_1f_unaryOperation__line136_222,qwen3:14b,batch05__Mockito_1__unaryOperation__mockito_1f_unaryOperation_line136,m06,0,0,1,n/a
mockito_1f_unaryOperation__line136_222,qwen3:14b,batch05__Mockito_1__unaryOperation__mockito_1f_unaryOperation_line136,m07,0,0,1,n/a
mockito_1f_unaryOperation__line136_222,qwen3:14b,batch05__Mockito_1__unaryOperation__mockito_1f_unaryOperation_line136,m08,0,0,1,n/a
mockito_1f_visitJumpInsn__line856_945,qwen3:14b,batch05__Mockito_1__visitJumpInsn__mockito_1f_visitJumpInsn_line856,m01,0,0,1,n/a
mockito_1f_visitJumpInsn__line856_945,qwen3:14b,batch05__Mockito_1__visitJumpInsn__mockito_1f_visitJumpInsn_line856,m02,0,0,1,n/a
mockito_1f_visitJumpInsn__line856_945,qwen3:14b,batch05__Mockito_1__visitJumpInsn__mockito_1f_visitJumpInsn_line856,m03,0,0,1,n/a
mockito_1f_visitJumpInsn__line856_945,qwen3:14b,batch05__Mockito_1__visitJumpInsn__mockito_1f_visitJumpInsn_line856,m04,0,0,1,n/a
mockito_1f_visitJumpInsn__line856_945,qwen3:14b,batch05__Mockito_1__visitJumpInsn__mockito_1f_visitJumpInsn_line856,m05,0,0,1,n/a
mockito_1f_visitJumpInsn__line856_945,qwen3:14b,batch05__Mockito_1__visitJumpInsn__mockito_1f_visitJumpInsn_line856,m07,0,0,1,n/a
mockito_1f_visitJumpInsn__line856_945,qwen3:14b,batch05__Mockito_1__visitJumpInsn__mockito_1f_visitJumpInsn_line856,m08,0,0,1,n/a
mockito_25f_returnValueFor__line70_108,qwen3:14b,batch05__Mockito_25__returnValueFor__mockito_25f_returnValueFor_line70,m01,1,5,540,False
mockito_25f_returnValueFor__line70_108,qwen3:14b,batch05__Mockito_25__returnValueFor__mockito_25f_returnValueFor_line70,m02,0,0,540,n/a
mockito_25f_returnValueFor__line70_108,qwen3:14b,batch05__Mockito_25__returnValueFor__mockito_25f_returnValueFor_line70,m03,1,2,540,False
mockito_25f_returnValueFor__line70_108,qwen3:14b,batch05__Mockito_25__returnValueFor__mockito_25f_returnValueFor_line70,m05,1,1,540,False
mockito_25f_returnValueFor__line70_108,qwen3:14b,batch05__Mockito_25__returnValueFor__mockito_25f_returnValueFor_line70,m06,0,0,540,n/a
mockito_25f_returnValueFor__line70_108,qwen3:14b,batch05__Mockito_25__returnValueFor__mockito_25f_returnValueFor_line70,m07,1,1,540,False
mockito_25f_returnValueFor__line70_108,qwen3:14b,batch05__Mockito_25__returnValueFor__mockito_25f_returnValueFor_line70,m08,1,309,540,False
mockito_38f_matches__line18_42,qwen3:14b,batch05__Mockito_38__matches__mockito_38f_matches_line18,m01,1,1,4,False
mockito_38f_matches__line18_42,qwen3:14b,batch05__Mockito_38__matches__mockito_38f_matches_line18,m03,1,2,4,False
mockito_38f_matches__line18_42,qwen3:14b,batch05__Mockito_38__matches__mockito_38f_matches_line18,m05,1,1,4,False
mockito_38f_matches__line18_42,qwen3:14b,batch05__Mockito_38__matches__mockito_38f_matches_line18,m07,1,2,4,False
mockito_38f_matches__line18_42,qwen3:14b,batch05__Mockito_38__matches__mockito_38f_matches_line18,m08,0,0,4,n/a
time_1f_selectSlow__line242_316,qwen3:14b,batch05__Time_1__selectSlow__time_1f_selectSlow_line242,m01,1,243,416,False
time_1f_selectSlow__line242_316,qwen3:14b,batch05__Time_1__selectSlow__time_1f_selectSlow_line242,m02,1,160,416,False
time_1f_selectSlow__line242_316,qwen3:14b,batch05__Time_1__selectSlow__time_1f_selectSlow_line242,m03,1,21,416,False
time_1f_selectSlow__line242_316,qwen3:14b,batch05__Time_1__selectSlow__time_1f_selectSlow_line242,m04,1,139,416,False
time_1f_selectSlow__line242_316,qwen3:14b,batch05__Time_1__selectSlow__time_1f_selectSlow_line242,m05,1,2,416,False
time_1f_selectSlow__line242_316,qwen3:14b,batch05__Time_1__selectSlow__time_1f_selectSlow_line242,m06,1,2,416,False
time_1f_selectSlow__line242_316,qwen3:14b,batch05__Time_1__selectSlow__time_1f_selectSlow_line242,m07,0,0,416,n/a
time_1f_selectSlow__line242_316,qwen3:14b,batch05__Time_1__selectSlow__time_1f_selectSlow_line242,m08,1,143,416,False
time_22f_compile__line366_453,qwen3:14b,batch05__Time_22__compile__time_22f_compile_line366,m01,0,0,1,n/a
time_22f_compile__line366_453,qwen3:14b,batch05__Time_22__compile__time_22f_compile_line366,m02,0,0,1,n/a
time_22f_compile__line366_453,qwen3:14b,batch05__Time_22__compile__time_22f_compile_line366,m03,0,0,1,n/a
time_22f_compile__line366_453,qwen3:14b,batch05__Time_22__compile__time_22f_compile_line366,m05,0,0,1,n/a
time_22f_compile__line366_453,qwen3:14b,batch05__Time_22__compile__time_22f_compile_line366,m06,0,0,1,n/a
time_22f_compile__line366_453,qwen3:14b,batch05__Time_22__compile__time_22f_compile_line366,m07,0,0,1,n/a
time_22f_isNumericToken__line632_664,qwen3:14b,batch05__Time_22__isNumericToken__time_22f_isNumericToken_line632,m01,0,0,66,n/a
time_22f_isNumericToken__line632_664,qwen3:14b,batch05__Time_22__isNumericToken__time_22f_isNumericToken_line632,m02,0,0,66,n/a
time_22f_isNumericToken__line632_664,qwen3:14b,batch05__Time_22__isNumericToken__time_22f_isNumericToken_line632,m03,0,0,66,n/a
time_22f_isNumericToken__line632_664,qwen3:14b,batch05__Time_22__isNumericToken__time_22f_isNumericToken_line632,m04,0,0,66,n/a
time_22f_isNumericToken__line632_664,qwen3:14b,batch05__Time_22__isNumericToken__time_22f_isNumericToken_line632,m05,0,0,66,n/a
time_22f_isNumericToken__line632_664,qwen3:14b,batch05__Time_22__isNumericToken__time_22f_isNumericToken_line632,m06,0,0,66,n/a
time_22f_isNumericToken__line632_664,qwen3:14b,batch05__Time_22__isNumericToken__time_22f_isNumericToken_line632,m07,0,0,66,n/a
time_22f_isNumericToken__line632_664,qwen3:14b,batch05__Time_22__isNumericToken__time_22f_isNumericToken_line632,m08,0,0,66,n/a
time_6f_time__line384_446,qwen3:14b,batch05__Time_6__time__time_6f_time_line384,m01,1,23,86,False
time_6f_time__line384_446,qwen3:14b,batch05__Time_6__time__time_6f_time_line384,m02,1,1,86,False
time_6f_time__line384_446,qwen3:14b,batch05__Time_6__time__time_6f_time_line384,m03,1,6,86,False
time_6f_time__line384_446,qwen3:14b,batch05__Time_6__time__time_6f_time_line384,m04,1,1,86,False
time_6f_time__line384_446,qwen3:14b,batch05__Time_6__time__time_6f_time_line384,m05,0,0,86,n/a
time_6f_time__line384_446,qwen3:14b,batch05__Time_6__time__time_6f_time_line384,m06,1,8,86,False
time_6f_time__line384_446,qwen3:14b,batch05__Time_6__time__time_6f_time_line384,m07,1,8,86,False
time_6f_time__line384_446,qwen3:14b,batch05__Time_6__time__time_6f_time_line384,m08,1,8,86,False
chart_1f_clipLine__line62_141,qwen2.5-coder:14b,batch06__Chart_1__clipLine__chart_1f_clipLine_line62,m01,1,1,3,False
chart_1f_clipLine__line62_141,qwen2.5-coder:14b,batch06__Chart_1__clipLine__chart_1f_clipLine_line62,m02,1,1,3,False
chart_1f_clipLine__line62_141,qwen2.5-coder:14b,batch06__Chart_1__clipLine__chart_1f_clipLine_line62,m03,0,0,3,n/a
chart_1f_clipLine__line62_141,qwen2.5-coder:14b,batch06__Chart_1__clipLine__chart_1f_clipLine_line62,m04,1,1,3,False
chart_1f_clipLine__line62_141,qwen2.5-coder:14b,batch06__Chart_1__clipLine__chart_1f_clipLine_line62,m05,1,1,3,False
chart_1f_clipLine__line62_141,qwen2.5-coder:14b,batch06__Chart_1__clipLine__chart_1f_clipLine_line62,m06,1,1,3,False
chart_1f_readResolve__line213_291,qwen2.5-coder:14b,batch06__Chart_1__readResolve__chart_1f_readResolve_line213,m01,0,0,69,n/a
chart_1f_readResolve__line213_291,qwen2.5-coder:14b,batch06__Chart_1__readResolve__chart_1f_readResolve_line213,m05,1,3,69,False
chart_1f_readResolve__line213_291,qwen2.5-coder:14b,batch06__Chart_1__readResolve__chart_1f_readResolve_line213,m06,1,1,69,False
chart_20f_addSWTListener__line1460_1488,qwen2.5-coder:14b,batch06__Chart_20__addSWTListener__chart_20f_addSWTListener_line1460,m01,0,0,1,n/a
chart_20f_addSWTListener__line1460_1488,qwen2.5-coder:14b,batch06__Chart_20__addSWTListener__chart_20f_addSWTListener_line1460,m02,0,0,1,n/a
chart_20f_addSWTListener__line1460_1488,qwen2.5-coder:14b,batch06__Chart_20__addSWTListener__chart_20f_addSWTListener_line1460,m03,0,0,1,n/a
chart_20f_addSWTListener__line1460_1488,qwen2.5-coder:14b,batch06__Chart_20__addSWTListener__chart_20f_addSWTListener_line1460,m04,0,0,1,n/a
chart_20f_addSWTListener__line1460_1488,qwen2.5-coder:14b,batch06__Chart_20__addSWTListener__chart_20f_addSWTListener_line1460,m05,0,0,1,n/a
chart_20f_addSWTListener__line1460_1488,qwen2.5-coder:14b,batch06__Chart_20__addSWTListener__chart_20f_addSWTListener_line1460,m06,0,0,1,n/a
chart_20f_addSWTListener__line1460_1488,qwen2.5-coder:14b,batch06__Chart_20__addSWTListener__chart_20f_addSWTListener_line1460,m07,0,0,1,n/a
chart_20f_addSWTListener__line1460_1488,qwen2.5-coder:14b,batch06__Chart_20__addSWTListener__chart_20f_addSWTListener_line1460,m08,0,0,1,n/a
chart_20f_widgetSelected__line1386_1433,qwen2.5-coder:14b,batch06__Chart_20__widgetSelected__chart_20f_widgetSelected_line1386,m01,0,0,1,n/a
chart_20f_widgetSelected__line1386_1433,qwen2.5-coder:14b,batch06__Chart_20__widgetSelected__chart_20f_widgetSelected_line1386,m02,0,0,1,n/a
chart_20f_widgetSelected__line1386_1433,qwen2.5-coder:14b,batch06__Chart_20__widgetSelected__chart_20f_widgetSelected_line1386,m03,0,0,1,n/a
chart_20f_widgetSelected__line1386_1433,qwen2.5-coder:14b,batch06__Chart_20__widgetSelected__chart_20f_widgetSelected_line1386,m04,0,0,1,n/a
chart_20f_widgetSelected__line1386_1433,qwen2.5-coder:14b,batch06__Chart_20__widgetSelected__chart_20f_widgetSelected_line1386,m05,0,0,1,n/a
chart_20f_widgetSelected__line1386_1433,qwen2.5-coder:14b,batch06__Chart_20__widgetSelected__chart_20f_widgetSelected_line1386,m06,0,0,1,n/a
chart_20f_widgetSelected__line1386_1433,qwen2.5-coder:14b,batch06__Chart_20__widgetSelected__chart_20f_widgetSelected_line1386,m07,0,0,1,n/a
chart_20f_widgetSelected__line1386_1433,qwen2.5-coder:14b,batch06__Chart_20__widgetSelected__chart_20f_widgetSelected_line1386,m08,0,0,1,n/a
chart_26f_drawAxisLine__line517_606,qwen2.5-coder:14b,batch06__Chart_26__drawAxisLine__chart_26f_drawAxisLine_line517,m05,0,0,42,n/a
chart_26f_drawAxisLine__line517_606,qwen2.5-coder:14b,batch06__Chart_26__drawAxisLine__chart_26f_drawAxisLine_line517,m06,0,0,42,n/a
chart_26f_drawAxisLine__line517_606,qwen2.5-coder:14b,batch06__Chart_26__drawAxisLine__chart_26f_drawAxisLine_line517,m07,0,0,42,n/a
chart_26f_drawAxisLine__line517_606,qwen2.5-coder:14b,batch06__Chart_26__drawAxisLine__chart_26f_drawAxisLine_line517,m08,0,0,42,n/a
chart_4f_deriveRotationAnchorOffsets__line686_768,qwen2.5-coder:14b,batch06__Chart_4__deriveRotationAnchorOffsets__chart_4f_deriveRotationAnchorOffsets_line686,m01,0,0,65,n/a
chart_4f_deriveRotationAnchorOffsets__line686_768,qwen2.5-coder:14b,batch06__Chart_4__deriveRotationAnchorOffsets__chart_4f_deriveRotationAnchorOffsets_line686,m02,0,0,65,n/a
chart_4f_deriveRotationAnchorOffsets__line686_768,qwen2.5-coder:14b,batch06__Chart_4__deriveRotationAnchorOffsets__chart_4f_deriveRotationAnchorOffsets_line686,m03,0,0,65,n/a
chart_4f_deriveRotationAnchorOffsets__line686_768,qwen2.5-coder:14b,batch06__Chart_4__deriveRotationAnchorOffsets__chart_4f_deriveRotationAnchorOffsets_line686,m04,0,0,65,n/a
chart_4f_deriveRotationAnchorOffsets__line686_768,qwen2.5-coder:14b,batch06__Chart_4__deriveRotationAnchorOffsets__chart_4f_deriveRotationAnchorOffsets_line686,m05,0,0,65,n/a
chart_4f_deriveRotationAnchorOffsets__line686_768,qwen2.5-coder:14b,batch06__Chart_4__deriveRotationAnchorOffsets__chart_4f_deriveRotationAnchorOffsets_line686,m06,0,0,65,n/a
chart_4f_deriveRotationAnchorOffsets__line686_768,qwen2.5-coder:14b,batch06__Chart_4__deriveRotationAnchorOffsets__chart_4f_deriveRotationAnchorOffsets_line686,m07,0,0,65,n/a
chart_4f_deriveRotationAnchorOffsets__line686_768,qwen2.5-coder:14b,batch06__Chart_4__deriveRotationAnchorOffsets__chart_4f_deriveRotationAnchorOffsets_line686,m08,0,0,65,n/a
chart_4f_deriveTextBoundsAnchorOffsets__line599_673,qwen2.5-coder:14b,batch06__Chart_4__deriveTextBoundsAnchorOffsets__chart_4f_deriveTextBoundsAnchorOffsets_line599,m01,0,0,70,n/a
chart_4f_deriveTextBoundsAnchorOffsets__line599_673,qwen2.5-coder:14b,batch06__Chart_4__deriveTextBoundsAnchorOffsets__chart_4f_deriveTextBoundsAnchorOffsets_line599,m02,0,0,70,n/a
chart_4f_deriveTextBoundsAnchorOffsets__line599_673,qwen2.5-coder:14b,batch06__Chart_4__deriveTextBoundsAnchorOffsets__chart_4f_deriveTextBoundsAnchorOffsets_line599,m03,0,0,70,n/a
chart_4f_deriveTextBoundsAnchorOffsets__line599_673,qwen2.5-coder:14b,batch06__Chart_4__deriveTextBoundsAnchorOffsets__chart_4f_deriveTextBoundsAnchorOffsets_line599,m04,0,0,70,n/a
chart_4f_deriveTextBoundsAnchorOffsets__line599_673,qwen2.5-coder:14b,batch06__Chart_4__deriveTextBoundsAnchorOffsets__chart_4f_deriveTextBoundsAnchorOffsets_line599,m05,0,0,70,n/a
chart_4f_deriveTextBoundsAnchorOffsets__line599_673,qwen2.5-coder:14b,batch06__Chart_4__deriveTextBoundsAnchorOffsets__chart_4f_deriveTextBoundsAnchorOffsets_line599,m06,0,0,70,n/a
chart_4f_deriveTextBoundsAnchorOffsets__line599_673,qwen2.5-coder:14b,batch06__Chart_4__deriveTextBoundsAnchorOffsets__chart_4f_deriveTextBoundsAnchorOffsets_line599,m07,0,0,70,n/a
chart_4f_deriveTextBoundsAnchorOffsets__line599_673,qwen2.5-coder:14b,batch06__Chart_4__deriveTextBoundsAnchorOffsets__chart_4f_deriveTextBoundsAnchorOffsets_line599,m08,0,0,70,n/a
chart_6f_equals__line1488_1582,qwen2.5-coder:14b,batch06__Chart_6__equals__chart_6f_equals_line1488,m01,0,0,3,n/a
chart_6f_equals__line1488_1582,qwen2.5-coder:14b,batch06__Chart_6__equals__chart_6f_equals_line1488,m02,0,0,3,n/a
chart_6f_equals__line1488_1582,qwen2.5-coder:14b,batch06__Chart_6__equals__chart_6f_equals_line1488,m03,0,0,3,n/a
chart_6f_equals__line1488_1582,qwen2.5-coder:14b,batch06__Chart_6__equals__chart_6f_equals_line1488,m04,0,0,3,n/a
chart_6f_equals__line1488_1582,qwen2.5-coder:14b,batch06__Chart_6__equals__chart_6f_equals_line1488,m05,1,3,3,False
chart_6f_equals__line1488_1582,qwen2.5-coder:14b,batch06__Chart_6__equals__chart_6f_equals_line1488,m06,1,3,3,False
cli_14f_appendUsage__line298_390,qwen2.5-coder:14b,batch06__Cli_14__appendUsage__cli_14f_appendUsage_line298,m01,1,21,31,False
cli_14f_appendUsage__line298_390,qwen2.5-coder:14b,batch06__Cli_14__appendUsage__cli_14f_appendUsage_line298,m02,1,17,31,False
cli_14f_appendUsage__line298_390,qwen2.5-coder:14b,batch06__Cli_14__appendUsage__cli_14f_appendUsage_line298,m03,1,20,31,False
cli_14f_appendUsage__line298_390,qwen2.5-coder:14b,batch06__Cli_14__appendUsage__cli_14f_appendUsage_line298,m04,0,0,31,n/a
cli_14f_appendUsage__line298_390,qwen2.5-coder:14b,batch06__Cli_14__appendUsage__cli_14f_appendUsage_line298,m05,1,6,31,False
cli_14f_appendUsage__line298_390,qwen2.5-coder:14b,batch06__Cli_14__appendUsage__cli_14f_appendUsage_line298,m06,1,3,31,False
cli_14f_appendUsage__line298_390,qwen2.5-coder:14b,batch06__Cli_14__appendUsage__cli_14f_appendUsage_line298,m07,1,1,31,False
cli_14f_appendUsage__line298_390,qwen2.5-coder:14b,batch06__Cli_14__appendUsage__cli_14f_appendUsage_line298,m08,1,16,31,False
cli_1f_findWrapPos__line789_833,qwen2.5-coder:14b,batch06__Cli_1__findWrapPos__cli_1f_findWrapPos_line789,m03,1,3,7,False
cli_1f_findWrapPos__line789_833,qwen2.5-coder:14b,batch06__Cli_1__findWrapPos__cli_1f_findWrapPos_line789,m04,1,3,7,False
cli_1f_findWrapPos__line789_833,qwen2.5-coder:14b,batch06__Cli_1__findWrapPos__cli_1f_findWrapPos_line789,m05,1,1,7,False
cli_1f_findWrapPos__line789_833,qwen2.5-coder:14b,batch06__Cli_1__findWrapPos__cli_1f_findWrapPos_line789,m06,1,1,7,False
cli_1f_findWrapPos__line789_833,qwen2.5-coder:14b,batch06__Cli_1__findWrapPos__cli_1f_findWrapPos_line789,m07,1,1,7,False
cli_1f_parse__line129_220,qwen2.5-coder:14b,batch06__Cli_1__parse__cli_1f_parse_line129,m01,1,3,74,False
cli_1f_parse__line129_220,qwen2.5-coder:14b,batch06__Cli_1__parse__cli_1f_parse_line129,m02,1,3,74,False
cli_1f_parse__line129_220,qwen2.5-coder:14b,batch06__Cli_1__parse__cli_1f_parse_line129,m03,0,0,74,n/a
cli_1f_parse__line129_220,qwen2.5-coder:14b,batch06__Cli_1__parse__cli_1f_parse_line129,m04,1,38,74,False
cli_1f_parse__line129_220,qwen2.5-coder:14b,batch06__Cli_1__parse__cli_1f_parse_line129,m05,1,2,74,False
cli_1f_parse__line129_220,qwen2.5-coder:14b,batch06__Cli_1__parse__cli_1f_parse_line129,m06,1,4,74,False
cli_1f_parse__line129_220,qwen2.5-coder:14b,batch06__Cli_1__parse__cli_1f_parse_line129,m07,1,2,74,False
cli_1f_parse__line129_220,qwen2.5-coder:14b,batch06__Cli_1__parse__cli_1f_parse_line129,m08,1,9,74,False
cli_30f_createValue__line60_102,qwen2.5-coder:14b,batch06__Cli_30__createValue__cli_30f_createValue_line60,m01,1,1,6,False
cli_30f_createValue__line60_102,qwen2.5-coder:14b,batch06__Cli_30__createValue__cli_30f_createValue_line60,m02,1,2,6,False
cli_30f_createValue__line60_102,qwen2.5-coder:14b,batch06__Cli_30__createValue__cli_30f_createValue_line60,m03,1,2,6,False
cli_30f_createValue__line60_102,qwen2.5-coder:14b,batch06__Cli_30__createValue__cli_30f_createValue_line60,m04,1,1,6,False
cli_30f_createValue__line60_102,qwen2.5-coder:14b,batch06__Cli_30__createValue__cli_30f_createValue_line60,m05,1,2,6,False
cli_30f_createValue__line60_102,qwen2.5-coder:14b,batch06__Cli_30__createValue__cli_30f_createValue_line60,m06,1,1,6,False
cli_30f_createValue__line60_102,qwen2.5-coder:14b,batch06__Cli_30__createValue__cli_30f_createValue_line60,m07,1,1,6,False
cli_30f_createValue__line60_102,qwen2.5-coder:14b,batch06__Cli_30__createValue__cli_30f_createValue_line60,m08,1,1,6,False
cli_30f_processProperties__line252_305,qwen2.5-coder:14b,batch06__Cli_30__processProperties__cli_30f_processProperties_line252,m01,1,61,64,False
cli_30f_processProperties__line252_305,qwen2.5-coder:14b,batch06__Cli_30__processProperties__cli_30f_processProperties_line252,m02,0,0,64,n/a
cli_30f_processProperties__line252_305,qwen2.5-coder:14b,batch06__Cli_30__processProperties__cli_30f_processProperties_line252,m03,1,1,64,False
cli_30f_processProperties__line252_305,qwen2.5-coder:14b,batch06__Cli_30__processProperties__cli_30f_processProperties_line252,m04,0,0,64,n/a
cli_30f_processProperties__line252_305,qwen2.5-coder:14b,batch06__Cli_30__processProperties__cli_30f_processProperties_line252,m06,1,1,64,False
cli_30f_processProperties__line252_305,qwen2.5-coder:14b,batch06__Cli_30__processProperties__cli_30f_processProperties_line252,m07,0,0,64,n/a
cli_3f_createValue__line59_101,qwen2.5-coder:14b,batch06__Cli_3__createValue__cli_3f_createValue_line59,m01,1,1,1,False
cli_3f_createValue__line59_101,qwen2.5-coder:14b,batch06__Cli_3__createValue__cli_3f_createValue_line59,m02,1,1,1,False
cli_3f_createValue__line59_101,qwen2.5-coder:14b,batch06__Cli_3__createValue__cli_3f_createValue_line59,m03,1,1,1,False
cli_3f_createValue__line59_101,qwen2.5-coder:14b,batch06__Cli_3__createValue__cli_3f_createValue_line59,m04,0,0,1,n/a
cli_3f_createValue__line59_101,qwen2.5-coder:14b,batch06__Cli_3__createValue__cli_3f_createValue_line59,m05,1,1,1,False
cli_3f_createValue__line59_101,qwen2.5-coder:14b,batch06__Cli_3__createValue__cli_3f_createValue_line59,m06,1,1,1,False
cli_3f_createValue__line59_101,qwen2.5-coder:14b,batch06__Cli_3__createValue__cli_3f_createValue_line59,m07,0,0,1,n/a
cli_3f_createValue__line59_101,qwen2.5-coder:14b,batch06__Cli_3__createValue__cli_3f_createValue_line59,m08,1,1,1,False
cli_40f_parse__line144_244,qwen2.5-coder:14b,batch06__Cli_40__parse__cli_40f_parse_line144,m01,0,0,81,n/a
cli_40f_parse__line144_244,qwen2.5-coder:14b,batch06__Cli_40__parse__cli_40f_parse_line144,m02,1,1,81,False
cli_40f_parse__line144_244,qwen2.5-coder:14b,batch06__Cli_40__parse__cli_40f_parse_line144,m03,1,33,81,False
cli_40f_parse__line144_244,qwen2.5-coder:14b,batch06__Cli_40__parse__cli_40f_parse_line144,m04,1,75,81,False
cli_40f_parse__line144_244,qwen2.5-coder:14b,batch06__Cli_40__parse__cli_40f_parse_line144,m05,0,0,81,n/a
cli_40f_parse__line144_244,qwen2.5-coder:14b,batch06__Cli_40__parse__cli_40f_parse_line144,m06,0,0,81,n/a
cli_40f_parse__line144_244,qwen2.5-coder:14b,batch06__Cli_40__parse__cli_40f_parse_line144,m07,0,0,81,n/a
cli_40f_parse__line144_244,qwen2.5-coder:14b,batch06__Cli_40__parse__cli_40f_parse_line144,m08,0,0,81,n/a
cli_7f_appendUsage__line258_320,qwen2.5-coder:14b,batch06__Cli_7__appendUsage__cli_7f_appendUsage_line258,m01,1,19,27,False
cli_7f_appendUsage__line258_320,qwen2.5-coder:14b,batch06__Cli_7__appendUsage__cli_7f_appendUsage_line258,m02,1,20,27,False
cli_7f_appendUsage__line258_320,qwen2.5-coder:14b,batch06__Cli_7__appendUsage__cli_7f_appendUsage_line258,m03,1,20,27,False
cli_7f_appendUsage__line258_320,qwen2.5-coder:14b,batch06__Cli_7__appendUsage__cli_7f_appendUsage_line258,m04,1,18,27,False
cli_7f_appendUsage__line258_320,qwen2.5-coder:14b,batch06__Cli_7__appendUsage__cli_7f_appendUsage_line258,m05,1,20,27,False
cli_7f_appendUsage__line258_320,qwen2.5-coder:14b,batch06__Cli_7__appendUsage__cli_7f_appendUsage_line258,m06,1,19,27,False
cli_7f_appendUsage__line258_320,qwen2.5-coder:14b,batch06__Cli_7__appendUsage__cli_7f_appendUsage_line258,m07,1,20,27,False
cli_7f_appendUsage__line258_320,qwen2.5-coder:14b,batch06__Cli_7__appendUsage__cli_7f_appendUsage_line258,m08,1,14,27,False
cli_7f_process__line156_235,qwen2.5-coder:14b,batch06__Cli_7__process__cli_7f_process_line156,m01,1,1,32,False
cli_7f_process__line156_235,qwen2.5-coder:14b,batch06__Cli_7__process__cli_7f_process_line156,m02,1,22,32,False
cli_7f_process__line156_235,qwen2.5-coder:14b,batch06__Cli_7__process__cli_7f_process_line156,m03,1,15,32,False
cli_7f_process__line156_235,qwen2.5-coder:14b,batch06__Cli_7__process__cli_7f_process_line156,m04,0,0,32,n/a
cli_7f_process__line156_235,qwen2.5-coder:14b,batch06__Cli_7__process__cli_7f_process_line156,m05,1,6,32,False
cli_7f_process__line156_235,qwen2.5-coder:14b,batch06__Cli_7__process__cli_7f_process_line156,m06,1,9,32,False
cli_7f_process__line156_235,qwen2.5-coder:14b,batch06__Cli_7__process__cli_7f_process_line156,m07,0,0,32,n/a
cli_7f_process__line156_235,qwen2.5-coder:14b,batch06__Cli_7__process__cli_7f_process_line156,m08,0,0,32,n/a
closure_125f_precedenceWithDefault__line1179_1254,qwen2.5-coder:14b,batch06__Closure_125__precedenceWithDefault__closure_125f_precedenceWithDefault_line1179,m01,1,7,3533,False
closure_125f_precedenceWithDefault__line1179_1254,qwen2.5-coder:14b,batch06__Closure_125__precedenceWithDefault__closure_125f_precedenceWithDefault_line1179,m02,1,14,3533,False
closure_125f_precedenceWithDefault__line1179_1254,qwen2.5-coder:14b,batch06__Closure_125__precedenceWithDefault__closure_125f_precedenceWithDefault_line1179,m03,1,11,3533,False
closure_125f_precedenceWithDefault__line1179_1254,qwen2.5-coder:14b,batch06__Closure_125__precedenceWithDefault__closure_125f_precedenceWithDefault_line1179,m04,1,8,3533,False
closure_125f_precedenceWithDefault__line1179_1254,qwen2.5-coder:14b,batch06__Closure_125__precedenceWithDefault__closure_125f_precedenceWithDefault_line1179,m05,0,0,3533,n/a
closure_125f_precedenceWithDefault__line1179_1254,qwen2.5-coder:14b,batch06__Closure_125__precedenceWithDefault__closure_125f_precedenceWithDefault_line1179,m06,1,45,3533,False
closure_125f_precedenceWithDefault__line1179_1254,qwen2.5-coder:14b,batch06__Closure_125__precedenceWithDefault__closure_125f_precedenceWithDefault_line1179,m07,0,0,3533,n/a
closure_125f_precedenceWithDefault__line1179_1254,qwen2.5-coder:14b,batch06__Closure_125__precedenceWithDefault__closure_125f_precedenceWithDefault_line1179,m08,1,2631,3533,False
closure_1f_biggestPowerTen__line180_277,qwen2.5-coder:14b,batch06__Closure_1__biggestPowerTen__closure_1f_biggestPowerTen_line180,m01,0,0,1,n/a
closure_1f_biggestPowerTen__line180_277,qwen2.5-coder:14b,batch06__Closure_1__biggestPowerTen__closure_1f_biggestPowerTen_line180,m02,0,0,1,n/a
closure_1f_biggestPowerTen__line180_277,qwen2.5-coder:14b,batch06__Closure_1__biggestPowerTen__closure_1f_biggestPowerTen_line180,m03,0,0,1,n/a
closure_1f_biggestPowerTen__line180_277,qwen2.5-coder:14b,batch06__Closure_1__biggestPowerTen__closure_1f_biggestPowerTen_line180,m04,0,0,1,n/a
closure_1f_biggestPowerTen__line180_277,qwen2.5-coder:14b,batch06__Closure_1__biggestPowerTen__closure_1f_biggestPowerTen_line180,m06,0,0,1,n/a
closure_1f_biggestPowerTen__line180_277,qwen2.5-coder:14b,batch06__Closure_1__biggestPowerTen__closure_1f_biggestPowerTen_line180,m07,0,0,1,n/a
closure_1f_biggestPowerTen__line180_277,qwen2.5-coder:14b,batch06__Closure_1__biggestPowerTen__closure_1f_biggestPowerTen_line180,m08,0,0,1,n/a
closure_44f_bytecodeName__line179_262,qwen2.5-coder:14b,batch06__Closure_44__bytecodeName__closure_44f_bytecodeName_line179,m01,0,0,1,n/a
closure_44f_bytecodeName__line179_262,qwen2.5-coder:14b,batch06__Closure_44__bytecodeName__closure_44f_bytecodeName_line179,m02,0,0,1,n/a
closure_44f_bytecodeName__line179_262,qwen2.5-coder:14b,batch06__Closure_44__bytecodeName__closure_44f_bytecodeName_line179,m03,0,0,1,n/a
closure_44f_bytecodeName__line179_262,qwen2.5-coder:14b,batch06__Closure_44__bytecodeName__closure_44f_bytecodeName_line179,m04,0,0,1,n/a
closure_44f_bytecodeName__line179_262,qwen2.5-coder:14b,batch06__Closure_44__bytecodeName__closure_44f_bytecodeName_line179,m06,0,0,1,n/a
closure_44f_bytecodeName__line179_262,qwen2.5-coder:14b,batch06__Closure_44__bytecodeName__closure_44f_bytecodeName_line179,m07,0,0,1,n/a
closure_44f_bytecodeName__line179_262,qwen2.5-coder:14b,batch06__Closure_44__bytecodeName__closure_44f_bytecodeName_line179,m08,0,0,1,n/a
closure_44f_findInstanceIdInfo__line139_191,qwen2.5-coder:14b,batch06__Closure_44__findInstanceIdInfo__closure_44f_findInstanceIdInfo_line139,m02,0,0,1,n/a
closure_44f_findInstanceIdInfo__line139_191,qwen2.5-coder:14b,batch06__Closure_44__findInstanceIdInfo__closure_44f_findInstanceIdInfo_line139,m03,0,0,1,n/a
closure_44f_findInstanceIdInfo__line139_191,qwen2.5-coder:14b,batch06__Closure_44__findInstanceIdInfo__closure_44f_findInstanceIdInfo_line139,m04,0,0,1,n/a
closure_44f_findInstanceIdInfo__line139_191,qwen2.5-coder:14b,batch06__Closure_44__findInstanceIdInfo__closure_44f_findInstanceIdInfo_line139,m05,0,0,1,n/a
closure_44f_findInstanceIdInfo__line139_191,qwen2.5-coder:14b,batch06__Closure_44__findInstanceIdInfo__closure_44f_findInstanceIdInfo_line139,m06,0,0,1,n/a
closure_44f_findInstanceIdInfo__line139_191,qwen2.5-coder:14b,batch06__Closure_44__findInstanceIdInfo__closure_44f_findInstanceIdInfo_line139,m08,0,0,1,n/a
closure_44f_findPrototypeId__line459_537,qwen2.5-coder:14b,batch06__Closure_44__findPrototypeId__closure_44f_findPrototypeId_line459,m01,0,0,1,n/a
closure_44f_findPrototypeId__line459_537,qwen2.5-coder:14b,batch06__Closure_44__findPrototypeId__closure_44f_findPrototypeId_line459,m02,0,0,1,n/a
closure_44f_findPrototypeId__line459_537,qwen2.5-coder:14b,batch06__Closure_44__findPrototypeId__closure_44f_findPrototypeId_line459,m03,0,0,1,n/a
closure_44f_findPrototypeId__line459_537,qwen2.5-coder:14b,batch06__Closure_44__findPrototypeId__closure_44f_findPrototypeId_line459,m04,0,0,1,n/a
closure_44f_findPrototypeId__line459_537,qwen2.5-coder:14b,batch06__Closure_44__findPrototypeId__closure_44f_findPrototypeId_line459,m05,0,0,1,n/a
closure_44f_findPrototypeId__line459_537,qwen2.5-coder:14b,batch06__Closure_44__findPrototypeId__closure_44f_findPrototypeId_line459,m06,0,0,1,n/a
closure_44f_findPrototypeId__line459_537,qwen2.5-coder:14b,batch06__Closure_44__findPrototypeId__closure_44f_findPrototypeId_line459,m07,0,0,1,n/a
closure_44f_findPrototypeId__line459_537,qwen2.5-coder:14b,batch06__Closure_44__findPrototypeId__closure_44f_findPrototypeId_line459,m08,0,0,1,n/a
closure_44f_hasSideEffects__line950_1043,qwen2.5-coder:14b,batch06__Closure_44__hasSideEffects__closure_44f_hasSideEffects_line950,m02,0,0,1,n/a
closure_44f_hasSideEffects__line950_1043,qwen2.5-coder:14b,batch06__Closure_44__hasSideEffects__closure_44f_hasSideEffects_line950,m04,0,0,1,n/a
closure_44f_hasSideEffects__line950_1043,qwen2.5-coder:14b,batch06__Closure_44__hasSideEffects__closure_44f_hasSideEffects_line950,m05,0,0,1,n/a
closure_44f_visit__line381_459,qwen2.5-coder:14b,batch06__Closure_44__visit__closure_44f_visit_line381,m03,0,0,1,n/a
closure_44f_visit__line381_459,qwen2.5-coder:14b,batch06__Closure_44__visit__closure_44f_visit_line381,m06,0,0,1,n/a
closure_44f_visit__line381_459,qwen2.5-coder:14b,batch06__Closure_44__visit__closure_44f_visit_line381,m08,0,0,1,n/a
closure_46f_mayBeExpression__line487_559,qwen2.5-coder:14b,batch06__Closure_46__mayBeExpression__closure_46f_mayBeExpression_line487,m01,1,1,100,False
closure_46f_mayBeExpression__line487_559,qwen2.5-coder:14b,batch06__Closure_46__mayBeExpression__closure_46f_mayBeExpression_line487,m02,1,5,100,False
closure_46f_mayBeExpression__line487_559,qwen2.5-coder:14b,batch06__Closure_46__mayBeExpression__closure_46f_mayBeExpression_line487,m03,0,0,100,n/a
closure_46f_mayBeExpression__line487_559,qwen2.5-coder:14b,batch06__Closure_46__mayBeExpression__closure_46f_mayBeExpression_line487,m05,1,87,100,False
closure_46f_mayBeExpression__line487_559,qwen2.5-coder:14b,batch06__Closure_46__mayBeExpression__closure_46f_mayBeExpression_line487,m06,1,2,100,False
closure_46f_mayBeExpression__line487_559,qwen2.5-coder:14b,batch06__Closure_46__mayBeExpression__closure_46f_mayBeExpression_line487,m07,0,0,100,n/a
closure_46f_mayBeExpression__line487_559,qwen2.5-coder:14b,batch06__Closure_46__mayBeExpression__closure_46f_mayBeExpression_line487,m08,0,0,100,n/a
closure_47f_tokenToName__line1461_1548,qwen2.5-coder:14b,batch06__Closure_47__tokenToName__closure_47f_tokenToName_line1461,m01,0,0,656,n/a
closure_47f_tokenToName__line1461_1548,qwen2.5-coder:14b,batch06__Closure_47__tokenToName__closure_47f_tokenToName_line1461,m02,0,0,656,n/a
closure_47f_tokenToName__line1461_1548,qwen2.5-coder:14b,batch06__Closure_47__tokenToName__closure_47f_tokenToName_line1461,m03,0,0,656,n/a
closure_47f_tokenToName__line1461_1548,qwen2.5-coder:14b,batch06__Closure_47__tokenToName__closure_47f_tokenToName_line1461,m04,0,0,656,n/a
closure_47f_tokenToName__line1461_1548,qwen2.5-coder:14b,batch06__Closure_47__tokenToName__closure_47f_tokenToName_line1461,m05,0,0,656,n/a
closure_47f_tokenToName__line1461_1548,qwen2.5-coder:14b,batch06__Closure_47__tokenToName__closure_47f_tokenToName_line1461,m06,0,0,656,n/a
closure_47f_tokenToName__line1461_1548,qwen2.5-coder:14b,batch06__Closure_47__tokenToName__closure_47f_tokenToName_line1461,m07,0,0,656,n/a
closure_47f_tokenToName__line1461_1548,qwen2.5-coder:14b,batch06__Closure_47__tokenToName__closure_47f_tokenToName_line1461,m08,0,0,656,n/a
codec_11f_pattern__line405_496,qwen2.5-coder:14b,batch06__Codec_11__pattern__codec_11f_pattern_line405,m01,0,0,11,n/a
codec_11f_pattern__line405_496,qwen2.5-coder:14b,batch06__Codec_11__pattern__codec_11f_pattern_line405,m03,1,2,11,False
codec_11f_pattern__line405_496,qwen2.5-coder:14b,batch06__Codec_11__pattern__codec_11f_pattern_line405,m04,1,1,11,False
codec_11f_pattern__line405_496,qwen2.5-coder:14b,batch06__Codec_11__pattern__codec_11f_pattern_line405,m05,0,0,11,n/a
codec_11f_pattern__line405_496,qwen2.5-coder:14b,batch06__Codec_11__pattern__codec_11f_pattern_line405,m06,1,1,11,False
codec_11f_pattern__line405_496,qwen2.5-coder:14b,batch06__Codec_11__pattern__codec_11f_pattern_line405,m07,1,2,11,False
codec_13f_handleG__line408_461,qwen2.5-coder:14b,batch06__Codec_13__handleG__codec_13f_handleG_line408,m01,1,4,5,False
codec_13f_handleG__line408_461,qwen2.5-coder:14b,batch06__Codec_13__handleG__codec_13f_handleG_line408,m02,1,2,5,False
codec_13f_handleG__line408_461,qwen2.5-coder:14b,batch06__Codec_13__handleG__codec_13f_handleG_line408,m03,0,0,5,n/a
codec_13f_handleG__line408_461,qwen2.5-coder:14b,batch06__Codec_13__handleG__codec_13f_handleG_line408,m06,1,3,5,False
codec_13f_handleG__line408_461,qwen2.5-coder:14b,batch06__Codec_13__handleG__codec_13f_handleG_line408,m07,1,2,5,False
codec_13f_handleG__line408_461,qwen2.5-coder:14b,batch06__Codec_13__handleG__codec_13f_handleG_line408,m08,1,4,5,False
codec_13f_handleJ__line514_545,qwen2.5-coder:14b,batch06__Codec_13__handleJ__codec_13f_handleJ_line514,m01,1,3,8,False
codec_13f_handleJ__line514_545,qwen2.5-coder:14b,batch06__Codec_13__handleJ__codec_13f_handleJ_line514,m02,1,3,8,False
codec_13f_handleJ__line514_545,qwen2.5-coder:14b,batch06__Codec_13__handleJ__codec_13f_handleJ_line514,m03,1,5,8,False
codec_13f_handleJ__line514_545,qwen2.5-coder:14b,batch06__Codec_13__handleJ__codec_13f_handleJ_line514,m04,1,1,8,False
codec_13f_handleJ__line514_545,qwen2.5-coder:14b,batch06__Codec_13__handleJ__codec_13f_handleJ_line514,m05,1,2,8,False
codec_13f_handleJ__line514_545,qwen2.5-coder:14b,batch06__Codec_13__handleJ__codec_13f_handleJ_line514,m06,0,0,8,n/a
codec_13f_handleJ__line514_545,qwen2.5-coder:14b,batch06__Codec_13__handleJ__codec_13f_handleJ_line514,m07,0,0,8,n/a
codec_13f_handleJ__line514_545,qwen2.5-coder:14b,batch06__Codec_13__handleJ__codec_13f_handleJ_line514,m08,0,0,8,n/a
codec_13f_handleS__line597_642,qwen2.5-coder:14b,batch06__Codec_13__handleS__codec_13f_handleS_line597,m01,1,6,8,False
codec_13f_handleS__line597_642,qwen2.5-coder:14b,batch06__Codec_13__handleS__codec_13f_handleS_line597,m03,1,2,8,False
codec_13f_handleS__line597_642,qwen2.5-coder:14b,batch06__Codec_13__handleS__codec_13f_handleS_line597,m06,1,3,8,False
codec_13f_handleS__line597_642,qwen2.5-coder:14b,batch06__Codec_13__handleS__codec_13f_handleS_line597,m07,1,5,8,False
codec_13f_handleS__line597_642,qwen2.5-coder:14b,batch06__Codec_13__handleS__codec_13f_handleS_line597,m08,1,4,8,False
codec_17f_transcodeRemaining__line118_167,qwen2.5-coder:14b,batch06__Codec_17__transcodeRemaining__codec_17f_transcodeRemaining_line118,m01,1,9,19,False
codec_17f_transcodeRemaining__line118_167,qwen2.5-coder:14b,batch06__Codec_17__transcodeRemaining__codec_17f_transcodeRemaining_line118,m02,1,17,19,False
codec_17f_transcodeRemaining__line118_167,qwen2.5-coder:14b,batch06__Codec_17__transcodeRemaining__codec_17f_transcodeRemaining_line118,m03,1,19,19,False
codec_17f_transcodeRemaining__line118_167,qwen2.5-coder:14b,batch06__Codec_17__transcodeRemaining__codec_17f_transcodeRemaining_line118,m04,1,18,19,False
codec_17f_transcodeRemaining__line118_167,qwen2.5-coder:14b,batch06__Codec_17__transcodeRemaining__codec_17f_transcodeRemaining_line118,m05,1,18,19,False
codec_17f_transcodeRemaining__line118_167,qwen2.5-coder:14b,batch06__Codec_17__transcodeRemaining__codec_17f_transcodeRemaining_line118,m06,1,3,19,False
codec_17f_transcodeRemaining__line118_167,qwen2.5-coder:14b,batch06__Codec_17__transcodeRemaining__codec_17f_transcodeRemaining_line118,m07,1,3,19,False
codec_17f_transcodeRemaining__line118_167,qwen2.5-coder:14b,batch06__Codec_17__transcodeRemaining__codec_17f_transcodeRemaining_line118,m08,1,16,19,False
codec_1f_handleG__line418_469,qwen2.5-coder:14b,batch06__Codec_1__handleG__codec_1f_handleG_line418,m01,1,2,3,False
codec_1f_handleG__line418_469,qwen2.5-coder:14b,batch06__Codec_1__handleG__codec_1f_handleG_line418,m02,0,0,3,n/a
codec_1f_handleG__line418_469,qwen2.5-coder:14b,batch06__Codec_1__handleG__codec_1f_handleG_line418,m03,0,0,3,n/a
codec_1f_handleG__line418_469,qwen2.5-coder:14b,batch06__Codec_1__handleG__codec_1f_handleG_line418,m04,0,0,3,n/a
codec_1f_handleG__line418_469,qwen2.5-coder:14b,batch06__Codec_1__handleG__codec_1f_handleG_line418,m05,0,0,3,n/a
codec_1f_handleG__line418_469,qwen2.5-coder:14b,batch06__Codec_1__handleG__codec_1f_handleG_line418,m06,1,1,3,False
codec_1f_handleG__line418_469,qwen2.5-coder:14b,batch06__Codec_1__handleG__codec_1f_handleG_line418,m07,1,2,3,False
codec_1f_handleG__line418_469,qwen2.5-coder:14b,batch06__Codec_1__handleG__codec_1f_handleG_line418,m08,1,1,3,False
codec_1f_handleJ__line526_556,qwen2.5-coder:14b,batch06__Codec_1__handleJ__codec_1f_handleJ_line526,m01,1,2,5,False
codec_1f_handleJ__line526_556,qwen2.5-coder:14b,batch06__Codec_1__handleJ__codec_1f_handleJ_line526,m02,0,0,5,n/a
codec_1f_handleJ__line526_556,qwen2.5-coder:14b,batch06__Codec_1__handleJ__codec_1f_handleJ_line526,m03,1,2,5,False
codec_1f_handleJ__line526_556,qwen2.5-coder:14b,batch06__Codec_1__handleJ__codec_1f_handleJ_line526,m04,0,0,5,n/a
codec_1f_handleJ__line526_556,qwen2.5-coder:14b,batch06__Codec_1__handleJ__codec_1f_handleJ_line526,m05,0,0,5,n/a
codec_1f_handleJ__line526_556,qwen2.5-coder:14b,batch06__Codec_1__handleJ__codec_1f_handleJ_line526,m06,0,0,5,n/a
codec_1f_handleJ__line526_556,qwen2.5-coder:14b,batch06__Codec_1__handleJ__codec_1f_handleJ_line526,m07,0,0,5,n/a
codec_1f_handleJ__line526_556,qwen2.5-coder:14b,batch06__Codec_1__handleJ__codec_1f_handleJ_line526,m08,0,0,5,n/a
codec_1f_handleS__line612_660,qwen2.5-coder:14b,batch06__Codec_1__handleS__codec_1f_handleS_line612,m01,0,0,6,n/a
codec_1f_handleS__line612_660,qwen2.5-coder:14b,batch06__Codec_1__handleS__codec_1f_handleS_line612,m02,0,0,6,n/a
codec_1f_handleS__line612_660,qwen2.5-coder:14b,batch06__Codec_1__handleS__codec_1f_handleS_line612,m04,1,1,6,False
codec_1f_handleS__line612_660,qwen2.5-coder:14b,batch06__Codec_1__handleS__codec_1f_handleS_line612,m08,1,1,6,False
codec_9f_read__line76_117,qwen2.5-coder:14b,batch06__Codec_9__read__codec_9f_read_line76,m01,1,7,8,False
codec_9f_read__line76_117,qwen2.5-coder:14b,batch06__Codec_9__read__codec_9f_read_line76,m05,0,0,8,n/a
codec_9f_read__line76_117,qwen2.5-coder:14b,batch06__Codec_9__read__codec_9f_read_line76,m06,0,0,8,n/a
codec_9f_read__line76_117,qwen2.5-coder:14b,batch06__Codec_9__read__codec_9f_read_line76,m07,1,2,8,False
codec_9f_read__line76_117,qwen2.5-coder:14b,batch06__Codec_9__read__codec_9f_read_line76,m08,1,2,8,False
collections_17f_put__line254_330,qwen2.5-coder:14b,batch06__Collections_17__put__collections_17f_put_line254,m01,1,1,13,False
collections_17f_put__line254_330,qwen2.5-coder:14b,batch06__Collections_17__put__collections_17f_put_line254,m02,0,0,13,n/a
collections_17f_put__line254_330,qwen2.5-coder:14b,batch06__Collections_17__put__collections_17f_put_line254,m03,0,0,13,n/a
collections_17f_put__line254_330,qwen2.5-coder:14b,batch06__Collections_17__put__collections_17f_put_line254,m04,0,0,13,n/a
collections_17f_put__line254_330,qwen2.5-coder:14b,batch06__Collections_17__put__collections_17f_put_line254,m05,1,7,13,False
collections_17f_put__line254_330,qwen2.5-coder:14b,batch06__Collections_17__put__collections_17f_put_line254,m06,1,9,13,False
collections_17f_put__line254_330,qwen2.5-coder:14b,batch06__Collections_17__put__collections_17f_put_line254,m07,1,9,13,False
collections_17f_put__line254_330,qwen2.5-coder:14b,batch06__Collections_17__put__collections_17f_put_line254,m08,1,11,13,False
collections_17f_size__line1027_1058,qwen2.5-coder:14b,batch06__Collections_17__size__collections_17f_size_line1027,m01,1,1,15,False
collections_17f_size__line1027_1058,qwen2.5-coder:14b,batch06__Collections_17__size__collections_17f_size_line1027,m02,1,1,15,False
collections_17f_size__line1027_1058,qwen2.5-coder:14b,batch06__Collections_17__size__collections_17f_size_line1027,m03,1,9,15,False
collections_17f_size__line1027_1058,qwen2.5-coder:14b,batch06__Collections_17__size__collections_17f_size_line1027,m04,1,1,15,False
collections_17f_size__line1027_1058,qwen2.5-coder:14b,batch06__Collections_17__size__collections_17f_size_line1027,m05,0,0,15,n/a
collections_17f_size__line1027_1058,qwen2.5-coder:14b,batch06__Collections_17__size__collections_17f_size_line1027,m06,0,0,15,n/a
collections_17f_size__line1027_1058,qwen2.5-coder:14b,batch06__Collections_17__size__collections_17f_size_line1027,m07,1,1,15,False
collections_17f_size__line1027_1058,qwen2.5-coder:14b,batch06__Collections_17__size__collections_17f_size_line1027,m08,1,1,15,False
collections_1f_containsKey__line186_213,qwen2.5-coder:14b,batch06__Collections_1__containsKey__collections_1f_containsKey_line186,m01,1,12,12,False
collections_1f_containsKey__line186_213,qwen2.5-coder:14b,batch06__Collections_1__containsKey__collections_1f_containsKey_line186,m02,1,2,12,False
collections_1f_containsKey__line186_213,qwen2.5-coder:14b,batch06__Collections_1__containsKey__collections_1f_containsKey_line186,m03,0,0,12,n/a
collections_1f_containsKey__line186_213,qwen2.5-coder:14b,batch06__Collections_1__containsKey__collections_1f_containsKey_line186,m04,1,8,12,False
collections_1f_containsKey__line186_213,qwen2.5-coder:14b,batch06__Collections_1__containsKey__collections_1f_containsKey_line186,m05,1,8,12,False
collections_1f_containsKey__line186_213,qwen2.5-coder:14b,batch06__Collections_1__containsKey__collections_1f_containsKey_line186,m06,1,6,12,False
collections_1f_containsKey__line186_213,qwen2.5-coder:14b,batch06__Collections_1__containsKey__collections_1f_containsKey_line186,m07,1,8,12,False
collections_1f_containsKey__line186_213,qwen2.5-coder:14b,batch06__Collections_1__containsKey__collections_1f_containsKey_line186,m08,1,8,12,False
collections_1f_put__line255_331,qwen2.5-coder:14b,batch06__Collections_1__put__collections_1f_put_line255,m01,0,0,12,n/a
collections_1f_put__line255_331,qwen2.5-coder:14b,batch06__Collections_1__put__collections_1f_put_line255,m02,1,3,12,False
collections_1f_put__line255_331,qwen2.5-coder:14b,batch06__Collections_1__put__collections_1f_put_line255,m03,1,12,12,False
collections_1f_put__line255_331,qwen2.5-coder:14b,batch06__Collections_1__put__collections_1f_put_line255,m04,0,0,12,n/a
collections_1f_put__line255_331,qwen2.5-coder:14b,batch06__Collections_1__put__collections_1f_put_line255,m05,0,0,12,n/a
collections_1f_put__line255_331,qwen2.5-coder:14b,batch06__Collections_1__put__collections_1f_put_line255,m06,0,0,12,n/a
collections_1f_put__line255_331,qwen2.5-coder:14b,batch06__Collections_1__put__collections_1f_put_line255,m07,1,10,12,False
collections_1f_put__line255_331,qwen2.5-coder:14b,batch06__Collections_1__put__collections_1f_put_line255,m08,1,1,12,False
collections_1f_swapPosition__line1043_1135,qwen2.5-coder:14b,batch06__Collections_1__swapPosition__collections_1f_swapPosition_line1043,m01,0,0,6,n/a
collections_1f_swapPosition__line1043_1135,qwen2.5-coder:14b,batch06__Collections_1__swapPosition__collections_1f_swapPosition_line1043,m02,0,0,6,n/a
collections_1f_swapPosition__line1043_1135,qwen2.5-coder:14b,batch06__Collections_1__swapPosition__collections_1f_swapPosition_line1043,m03,0,0,6,n/a
collections_1f_swapPosition__line1043_1135,qwen2.5-coder:14b,batch06__Collections_1__swapPosition__collections_1f_swapPosition_line1043,m04,0,0,6,n/a
collections_1f_swapPosition__line1043_1135,qwen2.5-coder:14b,batch06__Collections_1__swapPosition__collections_1f_swapPosition_line1043,m06,0,0,6,n/a
collections_1f_swapPosition__line1043_1135,qwen2.5-coder:14b,batch06__Collections_1__swapPosition__collections_1f_swapPosition_line1043,m07,0,0,6,n/a
collections_1f_swapPosition__line1043_1135,qwen2.5-coder:14b,batch06__Collections_1__swapPosition__collections_1f_swapPosition_line1043,m08,0,0,6,n/a
collections_21f_containsKey__line197_236,qwen2.5-coder:14b,batch06__Collections_21__containsKey__collections_21f_containsKey_line197,m01,1,12,12,False
collections_21f_containsKey__line197_236,qwen2.5-coder:14b,batch06__Collections_21__containsKey__collections_21f_containsKey_line197,m02,0,0,12,n/a
collections_21f_containsKey__line197_236,qwen2.5-coder:14b,batch06__Collections_21__containsKey__collections_21f_containsKey_line197,m03,0,0,12,n/a
collections_21f_containsKey__line197_236,qwen2.5-coder:14b,batch06__Collections_21__containsKey__collections_21f_containsKey_line197,m04,0,0,12,n/a
collections_21f_containsKey__line197_236,qwen2.5-coder:14b,batch06__Collections_21__containsKey__collections_21f_containsKey_line197,m05,1,6,12,False
collections_21f_containsKey__line197_236,qwen2.5-coder:14b,batch06__Collections_21__containsKey__collections_21f_containsKey_line197,m06,1,8,12,False
collections_21f_containsKey__line197_236,qwen2.5-coder:14b,batch06__Collections_21__containsKey__collections_21f_containsKey_line197,m07,1,8,12,False
collections_21f_containsKey__line197_236,qwen2.5-coder:14b,batch06__Collections_21__containsKey__collections_21f_containsKey_line197,m08,0,0,12,n/a
collections_21f_merge__line1563_1616,qwen2.5-coder:14b,batch06__Collections_21__merge__collections_21f_merge_line1563,m01,1,1,4,False
collections_21f_merge__line1563_1616,qwen2.5-coder:14b,batch06__Collections_21__merge__collections_21f_merge_line1563,m02,1,1,4,False
collections_21f_merge__line1563_1616,qwen2.5-coder:14b,batch06__Collections_21__merge__collections_21f_merge_line1563,m03,1,1,4,False
collections_21f_merge__line1563_1616,qwen2.5-coder:14b,batch06__Collections_21__merge__collections_21f_merge_line1563,m04,1,1,4,False
collections_21f_merge__line1563_1616,qwen2.5-coder:14b,batch06__Collections_21__merge__collections_21f_merge_line1563,m05,1,1,4,False
collections_21f_merge__line1563_1616,qwen2.5-coder:14b,batch06__Collections_21__merge__collections_21f_merge_line1563,m06,1,2,4,False
collections_21f_merge__line1563_1616,qwen2.5-coder:14b,batch06__Collections_21__merge__collections_21f_merge_line1563,m07,0,0,4,n/a
collections_21f_merge__line1563_1616,qwen2.5-coder:14b,batch06__Collections_21__merge__collections_21f_merge_line1563,m08,0,0,4,n/a
collections_21f_put__line290_366,qwen2.5-coder:14b,batch06__Collections_21__put__collections_21f_put_line290,m01,0,0,13,n/a
collections_21f_put__line290_366,qwen2.5-coder:14b,batch06__Collections_21__put__collections_21f_put_line290,m02,0,0,13,n/a
collections_21f_put__line290_366,qwen2.5-coder:14b,batch06__Collections_21__put__collections_21f_put_line290,m03,1,13,13,False
collections_21f_put__line290_366,qwen2.5-coder:14b,batch06__Collections_21__put__collections_21f_put_line290,m04,1,6,13,False
collections_21f_put__line290_366,qwen2.5-coder:14b,batch06__Collections_21__put__collections_21f_put_line290,m05,0,0,13,n/a
collections_21f_put__line290_366,qwen2.5-coder:14b,batch06__Collections_21__put__collections_21f_put_line290,m06,1,11,13,False
collections_21f_put__line290_366,qwen2.5-coder:14b,batch06__Collections_21__put__collections_21f_put_line290,m07,0,0,13,n/a
collections_21f_put__line290_366,qwen2.5-coder:14b,batch06__Collections_21__put__collections_21f_put_line290,m08,0,0,13,n/a
collections_22f_size__line1301_1332,qwen2.5-coder:14b,batch06__Collections_22__size__collections_22f_size_line1301,m01,1,1,17,False
collections_22f_size__line1301_1332,qwen2.5-coder:14b,batch06__Collections_22__size__collections_22f_size_line1301,m02,1,1,17,False
collections_22f_size__line1301_1332,qwen2.5-coder:14b,batch06__Collections_22__size__collections_22f_size_line1301,m03,1,10,17,False
collections_22f_size__line1301_1332,qwen2.5-coder:14b,batch06__Collections_22__size__collections_22f_size_line1301,m04,1,1,17,False
collections_22f_size__line1301_1332,qwen2.5-coder:14b,batch06__Collections_22__size__collections_22f_size_line1301,m05,1,1,17,False
collections_22f_size__line1301_1332,qwen2.5-coder:14b,batch06__Collections_22__size__collections_22f_size_line1301,m06,1,1,17,False
collections_22f_size__line1301_1332,qwen2.5-coder:14b,batch06__Collections_22__size__collections_22f_size_line1301,m07,1,1,17,False
collections_22f_size__line1301_1332,qwen2.5-coder:14b,batch06__Collections_22__size__collections_22f_size_line1301,m08,1,1,17,False
compress_10f_read__line212_291,qwen2.5-coder:14b,batch06__Compress_10__read__compress_10f_read_line212,m01,1,4,5,False
compress_10f_read__line212_291,qwen2.5-coder:14b,batch06__Compress_10__read__compress_10f_read_line212,m02,0,0,5,n/a
compress_10f_read__line212_291,qwen2.5-coder:14b,batch06__Compress_10__read__compress_10f_read_line212,m03,1,4,5,False
compress_10f_read__line212_291,qwen2.5-coder:14b,batch06__Compress_10__read__compress_10f_read_line212,m04,1,4,5,False
compress_10f_read__line212_291,qwen2.5-coder:14b,batch06__Compress_10__read__compress_10f_read_line212,m05,1,4,5,False
compress_10f_read__line212_291,qwen2.5-coder:14b,batch06__Compress_10__read__compress_10f_read_line212,m06,1,4,5,False
compress_10f_read__line212_291,qwen2.5-coder:14b,batch06__Compress_10__read__compress_10f_read_line212,m07,1,3,5,False
compress_10f_read__line212_291,qwen2.5-coder:14b,batch06__Compress_10__read__compress_10f_read_line212,m08,1,4,5,False
compress_1f_generateMTFValues__line1542_1638,qwen2.5-coder:14b,batch06__Compress_1__generateMTFValues__compress_1f_generateMTFValues_line1542,m01,0,0,1,n/a
compress_1f_generateMTFValues__line1542_1638,qwen2.5-coder:14b,batch06__Compress_1__generateMTFValues__compress_1f_generateMTFValues_line1542,m02,0,0,1,n/a
compress_1f_generateMTFValues__line1542_1638,qwen2.5-coder:14b,batch06__Compress_1__generateMTFValues__compress_1f_generateMTFValues_line1542,m03,0,0,1,n/a
compress_1f_generateMTFValues__line1542_1638,qwen2.5-coder:14b,batch06__Compress_1__generateMTFValues__compress_1f_generateMTFValues_line1542,m04,0,0,1,n/a
compress_1f_generateMTFValues__line1542_1638,qwen2.5-coder:14b,batch06__Compress_1__generateMTFValues__compress_1f_generateMTFValues_line1542,m05,0,0,1,n/a
compress_1f_generateMTFValues__line1542_1638,qwen2.5-coder:14b,batch06__Compress_1__generateMTFValues__compress_1f_generateMTFValues_line1542,m06,0,0,1,n/a
compress_1f_generateMTFValues__line1542_1638,qwen2.5-coder:14b,batch06__Compress_1__generateMTFValues__compress_1f_generateMTFValues_line1542,m07,0,0,1,n/a
compress_1f_generateMTFValues__line1542_1638,qwen2.5-coder:14b,batch06__Compress_1__generateMTFValues__compress_1f_generateMTFValues_line1542,m08,0,0,1,n/a
compress_29f_createLocalFileHeader__line1009_1073,qwen2.5-coder:14b,batch06__Compress_29__createLocalFileHeader__compress_29f_createLocalFileHeader_line1009,m01,0,0,46,n/a
compress_29f_createLocalFileHeader__line1009_1073,qwen2.5-coder:14b,batch06__Compress_29__createLocalFileHeader__compress_29f_createLocalFileHeader_line1009,m02,0,0,46,n/a
compress_29f_createLocalFileHeader__line1009_1073,qwen2.5-coder:14b,batch06__Compress_29__createLocalFileHeader__compress_29f_createLocalFileHeader_line1009,m03,1,15,46,False
compress_29f_createLocalFileHeader__line1009_1073,qwen2.5-coder:14b,batch06__Compress_29__createLocalFileHeader__compress_29f_createLocalFileHeader_line1009,m04,0,0,46,n/a
compress_29f_createLocalFileHeader__line1009_1073,qwen2.5-coder:14b,batch06__Compress_29__createLocalFileHeader__compress_29f_createLocalFileHeader_line1009,m05,0,0,46,n/a
compress_29f_createLocalFileHeader__line1009_1073,qwen2.5-coder:14b,batch06__Compress_29__createLocalFileHeader__compress_29f_createLocalFileHeader_line1009,m06,0,0,46,n/a
compress_29f_createLocalFileHeader__line1009_1073,qwen2.5-coder:14b,batch06__Compress_29__createLocalFileHeader__compress_29f_createLocalFileHeader_line1009,m07,1,36,46,False
compress_29f_createLocalFileHeader__line1009_1073,qwen2.5-coder:14b,batch06__Compress_29__createLocalFileHeader__compress_29f_createLocalFileHeader_line1009,m08,1,22,46,False
compress_3f_perform__line64_127,qwen2.5-coder:14b,batch06__Compress_3__perform__compress_3f_perform_line64,m01,1,9,23,False
compress_3f_perform__line64_127,qwen2.5-coder:14b,batch06__Compress_3__perform__compress_3f_perform_line64,m02,1,11,23,False
compress_3f_perform__line64_127,qwen2.5-coder:14b,batch06__Compress_3__perform__compress_3f_perform_line64,m03,1,20,23,False
compress_3f_perform__line64_127,qwen2.5-coder:14b,batch06__Compress_3__perform__compress_3f_perform_line64,m04,1,20,23,False
compress_3f_perform__line64_127,qwen2.5-coder:14b,batch06__Compress_3__perform__compress_3f_perform_line64,m05,0,0,23,n/a
compress_3f_perform__line64_127,qwen2.5-coder:14b,batch06__Compress_3__perform__compress_3f_perform_line64,m06,1,12,23,False
compress_3f_perform__line64_127,qwen2.5-coder:14b,batch06__Compress_3__perform__compress_3f_perform_line64,m08,0,0,23,n/a
compress_43f_detect__line486_564,qwen2.5-coder:14b,batch06__Compress_43__detect__compress_43f_detect_line486,m01,1,1,42,False
compress_43f_detect__line486_564,qwen2.5-coder:14b,batch06__Compress_43__detect__compress_43f_detect_line486,m02,0,0,42,n/a
compress_43f_detect__line486_564,qwen2.5-coder:14b,batch06__Compress_43__detect__compress_43f_detect_line486,m03,0,0,42,n/a
compress_43f_detect__line486_564,qwen2.5-coder:14b,batch06__Compress_43__detect__compress_43f_detect_line486,m04,1,28,42,False
compress_43f_detect__line486_564,qwen2.5-coder:14b,batch06__Compress_43__detect__compress_43f_detect_line486,m05,1,4,42,False
compress_43f_detect__line486_564,qwen2.5-coder:14b,batch06__Compress_43__detect__compress_43f_detect_line486,m06,0,0,42,n/a
compress_43f_detect__line486_564,qwen2.5-coder:14b,batch06__Compress_43__detect__compress_43f_detect_line486,m07,1,2,42,False
compress_43f_detect__line486_564,qwen2.5-coder:14b,batch06__Compress_43__detect__compress_43f_detect_line486,m08,1,4,42,False
compress_43f_readFrameDescriptor__line190_233,qwen2.5-coder:14b,batch06__Compress_43__readFrameDescriptor__compress_43f_readFrameDescriptor_line190,m01,1,32,33,False
compress_43f_readFrameDescriptor__line190_233,qwen2.5-coder:14b,batch06__Compress_43__readFrameDescriptor__compress_43f_readFrameDescriptor_line190,m02,1,1,33,False
compress_43f_readFrameDescriptor__line190_233,qwen2.5-coder:14b,batch06__Compress_43__readFrameDescriptor__compress_43f_readFrameDescriptor_line190,m03,1,26,33,False
compress_43f_readFrameDescriptor__line190_233,qwen2.5-coder:14b,batch06__Compress_43__readFrameDescriptor__compress_43f_readFrameDescriptor_line190,m04,1,30,33,False
compress_43f_readFrameDescriptor__line190_233,qwen2.5-coder:14b,batch06__Compress_43__readFrameDescriptor__compress_43f_readFrameDescriptor_line190,m05,1,16,33,False
compress_43f_readFrameDescriptor__line190_233,qwen2.5-coder:14b,batch06__Compress_43__readFrameDescriptor__compress_43f_readFrameDescriptor_line190,m07,1,28,33,False
compress_46f_processPaxHeader__line1021_1087,qwen2.5-coder:14b,batch06__Compress_46__processPaxHeader__compress_46f_processPaxHeader_line1021,m01,1,8,17,False
compress_46f_processPaxHeader__line1021_1087,qwen2.5-coder:14b,batch06__Compress_46__processPaxHeader__compress_46f_processPaxHeader_line1021,m02,1,2,17,False
compress_46f_processPaxHeader__line1021_1087,qwen2.5-coder:14b,batch06__Compress_46__processPaxHeader__compress_46f_processPaxHeader_line1021,m03,1,1,17,False
compress_46f_processPaxHeader__line1021_1087,qwen2.5-coder:14b,batch06__Compress_46__processPaxHeader__compress_46f_processPaxHeader_line1021,m04,0,0,17,n/a
compress_46f_processPaxHeader__line1021_1087,qwen2.5-coder:14b,batch06__Compress_46__processPaxHeader__compress_46f_processPaxHeader_line1021,m05,0,0,17,n/a
compress_46f_processPaxHeader__line1021_1087,qwen2.5-coder:14b,batch06__Compress_46__processPaxHeader__compress_46f_processPaxHeader_line1021,m06,0,0,17,n/a
compress_46f_processPaxHeader__line1021_1087,qwen2.5-coder:14b,batch06__Compress_46__processPaxHeader__compress_46f_processPaxHeader_line1021,m07,1,5,17,False
compress_46f_processPaxHeader__line1021_1087,qwen2.5-coder:14b,batch06__Compress_46__processPaxHeader__compress_46f_processPaxHeader_line1021,m08,1,2,17,False
compress_7f_initBlock__line240_278,qwen2.5-coder:14b,batch06__Compress_7__initBlock__compress_7f_initBlock_line240,m01,1,2,3,False
compress_7f_initBlock__line240_278,qwen2.5-coder:14b,batch06__Compress_7__initBlock__compress_7f_initBlock_line240,m03,0,0,3,n/a
compress_7f_initBlock__line240_278,qwen2.5-coder:14b,batch06__Compress_7__initBlock__compress_7f_initBlock_line240,m04,0,0,3,n/a
compress_7f_initBlock__line240_278,qwen2.5-coder:14b,batch06__Compress_7__initBlock__compress_7f_initBlock_line240,m05,0,0,3,n/a
compress_7f_initBlock__line240_278,qwen2.5-coder:14b,batch06__Compress_7__initBlock__compress_7f_initBlock_line240,m06,1,2,3,False
compress_7f_initBlock__line240_278,qwen2.5-coder:14b,batch06__Compress_7__initBlock__compress_7f_initBlock_line240,m07,0,0,3,n/a
compress_7f_initBlock__line240_278,qwen2.5-coder:14b,batch06__Compress_7__initBlock__compress_7f_initBlock_line240,m08,1,3,3,True
compress_7f_recvDecodingTables__line416_495,qwen2.5-coder:14b,batch06__Compress_7__recvDecodingTables__compress_7f_recvDecodingTables_line416,m01,1,3,3,True
compress_7f_recvDecodingTables__line416_495,qwen2.5-coder:14b,batch06__Compress_7__recvDecodingTables__compress_7f_recvDecodingTables_line416,m02,1,3,3,True
compress_7f_recvDecodingTables__line416_495,qwen2.5-coder:14b,batch06__Compress_7__recvDecodingTables__compress_7f_recvDecodingTables_line416,m03,1,3,3,True
compress_7f_recvDecodingTables__line416_495,qwen2.5-coder:14b,batch06__Compress_7__recvDecodingTables__compress_7f_recvDecodingTables_line416,m04,1,3,3,True
compress_7f_recvDecodingTables__line416_495,qwen2.5-coder:14b,batch06__Compress_7__recvDecodingTables__compress_7f_recvDecodingTables_line416,m05,1,3,3,True
compress_7f_recvDecodingTables__line416_495,qwen2.5-coder:14b,batch06__Compress_7__recvDecodingTables__compress_7f_recvDecodingTables_line416,m06,0,0,3,n/a
compress_7f_recvDecodingTables__line416_495,qwen2.5-coder:14b,batch06__Compress_7__recvDecodingTables__compress_7f_recvDecodingTables_line416,m07,1,3,3,True
compress_7f_recvDecodingTables__line416_495,qwen2.5-coder:14b,batch06__Compress_7__recvDecodingTables__compress_7f_recvDecodingTables_line416,m08,1,2,3,False
csv_11f_initializeHeader__line359_394,qwen2.5-coder:14b,batch06__Csv_11__initializeHeader__csv_11f_initializeHeader_line359,m01,1,15,50,False
csv_11f_initializeHeader__line359_394,qwen2.5-coder:14b,batch06__Csv_11__initializeHeader__csv_11f_initializeHeader_line359,m03,1,2,50,False
csv_11f_initializeHeader__line359_394,qwen2.5-coder:14b,batch06__Csv_11__initializeHeader__csv_11f_initializeHeader_line359,m04,1,2,50,False
csv_11f_initializeHeader__line359_394,qwen2.5-coder:14b,batch06__Csv_11__initializeHeader__csv_11f_initializeHeader_line359,m06,1,3,50,False
csv_11f_initializeHeader__line359_394,qwen2.5-coder:14b,batch06__Csv_11__initializeHeader__csv_11f_initializeHeader_line359,m07,1,9,50,False
csv_11f_initializeHeader__line359_394,qwen2.5-coder:14b,batch06__Csv_11__initializeHeader__csv_11f_initializeHeader_line359,m08,1,7,50,False
csv_1f_encapsulatedTokenLexer__line181_225,qwen2.5-coder:14b,batch06__Csv_1__encapsulatedTokenLexer__csv_1f_encapsulatedTokenLexer_line181,m01,0,0,13,n/a
csv_1f_encapsulatedTokenLexer__line181_225,qwen2.5-coder:14b,batch06__Csv_1__encapsulatedTokenLexer__csv_1f_encapsulatedTokenLexer_line181,m02,1,6,13,False
csv_1f_encapsulatedTokenLexer__line181_225,qwen2.5-coder:14b,batch06__Csv_1__encapsulatedTokenLexer__csv_1f_encapsulatedTokenLexer_line181,m04,1,8,13,False
csv_1f_encapsulatedTokenLexer__line181_225,qwen2.5-coder:14b,batch06__Csv_1__encapsulatedTokenLexer__csv_1f_encapsulatedTokenLexer_line181,m05,1,6,13,False
csv_1f_encapsulatedTokenLexer__line181_225,qwen2.5-coder:14b,batch06__Csv_1__encapsulatedTokenLexer__csv_1f_encapsulatedTokenLexer_line181,m07,1,8,13,False
csv_1f_encapsulatedTokenLexer__line181_225,qwen2.5-coder:14b,batch06__Csv_1__encapsulatedTokenLexer__csv_1f_encapsulatedTokenLexer_line181,m08,0,0,13,n/a
csv_1f_nextToken__line40_118,qwen2.5-coder:14b,batch06__Csv_1__nextToken__csv_1f_nextToken_line40,m02,1,30,31,False
csv_1f_nextToken__line40_118,qwen2.5-coder:14b,batch06__Csv_1__nextToken__csv_1f_nextToken_line40,m03,1,4,31,False
csv_1f_nextToken__line40_118,qwen2.5-coder:14b,batch06__Csv_1__nextToken__csv_1f_nextToken_line40,m04,1,2,31,False
csv_1f_nextToken__line40_118,qwen2.5-coder:14b,batch06__Csv_1__nextToken__csv_1f_nextToken_line40,m05,0,0,31,n/a
csv_1f_nextToken__line40_118,qwen2.5-coder:14b,batch06__Csv_1__nextToken__csv_1f_nextToken_line40,m06,0,0,31,n/a
csv_1f_nextToken__line40_118,qwen2.5-coder:14b,batch06__Csv_1__nextToken__csv_1f_nextToken_line40,m07,1,13,31,False
csv_1f_nextToken__line40_118,qwen2.5-coder:14b,batch06__Csv_1__nextToken__csv_1f_nextToken_line40,m08,0,0,31,n/a
csv_2f_parseEncapsulatedToken__line198_242,qwen2.5-coder:14b,batch06__Csv_2__parseEncapsulatedToken__csv_2f_parseEncapsulatedToken_line198,m01,1,1,14,False
csv_2f_parseEncapsulatedToken__line198_242,qwen2.5-coder:14b,batch06__Csv_2__parseEncapsulatedToken__csv_2f_parseEncapsulatedToken_line198,m02,1,6,14,False
csv_2f_parseEncapsulatedToken__line198_242,qwen2.5-coder:14b,batch06__Csv_2__parseEncapsulatedToken__csv_2f_parseEncapsulatedToken_line198,m05,1,9,14,False
csv_4f_equals__line313_370,qwen2.5-coder:14b,batch06__Csv_4__equals__csv_4f_equals_line313,m01,1,1,10,False
csv_4f_equals__line313_370,qwen2.5-coder:14b,batch06__Csv_4__equals__csv_4f_equals_line313,m02,1,1,10,False
csv_4f_equals__line313_370,qwen2.5-coder:14b,batch06__Csv_4__equals__csv_4f_equals_line313,m03,1,1,10,False
csv_4f_equals__line313_370,qwen2.5-coder:14b,batch06__Csv_4__equals__csv_4f_equals_line313,m04,1,1,10,False
csv_4f_equals__line313_370,qwen2.5-coder:14b,batch06__Csv_4__equals__csv_4f_equals_line313,m08,1,1,10,False
csv_4f_nextToken__line82_164,qwen2.5-coder:14b,batch06__Csv_4__nextToken__csv_4f_nextToken_line82,m01,1,6,65,False
csv_4f_nextToken__line82_164,qwen2.5-coder:14b,batch06__Csv_4__nextToken__csv_4f_nextToken_line82,m02,0,0,65,n/a
csv_4f_nextToken__line82_164,qwen2.5-coder:14b,batch06__Csv_4__nextToken__csv_4f_nextToken_line82,m03,1,63,65,False
csv_4f_nextToken__line82_164,qwen2.5-coder:14b,batch06__Csv_4__nextToken__csv_4f_nextToken_line82,m04,1,6,65,False
csv_4f_nextToken__line82_164,qwen2.5-coder:14b,batch06__Csv_4__nextToken__csv_4f_nextToken_line82,m05,0,0,65,n/a
csv_4f_nextToken__line82_164,qwen2.5-coder:14b,batch06__Csv_4__nextToken__csv_4f_nextToken_line82,m07,1,14,65,False
csv_4f_nextToken__line82_164,qwen2.5-coder:14b,batch06__Csv_4__nextToken__csv_4f_nextToken_line82,m08,0,0,65,n/a
csv_4f_parseEncapsulatedToken__line239_288,qwen2.5-coder:14b,batch06__Csv_4__parseEncapsulatedToken__csv_4f_parseEncapsulatedToken_line239,m01,1,1,14,False
csv_4f_parseEncapsulatedToken__line239_288,qwen2.5-coder:14b,batch06__Csv_4__parseEncapsulatedToken__csv_4f_parseEncapsulatedToken_line239,m02,1,14,14,True
csv_4f_parseEncapsulatedToken__line239_288,qwen2.5-coder:14b,batch06__Csv_4__parseEncapsulatedToken__csv_4f_parseEncapsulatedToken_line239,m03,1,12,14,False
csv_4f_parseEncapsulatedToken__line239_288,qwen2.5-coder:14b,batch06__Csv_4__parseEncapsulatedToken__csv_4f_parseEncapsulatedToken_line239,m05,1,1,14,False
csv_4f_parseEncapsulatedToken__line239_288,qwen2.5-coder:14b,batch06__Csv_4__parseEncapsulatedToken__csv_4f_parseEncapsulatedToken_line239,m08,1,8,14,False
csv_4f_parseSimpleToken__line185_217,qwen2.5-coder:14b,batch06__Csv_4__parseSimpleToken__csv_4f_parseSimpleToken_line185,m01,1,38,62,False
csv_4f_parseSimpleToken__line185_217,qwen2.5-coder:14b,batch06__Csv_4__parseSimpleToken__csv_4f_parseSimpleToken_line185,m02,1,3,62,False
csv_4f_parseSimpleToken__line185_217,qwen2.5-coder:14b,batch06__Csv_4__parseSimpleToken__csv_4f_parseSimpleToken_line185,m05,1,3,62,False
csv_4f_parseSimpleToken__line185_217,qwen2.5-coder:14b,batch06__Csv_4__parseSimpleToken__csv_4f_parseSimpleToken_line185,m07,1,40,62,False
gson_11f_nextUnquotedValue__line1025_1085,qwen2.5-coder:14b,batch06__Gson_11__nextUnquotedValue__gson_11f_nextUnquotedValue_line1025,m03,0,0,80,n/a
gson_11f_nextUnquotedValue__line1025_1085,qwen2.5-coder:14b,batch06__Gson_11__nextUnquotedValue__gson_11f_nextUnquotedValue_line1025,m05,1,4,80,False
gson_11f_nextUnquotedValue__line1025_1085,qwen2.5-coder:14b,batch06__Gson_11__nextUnquotedValue__gson_11f_nextUnquotedValue_line1025,m06,1,80,80,False
gson_1f_extractTypeForHierarchy__line117_153,qwen2.5-coder:14b,batch06__Gson_1__extractTypeForHierarchy__gson_1f_extractTypeForHierarchy_line117,m01,1,1,1,True
gson_1f_extractTypeForHierarchy__line117_153,qwen2.5-coder:14b,batch06__Gson_1__extractTypeForHierarchy__gson_1f_extractTypeForHierarchy_line117,m02,0,0,1,n/a
gson_1f_extractTypeForHierarchy__line117_153,qwen2.5-coder:14b,batch06__Gson_1__extractTypeForHierarchy__gson_1f_extractTypeForHierarchy_line117,m03,1,1,1,True
gson_1f_extractTypeForHierarchy__line117_153,qwen2.5-coder:14b,batch06__Gson_1__extractTypeForHierarchy__gson_1f_extractTypeForHierarchy_line117,m04,1,1,1,True
gson_1f_extractTypeForHierarchy__line117_153,qwen2.5-coder:14b,batch06__Gson_1__extractTypeForHierarchy__gson_1f_extractTypeForHierarchy_line117,m05,1,1,1,True
gson_1f_extractTypeForHierarchy__line117_153,qwen2.5-coder:14b,batch06__Gson_1__extractTypeForHierarchy__gson_1f_extractTypeForHierarchy_line117,m06,0,0,1,n/a
gson_1f_extractTypeForHierarchy__line117_153,qwen2.5-coder:14b,batch06__Gson_1__extractTypeForHierarchy__gson_1f_extractTypeForHierarchy_line117,m07,1,1,1,True
gson_1f_extractTypeForHierarchy__line117_153,qwen2.5-coder:14b,batch06__Gson_1__extractTypeForHierarchy__gson_1f_extractTypeForHierarchy_line117,m08,0,0,1,n/a
gson_1f_nextLiteral__line971_1016,qwen2.5-coder:14b,batch06__Gson_1__nextLiteral__gson_1f_nextLiteral_line971,m04,0,0,183,n/a
gson_1f_nextLiteral__line971_1016,qwen2.5-coder:14b,batch06__Gson_1__nextLiteral__gson_1f_nextLiteral_line971,m05,0,0,183,n/a
gson_1f_nextLiteral__line971_1016,qwen2.5-coder:14b,batch06__Gson_1__nextLiteral__gson_1f_nextLiteral_line971,m06,0,0,183,n/a
gson_1f_nextLiteral__line971_1016,qwen2.5-coder:14b,batch06__Gson_1__nextLiteral__gson_1f_nextLiteral_line971,m07,0,0,183,n/a
gson_1f_nextLiteral__line971_1016,qwen2.5-coder:14b,batch06__Gson_1__nextLiteral__gson_1f_nextLiteral_line971,m08,1,1,183,False
gson_2f_equals__line160_213,qwen2.5-coder:14b,batch06__Gson_2__equals__gson_2f_equals_line160,m02,1,22,346,False
gson_2f_equals__line160_213,qwen2.5-coder:14b,batch06__Gson_2__equals__gson_2f_equals_line160,m03,1,9,346,False
gson_2f_equals__line160_213,qwen2.5-coder:14b,batch06__Gson_2__equals__gson_2f_equals_line160,m04,1,90,346,False
gson_2f_equals__line160_213,qwen2.5-coder:14b,batch06__Gson_2__equals__gson_2f_equals_line160,m05,1,8,346,False
gson_2f_equals__line160_213,qwen2.5-coder:14b,batch06__Gson_2__equals__gson_2f_equals_line160,m06,1,2,346,False
gson_2f_equals__line160_213,qwen2.5-coder:14b,batch06__Gson_2__equals__gson_2f_equals_line160,m07,1,2,346,False
gson_2f_equals__line160_213,qwen2.5-coder:14b,batch06__Gson_2__equals__gson_2f_equals_line160,m08,0,0,346,n/a
gson_2f_newDefaultImplementationConstructor__line127_198,qwen2.5-coder:14b,batch06__Gson_2__newDefaultImplementationConstructor__gson_2f_newDefaultImplementationConstructor_line127,m03,1,5,202,False
gson_2f_newDefaultImplementationConstructor__line127_198,qwen2.5-coder:14b,batch06__Gson_2__newDefaultImplementationConstructor__gson_2f_newDefaultImplementationConstructor_line127,m04,1,2,202,False
gson_2f_newDefaultImplementationConstructor__line127_198,qwen2.5-coder:14b,batch06__Gson_2__newDefaultImplementationConstructor__gson_2f_newDefaultImplementationConstructor_line127,m05,0,0,202,n/a
gson_2f_parse__line140_234,qwen2.5-coder:14b,batch06__Gson_2__parse__gson_2f_parse_line140,m01,0,0,1,n/a
gson_2f_parse__line140_234,qwen2.5-coder:14b,batch06__Gson_2__parse__gson_2f_parse_line140,m02,0,0,1,n/a
gson_2f_parse__line140_234,qwen2.5-coder:14b,batch06__Gson_2__parse__gson_2f_parse_line140,m03,0,0,1,n/a
gson_2f_parse__line140_234,qwen2.5-coder:14b,batch06__Gson_2__parse__gson_2f_parse_line140,m04,0,0,1,n/a
gson_2f_parse__line140_234,qwen2.5-coder:14b,batch06__Gson_2__parse__gson_2f_parse_line140,m05,0,0,1,n/a
gson_2f_parse__line140_234,qwen2.5-coder:14b,batch06__Gson_2__parse__gson_2f_parse_line140,m06,0,0,1,n/a
gson_2f_parse__line140_234,qwen2.5-coder:14b,batch06__Gson_2__parse__gson_2f_parse_line140,m07,0,0,1,n/a
gson_2f_parse__line140_234,qwen2.5-coder:14b,batch06__Gson_2__parse__gson_2f_parse_line140,m08,0,0,1,n/a
gson_2f_peek__line86_127,qwen2.5-coder:14b,batch06__Gson_2__peek__gson_2f_peek_line86,m02,1,14,33,False
gson_2f_peek__line86_127,qwen2.5-coder:14b,batch06__Gson_2__peek__gson_2f_peek_line86,m03,1,16,33,False
gson_2f_peek__line86_127,qwen2.5-coder:14b,batch06__Gson_2__peek__gson_2f_peek_line86,m04,0,0,33,n/a
gson_2f_peek__line86_127,qwen2.5-coder:14b,batch06__Gson_2__peek__gson_2f_peek_line86,m05,1,1,33,False
gson_2f_peek__line86_127,qwen2.5-coder:14b,batch06__Gson_2__peek__gson_2f_peek_line86,m06,1,14,33,False
gson_2f_peek__line86_127,qwen2.5-coder:14b,batch06__Gson_2__peek__gson_2f_peek_line86,m07,1,1,33,False
gson_2f_peek__line86_127,qwen2.5-coder:14b,batch06__Gson_2__peek__gson_2f_peek_line86,m08,1,1,33,False
gson_2f_rebalance__line338_396,qwen2.5-coder:14b,batch06__Gson_2__rebalance__gson_2f_rebalance_line338,m01,1,1,2,False
gson_2f_rebalance__line338_396,qwen2.5-coder:14b,batch06__Gson_2__rebalance__gson_2f_rebalance_line338,m02,0,0,2,n/a
gson_2f_rebalance__line338_396,qwen2.5-coder:14b,batch06__Gson_2__rebalance__gson_2f_rebalance_line338,m03,1,1,2,False
gson_2f_rebalance__line338_396,qwen2.5-coder:14b,batch06__Gson_2__rebalance__gson_2f_rebalance_line338,m04,1,1,2,False
gson_2f_rebalance__line338_396,qwen2.5-coder:14b,batch06__Gson_2__rebalance__gson_2f_rebalance_line338,m05,1,1,2,False
gson_2f_rebalance__line338_396,qwen2.5-coder:14b,batch06__Gson_2__rebalance__gson_2f_rebalance_line338,m06,0,0,2,n/a
gson_2f_rebalance__line338_396,qwen2.5-coder:14b,batch06__Gson_2__rebalance__gson_2f_rebalance_line338,m07,0,0,2,n/a
gson_2f_resolve__line324_394,qwen2.5-coder:14b,batch06__Gson_2__resolve__gson_2f_resolve_line324,m01,1,98,357,False
gson_2f_resolve__line324_394,qwen2.5-coder:14b,batch06__Gson_2__resolve__gson_2f_resolve_line324,m02,1,27,357,False
gson_2f_resolve__line324_394,qwen2.5-coder:14b,batch06__Gson_2__resolve__gson_2f_resolve_line324,m03,1,7,357,False
gson_2f_resolve__line324_394,qwen2.5-coder:14b,batch06__Gson_2__resolve__gson_2f_resolve_line324,m04,1,151,357,False
gson_2f_resolve__line324_394,qwen2.5-coder:14b,batch06__Gson_2__resolve__gson_2f_resolve_line324,m05,0,0,357,n/a
gson_2f_resolve__line324_394,qwen2.5-coder:14b,batch06__Gson_2__resolve__gson_2f_resolve_line324,m06,1,12,357,False
gson_2f_resolve__line324_394,qwen2.5-coder:14b,batch06__Gson_2__resolve__gson_2f_resolve_line324,m07,1,321,357,False
gson_2f_resolve__line324_394,qwen2.5-coder:14b,batch06__Gson_2__resolve__gson_2f_resolve_line324,m08,1,30,357,False
jacksoncore_1f__isNextTokenNameYes__line902_972,qwen2.5-coder:14b,batch06__JacksonCore_1__isNextTokenNameYes__jacksoncore_1f_isNextTokenNameYes_line902,m01,1,1,4,False
jacksoncore_1f__isNextTokenNameYes__line902_972,qwen2.5-coder:14b,batch06__JacksonCore_1__isNextTokenNameYes__jacksoncore_1f_isNextTokenNameYes_line902,m02,1,2,4,False
jacksoncore_1f__isNextTokenNameYes__line902_972,qwen2.5-coder:14b,batch06__JacksonCore_1__isNextTokenNameYes__jacksoncore_1f_isNextTokenNameYes_line902,m03,1,2,4,False
jacksoncore_1f__isNextTokenNameYes__line902_972,qwen2.5-coder:14b,batch06__JacksonCore_1__isNextTokenNameYes__jacksoncore_1f_isNextTokenNameYes_line902,m04,1,2,4,False
jacksoncore_1f__isNextTokenNameYes__line902_972,qwen2.5-coder:14b,batch06__JacksonCore_1__isNextTokenNameYes__jacksoncore_1f_isNextTokenNameYes_line902,m05,1,1,4,False
jacksoncore_1f__isNextTokenNameYes__line902_972,qwen2.5-coder:14b,batch06__JacksonCore_1__isNextTokenNameYes__jacksoncore_1f_isNextTokenNameYes_line902,m07,1,2,4,False
jacksoncore_1f__skipColon__line2527_2597,qwen2.5-coder:14b,batch06__JacksonCore_1__skipColon__jacksoncore_1f_skipColon_line2527,m01,0,0,2,n/a
jacksoncore_1f__skipColon__line2527_2597,qwen2.5-coder:14b,batch06__JacksonCore_1__skipColon__jacksoncore_1f_skipColon_line2527,m02,1,1,2,False
jacksoncore_1f__skipColon__line2527_2597,qwen2.5-coder:14b,batch06__JacksonCore_1__skipColon__jacksoncore_1f_skipColon_line2527,m03,0,0,2,n/a
jacksoncore_1f__skipColon__line2527_2597,qwen2.5-coder:14b,batch06__JacksonCore_1__skipColon__jacksoncore_1f_skipColon_line2527,m05,0,0,2,n/a
jacksoncore_1f__skipColon__line2527_2597,qwen2.5-coder:14b,batch06__JacksonCore_1__skipColon__jacksoncore_1f_skipColon_line2527,m07,0,0,2,n/a
jacksoncore_1f__skipColon__line2527_2597,qwen2.5-coder:14b,batch06__JacksonCore_1__skipColon__jacksoncore_1f_skipColon_line2527,m08,1,1,2,False
jacksoncore_1f__writeSimpleObject__line465_528,qwen2.5-coder:14b,batch06__JacksonCore_1__writeSimpleObject__jacksoncore_1f_writeSimpleObject_line465,m01,0,0,1,n/a
jacksoncore_1f__writeSimpleObject__line465_528,qwen2.5-coder:14b,batch06__JacksonCore_1__writeSimpleObject__jacksoncore_1f_writeSimpleObject_line465,m02,0,0,1,n/a
jacksoncore_1f__writeSimpleObject__line465_528,qwen2.5-coder:14b,batch06__JacksonCore_1__writeSimpleObject__jacksoncore_1f_writeSimpleObject_line465,m03,1,1,1,False
jacksoncore_1f__writeSimpleObject__line465_528,qwen2.5-coder:14b,batch06__JacksonCore_1__writeSimpleObject__jacksoncore_1f_writeSimpleObject_line465,m04,1,1,1,False
jacksoncore_1f__writeSimpleObject__line465_528,qwen2.5-coder:14b,batch06__JacksonCore_1__writeSimpleObject__jacksoncore_1f_writeSimpleObject_line465,m05,0,0,1,n/a
jacksoncore_1f__writeSimpleObject__line465_528,qwen2.5-coder:14b,batch06__JacksonCore_1__writeSimpleObject__jacksoncore_1f_writeSimpleObject_line465,m06,1,1,1,False
jacksoncore_1f__writeSimpleObject__line465_528,qwen2.5-coder:14b,batch06__JacksonCore_1__writeSimpleObject__jacksoncore_1f_writeSimpleObject_line465,m07,0,0,1,n/a
jacksoncore_22f__finishToken__line218_293,qwen2.5-coder:14b,batch06__JacksonCore_22__finishToken__jacksoncore_22f_finishToken_line218,m01,1,5,39,False
jacksoncore_22f__finishToken__line218_293,qwen2.5-coder:14b,batch06__JacksonCore_22__finishToken__jacksoncore_22f_finishToken_line218,m02,1,14,39,False
jacksoncore_22f__finishToken__line218_293,qwen2.5-coder:14b,batch06__JacksonCore_22__finishToken__jacksoncore_22f_finishToken_line218,m03,1,5,39,False
jacksoncore_22f__finishToken__line218_293,qwen2.5-coder:14b,batch06__JacksonCore_22__finishToken__jacksoncore_22f_finishToken_line218,m04,1,3,39,False
jacksoncore_22f__finishToken__line218_293,qwen2.5-coder:14b,batch06__JacksonCore_22__finishToken__jacksoncore_22f_finishToken_line218,m05,1,3,39,False
jacksoncore_22f__finishToken__line218_293,qwen2.5-coder:14b,batch06__JacksonCore_22__finishToken__jacksoncore_22f_finishToken_line218,m06,1,5,39,False
jacksoncore_22f__finishToken__line218_293,qwen2.5-coder:14b,batch06__JacksonCore_22__finishToken__jacksoncore_22f_finishToken_line218,m07,1,1,39,False
jacksoncore_22f__finishToken__line218_293,qwen2.5-coder:14b,batch06__JacksonCore_22__finishToken__jacksoncore_22f_finishToken_line218,m08,1,1,39,False
jacksoncore_22f__startValueAfterColon__line545_609,qwen2.5-coder:14b,batch06__JacksonCore_22__startValueAfterColon__jacksoncore_22f_startValueAfterColon_line545,m01,1,1,14,False
jacksoncore_22f__startValueAfterColon__line545_609,qwen2.5-coder:14b,batch06__JacksonCore_22__startValueAfterColon__jacksoncore_22f_startValueAfterColon_line545,m02,1,14,14,True
jacksoncore_22f__startValueAfterColon__line545_609,qwen2.5-coder:14b,batch06__JacksonCore_22__startValueAfterColon__jacksoncore_22f_startValueAfterColon_line545,m03,1,2,14,False
jacksoncore_22f__startValueAfterColon__line545_609,qwen2.5-coder:14b,batch06__JacksonCore_22__startValueAfterColon__jacksoncore_22f_startValueAfterColon_line545,m04,1,12,14,False
jacksoncore_25f__finishAposName__line2136_2231,qwen2.5-coder:14b,batch06__JacksonCore_25__finishAposName__jacksoncore_25f_finishAposName_line2136,m01,1,2,2,False
jacksoncore_25f__finishAposName__line2136_2231,qwen2.5-coder:14b,batch06__JacksonCore_25__finishAposName__jacksoncore_25f_finishAposName_line2136,m02,1,2,2,False
jacksoncore_25f__finishAposName__line2136_2231,qwen2.5-coder:14b,batch06__JacksonCore_25__finishAposName__jacksoncore_25f_finishAposName_line2136,m03,1,1,2,False
jacksoncore_25f__finishAposName__line2136_2231,qwen2.5-coder:14b,batch06__JacksonCore_25__finishAposName__jacksoncore_25f_finishAposName_line2136,m04,0,0,2,n/a
jacksoncore_25f__finishAposName__line2136_2231,qwen2.5-coder:14b,batch06__JacksonCore_25__finishAposName__jacksoncore_25f_finishAposName_line2136,m05,1,1,2,False
jacksoncore_25f__finishAposName__line2136_2231,qwen2.5-coder:14b,batch06__JacksonCore_25__finishAposName__jacksoncore_25f_finishAposName_line2136,m06,0,0,2,n/a
jacksoncore_25f__finishAposName__line2136_2231,qwen2.5-coder:14b,batch06__JacksonCore_25__finishAposName__jacksoncore_25f_finishAposName_line2136,m07,0,0,2,n/a
jacksoncore_25f__finishAposName__line2136_2231,qwen2.5-coder:14b,batch06__JacksonCore_25__finishAposName__jacksoncore_25f_finishAposName_line2136,m08,1,2,2,False
jacksoncore_25f__startValueAfterComma__line812_874,qwen2.5-coder:14b,batch06__JacksonCore_25__startValueAfterComma__jacksoncore_25f_startValueAfterComma_line812,m01,1,5,20,False
jacksoncore_25f__startValueAfterComma__line812_874,qwen2.5-coder:14b,batch06__JacksonCore_25__startValueAfterComma__jacksoncore_25f_startValueAfterComma_line812,m02,1,4,20,False
jacksoncore_25f__startValueAfterComma__line812_874,qwen2.5-coder:14b,batch06__JacksonCore_25__startValueAfterComma__jacksoncore_25f_startValueAfterComma_line812,m04,1,9,20,False
jacksoncore_25f__startValueAfterComma__line812_874,qwen2.5-coder:14b,batch06__JacksonCore_25__startValueAfterComma__jacksoncore_25f_startValueAfterComma_line812,m06,1,2,20,False
jacksoncore_25f__startValueAfterComma__line812_874,qwen2.5-coder:14b,batch06__JacksonCore_25__startValueAfterComma__jacksoncore_25f_startValueAfterComma_line812,m07,1,1,20,False
jacksoncore_25f__startValueAfterComma__line812_874,qwen2.5-coder:14b,batch06__JacksonCore_25__startValueAfterComma__jacksoncore_25f_startValueAfterComma_line812,m08,1,3,20,False
jacksoncore_2f__parseFloat__line1329_1421,qwen2.5-coder:14b,batch06__JacksonCore_2__parseFloat__jacksoncore_2f_parseFloat_line1329,m01,1,7,7,False
jacksoncore_2f__parseFloat__line1329_1421,qwen2.5-coder:14b,batch06__JacksonCore_2__parseFloat__jacksoncore_2f_parseFloat_line1329,m02,1,2,7,False
jacksoncore_2f__parseFloat__line1329_1421,qwen2.5-coder:14b,batch06__JacksonCore_2__parseFloat__jacksoncore_2f_parseFloat_line1329,m05,1,1,7,False
jacksoncore_2f__parseFloat__line1329_1421,qwen2.5-coder:14b,batch06__JacksonCore_2__parseFloat__jacksoncore_2f_parseFloat_line1329,m06,1,2,7,False
jacksoncore_2f__parseFloat__line1329_1421,qwen2.5-coder:14b,batch06__JacksonCore_2__parseFloat__jacksoncore_2f_parseFloat_line1329,m07,1,1,7,False
jacksoncore_2f__parseFloat__line1329_1421,qwen2.5-coder:14b,batch06__JacksonCore_2__parseFloat__jacksoncore_2f_parseFloat_line1329,m08,1,7,7,False
jacksoncore_4f__writeSimpleObject__line1505_1567,qwen2.5-coder:14b,batch06__JacksonCore_4__writeSimpleObject__jacksoncore_4f_writeSimpleObject_line1505,m01,1,1,1,False
jacksoncore_4f__writeSimpleObject__line1505_1567,qwen2.5-coder:14b,batch06__JacksonCore_4__writeSimpleObject__jacksoncore_4f_writeSimpleObject_line1505,m02,1,1,1,True
jacksoncore_4f__writeSimpleObject__line1505_1567,qwen2.5-coder:14b,batch06__JacksonCore_4__writeSimpleObject__jacksoncore_4f_writeSimpleObject_line1505,m03,0,0,1,n/a
jacksoncore_4f__writeSimpleObject__line1505_1567,qwen2.5-coder:14b,batch06__JacksonCore_4__writeSimpleObject__jacksoncore_4f_writeSimpleObject_line1505,m04,0,0,1,n/a
jacksoncore_4f__writeSimpleObject__line1505_1567,qwen2.5-coder:14b,batch06__JacksonCore_4__writeSimpleObject__jacksoncore_4f_writeSimpleObject_line1505,m05,1,1,1,True
jacksoncore_4f__writeSimpleObject__line1505_1567,qwen2.5-coder:14b,batch06__JacksonCore_4__writeSimpleObject__jacksoncore_4f_writeSimpleObject_line1505,m07,1,1,1,False
jacksoncore_4f__writeSimpleObject__line1505_1567,qwen2.5-coder:14b,batch06__JacksonCore_4__writeSimpleObject__jacksoncore_4f_writeSimpleObject_line1505,m08,1,1,1,False
jacksondatabind_1f__addDeserializerConstructors__line357_448,qwen2.5-coder:14b,batch06__JacksonDatabind_1__addDeserializerConstructors__jacksondatabind_1f_addDeserializerConstructors_line357,m01,1,386,491,False
jacksondatabind_1f__addDeserializerConstructors__line357_448,qwen2.5-coder:14b,batch06__JacksonDatabind_1__addDeserializerConstructors__jacksondatabind_1f_addDeserializerConstructors_line357,m02,1,1,491,False
jacksondatabind_1f__addDeserializerConstructors__line357_448,qwen2.5-coder:14b,batch06__JacksonDatabind_1__addDeserializerConstructors__jacksondatabind_1f_addDeserializerConstructors_line357,m04,1,253,491,False
jacksondatabind_1f__addDeserializerConstructors__line357_448,qwen2.5-coder:14b,batch06__JacksonDatabind_1__addDeserializerConstructors__jacksondatabind_1f_addDeserializerConstructors_line357,m05,1,17,491,False
jacksondatabind_1f__addDeserializerConstructors__line357_448,qwen2.5-coder:14b,batch06__JacksonDatabind_1__addDeserializerConstructors__jacksondatabind_1f_addDeserializerConstructors_line357,m06,1,3,491,False
jacksondatabind_1f__addDeserializerConstructors__line357_448,qwen2.5-coder:14b,batch06__JacksonDatabind_1__addDeserializerConstructors__jacksondatabind_1f_addDeserializerConstructors_line357,m07,1,18,491,False
jacksondatabind_1f__addDeserializerConstructors__line357_448,qwen2.5-coder:14b,batch06__JacksonDatabind_1__addDeserializerConstructors__jacksondatabind_1f_addDeserializerConstructors_line357,m08,1,1,491,False
jacksondatabind_1f__addDeserializerFactoryMethods__line507_578,qwen2.5-coder:14b,batch06__JacksonDatabind_1__addDeserializerFactoryMethods__jacksondatabind_1f_addDeserializerFactoryMethods_line507,m01,0,0,494,n/a
jacksondatabind_1f__addDeserializerFactoryMethods__line507_578,qwen2.5-coder:14b,batch06__JacksonDatabind_1__addDeserializerFactoryMethods__jacksondatabind_1f_addDeserializerFactoryMethods_line507,m02,1,6,494,False
jacksondatabind_1f__addDeserializerFactoryMethods__line507_578,qwen2.5-coder:14b,batch06__JacksonDatabind_1__addDeserializerFactoryMethods__jacksondatabind_1f_addDeserializerFactoryMethods_line507,m03,1,3,494,False
jacksondatabind_1f__addDeserializerFactoryMethods__line507_578,qwen2.5-coder:14b,batch06__JacksonDatabind_1__addDeserializerFactoryMethods__jacksondatabind_1f_addDeserializerFactoryMethods_line507,m04,1,9,494,False
jacksondatabind_1f__addDeserializerFactoryMethods__line507_578,qwen2.5-coder:14b,batch06__JacksonDatabind_1__addDeserializerFactoryMethods__jacksondatabind_1f_addDeserializerFactoryMethods_line507,m06,1,1,494,False
jacksondatabind_1f__addDeserializerFactoryMethods__line507_578,qwen2.5-coder:14b,batch06__JacksonDatabind_1__addDeserializerFactoryMethods__jacksondatabind_1f_addDeserializerFactoryMethods_line507,m07,1,14,494,False
jacksondatabind_1f_resolveCreators__line323_403,qwen2.5-coder:14b,batch06__JacksonDatabind_1__resolveCreators__jacksondatabind_1f_resolveCreators_line323,m01,1,389,961,False
jacksondatabind_1f_resolveCreators__line323_403,qwen2.5-coder:14b,batch06__JacksonDatabind_1__resolveCreators__jacksondatabind_1f_resolveCreators_line323,m02,1,203,961,False
jacksondatabind_1f_resolveCreators__line323_403,qwen2.5-coder:14b,batch06__JacksonDatabind_1__resolveCreators__jacksondatabind_1f_resolveCreators_line323,m03,1,670,961,False
jacksondatabind_1f_resolveCreators__line323_403,qwen2.5-coder:14b,batch06__JacksonDatabind_1__resolveCreators__jacksondatabind_1f_resolveCreators_line323,m04,0,0,961,n/a
jacksondatabind_1f_resolveCreators__line323_403,qwen2.5-coder:14b,batch06__JacksonDatabind_1__resolveCreators__jacksondatabind_1f_resolveCreators_line323,m06,1,507,961,False
jacksondatabind_1f_resolveCreators__line323_403,qwen2.5-coder:14b,batch06__JacksonDatabind_1__resolveCreators__jacksondatabind_1f_resolveCreators_line323,m07,1,503,961,False
jacksondatabind_1f_resolve__line255_328,qwen2.5-coder:14b,batch06__JacksonDatabind_1__resolve__jacksondatabind_1f_resolve_line255,m01,1,16,332,False
jacksondatabind_1f_resolve__line255_328,qwen2.5-coder:14b,batch06__JacksonDatabind_1__resolve__jacksondatabind_1f_resolve_line255,m02,1,11,332,False
jacksondatabind_1f_resolve__line255_328,qwen2.5-coder:14b,batch06__JacksonDatabind_1__resolve__jacksondatabind_1f_resolve_line255,m03,1,18,332,False
jacksondatabind_1f_resolve__line255_328,qwen2.5-coder:14b,batch06__JacksonDatabind_1__resolve__jacksondatabind_1f_resolve_line255,m04,1,1,332,False
jacksondatabind_1f_resolve__line255_328,qwen2.5-coder:14b,batch06__JacksonDatabind_1__resolve__jacksondatabind_1f_resolve_line255,m05,1,46,332,False
jacksondatabind_1f_resolve__line255_328,qwen2.5-coder:14b,batch06__JacksonDatabind_1__resolve__jacksondatabind_1f_resolve_line255,m06,1,13,332,False
jacksondatabind_1f_serialize__line203_303,qwen2.5-coder:14b,batch06__JacksonDatabind_1__serialize__jacksondatabind_1f_serialize_line203,m01,1,2,2,True
jacksondatabind_1f_serialize__line203_303,qwen2.5-coder:14b,batch06__JacksonDatabind_1__serialize__jacksondatabind_1f_serialize_line203,m02,0,0,2,n/a
jacksondatabind_1f_serialize__line203_303,qwen2.5-coder:14b,batch06__JacksonDatabind_1__serialize__jacksondatabind_1f_serialize_line203,m03,1,2,2,True
jacksondatabind_1f_serialize__line203_303,qwen2.5-coder:14b,batch06__JacksonDatabind_1__serialize__jacksondatabind_1f_serialize_line203,m04,0,0,2,n/a
jacksondatabind_1f_serialize__line203_303,qwen2.5-coder:14b,batch06__JacksonDatabind_1__serialize__jacksondatabind_1f_serialize_line203,m05,1,2,2,True
jacksondatabind_1f_serialize__line203_303,qwen2.5-coder:14b,batch06__JacksonDatabind_1__serialize__jacksondatabind_1f_serialize_line203,m06,0,0,2,n/a
jacksondatabind_1f_serialize__line203_303,qwen2.5-coder:14b,batch06__JacksonDatabind_1__serialize__jacksondatabind_1f_serialize_line203,m07,1,1,2,False
jacksondatabind_1f_serialize__line203_303,qwen2.5-coder:14b,batch06__JacksonDatabind_1__serialize__jacksondatabind_1f_serialize_line203,m08,0,0,2,n/a
jacksondatabind_2f_buildCollectionSerializer__line598_660,qwen2.5-coder:14b,batch06__JacksonDatabind_2__buildCollectionSerializer__jacksondatabind_2f_buildCollectionSerializer_line598,m02,1,1,77,False
jacksondatabind_2f_buildCollectionSerializer__line598_660,qwen2.5-coder:14b,batch06__JacksonDatabind_2__buildCollectionSerializer__jacksondatabind_2f_buildCollectionSerializer_line598,m03,1,2,77,False
jacksondatabind_2f_buildCollectionSerializer__line598_660,qwen2.5-coder:14b,batch06__JacksonDatabind_2__buildCollectionSerializer__jacksondatabind_2f_buildCollectionSerializer_line598,m04,0,0,77,n/a
jacksondatabind_2f_buildCollectionSerializer__line598_660,qwen2.5-coder:14b,batch06__JacksonDatabind_2__buildCollectionSerializer__jacksondatabind_2f_buildCollectionSerializer_line598,m05,0,0,77,n/a
jacksondatabind_2f_buildCollectionSerializer__line598_660,qwen2.5-coder:14b,batch06__JacksonDatabind_2__buildCollectionSerializer__jacksondatabind_2f_buildCollectionSerializer_line598,m07,0,0,77,n/a
jacksondatabind_2f_buildCollectionSerializer__line598_660,qwen2.5-coder:14b,batch06__JacksonDatabind_2__buildCollectionSerializer__jacksondatabind_2f_buildCollectionSerializer_line598,m08,1,1,77,False
jacksondatabind_2f_forType__line63_100,qwen2.5-coder:14b,batch06__JacksonDatabind_2__forType__jacksondatabind_2f_forType_line63,m01,1,90,219,False
jacksondatabind_2f_forType__line63_100,qwen2.5-coder:14b,batch06__JacksonDatabind_2__forType__jacksondatabind_2f_forType_line63,m02,1,1,219,False
jacksondatabind_2f_forType__line63_100,qwen2.5-coder:14b,batch06__JacksonDatabind_2__forType__jacksondatabind_2f_forType_line63,m03,0,0,219,n/a
jacksondatabind_2f_forType__line63_100,qwen2.5-coder:14b,batch06__JacksonDatabind_2__forType__jacksondatabind_2f_forType_line63,m04,1,1,219,False
jacksondatabind_2f_forType__line63_100,qwen2.5-coder:14b,batch06__JacksonDatabind_2__forType__jacksondatabind_2f_forType_line63,m05,1,1,219,False
jacksondatabind_2f_forType__line63_100,qwen2.5-coder:14b,batch06__JacksonDatabind_2__forType__jacksondatabind_2f_forType_line63,m06,0,0,219,n/a
jacksondatabind_2f_forType__line63_100,qwen2.5-coder:14b,batch06__JacksonDatabind_2__forType__jacksondatabind_2f_forType_line63,m07,0,0,219,n/a
jacksondatabind_2f_forType__line63_100,qwen2.5-coder:14b,batch06__JacksonDatabind_2__forType__jacksondatabind_2f_forType_line63,m08,1,2,219,False
jacksondatabind_59f_deserializeFromObject__line60_156,qwen2.5-coder:14b,batch06__JacksonDatabind_59__deserializeFromObject__jacksondatabind_59f_deserializeFromObject_line60,m01,0,0,7,n/a
jacksondatabind_59f_deserializeFromObject__line60_156,qwen2.5-coder:14b,batch06__JacksonDatabind_59__deserializeFromObject__jacksondatabind_59f_deserializeFromObject_line60,m02,1,6,7,False
jacksondatabind_59f_deserializeFromObject__line60_156,qwen2.5-coder:14b,batch06__JacksonDatabind_59__deserializeFromObject__jacksondatabind_59f_deserializeFromObject_line60,m03,1,1,7,False
jacksondatabind_59f_deserializeFromObject__line60_156,qwen2.5-coder:14b,batch06__JacksonDatabind_59__deserializeFromObject__jacksondatabind_59f_deserializeFromObject_line60,m04,0,0,7,n/a
jacksondatabind_59f_deserializeFromObject__line60_156,qwen2.5-coder:14b,batch06__JacksonDatabind_59__deserializeFromObject__jacksondatabind_59f_deserializeFromObject_line60,m05,1,2,7,False
jacksondatabind_59f_deserializeFromObject__line60_156,qwen2.5-coder:14b,batch06__JacksonDatabind_59__deserializeFromObject__jacksondatabind_59f_deserializeFromObject_line60,m06,0,0,7,n/a
jacksondatabind_59f_deserializeFromObject__line60_156,qwen2.5-coder:14b,batch06__JacksonDatabind_59__deserializeFromObject__jacksondatabind_59f_deserializeFromObject_line60,m07,0,0,7,n/a
jacksondatabind_59f_deserializeFromObject__line60_156,qwen2.5-coder:14b,batch06__JacksonDatabind_59__deserializeFromObject__jacksondatabind_59f_deserializeFromObject_line60,m08,1,2,7,False
jacksondatabind_80f__deserializeUsingProperties__line328_402,qwen2.5-coder:14b,batch06__JacksonDatabind_80__deserializeUsingProperties__jacksondatabind_80f_deserializeUsingProperties_line328,m05,1,1,1,True
jacksondatabind_80f__isValuePresent__line179_275,qwen2.5-coder:14b,batch06__JacksonDatabind_80__isValuePresent__jacksondatabind_80f_isValuePresent_line179,m01,0,0,20,n/a
jacksondatabind_80f__isValuePresent__line179_275,qwen2.5-coder:14b,batch06__JacksonDatabind_80__isValuePresent__jacksondatabind_80f_isValuePresent_line179,m02,0,0,20,n/a
jacksondatabind_80f__isValuePresent__line179_275,qwen2.5-coder:14b,batch06__JacksonDatabind_80__isValuePresent__jacksondatabind_80f_isValuePresent_line179,m05,0,0,20,n/a
jacksondatabind_80f__isValuePresent__line179_275,qwen2.5-coder:14b,batch06__JacksonDatabind_80__isValuePresent__jacksondatabind_80f_isValuePresent_line179,m06,1,2,20,False
jacksondatabind_80f__isValuePresent__line179_275,qwen2.5-coder:14b,batch06__JacksonDatabind_80__isValuePresent__jacksondatabind_80f_isValuePresent_line179,m07,0,0,20,n/a
jacksondatabind_80f__isValuePresent__line179_275,qwen2.5-coder:14b,batch06__JacksonDatabind_80__isValuePresent__jacksondatabind_80f_isValuePresent_line179,m08,1,1,20,False
jacksondatabind_96f__getSetterInfo__line242_315,qwen2.5-coder:14b,batch06__JacksonDatabind_96__getSetterInfo__jacksondatabind_96f_getSetterInfo_line242,m01,1,3,694,False
jacksondatabind_96f__getSetterInfo__line242_315,qwen2.5-coder:14b,batch06__JacksonDatabind_96__getSetterInfo__jacksondatabind_96f_getSetterInfo_line242,m02,1,14,694,False
jacksondatabind_96f__getSetterInfo__line242_315,qwen2.5-coder:14b,batch06__JacksonDatabind_96__getSetterInfo__jacksondatabind_96f_getSetterInfo_line242,m03,1,17,694,False
jacksondatabind_96f__getSetterInfo__line242_315,qwen2.5-coder:14b,batch06__JacksonDatabind_96__getSetterInfo__jacksondatabind_96f_getSetterInfo_line242,m04,0,0,694,n/a
jacksondatabind_96f__getSetterInfo__line242_315,qwen2.5-coder:14b,batch06__JacksonDatabind_96__getSetterInfo__jacksondatabind_96f_getSetterInfo_line242,m05,0,0,694,n/a
jacksondatabind_96f__getSetterInfo__line242_315,qwen2.5-coder:14b,batch06__JacksonDatabind_96__getSetterInfo__jacksondatabind_96f_getSetterInfo_line242,m06,1,15,694,False
jacksondatabind_96f__getSetterInfo__line242_315,qwen2.5-coder:14b,batch06__JacksonDatabind_96__getSetterInfo__jacksondatabind_96f_getSetterInfo_line242,m07,1,14,694,False
jacksondatabind_96f__getSetterInfo__line242_315,qwen2.5-coder:14b,batch06__JacksonDatabind_96__getSetterInfo__jacksondatabind_96f_getSetterInfo_line242,m08,0,0,694,n/a
jacksondatabind_96f__idFrom__line66_115,qwen2.5-coder:14b,batch06__JacksonDatabind_96__idFrom__jacksondatabind_96f_idFrom_line66,m01,1,7,103,False
jacksondatabind_96f__idFrom__line66_115,qwen2.5-coder:14b,batch06__JacksonDatabind_96__idFrom__jacksondatabind_96f_idFrom_line66,m02,1,1,103,False
jacksondatabind_96f__idFrom__line66_115,qwen2.5-coder:14b,batch06__JacksonDatabind_96__idFrom__jacksondatabind_96f_idFrom_line66,m03,1,2,103,False
jacksondatabind_96f__idFrom__line66_115,qwen2.5-coder:14b,batch06__JacksonDatabind_96__idFrom__jacksondatabind_96f_idFrom_line66,m04,1,1,103,False
jacksondatabind_96f__idFrom__line66_115,qwen2.5-coder:14b,batch06__JacksonDatabind_96__idFrom__jacksondatabind_96f_idFrom_line66,m05,1,1,103,False
jacksondatabind_96f__idFrom__line66_115,qwen2.5-coder:14b,batch06__JacksonDatabind_96__idFrom__jacksondatabind_96f_idFrom_line66,m06,1,1,103,False
jacksondatabind_96f__idFrom__line66_115,qwen2.5-coder:14b,batch06__JacksonDatabind_96__idFrom__jacksondatabind_96f_idFrom_line66,m07,1,2,103,False
jacksondatabind_96f__idFrom__line66_115,qwen2.5-coder:14b,batch06__JacksonDatabind_96__idFrom__jacksondatabind_96f_idFrom_line66,m08,1,1,103,False
jacksonxml_1f__findRootName__line63_91,qwen2.5-coder:14b,batch06__JacksonXml_1__findRootName__jacksonxml_1f_findRootName_line63,m01,1,50,69,False
jacksonxml_1f__findRootName__line63_91,qwen2.5-coder:14b,batch06__JacksonXml_1__findRootName__jacksonxml_1f_findRootName_line63,m02,0,0,69,n/a
jacksonxml_1f__findRootName__line63_91,qwen2.5-coder:14b,batch06__JacksonXml_1__findRootName__jacksonxml_1f_findRootName_line63,m03,1,13,69,False
jacksonxml_1f__findRootName__line63_91,qwen2.5-coder:14b,batch06__JacksonXml_1__findRootName__jacksonxml_1f_findRootName_line63,m04,1,13,69,False
jacksonxml_1f__findRootName__line63_91,qwen2.5-coder:14b,batch06__JacksonXml_1__findRootName__jacksonxml_1f_findRootName_line63,m05,0,0,69,n/a
jacksonxml_1f__findRootName__line63_91,qwen2.5-coder:14b,batch06__JacksonXml_1__findRootName__jacksonxml_1f_findRootName_line63,m06,1,3,69,False
jacksonxml_1f__findRootName__line63_91,qwen2.5-coder:14b,batch06__JacksonXml_1__findRootName__jacksonxml_1f_findRootName_line63,m07,1,53,69,False
jacksonxml_1f__findRootName__line63_91,qwen2.5-coder:14b,batch06__JacksonXml_1__findRootName__jacksonxml_1f_findRootName_line63,m08,1,13,69,False
jacksonxml_1f_hasXMLFormat__line682_770,qwen2.5-coder:14b,batch06__JacksonXml_1__hasXMLFormat__jacksonxml_1f_hasXMLFormat_line682,m01,1,1,8,False
jacksonxml_1f_hasXMLFormat__line682_770,qwen2.5-coder:14b,batch06__JacksonXml_1__hasXMLFormat__jacksonxml_1f_hasXMLFormat_line682,m02,0,0,8,n/a
jacksonxml_1f_hasXMLFormat__line682_770,qwen2.5-coder:14b,batch06__JacksonXml_1__hasXMLFormat__jacksonxml_1f_hasXMLFormat_line682,m03,0,0,8,n/a
jacksonxml_1f_hasXMLFormat__line682_770,qwen2.5-coder:14b,batch06__JacksonXml_1__hasXMLFormat__jacksonxml_1f_hasXMLFormat_line682,m04,1,1,8,False
jacksonxml_1f_hasXMLFormat__line682_770,qwen2.5-coder:14b,batch06__JacksonXml_1__hasXMLFormat__jacksonxml_1f_hasXMLFormat_line682,m05,1,2,8,False
jacksonxml_1f_hasXMLFormat__line682_770,qwen2.5-coder:14b,batch06__JacksonXml_1__hasXMLFormat__jacksonxml_1f_hasXMLFormat_line682,m06,0,0,8,n/a
jacksonxml_1f_hasXMLFormat__line682_770,qwen2.5-coder:14b,batch06__JacksonXml_1__hasXMLFormat__jacksonxml_1f_hasXMLFormat_line682,m07,1,1,8,False
jacksonxml_1f_hasXMLFormat__line682_770,qwen2.5-coder:14b,batch06__JacksonXml_1__hasXMLFormat__jacksonxml_1f_hasXMLFormat_line682,m08,1,1,8,False
jacksonxml_1f_nextTextValue__line594_688,qwen2.5-coder:14b,batch06__JacksonXml_1__nextTextValue__jacksonxml_1f_nextTextValue_line594,m01,1,4,4,True
jacksonxml_1f_nextTextValue__line594_688,qwen2.5-coder:14b,batch06__JacksonXml_1__nextTextValue__jacksonxml_1f_nextTextValue_line594,m02,0,0,4,n/a
jacksonxml_1f_nextTextValue__line594_688,qwen2.5-coder:14b,batch06__JacksonXml_1__nextTextValue__jacksonxml_1f_nextTextValue_line594,m03,0,0,4,n/a
jacksonxml_1f_nextTextValue__line594_688,qwen2.5-coder:14b,batch06__JacksonXml_1__nextTextValue__jacksonxml_1f_nextTextValue_line594,m04,0,0,4,n/a
jacksonxml_1f_nextTextValue__line594_688,qwen2.5-coder:14b,batch06__JacksonXml_1__nextTextValue__jacksonxml_1f_nextTextValue_line594,m05,0,0,4,n/a
jacksonxml_1f_nextTextValue__line594_688,qwen2.5-coder:14b,batch06__JacksonXml_1__nextTextValue__jacksonxml_1f_nextTextValue_line594,m06,1,3,4,False
jacksonxml_1f_nextTextValue__line594_688,qwen2.5-coder:14b,batch06__JacksonXml_1__nextTextValue__jacksonxml_1f_nextTextValue_line594,m07,0,0,4,n/a
jacksonxml_1f_nextTextValue__line594_688,qwen2.5-coder:14b,batch06__JacksonXml_1__nextTextValue__jacksonxml_1f_nextTextValue_line594,m08,0,0,4,n/a
jacksonxml_1f__next__line303_348,qwen2.5-coder:14b,batch06__JacksonXml_1__next__jacksonxml_1f_next_line303,m01,1,22,79,False
jacksonxml_1f__next__line303_348,qwen2.5-coder:14b,batch06__JacksonXml_1__next__jacksonxml_1f_next_line303,m02,1,30,79,False
jacksonxml_1f__next__line303_348,qwen2.5-coder:14b,batch06__JacksonXml_1__next__jacksonxml_1f_next_line303,m03,1,75,79,False
jacksonxml_1f__next__line303_348,qwen2.5-coder:14b,batch06__JacksonXml_1__next__jacksonxml_1f_next_line303,m04,1,50,79,False
jacksonxml_1f__next__line303_348,qwen2.5-coder:14b,batch06__JacksonXml_1__next__jacksonxml_1f_next_line303,m05,0,0,79,n/a
jacksonxml_1f__next__line303_348,qwen2.5-coder:14b,batch06__JacksonXml_1__next__jacksonxml_1f_next_line303,m06,0,0,79,n/a
jacksonxml_1f__next__line303_348,qwen2.5-coder:14b,batch06__JacksonXml_1__next__jacksonxml_1f_next_line303,m07,0,0,79,n/a
jacksonxml_1f__next__line303_348,qwen2.5-coder:14b,batch06__JacksonXml_1__next__jacksonxml_1f_next_line303,m08,1,7,79,False
jacksonxml_1f_sanitizeXmlTypeName__line32_71,qwen2.5-coder:14b,batch06__JacksonXml_1__sanitizeXmlTypeName__jacksonxml_1f_sanitizeXmlTypeName_line32,m01,0,0,55,n/a
jacksonxml_1f_sanitizeXmlTypeName__line32_71,qwen2.5-coder:14b,batch06__JacksonXml_1__sanitizeXmlTypeName__jacksonxml_1f_sanitizeXmlTypeName_line32,m02,0,0,55,n/a
jacksonxml_1f_sanitizeXmlTypeName__line32_71,qwen2.5-coder:14b,batch06__JacksonXml_1__sanitizeXmlTypeName__jacksonxml_1f_sanitizeXmlTypeName_line32,m03,0,0,55,n/a
jacksonxml_1f_sanitizeXmlTypeName__line32_71,qwen2.5-coder:14b,batch06__JacksonXml_1__sanitizeXmlTypeName__jacksonxml_1f_sanitizeXmlTypeName_line32,m04,1,9,55,False
jacksonxml_1f_sanitizeXmlTypeName__line32_71,qwen2.5-coder:14b,batch06__JacksonXml_1__sanitizeXmlTypeName__jacksonxml_1f_sanitizeXmlTypeName_line32,m05,0,0,55,n/a
jacksonxml_1f_sanitizeXmlTypeName__line32_71,qwen2.5-coder:14b,batch06__JacksonXml_1__sanitizeXmlTypeName__jacksonxml_1f_sanitizeXmlTypeName_line32,m06,0,0,55,n/a
jacksonxml_1f_sanitizeXmlTypeName__line32_71,qwen2.5-coder:14b,batch06__JacksonXml_1__sanitizeXmlTypeName__jacksonxml_1f_sanitizeXmlTypeName_line32,m07,0,0,55,n/a
jacksonxml_1f_sanitizeXmlTypeName__line32_71,qwen2.5-coder:14b,batch06__JacksonXml_1__sanitizeXmlTypeName__jacksonxml_1f_sanitizeXmlTypeName_line32,m08,1,2,55,False
jacksonxml_1f_updateProperties__line31_78,qwen2.5-coder:14b,batch06__JacksonXml_1__updateProperties__jacksonxml_1f_updateProperties_line31,m01,1,10,66,False
jacksonxml_1f_updateProperties__line31_78,qwen2.5-coder:14b,batch06__JacksonXml_1__updateProperties__jacksonxml_1f_updateProperties_line31,m03,1,10,66,False
jacksonxml_1f_updateProperties__line31_78,qwen2.5-coder:14b,batch06__JacksonXml_1__updateProperties__jacksonxml_1f_updateProperties_line31,m04,0,0,66,n/a
jacksonxml_1f_updateProperties__line31_78,qwen2.5-coder:14b,batch06__JacksonXml_1__updateProperties__jacksonxml_1f_updateProperties_line31,m05,1,1,66,False
jacksonxml_1f_updateProperties__line31_78,qwen2.5-coder:14b,batch06__JacksonXml_1__updateProperties__jacksonxml_1f_updateProperties_line31,m07,0,0,66,n/a
jacksonxml_1f_updateProperties__line31_78,qwen2.5-coder:14b,batch06__JacksonXml_1__updateProperties__jacksonxml_1f_updateProperties_line31,m08,0,0,66,n/a
jacksonxml_2f_writeString__line560_595,qwen2.5-coder:14b,batch06__JacksonXml_2__writeString__jacksonxml_2f_writeString_line560,m01,0,0,64,n/a
jacksonxml_2f_writeString__line560_595,qwen2.5-coder:14b,batch06__JacksonXml_2__writeString__jacksonxml_2f_writeString_line560,m02,1,21,64,False
jacksonxml_2f_writeString__line560_595,qwen2.5-coder:14b,batch06__JacksonXml_2__writeString__jacksonxml_2f_writeString_line560,m03,0,0,64,n/a
jacksonxml_2f_writeString__line560_595,qwen2.5-coder:14b,batch06__JacksonXml_2__writeString__jacksonxml_2f_writeString_line560,m05,1,39,64,False
jacksonxml_2f_writeString__line560_595,qwen2.5-coder:14b,batch06__JacksonXml_2__writeString__jacksonxml_2f_writeString_line560,m06,1,2,64,False
jacksonxml_2f_writeString__line560_595,qwen2.5-coder:14b,batch06__JacksonXml_2__writeString__jacksonxml_2f_writeString_line560,m07,0,0,64,n/a
jacksonxml_2f_writeString__line560_595,qwen2.5-coder:14b,batch06__JacksonXml_2__writeString__jacksonxml_2f_writeString_line560,m08,1,19,64,False
jsoup_12f_parseAttribute__line183_214,qwen2.5-coder:14b,batch06__Jsoup_12__parseAttribute__jsoup_12f_parseAttribute_line183,m01,0,0,129,n/a
jsoup_12f_parseAttribute__line183_214,qwen2.5-coder:14b,batch06__Jsoup_12__parseAttribute__jsoup_12f_parseAttribute_line183,m02,1,113,129,False
jsoup_12f_parseAttribute__line183_214,qwen2.5-coder:14b,batch06__Jsoup_12__parseAttribute__jsoup_12f_parseAttribute_line183,m03,1,6,129,False
jsoup_12f_parseAttribute__line183_214,qwen2.5-coder:14b,batch06__Jsoup_12__parseAttribute__jsoup_12f_parseAttribute_line183,m04,1,111,129,False
jsoup_12f_parseAttribute__line183_214,qwen2.5-coder:14b,batch06__Jsoup_12__parseAttribute__jsoup_12f_parseAttribute_line183,m05,1,3,129,False
jsoup_12f_parseAttribute__line183_214,qwen2.5-coder:14b,batch06__Jsoup_12__parseAttribute__jsoup_12f_parseAttribute_line183,m06,1,24,129,False
jsoup_12f_parseAttribute__line183_214,qwen2.5-coder:14b,batch06__Jsoup_12__parseAttribute__jsoup_12f_parseAttribute_line183,m07,1,105,129,False
jsoup_13f_byAttribute__line177_209,qwen2.5-coder:14b,batch06__Jsoup_13__byAttribute__jsoup_13f_byAttribute_line177,m01,0,0,21,n/a
jsoup_13f_byAttribute__line177_209,qwen2.5-coder:14b,batch06__Jsoup_13__byAttribute__jsoup_13f_byAttribute_line177,m02,1,13,21,False
jsoup_13f_byAttribute__line177_209,qwen2.5-coder:14b,batch06__Jsoup_13__byAttribute__jsoup_13f_byAttribute_line177,m07,0,0,21,n/a
jsoup_13f_findElements__line120_152,qwen2.5-coder:14b,batch06__Jsoup_13__findElements__jsoup_13f_findElements_line120,m01,1,15,136,False
jsoup_13f_findElements__line120_152,qwen2.5-coder:14b,batch06__Jsoup_13__findElements__jsoup_13f_findElements_line120,m02,1,18,136,False
jsoup_13f_findElements__line120_152,qwen2.5-coder:14b,batch06__Jsoup_13__findElements__jsoup_13f_findElements_line120,m03,1,6,136,False
jsoup_13f_findElements__line120_152,qwen2.5-coder:14b,batch06__Jsoup_13__findElements__jsoup_13f_findElements_line120,m04,1,2,136,False
jsoup_13f_findElements__line120_152,qwen2.5-coder:14b,batch06__Jsoup_13__findElements__jsoup_13f_findElements_line120,m05,1,3,136,False
jsoup_13f_findElements__line120_152,qwen2.5-coder:14b,batch06__Jsoup_13__findElements__jsoup_13f_findElements_line120,m06,1,1,136,False
jsoup_13f_findElements__line120_152,qwen2.5-coder:14b,batch06__Jsoup_13__findElements__jsoup_13f_findElements_line120,m07,1,1,136,False
jsoup_13f_findElements__line120_152,qwen2.5-coder:14b,batch06__Jsoup_13__findElements__jsoup_13f_findElements_line120,m08,1,1,136,False
jsoup_1f_canContain__line67_99,qwen2.5-coder:14b,batch06__Jsoup_1__canContain__jsoup_1f_canContain_line67,m01,1,59,128,False
jsoup_1f_canContain__line67_99,qwen2.5-coder:14b,batch06__Jsoup_1__canContain__jsoup_1f_canContain_line67,m02,1,127,128,False
jsoup_1f_canContain__line67_99,qwen2.5-coder:14b,batch06__Jsoup_1__canContain__jsoup_1f_canContain_line67,m03,1,127,128,False
jsoup_1f_canContain__line67_99,qwen2.5-coder:14b,batch06__Jsoup_1__canContain__jsoup_1f_canContain_line67,m04,1,1,128,False
jsoup_1f_canContain__line67_99,qwen2.5-coder:14b,batch06__Jsoup_1__canContain__jsoup_1f_canContain_line67,m05,1,1,128,False
jsoup_1f_canContain__line67_99,qwen2.5-coder:14b,batch06__Jsoup_1__canContain__jsoup_1f_canContain_line67,m06,1,1,128,False
jsoup_1f_canContain__line67_99,qwen2.5-coder:14b,batch06__Jsoup_1__canContain__jsoup_1f_canContain_line67,m07,1,127,128,False
jsoup_20f_resetInsertionMode__line351_399,qwen2.5-coder:14b,batch06__Jsoup_20__resetInsertionMode__jsoup_20f_resetInsertionMode_line351,m01,1,36,52,False
jsoup_20f_resetInsertionMode__line351_399,qwen2.5-coder:14b,batch06__Jsoup_20__resetInsertionMode__jsoup_20f_resetInsertionMode_line351,m02,0,0,52,n/a
jsoup_20f_resetInsertionMode__line351_399,qwen2.5-coder:14b,batch06__Jsoup_20__resetInsertionMode__jsoup_20f_resetInsertionMode_line351,m03,1,1,52,False
jsoup_20f_resetInsertionMode__line351_399,qwen2.5-coder:14b,batch06__Jsoup_20__resetInsertionMode__jsoup_20f_resetInsertionMode_line351,m04,0,0,52,n/a
jsoup_20f_resetInsertionMode__line351_399,qwen2.5-coder:14b,batch06__Jsoup_20__resetInsertionMode__jsoup_20f_resetInsertionMode_line351,m05,1,2,52,False
jsoup_20f_resetInsertionMode__line351_399,qwen2.5-coder:14b,batch06__Jsoup_20__resetInsertionMode__jsoup_20f_resetInsertionMode_line351,m06,0,0,52,n/a
jsoup_20f_resetInsertionMode__line351_399,qwen2.5-coder:14b,batch06__Jsoup_20__resetInsertionMode__jsoup_20f_resetInsertionMode_line351,m07,0,0,52,n/a
jsoup_20f_resetInsertionMode__line351_399,qwen2.5-coder:14b,batch06__Jsoup_20__resetInsertionMode__jsoup_20f_resetInsertionMode_line351,m08,1,15,52,False
jsoup_33f_cssNthChild__line277_308,qwen2.5-coder:14b,batch06__Jsoup_33__cssNthChild__jsoup_33f_cssNthChild_line277,m01,1,4,8,False
jsoup_33f_cssNthChild__line277_308,qwen2.5-coder:14b,batch06__Jsoup_33__cssNthChild__jsoup_33f_cssNthChild_line277,m02,1,4,8,False
jsoup_33f_cssNthChild__line277_308,qwen2.5-coder:14b,batch06__Jsoup_33__cssNthChild__jsoup_33f_cssNthChild_line277,m03,0,0,8,n/a
jsoup_33f_cssNthChild__line277_308,qwen2.5-coder:14b,batch06__Jsoup_33__cssNthChild__jsoup_33f_cssNthChild_line277,m04,1,4,8,False
jsoup_33f_cssNthChild__line277_308,qwen2.5-coder:14b,batch06__Jsoup_33__cssNthChild__jsoup_33f_cssNthChild_line277,m05,1,8,8,False
jsoup_33f_cssNthChild__line277_308,qwen2.5-coder:14b,batch06__Jsoup_33__cssNthChild__jsoup_33f_cssNthChild_line277,m06,1,8,8,False
jsoup_33f_cssNthChild__line277_308,qwen2.5-coder:14b,batch06__Jsoup_33__cssNthChild__jsoup_33f_cssNthChild_line277,m07,1,2,8,False
jsoup_33f_cssNthChild__line277_308,qwen2.5-coder:14b,batch06__Jsoup_33__cssNthChild__jsoup_33f_cssNthChild_line277,m08,1,2,8,False
jsoup_66f_filter__line81_125,qwen2.5-coder:14b,batch06__Jsoup_66__filter__jsoup_66f_filter_line81,m01,0,0,8,n/a
jsoup_66f_filter__line81_125,qwen2.5-coder:14b,batch06__Jsoup_66__filter__jsoup_66f_filter_line81,m02,1,8,8,False
jsoup_66f_filter__line81_125,qwen2.5-coder:14b,batch06__Jsoup_66__filter__jsoup_66f_filter_line81,m03,1,6,8,False
jsoup_66f_filter__line81_125,qwen2.5-coder:14b,batch06__Jsoup_66__filter__jsoup_66f_filter_line81,m04,0,0,8,n/a
jsoup_66f_filter__line81_125,qwen2.5-coder:14b,batch06__Jsoup_66__filter__jsoup_66f_filter_line81,m05,1,2,8,False
jsoup_66f_filter__line81_125,qwen2.5-coder:14b,batch06__Jsoup_66__filter__jsoup_66f_filter_line81,m06,1,8,8,False
jsoup_66f_filter__line81_125,qwen2.5-coder:14b,batch06__Jsoup_66__filter__jsoup_66f_filter_line81,m07,1,5,8,False
jsoup_66f_filter__line81_125,qwen2.5-coder:14b,batch06__Jsoup_66__filter__jsoup_66f_filter_line81,m08,1,3,8,False
jsoup_67f_parseInputStream__line92_155,qwen2.5-coder:14b,batch06__Jsoup_67__parseInputStream__jsoup_67f_parseInputStream_line92,m02,0,0,38,n/a
jsoup_67f_parseInputStream__line92_155,qwen2.5-coder:14b,batch06__Jsoup_67__parseInputStream__jsoup_67f_parseInputStream_line92,m03,0,0,38,n/a
jsoup_67f_parseInputStream__line92_155,qwen2.5-coder:14b,batch06__Jsoup_67__parseInputStream__jsoup_67f_parseInputStream_line92,m04,0,0,38,n/a
jsoup_67f_parseInputStream__line92_155,qwen2.5-coder:14b,batch06__Jsoup_67__parseInputStream__jsoup_67f_parseInputStream_line92,m05,0,0,38,n/a
jsoup_67f_parseInputStream__line92_155,qwen2.5-coder:14b,batch06__Jsoup_67__parseInputStream__jsoup_67f_parseInputStream_line92,m06,1,2,38,False
jsoup_67f_parseInputStream__line92_155,qwen2.5-coder:14b,batch06__Jsoup_67__parseInputStream__jsoup_67f_parseInputStream_line92,m07,1,1,38,False
jsoup_67f_parseInputStream__line92_155,qwen2.5-coder:14b,batch06__Jsoup_67__parseInputStream__jsoup_67f_parseInputStream_line92,m08,1,4,38,False
jxpath_1f_computeContextDependent__line142_186,qwen2.5-coder:14b,batch06__JxPath_1__computeContextDependent__jxpath_1f_computeContextDependent_line142,m01,0,0,1,n/a
jxpath_1f_computeContextDependent__line142_186,qwen2.5-coder:14b,batch06__JxPath_1__computeContextDependent__jxpath_1f_computeContextDependent_line142,m02,0,0,1,n/a
jxpath_1f_computeContextDependent__line142_186,qwen2.5-coder:14b,batch06__JxPath_1__computeContextDependent__jxpath_1f_computeContextDependent_line142,m03,0,0,1,n/a
jxpath_1f_computeContextDependent__line142_186,qwen2.5-coder:14b,batch06__JxPath_1__computeContextDependent__jxpath_1f_computeContextDependent_line142,m04,0,0,1,n/a
jxpath_1f_computeContextDependent__line142_186,qwen2.5-coder:14b,batch06__JxPath_1__computeContextDependent__jxpath_1f_computeContextDependent_line142,m05,1,1,1,True
jxpath_1f_computeContextDependent__line142_186,qwen2.5-coder:14b,batch06__JxPath_1__computeContextDependent__jxpath_1f_computeContextDependent_line142,m06,0,0,1,n/a
jxpath_1f_computeContextDependent__line142_186,qwen2.5-coder:14b,batch06__JxPath_1__computeContextDependent__jxpath_1f_computeContextDependent_line142,m07,1,1,1,True
jxpath_1f_computeValue__line212_276,qwen2.5-coder:14b,batch06__JxPath_1__computeValue__jxpath_1f_computeValue_line212,m02,0,0,9,n/a
jxpath_1f_computeValue__line212_276,qwen2.5-coder:14b,batch06__JxPath_1__computeValue__jxpath_1f_computeValue_line212,m04,1,2,9,False
jxpath_1f_computeValue__line212_276,qwen2.5-coder:14b,batch06__JxPath_1__computeValue__jxpath_1f_computeValue_line212,m06,1,1,9,False
jxpath_1f_jjMoveStringLiteralDfa0_0__line402_479,qwen2.5-coder:14b,batch06__JxPath_1__jjMoveStringLiteralDfa0_0__jxpath_1f_jjMoveStringLiteralDfa0_0_line402,m01,1,40,136,False
jxpath_1f_jjMoveStringLiteralDfa0_0__line402_479,qwen2.5-coder:14b,batch06__JxPath_1__jjMoveStringLiteralDfa0_0__jxpath_1f_jjMoveStringLiteralDfa0_0_line402,m02,1,14,136,False
jxpath_1f_jjMoveStringLiteralDfa0_0__line402_479,qwen2.5-coder:14b,batch06__JxPath_1__jjMoveStringLiteralDfa0_0__jxpath_1f_jjMoveStringLiteralDfa0_0_line402,m03,1,10,136,False
jxpath_1f_jjMoveStringLiteralDfa0_0__line402_479,qwen2.5-coder:14b,batch06__JxPath_1__jjMoveStringLiteralDfa0_0__jxpath_1f_jjMoveStringLiteralDfa0_0_line402,m04,1,28,136,False
jxpath_1f_jjMoveStringLiteralDfa0_0__line402_479,qwen2.5-coder:14b,batch06__JxPath_1__jjMoveStringLiteralDfa0_0__jxpath_1f_jjMoveStringLiteralDfa0_0_line402,m05,0,0,136,n/a
jxpath_1f_jjMoveStringLiteralDfa0_0__line402_479,qwen2.5-coder:14b,batch06__JxPath_1__jjMoveStringLiteralDfa0_0__jxpath_1f_jjMoveStringLiteralDfa0_0_line402,m06,1,15,136,False
jxpath_1f_jjMoveStringLiteralDfa0_0__line402_479,qwen2.5-coder:14b,batch06__JxPath_1__jjMoveStringLiteralDfa0_0__jxpath_1f_jjMoveStringLiteralDfa0_0_line402,m07,1,3,136,False
jxpath_1f_jjMoveStringLiteralDfa0_0__line402_479,qwen2.5-coder:14b,batch06__JxPath_1__jjMoveStringLiteralDfa0_0__jxpath_1f_jjMoveStringLiteralDfa0_0_line402,m08,1,108,136,False
jxpath_1f_jjMoveStringLiteralDfa1_0__line480_535,qwen2.5-coder:14b,batch06__JxPath_1__jjMoveStringLiteralDfa1_0__jxpath_1f_jjMoveStringLiteralDfa1_0_line480,m01,0,0,127,n/a
jxpath_1f_jjMoveStringLiteralDfa1_0__line480_535,qwen2.5-coder:14b,batch06__JxPath_1__jjMoveStringLiteralDfa1_0__jxpath_1f_jjMoveStringLiteralDfa1_0_line480,m02,1,2,127,False
jxpath_1f_jjMoveStringLiteralDfa1_0__line480_535,qwen2.5-coder:14b,batch06__JxPath_1__jjMoveStringLiteralDfa1_0__jxpath_1f_jjMoveStringLiteralDfa1_0_line480,m03,1,1,127,False
jxpath_1f_jjMoveStringLiteralDfa1_0__line480_535,qwen2.5-coder:14b,batch06__JxPath_1__jjMoveStringLiteralDfa1_0__jxpath_1f_jjMoveStringLiteralDfa1_0_line480,m04,1,1,127,False
jxpath_1f_jjMoveStringLiteralDfa1_0__line480_535,qwen2.5-coder:14b,batch06__JxPath_1__jjMoveStringLiteralDfa1_0__jxpath_1f_jjMoveStringLiteralDfa1_0_line480,m05,1,2,127,False
jxpath_1f_jjMoveStringLiteralDfa1_0__line480_535,qwen2.5-coder:14b,batch06__JxPath_1__jjMoveStringLiteralDfa1_0__jxpath_1f_jjMoveStringLiteralDfa1_0_line480,m06,1,2,127,False
jxpath_1f_jjMoveStringLiteralDfa1_0__line480_535,qwen2.5-coder:14b,batch06__JxPath_1__jjMoveStringLiteralDfa1_0__jxpath_1f_jjMoveStringLiteralDfa1_0_line480,m07,1,3,127,False
jxpath_1f_jjMoveStringLiteralDfa1_0__line480_535,qwen2.5-coder:14b,batch06__JxPath_1__jjMoveStringLiteralDfa1_0__jxpath_1f_jjMoveStringLiteralDfa1_0_line480,m08,1,5,127,False
jxpath_1f_jjMoveStringLiteralDfa2_0__line536_597,qwen2.5-coder:14b,batch06__JxPath_1__jjMoveStringLiteralDfa2_0__jxpath_1f_jjMoveStringLiteralDfa2_0_line536,m01,1,87,117,False
jxpath_1f_jjMoveStringLiteralDfa2_0__line536_597,qwen2.5-coder:14b,batch06__JxPath_1__jjMoveStringLiteralDfa2_0__jxpath_1f_jjMoveStringLiteralDfa2_0_line536,m03,1,2,117,False
jxpath_1f_jjMoveStringLiteralDfa2_0__line536_597,qwen2.5-coder:14b,batch06__JxPath_1__jjMoveStringLiteralDfa2_0__jxpath_1f_jjMoveStringLiteralDfa2_0_line536,m04,1,5,117,False
jxpath_1f_jjMoveStringLiteralDfa2_0__line536_597,qwen2.5-coder:14b,batch06__JxPath_1__jjMoveStringLiteralDfa2_0__jxpath_1f_jjMoveStringLiteralDfa2_0_line536,m05,1,1,117,False
jxpath_1f_jjMoveStringLiteralDfa2_0__line536_597,qwen2.5-coder:14b,batch06__JxPath_1__jjMoveStringLiteralDfa2_0__jxpath_1f_jjMoveStringLiteralDfa2_0_line536,m06,1,2,117,False
jxpath_1f_jjMoveStringLiteralDfa2_0__line536_597,qwen2.5-coder:14b,batch06__JxPath_1__jjMoveStringLiteralDfa2_0__jxpath_1f_jjMoveStringLiteralDfa2_0_line536,m07,1,3,117,False
jxpath_1f_jjMoveStringLiteralDfa2_0__line536_597,qwen2.5-coder:14b,batch06__JxPath_1__jjMoveStringLiteralDfa2_0__jxpath_1f_jjMoveStringLiteralDfa2_0_line536,m08,0,0,117,n/a
jxpath_1f_jjMoveStringLiteralDfa3_0__line598_658,qwen2.5-coder:14b,batch06__JxPath_1__jjMoveStringLiteralDfa3_0__jxpath_1f_jjMoveStringLiteralDfa3_0_line598,m01,1,16,88,False
jxpath_1f_jjMoveStringLiteralDfa3_0__line598_658,qwen2.5-coder:14b,batch06__JxPath_1__jjMoveStringLiteralDfa3_0__jxpath_1f_jjMoveStringLiteralDfa3_0_line598,m02,1,38,88,False
jxpath_1f_jjMoveStringLiteralDfa3_0__line598_658,qwen2.5-coder:14b,batch06__JxPath_1__jjMoveStringLiteralDfa3_0__jxpath_1f_jjMoveStringLiteralDfa3_0_line598,m03,1,1,88,False
jxpath_1f_jjMoveStringLiteralDfa3_0__line598_658,qwen2.5-coder:14b,batch06__JxPath_1__jjMoveStringLiteralDfa3_0__jxpath_1f_jjMoveStringLiteralDfa3_0_line598,m04,1,2,88,False
jxpath_1f_jjMoveStringLiteralDfa3_0__line598_658,qwen2.5-coder:14b,batch06__JxPath_1__jjMoveStringLiteralDfa3_0__jxpath_1f_jjMoveStringLiteralDfa3_0_line598,m05,1,2,88,False
jxpath_1f_jjMoveStringLiteralDfa3_0__line598_658,qwen2.5-coder:14b,batch06__JxPath_1__jjMoveStringLiteralDfa3_0__jxpath_1f_jjMoveStringLiteralDfa3_0_line598,m06,1,1,88,False
jxpath_1f_jjMoveStringLiteralDfa3_0__line598_658,qwen2.5-coder:14b,batch06__JxPath_1__jjMoveStringLiteralDfa3_0__jxpath_1f_jjMoveStringLiteralDfa3_0_line598,m07,1,1,88,False
jxpath_1f_jj_3R_129__line2567_2609,qwen2.5-coder:14b,batch06__JxPath_1__jj_3R_129__jxpath_1f_jj_3R_129_line2567,m01,1,38,47,False
jxpath_1f_jj_3R_129__line2567_2609,qwen2.5-coder:14b,batch06__JxPath_1__jj_3R_129__jxpath_1f_jj_3R_129_line2567,m03,0,0,47,n/a
jxpath_1f_jj_3R_129__line2567_2609,qwen2.5-coder:14b,batch06__JxPath_1__jj_3R_129__jxpath_1f_jj_3R_129_line2567,m04,1,38,47,False
jxpath_1f_jj_3R_129__line2567_2609,qwen2.5-coder:14b,batch06__JxPath_1__jj_3R_129__jxpath_1f_jj_3R_129_line2567,m05,0,0,47,n/a
jxpath_1f_jj_3R_129__line2567_2609,qwen2.5-coder:14b,batch06__JxPath_1__jj_3R_129__jxpath_1f_jj_3R_129_line2567,m06,0,0,47,n/a
jxpath_1f_jj_3R_129__line2567_2609,qwen2.5-coder:14b,batch06__JxPath_1__jj_3R_129__jxpath_1f_jj_3R_129_line2567,m07,1,38,47,False
jxpath_1f_jj_3R_129__line2567_2609,qwen2.5-coder:14b,batch06__JxPath_1__jj_3R_129__jxpath_1f_jj_3R_129_line2567,m08,0,0,47,n/a
jxpath_1f_jj_3R_18__line1897_1990,qwen2.5-coder:14b,batch06__JxPath_1__jj_3R_18__jxpath_1f_jj_3R_18_line1897,m02,0,0,88,n/a
jxpath_1f_jj_3R_18__line1897_1990,qwen2.5-coder:14b,batch06__JxPath_1__jj_3R_18__jxpath_1f_jj_3R_18_line1897,m03,1,2,88,False
jxpath_1f_jj_3R_18__line1897_1990,qwen2.5-coder:14b,batch06__JxPath_1__jj_3R_18__jxpath_1f_jj_3R_18_line1897,m04,1,11,88,False
jxpath_1f_jj_3R_18__line1897_1990,qwen2.5-coder:14b,batch06__JxPath_1__jj_3R_18__jxpath_1f_jj_3R_18_line1897,m06,1,9,88,False
jxpath_1f_jj_3R_18__line1897_1990,qwen2.5-coder:14b,batch06__JxPath_1__jj_3R_18__jxpath_1f_jj_3R_18_line1897,m07,1,2,88,False
jxpath_1f_jj_3R_19__line3419_3440,qwen2.5-coder:14b,batch06__JxPath_1__jj_3R_19__jxpath_1f_jj_3R_19_line3419,m01,1,85,136,False
jxpath_1f_jj_3R_19__line3419_3440,qwen2.5-coder:14b,batch06__JxPath_1__jj_3R_19__jxpath_1f_jj_3R_19_line3419,m02,0,0,136,n/a
jxpath_1f_jj_3R_19__line3419_3440,qwen2.5-coder:14b,batch06__JxPath_1__jj_3R_19__jxpath_1f_jj_3R_19_line3419,m03,1,10,136,False
jxpath_1f_jj_3R_19__line3419_3440,qwen2.5-coder:14b,batch06__JxPath_1__jj_3R_19__jxpath_1f_jj_3R_19_line3419,m04,1,33,136,False
jxpath_1f_jj_3R_19__line3419_3440,qwen2.5-coder:14b,batch06__JxPath_1__jj_3R_19__jxpath_1f_jj_3R_19_line3419,m05,1,75,136,False
jxpath_1f_jj_3R_19__line3419_3440,qwen2.5-coder:14b,batch06__JxPath_1__jj_3R_19__jxpath_1f_jj_3R_19_line3419,m06,1,11,136,False
jxpath_1f_jj_3R_19__line3419_3440,qwen2.5-coder:14b,batch06__JxPath_1__jj_3R_19__jxpath_1f_jj_3R_19_line3419,m07,1,10,136,False
jxpath_1f_jj_3R_19__line3419_3440,qwen2.5-coder:14b,batch06__JxPath_1__jj_3R_19__jxpath_1f_jj_3R_19_line3419,m08,0,0,136,n/a
jxpath_6f_canConvert__line51_148,qwen2.5-coder:14b,batch06__JxPath_6__canConvert__jxpath_6f_canConvert_line51,m01,0,0,20,n/a
jxpath_6f_canConvert__line51_148,qwen2.5-coder:14b,batch06__JxPath_6__canConvert__jxpath_6f_canConvert_line51,m02,1,5,20,False
jxpath_6f_canConvert__line51_148,qwen2.5-coder:14b,batch06__JxPath_6__canConvert__jxpath_6f_canConvert_line51,m03,1,11,20,False
jxpath_6f_canConvert__line51_148,qwen2.5-coder:14b,batch06__JxPath_6__canConvert__jxpath_6f_canConvert_line51,m04,0,0,20,n/a
jxpath_6f_canConvert__line51_148,qwen2.5-coder:14b,batch06__JxPath_6__canConvert__jxpath_6f_canConvert_line51,m05,1,4,20,False
jxpath_6f_canConvert__line51_148,qwen2.5-coder:14b,batch06__JxPath_6__canConvert__jxpath_6f_canConvert_line51,m06,1,5,20,False
jxpath_6f_canConvert__line51_148,qwen2.5-coder:14b,batch06__JxPath_6__canConvert__jxpath_6f_canConvert_line51,m07,1,1,20,False
jxpath_6f_canConvert__line51_148,qwen2.5-coder:14b,batch06__JxPath_6__canConvert__jxpath_6f_canConvert_line51,m08,1,1,20,False
lang_1f_binaryBeMsb0ToHexDigit__line511_582,qwen2.5-coder:14b,batch06__Lang_1__binaryBeMsb0ToHexDigit__lang_1f_binaryBeMsb0ToHexDigit_line511,m01,1,2,2,True
lang_1f_binaryBeMsb0ToHexDigit__line511_582,qwen2.5-coder:14b,batch06__Lang_1__binaryBeMsb0ToHexDigit__lang_1f_binaryBeMsb0ToHexDigit_line511,m02,1,2,2,True
lang_1f_binaryBeMsb0ToHexDigit__line511_582,qwen2.5-coder:14b,batch06__Lang_1__binaryBeMsb0ToHexDigit__lang_1f_binaryBeMsb0ToHexDigit_line511,m03,1,1,2,False
lang_1f_binaryBeMsb0ToHexDigit__line511_582,qwen2.5-coder:14b,batch06__Lang_1__binaryBeMsb0ToHexDigit__lang_1f_binaryBeMsb0ToHexDigit_line511,m04,1,2,2,False
lang_1f_binaryBeMsb0ToHexDigit__line511_582,qwen2.5-coder:14b,batch06__Lang_1__binaryBeMsb0ToHexDigit__lang_1f_binaryBeMsb0ToHexDigit_line511,m05,1,1,2,False
lang_1f_binaryBeMsb0ToHexDigit__line511_582,qwen2.5-coder:14b,batch06__Lang_1__binaryBeMsb0ToHexDigit__lang_1f_binaryBeMsb0ToHexDigit_line511,m06,1,2,2,True
lang_1f_binaryBeMsb0ToHexDigit__line511_582,qwen2.5-coder:14b,batch06__Lang_1__binaryBeMsb0ToHexDigit__lang_1f_binaryBeMsb0ToHexDigit_line511,m07,0,0,2,n/a
lang_1f_binaryBeMsb0ToHexDigit__line511_582,qwen2.5-coder:14b,batch06__Lang_1__binaryBeMsb0ToHexDigit__lang_1f_binaryBeMsb0ToHexDigit_line511,m08,1,1,2,False
lang_1f_binaryToHexDigitMsb0_4bits__line403_474,qwen2.5-coder:14b,batch06__Lang_1__binaryToHexDigitMsb0_4bits__lang_1f_binaryToHexDigitMsb0_4bits_line403,m01,0,0,2,n/a
lang_1f_binaryToHexDigitMsb0_4bits__line403_474,qwen2.5-coder:14b,batch06__Lang_1__binaryToHexDigitMsb0_4bits__lang_1f_binaryToHexDigitMsb0_4bits_line403,m02,1,1,2,False
lang_1f_binaryToHexDigitMsb0_4bits__line403_474,qwen2.5-coder:14b,batch06__Lang_1__binaryToHexDigitMsb0_4bits__lang_1f_binaryToHexDigitMsb0_4bits_line403,m03,1,1,2,False
lang_1f_binaryToHexDigitMsb0_4bits__line403_474,qwen2.5-coder:14b,batch06__Lang_1__binaryToHexDigitMsb0_4bits__lang_1f_binaryToHexDigitMsb0_4bits_line403,m04,1,2,2,False
lang_1f_binaryToHexDigitMsb0_4bits__line403_474,qwen2.5-coder:14b,batch06__Lang_1__binaryToHexDigitMsb0_4bits__lang_1f_binaryToHexDigitMsb0_4bits_line403,m05,1,1,2,False
lang_1f_binaryToHexDigitMsb0_4bits__line403_474,qwen2.5-coder:14b,batch06__Lang_1__binaryToHexDigitMsb0_4bits__lang_1f_binaryToHexDigitMsb0_4bits_line403,m06,1,1,2,False
lang_1f_binaryToHexDigitMsb0_4bits__line403_474,qwen2.5-coder:14b,batch06__Lang_1__binaryToHexDigitMsb0_4bits__lang_1f_binaryToHexDigitMsb0_4bits_line403,m07,1,2,2,False
lang_1f_binaryToHexDigitMsb0_4bits__line403_474,qwen2.5-coder:14b,batch06__Lang_1__binaryToHexDigitMsb0_4bits__lang_1f_binaryToHexDigitMsb0_4bits_line403,m08,1,2,2,False
lang_1f_binaryToHexDigit__line300_365,qwen2.5-coder:14b,batch06__Lang_1__binaryToHexDigit__lang_1f_binaryToHexDigit_line300,m01,1,1,2,False
lang_1f_binaryToHexDigit__line300_365,qwen2.5-coder:14b,batch06__Lang_1__binaryToHexDigit__lang_1f_binaryToHexDigit_line300,m02,1,1,2,False
lang_1f_binaryToHexDigit__line300_365,qwen2.5-coder:14b,batch06__Lang_1__binaryToHexDigit__lang_1f_binaryToHexDigit_line300,m03,1,2,2,False
lang_1f_binaryToHexDigit__line300_365,qwen2.5-coder:14b,batch06__Lang_1__binaryToHexDigit__lang_1f_binaryToHexDigit_line300,m05,1,2,2,False
lang_1f_binaryToHexDigit__line300_365,qwen2.5-coder:14b,batch06__Lang_1__binaryToHexDigit__lang_1f_binaryToHexDigit_line300,m06,1,2,2,False
lang_1f_binaryToHexDigit__line300_365,qwen2.5-coder:14b,batch06__Lang_1__binaryToHexDigit__lang_1f_binaryToHexDigit_line300,m07,1,2,2,False
lang_1f_binaryToHexDigit__line300_365,qwen2.5-coder:14b,batch06__Lang_1__binaryToHexDigit__lang_1f_binaryToHexDigit_line300,m08,1,2,2,False
lang_1f_format__line414_467,qwen2.5-coder:14b,batch06__Lang_1__format__lang_1f_format_line414,m07,1,6,15,False
lang_1f_hexDigitMsb0ToBinary__line220_265,qwen2.5-coder:14b,batch06__Lang_1__hexDigitMsb0ToBinary__lang_1f_hexDigitMsb0ToBinary_line220,m01,1,1,1,False
lang_1f_hexDigitMsb0ToBinary__line220_265,qwen2.5-coder:14b,batch06__Lang_1__hexDigitMsb0ToBinary__lang_1f_hexDigitMsb0ToBinary_line220,m02,1,1,1,False
lang_1f_hexDigitMsb0ToBinary__line220_265,qwen2.5-coder:14b,batch06__Lang_1__hexDigitMsb0ToBinary__lang_1f_hexDigitMsb0ToBinary_line220,m03,1,1,1,False
lang_1f_hexDigitMsb0ToBinary__line220_265,qwen2.5-coder:14b,batch06__Lang_1__hexDigitMsb0ToBinary__lang_1f_hexDigitMsb0ToBinary_line220,m04,1,1,1,False
lang_1f_hexDigitMsb0ToBinary__line220_265,qwen2.5-coder:14b,batch06__Lang_1__hexDigitMsb0ToBinary__lang_1f_hexDigitMsb0ToBinary_line220,m08,1,1,1,False
lang_36f_appendInternal__line454_551,qwen2.5-coder:14b,batch06__Lang_36__appendInternal__lang_36f_appendInternal_line454,m01,1,9,111,False
lang_36f_appendInternal__line454_551,qwen2.5-coder:14b,batch06__Lang_36__appendInternal__lang_36f_appendInternal_line454,m02,0,0,111,n/a
lang_36f_appendInternal__line454_551,qwen2.5-coder:14b,batch06__Lang_36__appendInternal__lang_36f_appendInternal_line454,m03,1,7,111,False
lang_36f_appendInternal__line454_551,qwen2.5-coder:14b,batch06__Lang_36__appendInternal__lang_36f_appendInternal_line454,m04,1,7,111,False
lang_36f_appendInternal__line454_551,qwen2.5-coder:14b,batch06__Lang_36__appendInternal__lang_36f_appendInternal_line454,m05,1,15,111,False
lang_36f_appendInternal__line454_551,qwen2.5-coder:14b,batch06__Lang_36__appendInternal__lang_36f_appendInternal_line454,m06,1,7,111,False
lang_36f_appendInternal__line454_551,qwen2.5-coder:14b,batch06__Lang_36__appendInternal__lang_36f_appendInternal_line454,m07,1,61,111,False
lang_36f_appendInternal__line454_551,qwen2.5-coder:14b,batch06__Lang_36__appendInternal__lang_36f_appendInternal_line454,m08,1,77,111,False
lang_36f_append__line367_409,qwen2.5-coder:14b,batch06__Lang_36__append__lang_36f_append_line367,m01,1,29,45,False
lang_36f_append__line367_409,qwen2.5-coder:14b,batch06__Lang_36__append__lang_36f_append_line367,m02,1,34,45,False
lang_36f_append__line367_409,qwen2.5-coder:14b,batch06__Lang_36__append__lang_36f_append_line367,m03,1,14,45,False
lang_36f_append__line367_409,qwen2.5-coder:14b,batch06__Lang_36__append__lang_36f_append_line367,m04,1,2,45,False
lang_36f_append__line367_409,qwen2.5-coder:14b,batch06__Lang_36__append__lang_36f_append_line367,m05,1,6,45,False
lang_36f_append__line367_409,qwen2.5-coder:14b,batch06__Lang_36__append__lang_36f_append_line367,m06,1,4,45,False
lang_36f_append__line367_409,qwen2.5-coder:14b,batch06__Lang_36__append__lang_36f_append_line367,m07,1,4,45,False
lang_36f_append__line367_409,qwen2.5-coder:14b,batch06__Lang_36__append__lang_36f_append_line367,m08,1,2,45,False
lang_37f_append__line441_491,qwen2.5-coder:14b,batch06__Lang_37__append__lang_37f_append_line441,m01,1,3,29,False
lang_37f_append__line441_491,qwen2.5-coder:14b,batch06__Lang_37__append__lang_37f_append_line441,m02,1,9,29,False
lang_37f_append__line441_491,qwen2.5-coder:14b,batch06__Lang_37__append__lang_37f_append_line441,m03,1,29,29,False
lang_37f_append__line441_491,qwen2.5-coder:14b,batch06__Lang_37__append__lang_37f_append_line441,m04,1,3,29,False
lang_37f_append__line441_491,qwen2.5-coder:14b,batch06__Lang_37__append__lang_37f_append_line441,m05,0,0,29,n/a
lang_37f_append__line441_491,qwen2.5-coder:14b,batch06__Lang_37__append__lang_37f_append_line441,m06,1,1,29,False
lang_37f_append__line441_491,qwen2.5-coder:14b,batch06__Lang_37__append__lang_37f_append_line441,m07,1,1,29,False
lang_37f_append__line441_491,qwen2.5-coder:14b,batch06__Lang_37__append__lang_37f_append_line441,m08,1,29,29,False
lang_40f_random__line225_284,qwen2.5-coder:14b,batch06__Lang_40__random__lang_40f_random_line225,m01,1,1,3,False
lang_40f_random__line225_284,qwen2.5-coder:14b,batch06__Lang_40__random__lang_40f_random_line225,m02,1,1,3,False
lang_40f_random__line225_284,qwen2.5-coder:14b,batch06__Lang_40__random__lang_40f_random_line225,m03,0,0,3,n/a
lang_40f_random__line225_284,qwen2.5-coder:14b,batch06__Lang_40__random__lang_40f_random_line225,m04,0,0,3,n/a
lang_40f_random__line225_284,qwen2.5-coder:14b,batch06__Lang_40__random__lang_40f_random_line225,m06,1,1,3,False
lang_40f_random__line225_284,qwen2.5-coder:14b,batch06__Lang_40__random__lang_40f_random_line225,m08,1,1,3,False
lang_5f_isNumber__line1310_1410,qwen2.5-coder:14b,batch06__Lang_5__isNumber__lang_5f_isNumber_line1310,m01,1,1,1,False
lang_5f_isNumber__line1310_1410,qwen2.5-coder:14b,batch06__Lang_5__isNumber__lang_5f_isNumber_line1310,m02,1,1,1,False
lang_5f_isNumber__line1310_1410,qwen2.5-coder:14b,batch06__Lang_5__isNumber__lang_5f_isNumber_line1310,m03,0,0,1,n/a
lang_5f_isNumber__line1310_1410,qwen2.5-coder:14b,batch06__Lang_5__isNumber__lang_5f_isNumber_line1310,m04,1,1,1,False
lang_5f_isNumber__line1310_1410,qwen2.5-coder:14b,batch06__Lang_5__isNumber__lang_5f_isNumber_line1310,m06,1,1,1,False
lang_5f_isNumber__line1310_1410,qwen2.5-coder:14b,batch06__Lang_5__isNumber__lang_5f_isNumber_line1310,m08,1,1,1,False
lang_60f_format__line373_426,qwen2.5-coder:14b,batch06__Lang_60__format__lang_60f_format_line373,m01,1,9,11,False
lang_64f_append__line403_452,qwen2.5-coder:14b,batch06__Lang_64__append__lang_64f_append_line403,m01,1,29,29,False
lang_64f_append__line403_452,qwen2.5-coder:14b,batch06__Lang_64__append__lang_64f_append_line403,m02,1,29,29,False
lang_64f_append__line403_452,qwen2.5-coder:14b,batch06__Lang_64__append__lang_64f_append_line403,m03,1,3,29,False
lang_64f_append__line403_452,qwen2.5-coder:14b,batch06__Lang_64__append__lang_64f_append_line403,m04,1,3,29,False
lang_64f_append__line403_452,qwen2.5-coder:14b,batch06__Lang_64__append__lang_64f_append_line403,m05,1,22,29,False
lang_64f_append__line403_452,qwen2.5-coder:14b,batch06__Lang_64__append__lang_64f_append_line403,m06,0,0,29,n/a
lang_64f_append__line403_452,qwen2.5-coder:14b,batch06__Lang_64__append__lang_64f_append_line403,m07,1,9,29,False
lang_64f_append__line403_452,qwen2.5-coder:14b,batch06__Lang_64__append__lang_64f_append_line403,m08,1,1,29,False
math_15f_insertEdges__line232_320,qwen2.5-coder:14b,batch06__Math_15__insertEdges__math_15f_insertEdges_line232,m01,0,0,3,n/a
math_15f_insertEdges__line232_320,qwen2.5-coder:14b,batch06__Math_15__insertEdges__math_15f_insertEdges_line232,m02,0,0,3,n/a
math_15f_insertEdges__line232_320,qwen2.5-coder:14b,batch06__Math_15__insertEdges__math_15f_insertEdges_line232,m03,0,0,3,n/a
math_15f_insertEdges__line232_320,qwen2.5-coder:14b,batch06__Math_15__insertEdges__math_15f_insertEdges_line232,m04,1,2,3,False
math_15f_insertEdges__line232_320,qwen2.5-coder:14b,batch06__Math_15__insertEdges__math_15f_insertEdges_line232,m05,1,3,3,False
math_15f_insertEdges__line232_320,qwen2.5-coder:14b,batch06__Math_15__insertEdges__math_15f_insertEdges_line232,m07,1,1,3,False
math_15f_insertEdges__line232_320,qwen2.5-coder:14b,batch06__Math_15__insertEdges__math_15f_insertEdges_line232,m08,1,2,3,False
math_23f_copy__line668_739,qwen2.5-coder:14b,batch06__Math_23__copy__math_23f_copy_line668,m01,0,0,3,n/a
math_23f_copy__line668_739,qwen2.5-coder:14b,batch06__Math_23__copy__math_23f_copy_line668,m02,1,3,3,True
math_23f_copy__line668_739,qwen2.5-coder:14b,batch06__Math_23__copy__math_23f_copy_line668,m03,1,1,3,False
math_23f_copy__line668_739,qwen2.5-coder:14b,batch06__Math_23__copy__math_23f_copy_line668,m04,0,0,3,n/a
math_23f_copy__line668_739,qwen2.5-coder:14b,batch06__Math_23__copy__math_23f_copy_line668,m05,0,0,3,n/a
math_23f_copy__line668_739,qwen2.5-coder:14b,batch06__Math_23__copy__math_23f_copy_line668,m06,0,0,3,n/a
math_23f_copy__line668_739,qwen2.5-coder:14b,batch06__Math_23__copy__math_23f_copy_line668,m07,0,0,3,n/a
math_23f_copy__line668_739,qwen2.5-coder:14b,batch06__Math_23__copy__math_23f_copy_line668,m08,0,0,3,n/a
math_36f_compareTo__line247_287,qwen2.5-coder:14b,batch06__Math_36__compareTo__math_36f_compareTo_line247,m01,0,0,18,n/a
math_36f_compareTo__line247_287,qwen2.5-coder:14b,batch06__Math_36__compareTo__math_36f_compareTo_line247,m02,0,0,18,n/a
math_36f_compareTo__line247_287,qwen2.5-coder:14b,batch06__Math_36__compareTo__math_36f_compareTo_line247,m03,0,0,18,n/a
math_36f_compareTo__line247_287,qwen2.5-coder:14b,batch06__Math_36__compareTo__math_36f_compareTo_line247,m04,0,0,18,n/a
math_36f_compareTo__line247_287,qwen2.5-coder:14b,batch06__Math_36__compareTo__math_36f_compareTo_line247,m05,0,0,18,n/a
math_36f_compareTo__line247_287,qwen2.5-coder:14b,batch06__Math_36__compareTo__math_36f_compareTo_line247,m06,0,0,18,n/a
math_36f_compareTo__line247_287,qwen2.5-coder:14b,batch06__Math_36__compareTo__math_36f_compareTo_line247,m07,1,9,18,False
math_36f_compareTo__line247_287,qwen2.5-coder:14b,batch06__Math_36__compareTo__math_36f_compareTo_line247,m08,0,0,18,n/a
math_36f_recurseSides__line436_510,qwen2.5-coder:14b,batch06__Math_36__recurseSides__math_36f_recurseSides_line436,m01,0,0,22,n/a
math_36f_recurseSides__line436_510,qwen2.5-coder:14b,batch06__Math_36__recurseSides__math_36f_recurseSides_line436,m03,0,0,22,n/a
math_36f_recurseSides__line436_510,qwen2.5-coder:14b,batch06__Math_36__recurseSides__math_36f_recurseSides_line436,m04,0,0,22,n/a
math_36f_recurseSides__line436_510,qwen2.5-coder:14b,batch06__Math_36__recurseSides__math_36f_recurseSides_line436,m05,1,7,22,False
math_36f_recurseSides__line436_510,qwen2.5-coder:14b,batch06__Math_36__recurseSides__math_36f_recurseSides_line436,m06,1,4,22,False
math_36f_recurseSides__line436_510,qwen2.5-coder:14b,batch06__Math_36__recurseSides__math_36f_recurseSides_line436,m07,1,1,22,False
math_36f_recurseSides__line436_510,qwen2.5-coder:14b,batch06__Math_36__recurseSides__math_36f_recurseSides_line436,m08,0,0,22,n/a
math_43f_regress__line759_823,qwen2.5-coder:14b,batch06__Math_43__regress__math_43f_regress_line759,m03,0,0,1,n/a
math_43f_regress__line759_823,qwen2.5-coder:14b,batch06__Math_43__regress__math_43f_regress_line759,m04,0,0,1,n/a
math_43f_regress__line759_823,qwen2.5-coder:14b,batch06__Math_43__regress__math_43f_regress_line759,m05,0,0,1,n/a
math_43f_regress__line759_823,qwen2.5-coder:14b,batch06__Math_43__regress__math_43f_regress_line759,m06,0,0,1,n/a
math_43f_regress__line759_823,qwen2.5-coder:14b,batch06__Math_43__regress__math_43f_regress_line759,m07,0,0,1,n/a
math_45f_scalb__line3036_3112,qwen2.5-coder:14b,batch06__Math_45__scalb__math_45f_scalb_line3036,m01,0,0,42,n/a
math_45f_scalb__line3036_3112,qwen2.5-coder:14b,batch06__Math_45__scalb__math_45f_scalb_line3036,m02,1,1,42,False
math_45f_scalb__line3036_3112,qwen2.5-coder:14b,batch06__Math_45__scalb__math_45f_scalb_line3036,m03,1,1,42,False
math_45f_scalb__line3036_3112,qwen2.5-coder:14b,batch06__Math_45__scalb__math_45f_scalb_line3036,m04,0,0,42,n/a
math_45f_scalb__line3036_3112,qwen2.5-coder:14b,batch06__Math_45__scalb__math_45f_scalb_line3036,m05,0,0,42,n/a
math_45f_scalb__line3036_3112,qwen2.5-coder:14b,batch06__Math_45__scalb__math_45f_scalb_line3036,m06,1,1,42,False
math_45f_scalb__line3036_3112,qwen2.5-coder:14b,batch06__Math_45__scalb__math_45f_scalb_line3036,m07,1,1,42,False
math_45f_scalb__line3036_3112,qwen2.5-coder:14b,batch06__Math_45__scalb__math_45f_scalb_line3036,m08,1,1,42,False
math_55f_round__line1330_1403,qwen2.5-coder:14b,batch06__Math_55__round__math_55f_round_line1330,m01,1,2,62,False
math_55f_round__line1330_1403,qwen2.5-coder:14b,batch06__Math_55__round__math_55f_round_line1330,m02,1,2,62,False
math_55f_round__line1330_1403,qwen2.5-coder:14b,batch06__Math_55__round__math_55f_round_line1330,m03,1,2,62,False
math_55f_round__line1330_1403,qwen2.5-coder:14b,batch06__Math_55__round__math_55f_round_line1330,m04,1,2,62,False
math_55f_round__line1330_1403,qwen2.5-coder:14b,batch06__Math_55__round__math_55f_round_line1330,m05,1,4,62,False
math_55f_round__line1330_1403,qwen2.5-coder:14b,batch06__Math_55__round__math_55f_round_line1330,m06,1,2,62,False
math_55f_round__line1330_1403,qwen2.5-coder:14b,batch06__Math_55__round__math_55f_round_line1330,m07,1,2,62,False
math_55f_round__line1330_1403,qwen2.5-coder:14b,batch06__Math_55__round__math_55f_round_line1330,m08,1,2,62,False
math_79f_evaluateStep__line166_260,qwen2.5-coder:14b,batch06__Math_79__evaluateStep__math_79f_evaluateStep_line166,m01,0,0,87,n/a
math_79f_evaluateStep__line166_260,qwen2.5-coder:14b,batch06__Math_79__evaluateStep__math_79f_evaluateStep_line166,m02,0,0,87,n/a
math_79f_evaluateStep__line166_260,qwen2.5-coder:14b,batch06__Math_79__evaluateStep__math_79f_evaluateStep_line166,m03,0,0,87,n/a
math_79f_evaluateStep__line166_260,qwen2.5-coder:14b,batch06__Math_79__evaluateStep__math_79f_evaluateStep_line166,m04,0,0,87,n/a
math_79f_evaluateStep__line166_260,qwen2.5-coder:14b,batch06__Math_79__evaluateStep__math_79f_evaluateStep_line166,m05,0,0,87,n/a
math_79f_evaluateStep__line166_260,qwen2.5-coder:14b,batch06__Math_79__evaluateStep__math_79f_evaluateStep_line166,m06,0,0,87,n/a
math_79f_evaluateStep__line166_260,qwen2.5-coder:14b,batch06__Math_79__evaluateStep__math_79f_evaluateStep_line166,m07,1,83,87,False
math_79f_evaluateStep__line166_260,qwen2.5-coder:14b,batch06__Math_79__evaluateStep__math_79f_evaluateStep_line166,m08,0,0,87,n/a
math_82f_roundUnscaled__line1074_1154,qwen2.5-coder:14b,batch06__Math_82__roundUnscaled__math_82f_roundUnscaled_line1074,m01,1,1,1,False
math_82f_roundUnscaled__line1074_1154,qwen2.5-coder:14b,batch06__Math_82__roundUnscaled__math_82f_roundUnscaled_line1074,m02,1,1,1,False
math_82f_roundUnscaled__line1074_1154,qwen2.5-coder:14b,batch06__Math_82__roundUnscaled__math_82f_roundUnscaled_line1074,m03,1,1,1,False
math_82f_roundUnscaled__line1074_1154,qwen2.5-coder:14b,batch06__Math_82__roundUnscaled__math_82f_roundUnscaled_line1074,m04,1,1,1,False
math_82f_roundUnscaled__line1074_1154,qwen2.5-coder:14b,batch06__Math_82__roundUnscaled__math_82f_roundUnscaled_line1074,m05,1,1,1,False
math_82f_roundUnscaled__line1074_1154,qwen2.5-coder:14b,batch06__Math_82__roundUnscaled__math_82f_roundUnscaled_line1074,m06,1,1,1,False
math_82f_roundUnscaled__line1074_1154,qwen2.5-coder:14b,batch06__Math_82__roundUnscaled__math_82f_roundUnscaled_line1074,m07,1,1,1,False
math_82f_roundUnscaled__line1074_1154,qwen2.5-coder:14b,batch06__Math_82__roundUnscaled__math_82f_roundUnscaled_line1074,m08,1,1,1,False
math_85f_dqd__line1318_1411,qwen2.5-coder:14b,batch06__Math_85__dqd__math_85f_dqd_line1318,m01,1,3,15,False
math_85f_dqd__line1318_1411,qwen2.5-coder:14b,batch06__Math_85__dqd__math_85f_dqd_line1318,m02,1,12,15,False
math_85f_dqd__line1318_1411,qwen2.5-coder:14b,batch06__Math_85__dqd__math_85f_dqd_line1318,m03,1,13,15,False
math_85f_dqd__line1318_1411,qwen2.5-coder:14b,batch06__Math_85__dqd__math_85f_dqd_line1318,m04,0,0,15,n/a
math_85f_dqd__line1318_1411,qwen2.5-coder:14b,batch06__Math_85__dqd__math_85f_dqd_line1318,m05,0,0,15,n/a
math_85f_dqd__line1318_1411,qwen2.5-coder:14b,batch06__Math_85__dqd__math_85f_dqd_line1318,m06,0,0,15,n/a
math_85f_dqd__line1318_1411,qwen2.5-coder:14b,batch06__Math_85__dqd__math_85f_dqd_line1318,m07,0,0,15,n/a
math_85f_dqd__line1318_1411,qwen2.5-coder:14b,batch06__Math_85__dqd__math_85f_dqd_line1318,m08,1,13,15,False
math_92f_localMin__line103_201,qwen2.5-coder:14b,batch06__Math_92__localMin__math_92f_localMin_line103,m01,1,3,3,False
math_92f_localMin__line103_201,qwen2.5-coder:14b,batch06__Math_92__localMin__math_92f_localMin_line103,m02,1,3,3,False
math_92f_localMin__line103_201,qwen2.5-coder:14b,batch06__Math_92__localMin__math_92f_localMin_line103,m03,0,0,3,n/a
math_92f_localMin__line103_201,qwen2.5-coder:14b,batch06__Math_92__localMin__math_92f_localMin_line103,m04,1,3,3,False
math_92f_localMin__line103_201,qwen2.5-coder:14b,batch06__Math_92__localMin__math_92f_localMin_line103,m06,1,3,3,True
math_92f_localMin__line103_201,qwen2.5-coder:14b,batch06__Math_92__localMin__math_92f_localMin_line103,m07,0,0,3,n/a
math_92f_localMin__line103_201,qwen2.5-coder:14b,batch06__Math_92__localMin__math_92f_localMin_line103,m08,0,0,3,n/a
mockito_1f_append__line332_378,qwen2.5-coder:14b,batch06__Mockito_1__append__mockito_1f_append_line332,m01,0,0,36,n/a
mockito_1f_append__line332_378,qwen2.5-coder:14b,batch06__Mockito_1__append__mockito_1f_append_line332,m02,1,30,36,False
mockito_1f_append__line332_378,qwen2.5-coder:14b,batch06__Mockito_1__append__mockito_1f_append_line332,m03,1,1,36,False
mockito_1f_append__line332_378,qwen2.5-coder:14b,batch06__Mockito_1__append__mockito_1f_append_line332,m04,1,13,36,False
mockito_1f_append__line332_378,qwen2.5-coder:14b,batch06__Mockito_1__append__mockito_1f_append_line332,m06,1,4,36,False
mockito_1f_append__line332_378,qwen2.5-coder:14b,batch06__Mockito_1__append__mockito_1f_append_line332,m07,1,2,36,False
mockito_1f_binaryOperation__line224_294,qwen2.5-coder:14b,batch06__Mockito_1__binaryOperation__mockito_1f_binaryOperation_line224,m01,0,0,1,n/a
mockito_1f_binaryOperation__line224_294,qwen2.5-coder:14b,batch06__Mockito_1__binaryOperation__mockito_1f_binaryOperation_line224,m02,0,0,1,n/a
mockito_1f_binaryOperation__line224_294,qwen2.5-coder:14b,batch06__Mockito_1__binaryOperation__mockito_1f_binaryOperation_line224,m03,0,0,1,n/a
mockito_1f_binaryOperation__line224_294,qwen2.5-coder:14b,batch06__Mockito_1__binaryOperation__mockito_1f_binaryOperation_line224,m04,0,0,1,n/a
mockito_1f_binaryOperation__line224_294,qwen2.5-coder:14b,batch06__Mockito_1__binaryOperation__mockito_1f_binaryOperation_line224,m05,0,0,1,n/a
mockito_1f_binaryOperation__line224_294,qwen2.5-coder:14b,batch06__Mockito_1__binaryOperation__mockito_1f_binaryOperation_line224,m06,0,0,1,n/a
mockito_1f_binaryOperation__line224_294,qwen2.5-coder:14b,batch06__Mockito_1__binaryOperation__mockito_1f_binaryOperation_line224,m07,0,0,1,n/a
mockito_1f_binaryOperation__line224_294,qwen2.5-coder:14b,batch06__Mockito_1__binaryOperation__mockito_1f_binaryOperation_line224,m08,0,0,1,n/a
mockito_1f_cast_numeric__line252_297,qwen2.5-coder:14b,batch06__Mockito_1__cast_numeric__mockito_1f_cast_numeric_line252,m01,0,0,1,n/a
mockito_1f_cast_numeric__line252_297,qwen2.5-coder:14b,batch06__Mockito_1__cast_numeric__mockito_1f_cast_numeric_line252,m02,0,0,1,n/a
mockito_1f_cast_numeric__line252_297,qwen2.5-coder:14b,batch06__Mockito_1__cast_numeric__mockito_1f_cast_numeric_line252,m03,0,0,1,n/a
mockito_1f_cast_numeric__line252_297,qwen2.5-coder:14b,batch06__Mockito_1__cast_numeric__mockito_1f_cast_numeric_line252,m04,0,0,1,n/a
mockito_1f_cast_numeric__line252_297,qwen2.5-coder:14b,batch06__Mockito_1__cast_numeric__mockito_1f_cast_numeric_line252,m05,0,0,1,n/a
mockito_1f_cast_numeric__line252_297,qwen2.5-coder:14b,batch06__Mockito_1__cast_numeric__mockito_1f_cast_numeric_line252,m06,0,0,1,n/a
mockito_1f_cast_numeric__line252_297,qwen2.5-coder:14b,batch06__Mockito_1__cast_numeric__mockito_1f_cast_numeric_line252,m07,0,0,1,n/a
mockito_1f_cast_numeric__line252_297,qwen2.5-coder:14b,batch06__Mockito_1__cast_numeric__mockito_1f_cast_numeric_line252,m08,0,0,1,n/a
mockito_1f_merge__line1340_1401,qwen2.5-coder:14b,batch06__Mockito_1__merge__mockito_1f_merge_line1340,m01,0,0,1,n/a
mockito_1f_merge__line1340_1401,qwen2.5-coder:14b,batch06__Mockito_1__merge__mockito_1f_merge_line1340,m02,0,0,1,n/a
mockito_1f_merge__line1340_1401,qwen2.5-coder:14b,batch06__Mockito_1__merge__mockito_1f_merge_line1340,m03,0,0,1,n/a
mockito_1f_merge__line1340_1401,qwen2.5-coder:14b,batch06__Mockito_1__merge__mockito_1f_merge_line1340,m04,0,0,1,n/a
mockito_1f_merge__line1340_1401,qwen2.5-coder:14b,batch06__Mockito_1__merge__mockito_1f_merge_line1340,m06,0,0,1,n/a
mockito_1f_merge__line1340_1401,qwen2.5-coder:14b,batch06__Mockito_1__merge__mockito_1f_merge_line1340,m07,0,0,1,n/a
mockito_1f_merge__line1340_1401,qwen2.5-coder:14b,batch06__Mockito_1__merge__mockito_1f_merge_line1340,m08,0,0,1,n/a
mockito_1f_newOperation__line79_128,qwen2.5-coder:14b,batch06__Mockito_1__newOperation__mockito_1f_newOperation_line79,m01,0,0,1,n/a
mockito_1f_newOperation__line79_128,qwen2.5-coder:14b,batch06__Mockito_1__newOperation__mockito_1f_newOperation_line79,m02,0,0,1,n/a
mockito_1f_newOperation__line79_128,qwen2.5-coder:14b,batch06__Mockito_1__newOperation__mockito_1f_newOperation_line79,m03,0,0,1,n/a
mockito_1f_newOperation__line79_128,qwen2.5-coder:14b,batch06__Mockito_1__newOperation__mockito_1f_newOperation_line79,m04,0,0,1,n/a
mockito_1f_newOperation__line79_128,qwen2.5-coder:14b,batch06__Mockito_1__newOperation__mockito_1f_newOperation_line79,m05,0,0,1,n/a
mockito_1f_newOperation__line79_128,qwen2.5-coder:14b,batch06__Mockito_1__newOperation__mockito_1f_newOperation_line79,m06,0,0,1,n/a
mockito_1f_newOperation__line79_128,qwen2.5-coder:14b,batch06__Mockito_1__newOperation__mockito_1f_newOperation_line79,m07,0,0,1,n/a
mockito_1f_newOperation__line79_128,qwen2.5-coder:14b,batch06__Mockito_1__newOperation__mockito_1f_newOperation_line79,m08,0,0,1,n/a
mockito_1f_parseType__line140_228,qwen2.5-coder:14b,batch06__Mockito_1__parseType__mockito_1f_parseType_line140,m01,0,0,1,n/a
mockito_1f_parseType__line140_228,qwen2.5-coder:14b,batch06__Mockito_1__parseType__mockito_1f_parseType_line140,m02,0,0,1,n/a
mockito_1f_parseType__line140_228,qwen2.5-coder:14b,batch06__Mockito_1__parseType__mockito_1f_parseType_line140,m03,0,0,1,n/a
mockito_1f_parseType__line140_228,qwen2.5-coder:14b,batch06__Mockito_1__parseType__mockito_1f_parseType_line140,m04,0,0,1,n/a
mockito_1f_parseType__line140_228,qwen2.5-coder:14b,batch06__Mockito_1__parseType__mockito_1f_parseType_line140,m05,0,0,1,n/a
mockito_1f_parseType__line140_228,qwen2.5-coder:14b,batch06__Mockito_1__parseType__mockito_1f_parseType_line140,m06,0,0,1,n/a
mockito_1f_parseType__line140_228,qwen2.5-coder:14b,batch06__Mockito_1__parseType__mockito_1f_parseType_line140,m07,0,0,1,n/a
mockito_1f_parseType__line140_228,qwen2.5-coder:14b,batch06__Mockito_1__parseType__mockito_1f_parseType_line140,m08,0,0,1,n/a
mockito_1f_unaryOperation__line136_222,qwen2.5-coder:14b,batch06__Mockito_1__unaryOperation__mockito_1f_unaryOperation_line136,m01,0,0,1,n/a
mockito_1f_unaryOperation__line136_222,qwen2.5-coder:14b,batch06__Mockito_1__unaryOperation__mockito_1f_unaryOperation_line136,m02,0,0,1,n/a
mockito_1f_unaryOperation__line136_222,qwen2.5-coder:14b,batch06__Mockito_1__unaryOperation__mockito_1f_unaryOperation_line136,m03,0,0,1,n/a
mockito_1f_unaryOperation__line136_222,qwen2.5-coder:14b,batch06__Mockito_1__unaryOperation__mockito_1f_unaryOperation_line136,m04,0,0,1,n/a
mockito_1f_unaryOperation__line136_222,qwen2.5-coder:14b,batch06__Mockito_1__unaryOperation__mockito_1f_unaryOperation_line136,m05,0,0,1,n/a
mockito_1f_unaryOperation__line136_222,qwen2.5-coder:14b,batch06__Mockito_1__unaryOperation__mockito_1f_unaryOperation_line136,m06,0,0,1,n/a
mockito_1f_unaryOperation__line136_222,qwen2.5-coder:14b,batch06__Mockito_1__unaryOperation__mockito_1f_unaryOperation_line136,m07,0,0,1,n/a
mockito_1f_unaryOperation__line136_222,qwen2.5-coder:14b,batch06__Mockito_1__unaryOperation__mockito_1f_unaryOperation_line136,m08,0,0,1,n/a
mockito_1f_visitJumpInsn__line856_945,qwen2.5-coder:14b,batch06__Mockito_1__visitJumpInsn__mockito_1f_visitJumpInsn_line856,m01,0,0,1,n/a
mockito_1f_visitJumpInsn__line856_945,qwen2.5-coder:14b,batch06__Mockito_1__visitJumpInsn__mockito_1f_visitJumpInsn_line856,m02,0,0,1,n/a
mockito_1f_visitJumpInsn__line856_945,qwen2.5-coder:14b,batch06__Mockito_1__visitJumpInsn__mockito_1f_visitJumpInsn_line856,m03,0,0,1,n/a
mockito_1f_visitJumpInsn__line856_945,qwen2.5-coder:14b,batch06__Mockito_1__visitJumpInsn__mockito_1f_visitJumpInsn_line856,m04,0,0,1,n/a
mockito_1f_visitJumpInsn__line856_945,qwen2.5-coder:14b,batch06__Mockito_1__visitJumpInsn__mockito_1f_visitJumpInsn_line856,m05,0,0,1,n/a
mockito_1f_visitJumpInsn__line856_945,qwen2.5-coder:14b,batch06__Mockito_1__visitJumpInsn__mockito_1f_visitJumpInsn_line856,m06,0,0,1,n/a
mockito_1f_visitJumpInsn__line856_945,qwen2.5-coder:14b,batch06__Mockito_1__visitJumpInsn__mockito_1f_visitJumpInsn_line856,m07,0,0,1,n/a
mockito_1f_visitJumpInsn__line856_945,qwen2.5-coder:14b,batch06__Mockito_1__visitJumpInsn__mockito_1f_visitJumpInsn_line856,m08,0,0,1,n/a
mockito_1f_visit__line64_151,qwen2.5-coder:14b,batch06__Mockito_1__visit__mockito_1f_visit_line64,m01,0,0,1,n/a
mockito_1f_visit__line64_151,qwen2.5-coder:14b,batch06__Mockito_1__visit__mockito_1f_visit_line64,m02,0,0,1,n/a
mockito_1f_visit__line64_151,qwen2.5-coder:14b,batch06__Mockito_1__visit__mockito_1f_visit_line64,m03,0,0,1,n/a
mockito_1f_visit__line64_151,qwen2.5-coder:14b,batch06__Mockito_1__visit__mockito_1f_visit_line64,m04,0,0,1,n/a
mockito_1f_visit__line64_151,qwen2.5-coder:14b,batch06__Mockito_1__visit__mockito_1f_visit_line64,m06,0,0,1,n/a
mockito_1f_visit__line64_151,qwen2.5-coder:14b,batch06__Mockito_1__visit__mockito_1f_visit_line64,m07,0,0,1,n/a
mockito_25f_returnValueFor__line70_108,qwen2.5-coder:14b,batch06__Mockito_25__returnValueFor__mockito_25f_returnValueFor_line70,m01,1,5,540,False
mockito_25f_returnValueFor__line70_108,qwen2.5-coder:14b,batch06__Mockito_25__returnValueFor__mockito_25f_returnValueFor_line70,m02,0,0,540,n/a
mockito_25f_returnValueFor__line70_108,qwen2.5-coder:14b,batch06__Mockito_25__returnValueFor__mockito_25f_returnValueFor_line70,m03,0,0,540,n/a
mockito_25f_returnValueFor__line70_108,qwen2.5-coder:14b,batch06__Mockito_25__returnValueFor__mockito_25f_returnValueFor_line70,m04,0,0,540,n/a
mockito_25f_returnValueFor__line70_108,qwen2.5-coder:14b,batch06__Mockito_25__returnValueFor__mockito_25f_returnValueFor_line70,m05,1,1,540,False
mockito_25f_returnValueFor__line70_108,qwen2.5-coder:14b,batch06__Mockito_25__returnValueFor__mockito_25f_returnValueFor_line70,m06,0,0,540,n/a
mockito_25f_returnValueFor__line70_108,qwen2.5-coder:14b,batch06__Mockito_25__returnValueFor__mockito_25f_returnValueFor_line70,m07,0,0,540,n/a
mockito_25f_returnValueFor__line70_108,qwen2.5-coder:14b,batch06__Mockito_25__returnValueFor__mockito_25f_returnValueFor_line70,m08,1,1,540,False
mockito_38f_matches__line18_42,qwen2.5-coder:14b,batch06__Mockito_38__matches__mockito_38f_matches_line18,m01,1,1,4,False
mockito_38f_matches__line18_42,qwen2.5-coder:14b,batch06__Mockito_38__matches__mockito_38f_matches_line18,m02,1,2,4,False
mockito_38f_matches__line18_42,qwen2.5-coder:14b,batch06__Mockito_38__matches__mockito_38f_matches_line18,m03,1,1,4,False
mockito_38f_matches__line18_42,qwen2.5-coder:14b,batch06__Mockito_38__matches__mockito_38f_matches_line18,m04,1,1,4,False
mockito_38f_matches__line18_42,qwen2.5-coder:14b,batch06__Mockito_38__matches__mockito_38f_matches_line18,m05,1,1,4,False
mockito_38f_matches__line18_42,qwen2.5-coder:14b,batch06__Mockito_38__matches__mockito_38f_matches_line18,m06,1,1,4,False
mockito_38f_matches__line18_42,qwen2.5-coder:14b,batch06__Mockito_38__matches__mockito_38f_matches_line18,m07,1,1,4,False
mockito_38f_matches__line18_42,qwen2.5-coder:14b,batch06__Mockito_38__matches__mockito_38f_matches_line18,m08,1,1,4,False
time_1f_selectSlow__line242_316,qwen2.5-coder:14b,batch06__Time_1__selectSlow__time_1f_selectSlow_line242,m01,1,54,416,False
time_1f_selectSlow__line242_316,qwen2.5-coder:14b,batch06__Time_1__selectSlow__time_1f_selectSlow_line242,m02,1,143,416,False
time_1f_selectSlow__line242_316,qwen2.5-coder:14b,batch06__Time_1__selectSlow__time_1f_selectSlow_line242,m03,0,0,416,n/a
time_1f_selectSlow__line242_316,qwen2.5-coder:14b,batch06__Time_1__selectSlow__time_1f_selectSlow_line242,m04,1,2,416,False
time_1f_selectSlow__line242_316,qwen2.5-coder:14b,batch06__Time_1__selectSlow__time_1f_selectSlow_line242,m05,1,21,416,False
time_1f_selectSlow__line242_316,qwen2.5-coder:14b,batch06__Time_1__selectSlow__time_1f_selectSlow_line242,m06,1,2,416,False
time_1f_selectSlow__line242_316,qwen2.5-coder:14b,batch06__Time_1__selectSlow__time_1f_selectSlow_line242,m08,1,2,416,False
time_22f_compile__line366_453,qwen2.5-coder:14b,batch06__Time_22__compile__time_22f_compile_line366,m01,1,1,1,True
time_22f_compile__line366_453,qwen2.5-coder:14b,batch06__Time_22__compile__time_22f_compile_line366,m02,0,0,1,n/a
time_22f_compile__line366_453,qwen2.5-coder:14b,batch06__Time_22__compile__time_22f_compile_line366,m05,0,0,1,n/a
time_22f_compile__line366_453,qwen2.5-coder:14b,batch06__Time_22__compile__time_22f_compile_line366,m06,0,0,1,n/a
time_22f_compile__line366_453,qwen2.5-coder:14b,batch06__Time_22__compile__time_22f_compile_line366,m07,1,1,1,True
time_22f_compile__line366_453,qwen2.5-coder:14b,batch06__Time_22__compile__time_22f_compile_line366,m08,1,1,1,True
time_22f_isNumericToken__line632_664,qwen2.5-coder:14b,batch06__Time_22__isNumericToken__time_22f_isNumericToken_line632,m01,0,0,66,n/a
time_22f_isNumericToken__line632_664,qwen2.5-coder:14b,batch06__Time_22__isNumericToken__time_22f_isNumericToken_line632,m02,0,0,66,n/a
time_22f_isNumericToken__line632_664,qwen2.5-coder:14b,batch06__Time_22__isNumericToken__time_22f_isNumericToken_line632,m03,0,0,66,n/a
time_22f_isNumericToken__line632_664,qwen2.5-coder:14b,batch06__Time_22__isNumericToken__time_22f_isNumericToken_line632,m04,0,0,66,n/a
time_22f_isNumericToken__line632_664,qwen2.5-coder:14b,batch06__Time_22__isNumericToken__time_22f_isNumericToken_line632,m06,0,0,66,n/a
time_22f_isNumericToken__line632_664,qwen2.5-coder:14b,batch06__Time_22__isNumericToken__time_22f_isNumericToken_line632,m07,0,0,66,n/a
time_22f_isNumericToken__line632_664,qwen2.5-coder:14b,batch06__Time_22__isNumericToken__time_22f_isNumericToken_line632,m08,0,0,66,n/a
time_6f_time__line384_446,qwen2.5-coder:14b,batch06__Time_6__time__time_6f_time_line384,m01,1,53,86,False
time_6f_time__line384_446,qwen2.5-coder:14b,batch06__Time_6__time__time_6f_time_line384,m02,1,53,86,False
time_6f_time__line384_446,qwen2.5-coder:14b,batch06__Time_6__time__time_6f_time_line384,m03,1,53,86,False
time_6f_time__line384_446,qwen2.5-coder:14b,batch06__Time_6__time__time_6f_time_line384,m04,1,53,86,False
time_6f_time__line384_446,qwen2.5-coder:14b,batch06__Time_6__time__time_6f_time_line384,m05,1,4,86,False
time_6f_time__line384_446,qwen2.5-coder:14b,batch06__Time_6__time__time_6f_time_line384,m06,1,12,86,False
time_6f_time__line384_446,qwen2.5-coder:14b,batch06__Time_6__time__time_6f_time_line384,m07,1,6,86,False
time_6f_time__line384_446,qwen2.5-coder:14b,batch06__Time_6__time__time_6f_time_line384,m08,1,23,86,False
