dataset,subject_id,target_id,run_name,function_name,mutant_id,mutant_hash,build_status,test_status,killed,executable,log_path
defects4j,Chart_1,chart_1f_readResolve__line213_291,major_exec__major_all_supported_local_full_rerun_final_exec8__chart_1f_readResolve__line213_291,readResolve,major_1,09248c3e29d0f198d52a981cb65818129bdf7907ce3435714bd85b47558922b2,SUCCESS,FAIL,True,True,/home/francisco/mt-harness/harness/executions/java/major/execution/major_all_supported_local_full_rerun_final_exec8/runs/major_exec__major_all_supported_local_full_rerun_final_exec8__chart_1f_readResolve__line213_291/execution/major_1.log
defects4j,Chart_1,chart_1f_readResolve__line213_291,major_exec__major_all_supported_local_full_rerun_final_exec8__chart_1f_readResolve__line213_291,readResolve,major_11,4294eb9f31a6363abe32a50fd7856eeea06b3a30ec6ccd8e2b997c22aee40670,SUCCESS,FAIL,True,True,/home/francisco/mt-harness/harness/executions/java/major/execution/major_all_supported_local_full_rerun_final_exec8/runs/major_exec__major_all_supported_local_full_rerun_final_exec8__chart_1f_readResolve__line213_291/execution/major_11.log
defects4j,Chart_1,chart_1f_readResolve__line213_291,major_exec__major_all_supported_local_full_rerun_final_exec8__chart_1f_readResolve__line213_291,readResolve,major_13,fff3f2d32af072ef4854ffed43d4d3b25381491fdd3983f268996862b07198ee,SUCCESS,PASS,False,True,/home/francisco/mt-harness/harness/executions/java/major/execution/major_all_supported_local_full_rerun_final_exec8/runs/major_exec__major_all_supported_local_full_rerun_final_exec8__chart_1f_readResolve__line213_291/execution/major_13.log
defects4j,Chart_1,chart_1f_readResolve__line213_291,major_exec__major_all_supported_local_full_rerun_final_exec8__chart_1f_readResolve__line213_291,readResolve,major_15,89101fe4748d6f9903401e07383c3284ddf887c1186ed100f28a06736c2a32ea,SUCCESS,PASS,False,True,/home/francisco/mt-harness/harness/executions/java/major/execution/major_all_supported_local_full_rerun_final_exec8/runs/major_exec__major_all_supported_local_full_rerun_final_exec8__chart_1f_readResolve__line213_291/execution/major_15.log
defects4j,Chart_1,chart_1f_readResolve__line213_291,major_exec__major_all_supported_local_full_rerun_final_exec8__chart_1f_readResolve__line213_291,readResolve,major_10,25b0a6e0d4970282a6fdd7ff6f65b99cffe617e391e2b6392620571d8ea49599,SUCCESS,PASS,False,True,/home/francisco/mt-harness/harness/executions/java/major/execution/major_all_supported_local_full_rerun_final_exec8/runs/major_exec__major_all_supported_local_full_rerun_final_exec8__chart_1f_readResolve__line213_291/execution/major_10.log
defects4j,Chart_1,chart_1f_readResolve__line213_291,major_exec__major_all_supported_local_full_rerun_final_exec8__chart_1f_readResolve__line213_291,readResolve,major_12,173232fa6c0bb75ff6adee6d36ec6930438a6268ee3b67135614f851baad6e08,SUCCESS,PASS,False,True,/home/francisco/mt-harness/harness/executions/java/major/execution/major_all_supported_local_full_rerun_final_exec8/runs/major_exec__major_all_supported_local_full_rerun_final_exec8__chart_1f_readResolve__line213_291/execution/major_12.log
defects4j,Chart_1,chart_1f_readResolve__line213_291,major_exec__major_all_supported_local_full_rerun_final_exec8__chart_1f_readResolve__line213_291,readResolve,major_14,3c7a9823af32dded62f03b24017d55feb5b266678429162b88820f0b0e9664c8,SUCCESS,FAIL,True,True,/home/francisco/mt-harness/harness/executions/java/major/execution/major_all_supported_local_full_rerun_final_exec8/runs/major_exec__major_all_supported_local_full_rerun_final_exec8__chart_1f_readResolve__line213_291/execution/major_14.log
defects4j,Chart_1,chart_1f_readResolve__line213_291,major_exec__major_all_supported_local_full_rerun_final_exec8__chart_1f_readResolve__line213_291,readResolve,major_16,e64c55e9e119e3a0a6e3fd0d62227d147e045e6070c44d1f81f9c0fd4093abcd,SUCCESS,PASS,False,True,/home/francisco/mt-harness/harness/executions/java/major/execution/major_all_supported_local_full_rerun_final_exec8/runs/major_exec__major_all_supported_local_full_rerun_final_exec8__chart_1f_readResolve__line213_291/execution/major_16.log
defects4j,Closure_106,closure_106f_precedence__line605_680,major_exec__major_all_supported_local_full_rerun_final_exec8__closure_106f_precedence__line605_680,precedence,major_10,13ce47b6c71e7a90e7a5642a3718bdfacc98f283d0123e3e07fecb365c4b3f5a,SUCCESS,FAIL,True,True,/home/francisco/mt-harness/harness/executions/java/major/execution/major_all_supported_local_full_rerun_final_exec8/runs/major_exec__major_all_supported_local_full_rerun_final_exec8__closure_106f_precedence__line605_680/execution/major_10.log
defects4j,Closure_106,closure_106f_precedence__line605_680,major_exec__major_all_supported_local_full_rerun_final_exec8__closure_106f_precedence__line605_680,precedence,major_12,12e4a4a17de365a3e29c77ad3d3a262a34523ec1354e405a91b4860525bff8fe,SUCCESS,PASS,False,True,/home/francisco/mt-harness/harness/executions/java/major/execution/major_all_supported_local_full_rerun_final_exec8/runs/major_exec__major_all_supported_local_full_rerun_final_exec8__closure_106f_precedence__line605_680/execution/major_12.log
defects4j,Closure_106,closure_106f_precedence__line605_680,major_exec__major_all_supported_local_full_rerun_final_exec8__closure_106f_precedence__line605_680,precedence,major_14,1ce94a7c7fba2e1f0d2eeb129e6328642461a673732b37cf8117c6e2bf15e073,SUCCESS,PASS,False,True,/home/francisco/mt-harness/harness/executions/java/major/execution/major_all_supported_local_full_rerun_final_exec8/runs/major_exec__major_all_supported_local_full_rerun_final_exec8__closure_106f_precedence__line605_680/execution/major_14.log
defects4j,Closure_106,closure_106f_precedence__line605_680,major_exec__major_all_supported_local_full_rerun_final_exec8__closure_106f_precedence__line605_680,precedence,major_16,b705ab787e6ba59928f5a1490afe94d18c1ee61dd47686f5f4c0bc6b5f475674,SUCCESS,PASS,False,True,/home/francisco/mt-harness/harness/executions/java/major/execution/major_all_supported_local_full_rerun_final_exec8/runs/major_exec__major_all_supported_local_full_rerun_final_exec8__closure_106f_precedence__line605_680/execution/major_16.log
defects4j,Closure_106,closure_106f_precedence__line605_680,major_exec__major_all_supported_local_full_rerun_final_exec8__closure_106f_precedence__line605_680,precedence,major_1,1f1db0857cef7a19d508052e04eb87072cedc4d6b3f4da663ef7837063efdb43,SUCCESS,FAIL,True,True,/home/francisco/mt-harness/harness/executions/java/major/execution/major_all_supported_local_full_rerun_final_exec8/runs/major_exec__major_all_supported_local_full_rerun_final_exec8__closure_106f_precedence__line605_680/execution/major_1.log
defects4j,Closure_106,closure_106f_precedence__line605_680,major_exec__major_all_supported_local_full_rerun_final_exec8__closure_106f_precedence__line605_680,precedence,major_11,8fc92f799b493d7d30fddf963177e8a4dee0641e376ef3023a64856a58c8da0a,SUCCESS,PASS,False,True,/home/francisco/mt-harness/harness/executions/java/major/execution/major_all_supported_local_full_rerun_final_exec8/runs/major_exec__major_all_supported_local_full_rerun_final_exec8__closure_106f_precedence__line605_680/execution/major_11.log
defects4j,Closure_106,closure_106f_precedence__line605_680,major_exec__major_all_supported_local_full_rerun_final_exec8__closure_106f_precedence__line605_680,precedence,major_13,a513fb384659d1a3f09f0c8d8da9016af1e7105595bf6c424daa7a5f683f2034,SUCCESS,PASS,False,True,/home/francisco/mt-harness/harness/executions/java/major/execution/major_all_supported_local_full_rerun_final_exec8/runs/major_exec__major_all_supported_local_full_rerun_final_exec8__closure_106f_precedence__line605_680/execution/major_13.log
defects4j,Closure_106,closure_106f_precedence__line605_680,major_exec__major_all_supported_local_full_rerun_final_exec8__closure_106f_precedence__line605_680,precedence,major_15,26e2fa565f468afaaab27fcddbd05f8cc3519449484e3afa5fe1c6afb2a6ba7e,SUCCESS,PASS,False,True,/home/francisco/mt-harness/harness/executions/java/major/execution/major_all_supported_local_full_rerun_final_exec8/runs/major_exec__major_all_supported_local_full_rerun_final_exec8__closure_106f_precedence__line605_680/execution/major_15.log
defects4j,Codec_9,codec_9f_read__line76_117,major_exec__major_all_supported_local_full_rerun_final_exec8__codec_9f_read__line76_117,read,major_1,792983232661a6fc44ad21cb82e1f1b40665f41ca5a34091093141ca41b7c007,SUCCESS,FAIL,True,True,/home/francisco/mt-harness/harness/executions/java/major/execution/major_all_supported_local_full_rerun_final_exec8/runs/major_exec__major_all_supported_local_full_rerun_final_exec8__codec_9f_read__line76_117/execution/major_1.log
defects4j,Codec_9,codec_9f_read__line76_117,major_exec__major_all_supported_local_full_rerun_final_exec8__codec_9f_read__line76_117,read,major_11,847eefb1cd55693e5d5bef97dc967951e2487dc89e3a04d3b8e667c8fd5d4c6d,SUCCESS,FAIL,False,True,/home/francisco/mt-harness/harness/executions/java/major/execution/major_all_supported_local_full_rerun_final_exec8/runs/major_exec__major_all_supported_local_full_rerun_final_exec8__codec_9f_read__line76_117/execution/major_11.log
defects4j,Codec_9,codec_9f_read__line76_117,major_exec__major_all_supported_local_full_rerun_final_exec8__codec_9f_read__line76_117,read,major_13,799e99f8a13c4e6c788e29c6c7e2acfc9740c0761cc2916ea299452c0a6d92a1,SUCCESS,PASS,False,True,/home/francisco/mt-harness/harness/executions/java/major/execution/major_all_supported_local_full_rerun_final_exec8/runs/major_exec__major_all_supported_local_full_rerun_final_exec8__codec_9f_read__line76_117/execution/major_13.log
defects4j,Codec_9,codec_9f_read__line76_117,major_exec__major_all_supported_local_full_rerun_final_exec8__codec_9f_read__line76_117,read,major_15,a90a96f4f7b1cb541ea4a4c01b15486e4ba791862922f1402c5c3517aad227f0,SUCCESS,PASS,False,True,/home/francisco/mt-harness/harness/executions/java/major/execution/major_all_supported_local_full_rerun_final_exec8/runs/major_exec__major_all_supported_local_full_rerun_final_exec8__codec_9f_read__line76_117/execution/major_15.log
defects4j,Codec_9,codec_9f_read__line76_117,major_exec__major_all_supported_local_full_rerun_final_exec8__codec_9f_read__line76_117,read,major_10,4837afdcb1c06b6868698cbd00a54239c59762eaacbf2784f5189dabfe09c294,SUCCESS,FAIL,True,True,/home/francisco/mt-harness/harness/executions/java/major/execution/major_all_supported_local_full_rerun_final_exec8/runs/major_exec__major_all_supported_local_full_rerun_final_exec8__codec_9f_read__line76_117/execution/major_10.log
defects4j,Codec_9,codec_9f_read__line76_117,major_exec__major_all_supported_local_full_rerun_final_exec8__codec_9f_read__line76_117,read,major_12,cf61c916bf1a12717ece3dc1c6c6c652867a93deb1ebd7f08c37b1ec4aff5ac1,SUCCESS,FAIL,False,True,/home/francisco/mt-harness/harness/executions/java/major/execution/major_all_supported_local_full_rerun_final_exec8/runs/major_exec__major_all_supported_local_full_rerun_final_exec8__codec_9f_read__line76_117/execution/major_12.log
defects4j,Codec_9,codec_9f_read__line76_117,major_exec__major_all_supported_local_full_rerun_final_exec8__codec_9f_read__line76_117,read,major_14,b4b4a6dbbc519cbab2ef302af8be4f7a4d1885520e62d5e6de71870b80049ca3,SUCCESS,FAIL,False,True,/home/francisco/mt-harness/harness/executions/java/major/execution/major_all_supported_local_full_rerun_final_exec8/runs/major_exec__major_all_supported_local_full_rerun_final_exec8__codec_9f_read__line76_117/execution/major_14.log
defects4j,Codec_9,codec_9f_read__line76_117,major_exec__major_all_supported_local_full_rerun_final_exec8__codec_9f_read__line76_117,read,major_16,d9112cc6520fcc262c08d419ff3000e9d6f7804f258e92f79aff2833fe084752,SUCCESS,PASS,False,True,/home/francisco/mt-harness/harness/executions/java/major/execution/major_all_supported_local_full_rerun_final_exec8/runs/major_exec__major_all_supported_local_full_rerun_final_exec8__codec_9f_read__line76_117/execution/major_16.log
defects4j,Codec_17,codec_17f_transcodeRemaining__line118_167,major_exec__major_all_supported_local_full_rerun_final_exec8__codec_17f_transcodeRemaining__line118_167,transcodeRemaining,major_1,fd3ab26b9da5d1d48177820c11e17a055eeb557cd94cc48e1e855707eb53af09,SUCCESS,FAIL,True,True,/home/francisco/mt-harness/harness/executions/java/major/execution/major_all_supported_local_full_rerun_final_exec8/runs/major_exec__major_all_supported_local_full_rerun_final_exec8__codec_17f_transcodeRemaining__line118_167/execution/major_1.log
defects4j,Codec_17,codec_17f_transcodeRemaining__line118_167,major_exec__major_all_supported_local_full_rerun_final_exec8__codec_17f_transcodeRemaining__line118_167,transcodeRemaining,major_11,588004da42bbd4ec496d5ef6949e292230be7701d3a66e62d0ef3c3f3f86a235,SUCCESS,FAIL,True,True,/home/francisco/mt-harness/harness/executions/java/major/execution/major_all_supported_local_full_rerun_final_exec8/runs/major_exec__major_all_supported_local_full_rerun_final_exec8__codec_17f_transcodeRemaining__line118_167/execution/major_11.log
defects4j,Codec_17,codec_17f_transcodeRemaining__line118_167,major_exec__major_all_supported_local_full_rerun_final_exec8__codec_17f_transcodeRemaining__line118_167,transcodeRemaining,major_13,35339f2d2d64344d59142c4c98c7b6d114a95c6f238cd993a21c77d89da5c775,SUCCESS,FAIL,True,True,/home/francisco/mt-harness/harness/executions/java/major/execution/major_all_supported_local_full_rerun_final_exec8/runs/major_exec__major_all_supported_local_full_rerun_final_exec8__codec_17f_transcodeRemaining__line118_167/execution/major_13.log
defects4j,Codec_17,codec_17f_transcodeRemaining__line118_167,major_exec__major_all_supported_local_full_rerun_final_exec8__codec_17f_transcodeRemaining__line118_167,transcodeRemaining,major_2,467717285657b7d856c2b02c4f4c8448e2607d6a273f7f2b2446d6a9b9e8767f,SUCCESS,FAIL,True,True,/home/francisco/mt-harness/harness/executions/java/major/execution/major_all_supported_local_full_rerun_final_exec8/runs/major_exec__major_all_supported_local_full_rerun_final_exec8__codec_17f_transcodeRemaining__line118_167/execution/major_2.log
defects4j,Codec_17,codec_17f_transcodeRemaining__line118_167,major_exec__major_all_supported_local_full_rerun_final_exec8__codec_17f_transcodeRemaining__line118_167,transcodeRemaining,major_10,06b6c57eed4a950964b595c3dba5d240cad77e024ae8940acd1f4514d26a5b12,SUCCESS,FAIL,True,True,/home/francisco/mt-harness/harness/executions/java/major/execution/major_all_supported_local_full_rerun_final_exec8/runs/major_exec__major_all_supported_local_full_rerun_final_exec8__codec_17f_transcodeRemaining__line118_167/execution/major_10.log
defects4j,Codec_17,codec_17f_transcodeRemaining__line118_167,major_exec__major_all_supported_local_full_rerun_final_exec8__codec_17f_transcodeRemaining__line118_167,transcodeRemaining,major_12,bb74dffa903d84f2a3f760ebc079d9a2562a1b53d7c49a3f6913c538a5996841,SUCCESS,FAIL,True,True,/home/francisco/mt-harness/harness/executions/java/major/execution/major_all_supported_local_full_rerun_final_exec8/runs/major_exec__major_all_supported_local_full_rerun_final_exec8__codec_17f_transcodeRemaining__line118_167/execution/major_12.log
defects4j,Codec_17,codec_17f_transcodeRemaining__line118_167,major_exec__major_all_supported_local_full_rerun_final_exec8__codec_17f_transcodeRemaining__line118_167,transcodeRemaining,major_14,2807631fe2dd833f9f9444e39fb1b2faab4456e4dc010a024ce08b4794805be4,SUCCESS,FAIL,True,True,/home/francisco/mt-harness/harness/executions/java/major/execution/major_all_supported_local_full_rerun_final_exec8/runs/major_exec__major_all_supported_local_full_rerun_final_exec8__codec_17f_transcodeRemaining__line118_167/execution/major_14.log
defects4j,Codec_17,codec_17f_transcodeRemaining__line118_167,major_exec__major_all_supported_local_full_rerun_final_exec8__codec_17f_transcodeRemaining__line118_167,transcodeRemaining,major_3,84bd958db062f32b4aa0ac15642e75a9900dc48bd1b3c91053fd33be2691ae51,SUCCESS,FAIL,True,True,/home/francisco/mt-harness/harness/executions/java/major/execution/major_all_supported_local_full_rerun_final_exec8/runs/major_exec__major_all_supported_local_full_rerun_final_exec8__codec_17f_transcodeRemaining__line118_167/execution/major_3.log
defects4j,Collections_17,collections_17f_put__line254_330,major_exec__major_all_supported_local_full_rerun_final_exec8__collections_17f_put__line254_330,put,major_1,ab7f000a10af22d05376e9434fd96cfba11e13bc59cee5369a6e8d40c739a913,SUCCESS,FAIL,True,True,/home/francisco/mt-harness/harness/executions/java/major/execution/major_all_supported_local_full_rerun_final_exec8/runs/major_exec__major_all_supported_local_full_rerun_final_exec8__collections_17f_put__line254_330/execution/major_1.log
defects4j,Collections_17,collections_17f_put__line254_330,major_exec__major_all_supported_local_full_rerun_final_exec8__collections_17f_put__line254_330,put,major_11,da858dd662e6917463fa513fb9308a6deebaa92568f035ba5672613e8b0dfd2a,SUCCESS,PASS,False,True,/home/francisco/mt-harness/harness/executions/java/major/execution/major_all_supported_local_full_rerun_final_exec8/runs/major_exec__major_all_supported_local_full_rerun_final_exec8__collections_17f_put__line254_330/execution/major_11.log
defects4j,Collections_17,collections_17f_put__line254_330,major_exec__major_all_supported_local_full_rerun_final_exec8__collections_17f_put__line254_330,put,major_13,93cfff19912a156b501dc4030c8b3545da25581bc9fa068359dee83faf6897d8,SUCCESS,PASS,False,True,/home/francisco/mt-harness/harness/executions/java/major/execution/major_all_supported_local_full_rerun_final_exec8/runs/major_exec__major_all_supported_local_full_rerun_final_exec8__collections_17f_put__line254_330/execution/major_13.log
defects4j,Collections_17,collections_17f_put__line254_330,major_exec__major_all_supported_local_full_rerun_final_exec8__collections_17f_put__line254_330,put,major_15,fee1a305ca97c25b38de68f12877178213bfdd953592a096f1d56175e24aa857,SUCCESS,PASS,False,True,/home/francisco/mt-harness/harness/executions/java/major/execution/major_all_supported_local_full_rerun_final_exec8/runs/major_exec__major_all_supported_local_full_rerun_final_exec8__collections_17f_put__line254_330/execution/major_15.log
defects4j,Collections_17,collections_17f_put__line254_330,major_exec__major_all_supported_local_full_rerun_final_exec8__collections_17f_put__line254_330,put,major_10,b9b1c671cbc1d6de88f018be4b1b53ea7d792ec913fa843d406e0fa8b5172b80,SUCCESS,PASS,False,True,/home/francisco/mt-harness/harness/executions/java/major/execution/major_all_supported_local_full_rerun_final_exec8/runs/major_exec__major_all_supported_local_full_rerun_final_exec8__collections_17f_put__line254_330/execution/major_10.log
defects4j,Collections_17,collections_17f_put__line254_330,major_exec__major_all_supported_local_full_rerun_final_exec8__collections_17f_put__line254_330,put,major_12,d87964061505395619193e3d0cfe375273fbff9555349077edbc9894eaf071a2,SUCCESS,PASS,False,True,/home/francisco/mt-harness/harness/executions/java/major/execution/major_all_supported_local_full_rerun_final_exec8/runs/major_exec__major_all_supported_local_full_rerun_final_exec8__collections_17f_put__line254_330/execution/major_12.log
defects4j,Collections_17,collections_17f_put__line254_330,major_exec__major_all_supported_local_full_rerun_final_exec8__collections_17f_put__line254_330,put,major_14,83c89c36bea162b84b334b45e30df7e596fc6bf1b47ff9375f6140bf6e0cb6f7,SUCCESS,PASS,False,True,/home/francisco/mt-harness/harness/executions/java/major/execution/major_all_supported_local_full_rerun_final_exec8/runs/major_exec__major_all_supported_local_full_rerun_final_exec8__collections_17f_put__line254_330/execution/major_14.log
defects4j,Collections_17,collections_17f_put__line254_330,major_exec__major_all_supported_local_full_rerun_final_exec8__collections_17f_put__line254_330,put,major_16,d2d2ebd8ec6d5125cd7cc235a7d55342a356d8cef7a3bf6d2005f281741ea6f5,SUCCESS,PASS,False,True,/home/francisco/mt-harness/harness/executions/java/major/execution/major_all_supported_local_full_rerun_final_exec8/runs/major_exec__major_all_supported_local_full_rerun_final_exec8__collections_17f_put__line254_330/execution/major_16.log
defects4j,Collections_21,collections_21f_put__line290_366,major_exec__major_all_supported_local_full_rerun_final_exec8__collections_21f_put__line290_366,put,major_10,00d3bc890169a40b5c15aa2a26bce473f154f887932645e2df43471b8eafeb23,SUCCESS,PASS,False,True,/home/francisco/mt-harness/harness/executions/java/major/execution/major_all_supported_local_full_rerun_final_exec8/runs/major_exec__major_all_supported_local_full_rerun_final_exec8__collections_21f_put__line290_366/execution/major_10.log
defects4j,Collections_21,collections_21f_put__line290_366,major_exec__major_all_supported_local_full_rerun_final_exec8__collections_21f_put__line290_366,put,major_12,5ab351e92d4bb31ae4b063d91270aa706d351fa725adc37b4abd45bb628a58f1,SUCCESS,PASS,False,True,/home/francisco/mt-harness/harness/executions/java/major/execution/major_all_supported_local_full_rerun_final_exec8/runs/major_exec__major_all_supported_local_full_rerun_final_exec8__collections_21f_put__line290_366/execution/major_12.log
defects4j,Collections_21,collections_21f_put__line290_366,major_exec__major_all_supported_local_full_rerun_final_exec8__collections_21f_put__line290_366,put,major_14,07ca007404b6d125e134488f4c67349963c78cad9b191f6890fddf519780ccc2,SUCCESS,PASS,False,True,/home/francisco/mt-harness/harness/executions/java/major/execution/major_all_supported_local_full_rerun_final_exec8/runs/major_exec__major_all_supported_local_full_rerun_final_exec8__collections_21f_put__line290_366/execution/major_14.log
defects4j,Collections_21,collections_21f_put__line290_366,major_exec__major_all_supported_local_full_rerun_final_exec8__collections_21f_put__line290_366,put,major_16,5c5571f258e008ae81290fb4b8e1267d3cb241ed8e40123d38e2a200169c17ab,SUCCESS,PASS,False,True,/home/francisco/mt-harness/harness/executions/java/major/execution/major_all_supported_local_full_rerun_final_exec8/runs/major_exec__major_all_supported_local_full_rerun_final_exec8__collections_21f_put__line290_366/execution/major_16.log
defects4j,Collections_21,collections_21f_put__line290_366,major_exec__major_all_supported_local_full_rerun_final_exec8__collections_21f_put__line290_366,put,major_1,5d24ba72f8dc2d49de3f4789b81d97a4e3606973f031cd054f3f071b1a631a69,SUCCESS,FAIL,True,True,/home/francisco/mt-harness/harness/executions/java/major/execution/major_all_supported_local_full_rerun_final_exec8/runs/major_exec__major_all_supported_local_full_rerun_final_exec8__collections_21f_put__line290_366/execution/major_1.log
defects4j,Collections_21,collections_21f_put__line290_366,major_exec__major_all_supported_local_full_rerun_final_exec8__collections_21f_put__line290_366,put,major_11,f09e7f911ea49c6d0a45d0ccc5e8c512757c4e6f25dfc787895d7ceb7e6bc1c8,SUCCESS,PASS,False,True,/home/francisco/mt-harness/harness/executions/java/major/execution/major_all_supported_local_full_rerun_final_exec8/runs/major_exec__major_all_supported_local_full_rerun_final_exec8__collections_21f_put__line290_366/execution/major_11.log
defects4j,Collections_21,collections_21f_put__line290_366,major_exec__major_all_supported_local_full_rerun_final_exec8__collections_21f_put__line290_366,put,major_13,a598735ca4ee72c2aab477ac6482ff19c6c9afebbd97901568a4a789c0ed4a11,SUCCESS,PASS,False,True,/home/francisco/mt-harness/harness/executions/java/major/execution/major_all_supported_local_full_rerun_final_exec8/runs/major_exec__major_all_supported_local_full_rerun_final_exec8__collections_21f_put__line290_366/execution/major_13.log
defects4j,Collections_21,collections_21f_put__line290_366,major_exec__major_all_supported_local_full_rerun_final_exec8__collections_21f_put__line290_366,put,major_15,eda7c7efbdcc5e2d906c4b6b6446cfbcd17daf4beb1f17103f703fd73badd895,SUCCESS,PASS,False,True,/home/francisco/mt-harness/harness/executions/java/major/execution/major_all_supported_local_full_rerun_final_exec8/runs/major_exec__major_all_supported_local_full_rerun_final_exec8__collections_21f_put__line290_366/execution/major_15.log
defects4j,Compress_1,compress_1f_generateMTFValues__line1542_1638,major_exec__major_all_supported_local_full_rerun_final_exec8__compress_1f_generateMTFValues__line1542_1638,generateMTFValues,major_10,fd9aa27fd04d0425b9a41c725ba0e23fe86f2a95f34beb380bda7d791bb91373,SUCCESS,FAIL,True,True,/home/francisco/mt-harness/harness/executions/java/major/execution/major_all_supported_local_full_rerun_final_exec8/runs/major_exec__major_all_supported_local_full_rerun_final_exec8__compress_1f_generateMTFValues__line1542_1638/execution/major_10.log
defects4j,Compress_1,compress_1f_generateMTFValues__line1542_1638,major_exec__major_all_supported_local_full_rerun_final_exec8__compress_1f_generateMTFValues__line1542_1638,generateMTFValues,major_12,84cd64adc1d1d52dc5c9971f5fe23b59ae9aa16e54b9657d51514cf6e3a624b4,SUCCESS,PASS,False,True,/home/francisco/mt-harness/harness/executions/java/major/execution/major_all_supported_local_full_rerun_final_exec8/runs/major_exec__major_all_supported_local_full_rerun_final_exec8__compress_1f_generateMTFValues__line1542_1638/execution/major_12.log
defects4j,Compress_1,compress_1f_generateMTFValues__line1542_1638,major_exec__major_all_supported_local_full_rerun_final_exec8__compress_1f_generateMTFValues__line1542_1638,generateMTFValues,major_14,a36fa52fe70a734b64eb3e4ace535c520d396b525a4a6d7b1eeb32c8a6fdc71e,SUCCESS,FAIL,True,True,/home/francisco/mt-harness/harness/executions/java/major/execution/major_all_supported_local_full_rerun_final_exec8/runs/major_exec__major_all_supported_local_full_rerun_final_exec8__compress_1f_generateMTFValues__line1542_1638/execution/major_14.log
defects4j,Compress_1,compress_1f_generateMTFValues__line1542_1638,major_exec__major_all_supported_local_full_rerun_final_exec8__compress_1f_generateMTFValues__line1542_1638,generateMTFValues,major_16,eb003e407332b46e2f832401c606064707930e90ab43e1d08661cd7ba2146715,SUCCESS,PASS,False,True,/home/francisco/mt-harness/harness/executions/java/major/execution/major_all_supported_local_full_rerun_final_exec8/runs/major_exec__major_all_supported_local_full_rerun_final_exec8__compress_1f_generateMTFValues__line1542_1638/execution/major_16.log
defects4j,Compress_1,compress_1f_generateMTFValues__line1542_1638,major_exec__major_all_supported_local_full_rerun_final_exec8__compress_1f_generateMTFValues__line1542_1638,generateMTFValues,major_1,c463ef308f88bfe64e8c9ee32d72107ef5100944a2db0cc9232881470acb3f24,SUCCESS,FAIL,True,True,/home/francisco/mt-harness/harness/executions/java/major/execution/major_all_supported_local_full_rerun_final_exec8/runs/major_exec__major_all_supported_local_full_rerun_final_exec8__compress_1f_generateMTFValues__line1542_1638/execution/major_1.log
defects4j,Compress_1,compress_1f_generateMTFValues__line1542_1638,major_exec__major_all_supported_local_full_rerun_final_exec8__compress_1f_generateMTFValues__line1542_1638,generateMTFValues,major_11,ddb34821a062a34bab435b903f0591b5f78970e13826b96a29d2978784c6a793,SUCCESS,PASS,False,True,/home/francisco/mt-harness/harness/executions/java/major/execution/major_all_supported_local_full_rerun_final_exec8/runs/major_exec__major_all_supported_local_full_rerun_final_exec8__compress_1f_generateMTFValues__line1542_1638/execution/major_11.log
defects4j,Compress_1,compress_1f_generateMTFValues__line1542_1638,major_exec__major_all_supported_local_full_rerun_final_exec8__compress_1f_generateMTFValues__line1542_1638,generateMTFValues,major_13,0f07a43e7cf9cd1e858d11bf39ea6b90ae70bfd365b89eee2904915bf8c5008c,SUCCESS,PASS,False,True,/home/francisco/mt-harness/harness/executions/java/major/execution/major_all_supported_local_full_rerun_final_exec8/runs/major_exec__major_all_supported_local_full_rerun_final_exec8__compress_1f_generateMTFValues__line1542_1638/execution/major_13.log
defects4j,Compress_1,compress_1f_generateMTFValues__line1542_1638,major_exec__major_all_supported_local_full_rerun_final_exec8__compress_1f_generateMTFValues__line1542_1638,generateMTFValues,major_15,351aacde5bd50cd89bdb4714d4a8334d54e02bfaa8a3b81cf450da0e0b96a253,SUCCESS,FAIL,True,True,/home/francisco/mt-harness/harness/executions/java/major/execution/major_all_supported_local_full_rerun_final_exec8/runs/major_exec__major_all_supported_local_full_rerun_final_exec8__compress_1f_generateMTFValues__line1542_1638/execution/major_15.log
defects4j,Compress_10,compress_10f_read__line212_291,major_exec__major_all_supported_local_full_rerun_final_exec8__compress_10f_read__line212_291,read,major_10,a957f209f0aa7982c49d18646b601aa1c949af9a2d59a0b3380ea0f33ca16aed,SUCCESS,FAIL,True,True,/home/francisco/mt-harness/harness/executions/java/major/execution/major_all_supported_local_full_rerun_final_exec8/runs/major_exec__major_all_supported_local_full_rerun_final_exec8__compress_10f_read__line212_291/execution/major_10.log
defects4j,Compress_10,compress_10f_read__line212_291,major_exec__major_all_supported_local_full_rerun_final_exec8__compress_10f_read__line212_291,read,major_12,d9560bea94d268c6aa2bd68395306e57a3bdaa518e16a6c8cac26a49d4d4f881,SUCCESS,PASS,False,True,/home/francisco/mt-harness/harness/executions/java/major/execution/major_all_supported_local_full_rerun_final_exec8/runs/major_exec__major_all_supported_local_full_rerun_final_exec8__compress_10f_read__line212_291/execution/major_12.log
defects4j,Compress_10,compress_10f_read__line212_291,major_exec__major_all_supported_local_full_rerun_final_exec8__compress_10f_read__line212_291,read,major_14,33054766ef7c4e80709e34b9e439ff2158e17d08282e1f2788de709568f5ad3a,SUCCESS,FAIL,True,True,/home/francisco/mt-harness/harness/executions/java/major/execution/major_all_supported_local_full_rerun_final_exec8/runs/major_exec__major_all_supported_local_full_rerun_final_exec8__compress_10f_read__line212_291/execution/major_14.log
defects4j,Compress_10,compress_10f_read__line212_291,major_exec__major_all_supported_local_full_rerun_final_exec8__compress_10f_read__line212_291,read,major_16,38ffe5ce493630c9820ee8ea54d0baec505a85add0eb8d387cf180939052bb07,SUCCESS,PASS,False,True,/home/francisco/mt-harness/harness/executions/java/major/execution/major_all_supported_local_full_rerun_final_exec8/runs/major_exec__major_all_supported_local_full_rerun_final_exec8__compress_10f_read__line212_291/execution/major_16.log
defects4j,Compress_10,compress_10f_read__line212_291,major_exec__major_all_supported_local_full_rerun_final_exec8__compress_10f_read__line212_291,read,major_1,d0389c880899428ddc6919a681b2dbee681c8581b5a282d24c5a24494566350a,SUCCESS,FAIL,True,True,/home/francisco/mt-harness/harness/executions/java/major/execution/major_all_supported_local_full_rerun_final_exec8/runs/major_exec__major_all_supported_local_full_rerun_final_exec8__compress_10f_read__line212_291/execution/major_1.log
defects4j,Compress_10,compress_10f_read__line212_291,major_exec__major_all_supported_local_full_rerun_final_exec8__compress_10f_read__line212_291,read,major_11,83dcc0b299d9a736cdb8136dd8870d2416f1f361ced10308b0df76fd12dbb3bb,SUCCESS,FAIL,False,True,/home/francisco/mt-harness/harness/executions/java/major/execution/major_all_supported_local_full_rerun_final_exec8/runs/major_exec__major_all_supported_local_full_rerun_final_exec8__compress_10f_read__line212_291/execution/major_11.log
defects4j,Compress_10,compress_10f_read__line212_291,major_exec__major_all_supported_local_full_rerun_final_exec8__compress_10f_read__line212_291,read,major_13,a8710018494f8a3892bc109d6432299de60c7ff540edf6fc0541c67cebcb84f7,SUCCESS,PASS,False,True,/home/francisco/mt-harness/harness/executions/java/major/execution/major_all_supported_local_full_rerun_final_exec8/runs/major_exec__major_all_supported_local_full_rerun_final_exec8__compress_10f_read__line212_291/execution/major_13.log
defects4j,Compress_10,compress_10f_read__line212_291,major_exec__major_all_supported_local_full_rerun_final_exec8__compress_10f_read__line212_291,read,major_15,7ba38c7f470951f5c5817b933c1f2177100a2e113cb2d44e2ef9d744c99fe82a,SUCCESS,FAIL,True,True,/home/francisco/mt-harness/harness/executions/java/major/execution/major_all_supported_local_full_rerun_final_exec8/runs/major_exec__major_all_supported_local_full_rerun_final_exec8__compress_10f_read__line212_291/execution/major_15.log
defects4j,Compress_7,compress_7f_recvDecodingTables__line416_495,major_exec__major_all_supported_local_full_rerun_final_exec8__compress_7f_recvDecodingTables__line416_495,recvDecodingTables,major_1,67dae6881d8f6b94d88b01f75d72d01e805307006d33485535b650591798820c,SUCCESS,FAIL,True,True,/home/francisco/mt-harness/harness/executions/java/major/execution/major_all_supported_local_full_rerun_final_exec8/runs/major_exec__major_all_supported_local_full_rerun_final_exec8__compress_7f_recvDecodingTables__line416_495/execution/major_1.log
defects4j,Compress_7,compress_7f_recvDecodingTables__line416_495,major_exec__major_all_supported_local_full_rerun_final_exec8__compress_7f_recvDecodingTables__line416_495,recvDecodingTables,major_11,8f185a69831b9cbd5687791de25c64f9935091f8f31e819d5e3cf359d0d1af2b,SUCCESS,FAIL,True,True,/home/francisco/mt-harness/harness/executions/java/major/execution/major_all_supported_local_full_rerun_final_exec8/runs/major_exec__major_all_supported_local_full_rerun_final_exec8__compress_7f_recvDecodingTables__line416_495/execution/major_11.log
defects4j,Compress_7,compress_7f_recvDecodingTables__line416_495,major_exec__major_all_supported_local_full_rerun_final_exec8__compress_7f_recvDecodingTables__line416_495,recvDecodingTables,major_13,0cfbdbdad09cb406eca1ffaf114fdb94239b05d96f72ca13c8efa6b93f30adc8,SUCCESS,FAIL,True,True,/home/francisco/mt-harness/harness/executions/java/major/execution/major_all_supported_local_full_rerun_final_exec8/runs/major_exec__major_all_supported_local_full_rerun_final_exec8__compress_7f_recvDecodingTables__line416_495/execution/major_13.log
defects4j,Compress_7,compress_7f_recvDecodingTables__line416_495,major_exec__major_all_supported_local_full_rerun_final_exec8__compress_7f_recvDecodingTables__line416_495,recvDecodingTables,major_15,feda26ba31aa1f1941adf9f9915852ed881a038a2641baa8ba2eeda7dd42dce7,SUCCESS,FAIL,True,True,/home/francisco/mt-harness/harness/executions/java/major/execution/major_all_supported_local_full_rerun_final_exec8/runs/major_exec__major_all_supported_local_full_rerun_final_exec8__compress_7f_recvDecodingTables__line416_495/execution/major_15.log
defects4j,Compress_7,compress_7f_recvDecodingTables__line416_495,major_exec__major_all_supported_local_full_rerun_final_exec8__compress_7f_recvDecodingTables__line416_495,recvDecodingTables,major_10,2156a62e3fcd534e843a31a9a59ebb3bf5c0122f590a7fdad521ec09d5862bc3,SUCCESS,FAIL,True,True,/home/francisco/mt-harness/harness/executions/java/major/execution/major_all_supported_local_full_rerun_final_exec8/runs/major_exec__major_all_supported_local_full_rerun_final_exec8__compress_7f_recvDecodingTables__line416_495/execution/major_10.log
defects4j,Compress_7,compress_7f_recvDecodingTables__line416_495,major_exec__major_all_supported_local_full_rerun_final_exec8__compress_7f_recvDecodingTables__line416_495,recvDecodingTables,major_12,4eb7c47abbf9058f4d70b28de8d742fa708290d519b0a4b91fe89b2e861ece42,SUCCESS,FAIL,True,True,/home/francisco/mt-harness/harness/executions/java/major/execution/major_all_supported_local_full_rerun_final_exec8/runs/major_exec__major_all_supported_local_full_rerun_final_exec8__compress_7f_recvDecodingTables__line416_495/execution/major_12.log
defects4j,Compress_7,compress_7f_recvDecodingTables__line416_495,major_exec__major_all_supported_local_full_rerun_final_exec8__compress_7f_recvDecodingTables__line416_495,recvDecodingTables,major_14,23c43dd23a3805bc83ff2356ed65ba6698495a2dd14399791f594977158bbcde,SUCCESS,FAIL,True,True,/home/francisco/mt-harness/harness/executions/java/major/execution/major_all_supported_local_full_rerun_final_exec8/runs/major_exec__major_all_supported_local_full_rerun_final_exec8__compress_7f_recvDecodingTables__line416_495/execution/major_14.log
defects4j,Compress_7,compress_7f_recvDecodingTables__line416_495,major_exec__major_all_supported_local_full_rerun_final_exec8__compress_7f_recvDecodingTables__line416_495,recvDecodingTables,major_16,be6aa2864f5e6607bb379913eb7eb1ca00865f2289d1580a4f919439229e595f,SUCCESS,PASS,False,True,/home/francisco/mt-harness/harness/executions/java/major/execution/major_all_supported_local_full_rerun_final_exec8/runs/major_exec__major_all_supported_local_full_rerun_final_exec8__compress_7f_recvDecodingTables__line416_495/execution/major_16.log
defects4j,Compress_7,compress_7f_initBlock__line240_278,major_exec__major_all_supported_local_full_rerun_final_exec8__compress_7f_initBlock__line240_278,initBlock,major_10,afa14449f89a67d3a6d983ddb1fbf13100589aad619fa66742203220409cfd0d,SUCCESS,FAIL,True,True,/home/francisco/mt-harness/harness/executions/java/major/execution/major_all_supported_local_full_rerun_final_exec8/runs/major_exec__major_all_supported_local_full_rerun_final_exec8__compress_7f_initBlock__line240_278/execution/major_10.log
defects4j,Compress_7,compress_7f_initBlock__line240_278,major_exec__major_all_supported_local_full_rerun_final_exec8__compress_7f_initBlock__line240_278,initBlock,major_12,38cd9df0d247eeb557ddaaedfcc5e05f91f5c5b53c2f903aec03e69448d98fe9,SUCCESS,FAIL,True,True,/home/francisco/mt-harness/harness/executions/java/major/execution/major_all_supported_local_full_rerun_final_exec8/runs/major_exec__major_all_supported_local_full_rerun_final_exec8__compress_7f_initBlock__line240_278/execution/major_12.log
defects4j,Compress_7,compress_7f_initBlock__line240_278,major_exec__major_all_supported_local_full_rerun_final_exec8__compress_7f_initBlock__line240_278,initBlock,major_14,610cebaad60adf74d6968c9951701cf3d0b70b2cd6c53acae47d1d4f2bf2e71e,SUCCESS,FAIL,True,True,/home/francisco/mt-harness/harness/executions/java/major/execution/major_all_supported_local_full_rerun_final_exec8/runs/major_exec__major_all_supported_local_full_rerun_final_exec8__compress_7f_initBlock__line240_278/execution/major_14.log
defects4j,Compress_7,compress_7f_initBlock__line240_278,major_exec__major_all_supported_local_full_rerun_final_exec8__compress_7f_initBlock__line240_278,initBlock,major_16,d1c763320c2e430ac92af056f0c8111d713fa4337e5a8d0f3e603f5978744f39,SUCCESS,FAIL,True,True,/home/francisco/mt-harness/harness/executions/java/major/execution/major_all_supported_local_full_rerun_final_exec8/runs/major_exec__major_all_supported_local_full_rerun_final_exec8__compress_7f_initBlock__line240_278/execution/major_16.log
defects4j,Compress_7,compress_7f_initBlock__line240_278,major_exec__major_all_supported_local_full_rerun_final_exec8__compress_7f_initBlock__line240_278,initBlock,major_1,83d32d65270b75fdc50387b669d4eb870108563fd3dfd24deec21a479acde46c,SUCCESS,FAIL,True,True,/home/francisco/mt-harness/harness/executions/java/major/execution/major_all_supported_local_full_rerun_final_exec8/runs/major_exec__major_all_supported_local_full_rerun_final_exec8__compress_7f_initBlock__line240_278/execution/major_1.log
defects4j,Compress_7,compress_7f_initBlock__line240_278,major_exec__major_all_supported_local_full_rerun_final_exec8__compress_7f_initBlock__line240_278,initBlock,major_11,03b95eb3ff8ec26ca6ef744b7be37d26e63594b71699c0579e33c9a7659b442c,SUCCESS,FAIL,True,True,/home/francisco/mt-harness/harness/executions/java/major/execution/major_all_supported_local_full_rerun_final_exec8/runs/major_exec__major_all_supported_local_full_rerun_final_exec8__compress_7f_initBlock__line240_278/execution/major_11.log
defects4j,Compress_7,compress_7f_initBlock__line240_278,major_exec__major_all_supported_local_full_rerun_final_exec8__compress_7f_initBlock__line240_278,initBlock,major_13,16b18d5e8e413401739221eed972a5337c21d5af2a635d64c3b36893c804dfff,SUCCESS,FAIL,True,True,/home/francisco/mt-harness/harness/executions/java/major/execution/major_all_supported_local_full_rerun_final_exec8/runs/major_exec__major_all_supported_local_full_rerun_final_exec8__compress_7f_initBlock__line240_278/execution/major_13.log
defects4j,Compress_7,compress_7f_initBlock__line240_278,major_exec__major_all_supported_local_full_rerun_final_exec8__compress_7f_initBlock__line240_278,initBlock,major_15,89eb4938ecf674ada2b3d16c20711733d2217113331ba5864f64dba135dc7da2,SUCCESS,FAIL,True,True,/home/francisco/mt-harness/harness/executions/java/major/execution/major_all_supported_local_full_rerun_final_exec8/runs/major_exec__major_all_supported_local_full_rerun_final_exec8__compress_7f_initBlock__line240_278/execution/major_15.log
defects4j,Compress_43,compress_43f_readFrameDescriptor__line190_233,major_exec__major_all_supported_local_full_rerun_final_exec8__compress_43f_readFrameDescriptor__line190_233,readFrameDescriptor,major_1,a9aa304b4be1a22d05ef9b51ab034bf03c250c2d052bbcbb520827a452b86601,SUCCESS,FAIL,True,True,/home/francisco/mt-harness/harness/executions/java/major/execution/major_all_supported_local_full_rerun_final_exec8/runs/major_exec__major_all_supported_local_full_rerun_final_exec8__compress_43f_readFrameDescriptor__line190_233/execution/major_1.log
defects4j,Compress_43,compress_43f_readFrameDescriptor__line190_233,major_exec__major_all_supported_local_full_rerun_final_exec8__compress_43f_readFrameDescriptor__line190_233,readFrameDescriptor,major_11,f024edf662843df20cd47e090b4647e79c5f08c4cbae76cac98e4d4ac80cbb23,SUCCESS,PASS,False,True,/home/francisco/mt-harness/harness/executions/java/major/execution/major_all_supported_local_full_rerun_final_exec8/runs/major_exec__major_all_supported_local_full_rerun_final_exec8__compress_43f_readFrameDescriptor__line190_233/execution/major_11.log
defects4j,Compress_43,compress_43f_readFrameDescriptor__line190_233,major_exec__major_all_supported_local_full_rerun_final_exec8__compress_43f_readFrameDescriptor__line190_233,readFrameDescriptor,major_13,6dd8d4b8e11ec52dc3c182bbc35c34aace7224e91c32909d856d9712e6b5c8ef,SUCCESS,FAIL,True,True,/home/francisco/mt-harness/harness/executions/java/major/execution/major_all_supported_local_full_rerun_final_exec8/runs/major_exec__major_all_supported_local_full_rerun_final_exec8__compress_43f_readFrameDescriptor__line190_233/execution/major_13.log
defects4j,Compress_43,compress_43f_readFrameDescriptor__line190_233,major_exec__major_all_supported_local_full_rerun_final_exec8__compress_43f_readFrameDescriptor__line190_233,readFrameDescriptor,major_15,df424c34104eef8fa86e7fe64a083ffcc8bf3440b1eec8925032e38ea2ac9fde,SUCCESS,FAIL,True,True,/home/francisco/mt-harness/harness/executions/java/major/execution/major_all_supported_local_full_rerun_final_exec8/runs/major_exec__major_all_supported_local_full_rerun_final_exec8__compress_43f_readFrameDescriptor__line190_233/execution/major_15.log
defects4j,Compress_43,compress_43f_readFrameDescriptor__line190_233,major_exec__major_all_supported_local_full_rerun_final_exec8__compress_43f_readFrameDescriptor__line190_233,readFrameDescriptor,major_10,9e8ccf18802317f243a0b81bca506ad7411d0947b5c4deacfb75ff7a3136c2c8,SUCCESS,FAIL,True,True,/home/francisco/mt-harness/harness/executions/java/major/execution/major_all_supported_local_full_rerun_final_exec8/runs/major_exec__major_all_supported_local_full_rerun_final_exec8__compress_43f_readFrameDescriptor__line190_233/execution/major_10.log
defects4j,Compress_43,compress_43f_readFrameDescriptor__line190_233,major_exec__major_all_supported_local_full_rerun_final_exec8__compress_43f_readFrameDescriptor__line190_233,readFrameDescriptor,major_12,291a7c056c77b1d4c259e4dedfff7b0220cd088f930138a27c31c1ebd0529ffe,SUCCESS,FAIL,True,True,/home/francisco/mt-harness/harness/executions/java/major/execution/major_all_supported_local_full_rerun_final_exec8/runs/major_exec__major_all_supported_local_full_rerun_final_exec8__compress_43f_readFrameDescriptor__line190_233/execution/major_12.log
defects4j,Compress_43,compress_43f_readFrameDescriptor__line190_233,major_exec__major_all_supported_local_full_rerun_final_exec8__compress_43f_readFrameDescriptor__line190_233,readFrameDescriptor,major_14,2710e514917c5eb7fc0c68bd522154cb8a49081196e1ebe8f7cb1d32fee40eee,SUCCESS,FAIL,True,True,/home/francisco/mt-harness/harness/executions/java/major/execution/major_all_supported_local_full_rerun_final_exec8/runs/major_exec__major_all_supported_local_full_rerun_final_exec8__compress_43f_readFrameDescriptor__line190_233/execution/major_14.log
defects4j,Compress_43,compress_43f_readFrameDescriptor__line190_233,major_exec__major_all_supported_local_full_rerun_final_exec8__compress_43f_readFrameDescriptor__line190_233,readFrameDescriptor,major_16,74f5cc9d935face340d80cbb192d57b8c21b9e85d75e8942af315db36eeba81f,SUCCESS,FAIL,True,True,/home/francisco/mt-harness/harness/executions/java/major/execution/major_all_supported_local_full_rerun_final_exec8/runs/major_exec__major_all_supported_local_full_rerun_final_exec8__compress_43f_readFrameDescriptor__line190_233/execution/major_16.log
defects4j,Csv_3,csv_3f_readEscape__line87_117,major_exec__major_all_supported_local_full_rerun_final_exec8__csv_3f_readEscape__line87_117,readEscape,major_1,f0abed1d0c680c1022a7212137f0ae8eab4ae1ddb4f1a4bf672617d04e035c2d,SUCCESS,FAIL,True,True,/home/francisco/mt-harness/harness/executions/java/major/execution/major_all_supported_local_full_rerun_final_exec8/runs/major_exec__major_all_supported_local_full_rerun_final_exec8__csv_3f_readEscape__line87_117/execution/major_1.log
defects4j,Csv_3,csv_3f_readEscape__line87_117,major_exec__major_all_supported_local_full_rerun_final_exec8__csv_3f_readEscape__line87_117,readEscape,major_2,cc0e4cd6c7156691239b903e843b7025c497fd616cf237b9d2d01078bc663a0d,SUCCESS,FAIL,True,True,/home/francisco/mt-harness/harness/executions/java/major/execution/major_all_supported_local_full_rerun_final_exec8/runs/major_exec__major_all_supported_local_full_rerun_final_exec8__csv_3f_readEscape__line87_117/execution/major_2.log
defects4j,Csv_3,csv_3f_readEscape__line87_117,major_exec__major_all_supported_local_full_rerun_final_exec8__csv_3f_readEscape__line87_117,readEscape,major_4,20c81d7d419b1abc2d0e8091b347915f8ac284ee21dfdaa212c857b69671b5ea,SUCCESS,PASS,False,True,/home/francisco/mt-harness/harness/executions/java/major/execution/major_all_supported_local_full_rerun_final_exec8/runs/major_exec__major_all_supported_local_full_rerun_final_exec8__csv_3f_readEscape__line87_117/execution/major_4.log
defects4j,Csv_3,csv_3f_readEscape__line87_117,major_exec__major_all_supported_local_full_rerun_final_exec8__csv_3f_readEscape__line87_117,readEscape,major_6,486077588e4bd7cabf790c24f20e222f8904c91d2ab92692cd7cf873ee0a3b74,SUCCESS,PASS,False,True,/home/francisco/mt-harness/harness/executions/java/major/execution/major_all_supported_local_full_rerun_final_exec8/runs/major_exec__major_all_supported_local_full_rerun_final_exec8__csv_3f_readEscape__line87_117/execution/major_6.log
defects4j,Csv_3,csv_3f_readEscape__line87_117,major_exec__major_all_supported_local_full_rerun_final_exec8__csv_3f_readEscape__line87_117,readEscape,major_10,caf5f0cae6f09aaf6f7813f0f6bb3958be1c81aa047fc5fd7aaf2decf517e80e,SUCCESS,FAIL,True,True,/home/francisco/mt-harness/harness/executions/java/major/execution/major_all_supported_local_full_rerun_final_exec8/runs/major_exec__major_all_supported_local_full_rerun_final_exec8__csv_3f_readEscape__line87_117/execution/major_10.log
defects4j,Csv_3,csv_3f_readEscape__line87_117,major_exec__major_all_supported_local_full_rerun_final_exec8__csv_3f_readEscape__line87_117,readEscape,major_3,5a426eee4a9ab25406453c43f59d6046e647024bda3b9695b0d975ba9689c08a,SUCCESS,FAIL,True,True,/home/francisco/mt-harness/harness/executions/java/major/execution/major_all_supported_local_full_rerun_final_exec8/runs/major_exec__major_all_supported_local_full_rerun_final_exec8__csv_3f_readEscape__line87_117/execution/major_3.log
defects4j,Csv_3,csv_3f_readEscape__line87_117,major_exec__major_all_supported_local_full_rerun_final_exec8__csv_3f_readEscape__line87_117,readEscape,major_5,0f5f29d1b865e5b44112b23565d8e95fdccfbfa5455f19b44fb9ef3c933ae418,SUCCESS,PASS,False,True,/home/francisco/mt-harness/harness/executions/java/major/execution/major_all_supported_local_full_rerun_final_exec8/runs/major_exec__major_all_supported_local_full_rerun_final_exec8__csv_3f_readEscape__line87_117/execution/major_5.log
defects4j,Csv_3,csv_3f_readEscape__line87_117,major_exec__major_all_supported_local_full_rerun_final_exec8__csv_3f_readEscape__line87_117,readEscape,major_7,23aa5e07cfbd409c60545eab6e8894b8b545e1d584779a3e47ed2eeeaa83f4e8,SUCCESS,FAIL,True,True,/home/francisco/mt-harness/harness/executions/java/major/execution/major_all_supported_local_full_rerun_final_exec8/runs/major_exec__major_all_supported_local_full_rerun_final_exec8__csv_3f_readEscape__line87_117/execution/major_7.log
defects4j,Csv_2,csv_2f_nextRecord__line183_222,major_exec__major_all_supported_local_full_rerun_final_exec8__csv_2f_nextRecord__line183_222,nextRecord,major_10,20c10df8615dad0e58e9a3f3f0d3ace626df16caa955c917937126e92c6b904c,SUCCESS,PASS,False,True,/home/francisco/mt-harness/harness/executions/java/major/execution/major_all_supported_local_full_rerun_final_exec8/runs/major_exec__major_all_supported_local_full_rerun_final_exec8__csv_2f_nextRecord__line183_222/execution/major_10.log
defects4j,Csv_2,csv_2f_nextRecord__line183_222,major_exec__major_all_supported_local_full_rerun_final_exec8__csv_2f_nextRecord__line183_222,nextRecord,major_12,c8328c14174ec5488f0088296340e95215c6151dbc30fae44730e25391fb5123,SUCCESS,FAIL,True,True,/home/francisco/mt-harness/harness/executions/java/major/execution/major_all_supported_local_full_rerun_final_exec8/runs/major_exec__major_all_supported_local_full_rerun_final_exec8__csv_2f_nextRecord__line183_222/execution/major_12.log
defects4j,Csv_2,csv_2f_nextRecord__line183_222,major_exec__major_all_supported_local_full_rerun_final_exec8__csv_2f_nextRecord__line183_222,nextRecord,major_3,ab6fc505e3b5132cf048a2359d84b80ef9fbf57c84ca5a4b8cc39d038562889c,SUCCESS,PASS,False,True,/home/francisco/mt-harness/harness/executions/java/major/execution/major_all_supported_local_full_rerun_final_exec8/runs/major_exec__major_all_supported_local_full_rerun_final_exec8__csv_2f_nextRecord__line183_222/execution/major_3.log
defects4j,Csv_2,csv_2f_nextRecord__line183_222,major_exec__major_all_supported_local_full_rerun_final_exec8__csv_2f_nextRecord__line183_222,nextRecord,major_5,7e82bd656abc2c466b562960e57b7c2d49c8d80d8cff45fd50254a77f12e2bf8,SUCCESS,FAIL,True,True,/home/francisco/mt-harness/harness/executions/java/major/execution/major_all_supported_local_full_rerun_final_exec8/runs/major_exec__major_all_supported_local_full_rerun_final_exec8__csv_2f_nextRecord__line183_222/execution/major_5.log
defects4j,Csv_2,csv_2f_nextRecord__line183_222,major_exec__major_all_supported_local_full_rerun_final_exec8__csv_2f_nextRecord__line183_222,nextRecord,major_1,ac5c8cef549aeb6d97eae9c4da2f7cdcfc8a6267e58f87811c89c13a980ae3a5,SUCCESS,FAIL,True,True,/home/francisco/mt-harness/harness/executions/java/major/execution/major_all_supported_local_full_rerun_final_exec8/runs/major_exec__major_all_supported_local_full_rerun_final_exec8__csv_2f_nextRecord__line183_222/execution/major_1.log
defects4j,Csv_2,csv_2f_nextRecord__line183_222,major_exec__major_all_supported_local_full_rerun_final_exec8__csv_2f_nextRecord__line183_222,nextRecord,major_11,82f3d4cebf7d416687ec77e777f0edfeba9fbf90991a9400f0b90aad663783b6,SUCCESS,FAIL,True,True,/home/francisco/mt-harness/harness/executions/java/major/execution/major_all_supported_local_full_rerun_final_exec8/runs/major_exec__major_all_supported_local_full_rerun_final_exec8__csv_2f_nextRecord__line183_222/execution/major_11.log
defects4j,Csv_2,csv_2f_nextRecord__line183_222,major_exec__major_all_supported_local_full_rerun_final_exec8__csv_2f_nextRecord__line183_222,nextRecord,major_2,438a35ea447db1e0327c53967c6859c33809d1078162610b9dbc85135a64c7de,SUCCESS,FAIL,False,True,/home/francisco/mt-harness/harness/executions/java/major/execution/major_all_supported_local_full_rerun_final_exec8/runs/major_exec__major_all_supported_local_full_rerun_final_exec8__csv_2f_nextRecord__line183_222/execution/major_2.log
defects4j,Csv_2,csv_2f_nextRecord__line183_222,major_exec__major_all_supported_local_full_rerun_final_exec8__csv_2f_nextRecord__line183_222,nextRecord,major_4,88b5e110bc36f8bb11b5df9f9750874ca647406424aee25c84e24bb07c0809bf,SUCCESS,PASS,False,True,/home/francisco/mt-harness/harness/executions/java/major/execution/major_all_supported_local_full_rerun_final_exec8/runs/major_exec__major_all_supported_local_full_rerun_final_exec8__csv_2f_nextRecord__line183_222/execution/major_4.log
defects4j,Csv_11,csv_11f_initializeHeader__line359_394,major_exec__major_all_supported_local_full_rerun_final_exec8__csv_11f_initializeHeader__line359_394,initializeHeader,major_10,2c5edb2c4bf8563e8a22d2c06ef535a714cfac32f279e1d3a27bb07a68c0ddda,SUCCESS,FAIL,True,True,/home/francisco/mt-harness/harness/executions/java/major/execution/major_all_supported_local_full_rerun_final_exec8/runs/major_exec__major_all_supported_local_full_rerun_final_exec8__csv_11f_initializeHeader__line359_394/execution/major_10.log
defects4j,Csv_11,csv_11f_initializeHeader__line359_394,major_exec__major_all_supported_local_full_rerun_final_exec8__csv_11f_initializeHeader__line359_394,initializeHeader,major_12,5ee7fdf232b748af0ab53d5de2529d2398b7b33da634526017e8fe1d3a758a6d,SUCCESS,FAIL,True,True,/home/francisco/mt-harness/harness/executions/java/major/execution/major_all_supported_local_full_rerun_final_exec8/runs/major_exec__major_all_supported_local_full_rerun_final_exec8__csv_11f_initializeHeader__line359_394/execution/major_12.log
defects4j,Csv_11,csv_11f_initializeHeader__line359_394,major_exec__major_all_supported_local_full_rerun_final_exec8__csv_11f_initializeHeader__line359_394,initializeHeader,major_14,fea8d4a32b09ecc612cbc5120ca9006a3b585bcea119dc2b7c75f54e0df765b3,SUCCESS,FAIL,True,True,/home/francisco/mt-harness/harness/executions/java/major/execution/major_all_supported_local_full_rerun_final_exec8/runs/major_exec__major_all_supported_local_full_rerun_final_exec8__csv_11f_initializeHeader__line359_394/execution/major_14.log
defects4j,Csv_11,csv_11f_initializeHeader__line359_394,major_exec__major_all_supported_local_full_rerun_final_exec8__csv_11f_initializeHeader__line359_394,initializeHeader,major_16,310295ffbe4e94195d05e7a1f57556f9a4affe6787044bfc37d250e7569d1d19,SUCCESS,PASS,False,True,/home/francisco/mt-harness/harness/executions/java/major/execution/major_all_supported_local_full_rerun_final_exec8/runs/major_exec__major_all_supported_local_full_rerun_final_exec8__csv_11f_initializeHeader__line359_394/execution/major_16.log
defects4j,Csv_11,csv_11f_initializeHeader__line359_394,major_exec__major_all_supported_local_full_rerun_final_exec8__csv_11f_initializeHeader__line359_394,initializeHeader,major_1,644ca275fd5fa98baa2483cf91b8f157538b0f24afde57961b279d4788a8947d,SUCCESS,FAIL,True,True,/home/francisco/mt-harness/harness/executions/java/major/execution/major_all_supported_local_full_rerun_final_exec8/runs/major_exec__major_all_supported_local_full_rerun_final_exec8__csv_11f_initializeHeader__line359_394/execution/major_1.log
defects4j,Csv_11,csv_11f_initializeHeader__line359_394,major_exec__major_all_supported_local_full_rerun_final_exec8__csv_11f_initializeHeader__line359_394,initializeHeader,major_11,3aafd40d3404e5a392b852178f71c3cb74ca198defd9e8602d9b1757bf4822ed,SUCCESS,FAIL,True,True,/home/francisco/mt-harness/harness/executions/java/major/execution/major_all_supported_local_full_rerun_final_exec8/runs/major_exec__major_all_supported_local_full_rerun_final_exec8__csv_11f_initializeHeader__line359_394/execution/major_11.log
defects4j,Csv_11,csv_11f_initializeHeader__line359_394,major_exec__major_all_supported_local_full_rerun_final_exec8__csv_11f_initializeHeader__line359_394,initializeHeader,major_13,965e1f239c648bbbd65a3e7c7974989ec89c1f36f6e4185aa76537ef442ce511,SUCCESS,FAIL,True,True,/home/francisco/mt-harness/harness/executions/java/major/execution/major_all_supported_local_full_rerun_final_exec8/runs/major_exec__major_all_supported_local_full_rerun_final_exec8__csv_11f_initializeHeader__line359_394/execution/major_13.log
defects4j,Csv_11,csv_11f_initializeHeader__line359_394,major_exec__major_all_supported_local_full_rerun_final_exec8__csv_11f_initializeHeader__line359_394,initializeHeader,major_15,dcef6c5a80aba4dc1c52cf2db4efd66dd547b0893df43173f09fd9e124433d28,SUCCESS,PASS,False,True,/home/francisco/mt-harness/harness/executions/java/major/execution/major_all_supported_local_full_rerun_final_exec8/runs/major_exec__major_all_supported_local_full_rerun_final_exec8__csv_11f_initializeHeader__line359_394/execution/major_15.log
defects4j,Gson_2,gson_2f_peek__line86_127,major_exec__major_all_supported_local_full_rerun_final_exec8__gson_2f_peek__line86_127,peek,major_1,81a9bb8a2f91f1599f05bcee23ae7542bc219e8717536d23c89cd4acbcaeb9a3,SUCCESS,FAIL,True,True,/home/francisco/mt-harness/harness/executions/java/major/execution/major_all_supported_local_full_rerun_final_exec8/runs/major_exec__major_all_supported_local_full_rerun_final_exec8__gson_2f_peek__line86_127/execution/major_1.log
defects4j,Gson_2,gson_2f_peek__line86_127,major_exec__major_all_supported_local_full_rerun_final_exec8__gson_2f_peek__line86_127,peek,major_11,7ddad6dd58c7ba72e2919f2f446da34072dad418b3a38eebab0dfe2a521a63f8,SUCCESS,FAIL,True,True,/home/francisco/mt-harness/harness/executions/java/major/execution/major_all_supported_local_full_rerun_final_exec8/runs/major_exec__major_all_supported_local_full_rerun_final_exec8__gson_2f_peek__line86_127/execution/major_11.log
defects4j,Gson_2,gson_2f_peek__line86_127,major_exec__major_all_supported_local_full_rerun_final_exec8__gson_2f_peek__line86_127,peek,major_13,7e2fbd6e5deb6c5cde13ebf7cd7c24075590310dfec25ce9081d9f3a7ef1b669,SUCCESS,FAIL,True,True,/home/francisco/mt-harness/harness/executions/java/major/execution/major_all_supported_local_full_rerun_final_exec8/runs/major_exec__major_all_supported_local_full_rerun_final_exec8__gson_2f_peek__line86_127/execution/major_13.log
defects4j,Gson_2,gson_2f_peek__line86_127,major_exec__major_all_supported_local_full_rerun_final_exec8__gson_2f_peek__line86_127,peek,major_15,cb430488c9835eb9a599a48f86d9fb490f54190b9b3051b26d760d833835ef1e,SUCCESS,FAIL,True,True,/home/francisco/mt-harness/harness/executions/java/major/execution/major_all_supported_local_full_rerun_final_exec8/runs/major_exec__major_all_supported_local_full_rerun_final_exec8__gson_2f_peek__line86_127/execution/major_15.log
defects4j,Gson_2,gson_2f_peek__line86_127,major_exec__major_all_supported_local_full_rerun_final_exec8__gson_2f_peek__line86_127,peek,major_10,ed16d9126af2f124117369cbf790133aab0c733cd33585fd618b0005f3cb0e12,SUCCESS,FAIL,True,True,/home/francisco/mt-harness/harness/executions/java/major/execution/major_all_supported_local_full_rerun_final_exec8/runs/major_exec__major_all_supported_local_full_rerun_final_exec8__gson_2f_peek__line86_127/execution/major_10.log
defects4j,Gson_2,gson_2f_peek__line86_127,major_exec__major_all_supported_local_full_rerun_final_exec8__gson_2f_peek__line86_127,peek,major_12,7eccb522473f0c44d4b4f1e7d082cd77b91db97bf4d73f532c58faa7605a9a42,SUCCESS,FAIL,True,True,/home/francisco/mt-harness/harness/executions/java/major/execution/major_all_supported_local_full_rerun_final_exec8/runs/major_exec__major_all_supported_local_full_rerun_final_exec8__gson_2f_peek__line86_127/execution/major_12.log
defects4j,Gson_2,gson_2f_peek__line86_127,major_exec__major_all_supported_local_full_rerun_final_exec8__gson_2f_peek__line86_127,peek,major_14,c6d10d94be792ffb02d5fabf73616dcbfec557b8592597697b769697fdfd8e61,SUCCESS,FAIL,True,True,/home/francisco/mt-harness/harness/executions/java/major/execution/major_all_supported_local_full_rerun_final_exec8/runs/major_exec__major_all_supported_local_full_rerun_final_exec8__gson_2f_peek__line86_127/execution/major_14.log
defects4j,Gson_2,gson_2f_peek__line86_127,major_exec__major_all_supported_local_full_rerun_final_exec8__gson_2f_peek__line86_127,peek,major_16,018ffb561970a44fc840a47ed750c28106a2537a99c9ea951191aa3ac5ff01d9,SUCCESS,FAIL,True,True,/home/francisco/mt-harness/harness/executions/java/major/execution/major_all_supported_local_full_rerun_final_exec8/runs/major_exec__major_all_supported_local_full_rerun_final_exec8__gson_2f_peek__line86_127/execution/major_16.log
defects4j,Gson_11,gson_11f_nextUnquotedValue__line1025_1085,major_exec__major_all_supported_local_full_rerun_final_exec8__gson_11f_nextUnquotedValue__line1025_1085,nextUnquotedValue,major_1,5bb47e9b07e0f20ca57e53f8c2f7e6c04a23fc3ddb4d6b325a427f0c5851cf60,SUCCESS,PASS,False,True,/home/francisco/mt-harness/harness/executions/java/major/execution/major_all_supported_local_full_rerun_final_exec8/runs/major_exec__major_all_supported_local_full_rerun_final_exec8__gson_11f_nextUnquotedValue__line1025_1085/execution/major_1.log
defects4j,Gson_11,gson_11f_nextUnquotedValue__line1025_1085,major_exec__major_all_supported_local_full_rerun_final_exec8__gson_11f_nextUnquotedValue__line1025_1085,nextUnquotedValue,major_11,31ef6c3a7cb0bd69b89d4bb8ba96434e5dd2364a13ae3977c625870a238974b8,SUCCESS,PASS,False,True,/home/francisco/mt-harness/harness/executions/java/major/execution/major_all_supported_local_full_rerun_final_exec8/runs/major_exec__major_all_supported_local_full_rerun_final_exec8__gson_11f_nextUnquotedValue__line1025_1085/execution/major_11.log
defects4j,Gson_11,gson_11f_nextUnquotedValue__line1025_1085,major_exec__major_all_supported_local_full_rerun_final_exec8__gson_11f_nextUnquotedValue__line1025_1085,nextUnquotedValue,major_13,ab2980a01d5f81c647850fdb0d941997971e0bc1f55cd74188ea02c7b72e3e1d,SUCCESS,PASS,False,True,/home/francisco/mt-harness/harness/executions/java/major/execution/major_all_supported_local_full_rerun_final_exec8/runs/major_exec__major_all_supported_local_full_rerun_final_exec8__gson_11f_nextUnquotedValue__line1025_1085/execution/major_13.log
defects4j,Gson_11,gson_11f_nextUnquotedValue__line1025_1085,major_exec__major_all_supported_local_full_rerun_final_exec8__gson_11f_nextUnquotedValue__line1025_1085,nextUnquotedValue,major_15,d7dcab22b271da238f6c35681d199384ced5178267ba7bf5df7256cc1c548502,SUCCESS,FAIL,True,True,/home/francisco/mt-harness/harness/executions/java/major/execution/major_all_supported_local_full_rerun_final_exec8/runs/major_exec__major_all_supported_local_full_rerun_final_exec8__gson_11f_nextUnquotedValue__line1025_1085/execution/major_15.log
defects4j,Gson_11,gson_11f_nextUnquotedValue__line1025_1085,major_exec__major_all_supported_local_full_rerun_final_exec8__gson_11f_nextUnquotedValue__line1025_1085,nextUnquotedValue,major_10,b2deccc795f2b5590881d56981dc65757989f95637d57dd58a75cb2d99df3b78,SUCCESS,PASS,False,True,/home/francisco/mt-harness/harness/executions/java/major/execution/major_all_supported_local_full_rerun_final_exec8/runs/major_exec__major_all_supported_local_full_rerun_final_exec8__gson_11f_nextUnquotedValue__line1025_1085/execution/major_10.log
defects4j,Gson_11,gson_11f_nextUnquotedValue__line1025_1085,major_exec__major_all_supported_local_full_rerun_final_exec8__gson_11f_nextUnquotedValue__line1025_1085,nextUnquotedValue,major_12,3d3364e1395a6fd2a02926acda47c15fa050e31c9c0c51452412c0307eec8fa1,SUCCESS,FAIL,True,True,/home/francisco/mt-harness/harness/executions/java/major/execution/major_all_supported_local_full_rerun_final_exec8/runs/major_exec__major_all_supported_local_full_rerun_final_exec8__gson_11f_nextUnquotedValue__line1025_1085/execution/major_12.log
defects4j,Gson_11,gson_11f_nextUnquotedValue__line1025_1085,major_exec__major_all_supported_local_full_rerun_final_exec8__gson_11f_nextUnquotedValue__line1025_1085,nextUnquotedValue,major_14,ea7b60424bb8c312610f80481acb88e60188d318e3b9937f8b664d970efa81ac,SUCCESS,FAIL,True,True,/home/francisco/mt-harness/harness/executions/java/major/execution/major_all_supported_local_full_rerun_final_exec8/runs/major_exec__major_all_supported_local_full_rerun_final_exec8__gson_11f_nextUnquotedValue__line1025_1085/execution/major_14.log
defects4j,Gson_11,gson_11f_nextUnquotedValue__line1025_1085,major_exec__major_all_supported_local_full_rerun_final_exec8__gson_11f_nextUnquotedValue__line1025_1085,nextUnquotedValue,major_16,6d7a4a76e05d87b97b06ec792bde6a83d278bf80482cb663aa4af9da4d946678,SUCCESS,FAIL,True,True,/home/francisco/mt-harness/harness/executions/java/major/execution/major_all_supported_local_full_rerun_final_exec8/runs/major_exec__major_all_supported_local_full_rerun_final_exec8__gson_11f_nextUnquotedValue__line1025_1085/execution/major_16.log
defects4j,Gson_11,gson_11f_doPeek__line461_515,major_exec__major_all_supported_local_full_rerun_final_exec8__gson_11f_doPeek__line461_515,doPeek,major_1,a4b76f6174793f4ba6c2f0ffbe22afef42a4c0c91a7ee21842f425be1ce7c638,SUCCESS,FAIL,True,True,/home/francisco/mt-harness/harness/executions/java/major/execution/major_all_supported_local_full_rerun_final_exec8/runs/major_exec__major_all_supported_local_full_rerun_final_exec8__gson_11f_doPeek__line461_515/execution/major_1.log
defects4j,Gson_11,gson_11f_doPeek__line461_515,major_exec__major_all_supported_local_full_rerun_final_exec8__gson_11f_doPeek__line461_515,doPeek,major_11,a7ce13651299b3a5d6836fa643601444659943fa3b661138fb37ac0b1fd27b2f,SUCCESS,FAIL,True,True,/home/francisco/mt-harness/harness/executions/java/major/execution/major_all_supported_local_full_rerun_final_exec8/runs/major_exec__major_all_supported_local_full_rerun_final_exec8__gson_11f_doPeek__line461_515/execution/major_11.log
defects4j,Gson_11,gson_11f_doPeek__line461_515,major_exec__major_all_supported_local_full_rerun_final_exec8__gson_11f_doPeek__line461_515,doPeek,major_13,bc8734e7bec7ec4dabbf5229f942ffb4d5e8990aa666b7c3469d2eca370e3661,SUCCESS,FAIL,True,True,/home/francisco/mt-harness/harness/executions/java/major/execution/major_all_supported_local_full_rerun_final_exec8/runs/major_exec__major_all_supported_local_full_rerun_final_exec8__gson_11f_doPeek__line461_515/execution/major_13.log
defects4j,Gson_11,gson_11f_doPeek__line461_515,major_exec__major_all_supported_local_full_rerun_final_exec8__gson_11f_doPeek__line461_515,doPeek,major_15,38e0678dab801ccb35cff58381518137c05f5c6b15259f8e6dcb46c190f641de,SUCCESS,FAIL,True,True,/home/francisco/mt-harness/harness/executions/java/major/execution/major_all_supported_local_full_rerun_final_exec8/runs/major_exec__major_all_supported_local_full_rerun_final_exec8__gson_11f_doPeek__line461_515/execution/major_15.log
defects4j,Gson_11,gson_11f_doPeek__line461_515,major_exec__major_all_supported_local_full_rerun_final_exec8__gson_11f_doPeek__line461_515,doPeek,major_10,b9fcb7c83329114f75e1ce9e8f831a6533764370184b1e67ee6763d7a888b7e7,SUCCESS,PASS,False,True,/home/francisco/mt-harness/harness/executions/java/major/execution/major_all_supported_local_full_rerun_final_exec8/runs/major_exec__major_all_supported_local_full_rerun_final_exec8__gson_11f_doPeek__line461_515/execution/major_10.log
defects4j,Gson_11,gson_11f_doPeek__line461_515,major_exec__major_all_supported_local_full_rerun_final_exec8__gson_11f_doPeek__line461_515,doPeek,major_12,fe624c9cbc6fcaa875a46fdb8b2a1f22dd80bf97368f182289d6c26b6f85fc69,SUCCESS,PASS,False,True,/home/francisco/mt-harness/harness/executions/java/major/execution/major_all_supported_local_full_rerun_final_exec8/runs/major_exec__major_all_supported_local_full_rerun_final_exec8__gson_11f_doPeek__line461_515/execution/major_12.log
defects4j,Gson_11,gson_11f_doPeek__line461_515,major_exec__major_all_supported_local_full_rerun_final_exec8__gson_11f_doPeek__line461_515,doPeek,major_14,573f4288a55b69d9887ca46607c2105270429354dd9fa1d0f19db8bafb123130,SUCCESS,FAIL,True,True,/home/francisco/mt-harness/harness/executions/java/major/execution/major_all_supported_local_full_rerun_final_exec8/runs/major_exec__major_all_supported_local_full_rerun_final_exec8__gson_11f_doPeek__line461_515/execution/major_14.log
defects4j,Gson_11,gson_11f_doPeek__line461_515,major_exec__major_all_supported_local_full_rerun_final_exec8__gson_11f_doPeek__line461_515,doPeek,major_16,e25b20fa195a2256de36dbaf2da968d648ddeb82e00e0adf11049a4d7d30f206,SUCCESS,FAIL,True,True,/home/francisco/mt-harness/harness/executions/java/major/execution/major_all_supported_local_full_rerun_final_exec8/runs/major_exec__major_all_supported_local_full_rerun_final_exec8__gson_11f_doPeek__line461_515/execution/major_16.log
defects4j,Gson_1,gson_1f_nextLiteral__line971_1016,major_exec__major_all_supported_local_full_rerun_final_exec8__gson_1f_nextLiteral__line971_1016,nextLiteral,major_1,fe63df745d59df13128b27cc5f1524c9024b0f892b18bf0320dd042a7c2b4d4a,SUCCESS,FAIL,True,True,/home/francisco/mt-harness/harness/executions/java/major/execution/major_all_supported_local_full_rerun_final_exec8/runs/major_exec__major_all_supported_local_full_rerun_final_exec8__gson_1f_nextLiteral__line971_1016/execution/major_1.log
defects4j,Gson_1,gson_1f_nextLiteral__line971_1016,major_exec__major_all_supported_local_full_rerun_final_exec8__gson_1f_nextLiteral__line971_1016,nextLiteral,major_11,b55505da91da5a4808a7c3bf8453799db23467f05c53eff25e5c58339ffa256a,SUCCESS,FAIL,True,True,/home/francisco/mt-harness/harness/executions/java/major/execution/major_all_supported_local_full_rerun_final_exec8/runs/major_exec__major_all_supported_local_full_rerun_final_exec8__gson_1f_nextLiteral__line971_1016/execution/major_11.log
defects4j,Gson_1,gson_1f_nextLiteral__line971_1016,major_exec__major_all_supported_local_full_rerun_final_exec8__gson_1f_nextLiteral__line971_1016,nextLiteral,major_3,c7d991e219d80c6382cadd23940d3adab8ecc7dcc7bdcbf518be82a4a0387b4a,SUCCESS,PASS,False,True,/home/francisco/mt-harness/harness/executions/java/major/execution/major_all_supported_local_full_rerun_final_exec8/runs/major_exec__major_all_supported_local_full_rerun_final_exec8__gson_1f_nextLiteral__line971_1016/execution/major_3.log
defects4j,Gson_1,gson_1f_nextLiteral__line971_1016,major_exec__major_all_supported_local_full_rerun_final_exec8__gson_1f_nextLiteral__line971_1016,nextLiteral,major_5,f3741aedcc657ce0b91609b537cd58ccb76a1a25e51e215e1dd12fba25f2c36e,SUCCESS,FAIL,True,True,/home/francisco/mt-harness/harness/executions/java/major/execution/major_all_supported_local_full_rerun_final_exec8/runs/major_exec__major_all_supported_local_full_rerun_final_exec8__gson_1f_nextLiteral__line971_1016/execution/major_5.log
defects4j,Gson_1,gson_1f_nextLiteral__line971_1016,major_exec__major_all_supported_local_full_rerun_final_exec8__gson_1f_nextLiteral__line971_1016,nextLiteral,major_10,5a1ce8501bc7f18e8c4a6f4a6a1943111f4783d40c27c8e4f7a207824a32bbdc,SUCCESS,PASS,False,True,/home/francisco/mt-harness/harness/executions/java/major/execution/major_all_supported_local_full_rerun_final_exec8/runs/major_exec__major_all_supported_local_full_rerun_final_exec8__gson_1f_nextLiteral__line971_1016/execution/major_10.log
defects4j,Gson_1,gson_1f_nextLiteral__line971_1016,major_exec__major_all_supported_local_full_rerun_final_exec8__gson_1f_nextLiteral__line971_1016,nextLiteral,major_2,4ea032ae73b8be15c5e1619f92f2aa548bb8b21ddc040c2af94b2d0e944a2c0b,SUCCESS,FAIL,False,True,/home/francisco/mt-harness/harness/executions/java/major/execution/major_all_supported_local_full_rerun_final_exec8/runs/major_exec__major_all_supported_local_full_rerun_final_exec8__gson_1f_nextLiteral__line971_1016/execution/major_2.log
defects4j,Gson_1,gson_1f_nextLiteral__line971_1016,major_exec__major_all_supported_local_full_rerun_final_exec8__gson_1f_nextLiteral__line971_1016,nextLiteral,major_4,4a1cba4daff3a5ab4cdf720d1e6aedabd837e46aabebc3c6b10eaf045da03c04,SUCCESS,FAIL,True,True,/home/francisco/mt-harness/harness/executions/java/major/execution/major_all_supported_local_full_rerun_final_exec8/runs/major_exec__major_all_supported_local_full_rerun_final_exec8__gson_1f_nextLiteral__line971_1016/execution/major_4.log
defects4j,Gson_1,gson_1f_nextLiteral__line971_1016,major_exec__major_all_supported_local_full_rerun_final_exec8__gson_1f_nextLiteral__line971_1016,nextLiteral,major_6,828cda3ee792428c0e9b4239a8de43dcda876d2ac6f12ed0a85af680b84f9d17,SUCCESS,FAIL,True,True,/home/francisco/mt-harness/harness/executions/java/major/execution/major_all_supported_local_full_rerun_final_exec8/runs/major_exec__major_all_supported_local_full_rerun_final_exec8__gson_1f_nextLiteral__line971_1016/execution/major_6.log
defects4j,Gson_11,gson_11f_skipValue__line1219_1253,major_exec__major_all_supported_local_full_rerun_final_exec8__gson_11f_skipValue__line1219_1253,skipValue,major_1,900f55dc915b91d55fd317fe3c1ebd99fe94aaf4369cca4bac95f8861170a518,SUCCESS,FAIL,False,True,/home/francisco/mt-harness/harness/executions/java/major/execution/major_all_supported_local_full_rerun_final_exec8/runs/major_exec__major_all_supported_local_full_rerun_final_exec8__gson_11f_skipValue__line1219_1253/execution/major_1.log
defects4j,Gson_11,gson_11f_skipValue__line1219_1253,major_exec__major_all_supported_local_full_rerun_final_exec8__gson_11f_skipValue__line1219_1253,skipValue,major_11,7f341c9fa2b5968436065eafcd96a823e123cfc7a860594210e30a8b58bc01c2,SUCCESS,PASS,False,True,/home/francisco/mt-harness/harness/executions/java/major/execution/major_all_supported_local_full_rerun_final_exec8/runs/major_exec__major_all_supported_local_full_rerun_final_exec8__gson_11f_skipValue__line1219_1253/execution/major_11.log
defects4j,Gson_11,gson_11f_skipValue__line1219_1253,major_exec__major_all_supported_local_full_rerun_final_exec8__gson_11f_skipValue__line1219_1253,skipValue,major_3,93d0e4c47cf9ddbeaadcf23c4a29ee3379f668311a686eab09151aaed609e18a,SUCCESS,FAIL,True,True,/home/francisco/mt-harness/harness/executions/java/major/execution/major_all_supported_local_full_rerun_final_exec8/runs/major_exec__major_all_supported_local_full_rerun_final_exec8__gson_11f_skipValue__line1219_1253/execution/major_3.log
defects4j,Gson_11,gson_11f_skipValue__line1219_1253,major_exec__major_all_supported_local_full_rerun_final_exec8__gson_11f_skipValue__line1219_1253,skipValue,major_5,c0aab1d8b3dce262fee278b1f4c7a55d81836d0d9ab358c8ebaa47da1c506370,SUCCESS,FAIL,False,True,/home/francisco/mt-harness/harness/executions/java/major/execution/major_all_supported_local_full_rerun_final_exec8/runs/major_exec__major_all_supported_local_full_rerun_final_exec8__gson_11f_skipValue__line1219_1253/execution/major_5.log
defects4j,Gson_11,gson_11f_skipValue__line1219_1253,major_exec__major_all_supported_local_full_rerun_final_exec8__gson_11f_skipValue__line1219_1253,skipValue,major_10,1cd0584a717d3d0b04fd63b8b09633ef45169b5c5a654c2d3834b93235ff4e0d,SUCCESS,PASS,False,True,/home/francisco/mt-harness/harness/executions/java/major/execution/major_all_supported_local_full_rerun_final_exec8/runs/major_exec__major_all_supported_local_full_rerun_final_exec8__gson_11f_skipValue__line1219_1253/execution/major_10.log
defects4j,Gson_11,gson_11f_skipValue__line1219_1253,major_exec__major_all_supported_local_full_rerun_final_exec8__gson_11f_skipValue__line1219_1253,skipValue,major_2,251b7f66331a736c76e8537fe814dd4b2da4948b3bdb12f6ba9335a6b1b4265e,SUCCESS,FAIL,False,True,/home/francisco/mt-harness/harness/executions/java/major/execution/major_all_supported_local_full_rerun_final_exec8/runs/major_exec__major_all_supported_local_full_rerun_final_exec8__gson_11f_skipValue__line1219_1253/execution/major_2.log
defects4j,Gson_11,gson_11f_skipValue__line1219_1253,major_exec__major_all_supported_local_full_rerun_final_exec8__gson_11f_skipValue__line1219_1253,skipValue,major_4,40a22574f9a98a58471796a2b9c163aca5f9c22fa629732a56a6d2ffb79c1198,SUCCESS,FAIL,False,True,/home/francisco/mt-harness/harness/executions/java/major/execution/major_all_supported_local_full_rerun_final_exec8/runs/major_exec__major_all_supported_local_full_rerun_final_exec8__gson_11f_skipValue__line1219_1253/execution/major_4.log
defects4j,Gson_11,gson_11f_skipValue__line1219_1253,major_exec__major_all_supported_local_full_rerun_final_exec8__gson_11f_skipValue__line1219_1253,skipValue,major_6,6489163f32ce43d1f0f69dea721c4b8519e8ded945259f480c4b3ee8058c42f2,SUCCESS,FAIL,False,True,/home/francisco/mt-harness/harness/executions/java/major/execution/major_all_supported_local_full_rerun_final_exec8/runs/major_exec__major_all_supported_local_full_rerun_final_exec8__gson_11f_skipValue__line1219_1253/execution/major_6.log
defects4j,JacksonCore_25,jacksoncore_25f__startValueExpectComma__line642_730,major_exec__major_all_supported_local_full_rerun_final_exec8__jacksoncore_25f__startValueExpectComma__line642_730,_startValueExpectComma,major_1,593a3028109671c193aff48c7717727cccc4b6681008db49e2a269c2e5805602,SUCCESS,FAIL,True,True,/home/francisco/mt-harness/harness/executions/java/major/execution/major_all_supported_local_full_rerun_final_exec8/runs/major_exec__major_all_supported_local_full_rerun_final_exec8__jacksoncore_25f__startValueExpectComma__line642_730/execution/major_1.log
defects4j,JacksonCore_25,jacksoncore_25f__startValueExpectComma__line642_730,major_exec__major_all_supported_local_full_rerun_final_exec8__jacksoncore_25f__startValueExpectComma__line642_730,_startValueExpectComma,major_11,58316365147694611d8ed3140f0f296f2eeccacdf1400a859652398ae5898fa9,SUCCESS,FAIL,True,True,/home/francisco/mt-harness/harness/executions/java/major/execution/major_all_supported_local_full_rerun_final_exec8/runs/major_exec__major_all_supported_local_full_rerun_final_exec8__jacksoncore_25f__startValueExpectComma__line642_730/execution/major_11.log
defects4j,JacksonCore_25,jacksoncore_25f__startValueExpectComma__line642_730,major_exec__major_all_supported_local_full_rerun_final_exec8__jacksoncore_25f__startValueExpectComma__line642_730,_startValueExpectComma,major_13,9a03f6b4c4788fbd0541b1070eca0dfa80de277bc0249da4d95dce1e21f58a1a,SUCCESS,PASS,False,True,/home/francisco/mt-harness/harness/executions/java/major/execution/major_all_supported_local_full_rerun_final_exec8/runs/major_exec__major_all_supported_local_full_rerun_final_exec8__jacksoncore_25f__startValueExpectComma__line642_730/execution/major_13.log
defects4j,JacksonCore_25,jacksoncore_25f__startValueExpectComma__line642_730,major_exec__major_all_supported_local_full_rerun_final_exec8__jacksoncore_25f__startValueExpectComma__line642_730,_startValueExpectComma,major_15,cf596270db80ea480a185bcbb5fce8febdcc3cb34023882d46ddb317015a3793,SUCCESS,FAIL,True,True,/home/francisco/mt-harness/harness/executions/java/major/execution/major_all_supported_local_full_rerun_final_exec8/runs/major_exec__major_all_supported_local_full_rerun_final_exec8__jacksoncore_25f__startValueExpectComma__line642_730/execution/major_15.log
defects4j,JacksonCore_25,jacksoncore_25f__startValueExpectComma__line642_730,major_exec__major_all_supported_local_full_rerun_final_exec8__jacksoncore_25f__startValueExpectComma__line642_730,_startValueExpectComma,major_10,6b807e23e95124a4debd24b82cbf40def994ffe342d5998a190ebb6232d58d26,SUCCESS,FAIL,True,True,/home/francisco/mt-harness/harness/executions/java/major/execution/major_all_supported_local_full_rerun_final_exec8/runs/major_exec__major_all_supported_local_full_rerun_final_exec8__jacksoncore_25f__startValueExpectComma__line642_730/execution/major_10.log
defects4j,JacksonCore_25,jacksoncore_25f__startValueExpectComma__line642_730,major_exec__major_all_supported_local_full_rerun_final_exec8__jacksoncore_25f__startValueExpectComma__line642_730,_startValueExpectComma,major_12,87d8c8a73f6df5bdf1e1659e730e22b4fd201c5ae0dba4534112c4acd515e984,SUCCESS,PASS,False,True,/home/francisco/mt-harness/harness/executions/java/major/execution/major_all_supported_local_full_rerun_final_exec8/runs/major_exec__major_all_supported_local_full_rerun_final_exec8__jacksoncore_25f__startValueExpectComma__line642_730/execution/major_12.log
defects4j,JacksonCore_25,jacksoncore_25f__startValueExpectComma__line642_730,major_exec__major_all_supported_local_full_rerun_final_exec8__jacksoncore_25f__startValueExpectComma__line642_730,_startValueExpectComma,major_14,3c810e42eaaf4a8a46def467f094d7d483b49fee86258c3e6dffc46a2d3913aa,SUCCESS,FAIL,False,True,/home/francisco/mt-harness/harness/executions/java/major/execution/major_all_supported_local_full_rerun_final_exec8/runs/major_exec__major_all_supported_local_full_rerun_final_exec8__jacksoncore_25f__startValueExpectComma__line642_730/execution/major_14.log
defects4j,JacksonCore_25,jacksoncore_25f__startValueExpectComma__line642_730,major_exec__major_all_supported_local_full_rerun_final_exec8__jacksoncore_25f__startValueExpectComma__line642_730,_startValueExpectComma,major_16,fb69968215611bd293167ebbf09f72e5fbc737b43d60accd695506394dfd4330,SUCCESS,FAIL,True,True,/home/francisco/mt-harness/harness/executions/java/major/execution/major_all_supported_local_full_rerun_final_exec8/runs/major_exec__major_all_supported_local_full_rerun_final_exec8__jacksoncore_25f__startValueExpectComma__line642_730/execution/major_16.log
defects4j,JacksonCore_25,jacksoncore_25f__startValueAfterComma__line812_874,major_exec__major_all_supported_local_full_rerun_final_exec8__jacksoncore_25f__startValueAfterComma__line812_874,_startValueAfterComma,major_1,e84db95712d48002cbd6bf9eb17eba46ec94a713973dfe6b354bd3426a073750,SUCCESS,FAIL,True,True,/home/francisco/mt-harness/harness/executions/java/major/execution/major_all_supported_local_full_rerun_final_exec8/runs/major_exec__major_all_supported_local_full_rerun_final_exec8__jacksoncore_25f__startValueAfterComma__line812_874/execution/major_1.log
defects4j,JacksonCore_25,jacksoncore_25f__startValueAfterComma__line812_874,major_exec__major_all_supported_local_full_rerun_final_exec8__jacksoncore_25f__startValueAfterComma__line812_874,_startValueAfterComma,major_11,976421dbc8319af607d11c300fcd7a2e4a9856074133619b1e4dd9b91945d08e,SUCCESS,PASS,False,True,/home/francisco/mt-harness/harness/executions/java/major/execution/major_all_supported_local_full_rerun_final_exec8/runs/major_exec__major_all_supported_local_full_rerun_final_exec8__jacksoncore_25f__startValueAfterComma__line812_874/execution/major_11.log
defects4j,JacksonCore_25,jacksoncore_25f__startValueAfterComma__line812_874,major_exec__major_all_supported_local_full_rerun_final_exec8__jacksoncore_25f__startValueAfterComma__line812_874,_startValueAfterComma,major_13,7b22eaf38a81ff7d492f5ee89291530bb74cad9efe9bbeab5067934410426c81,SUCCESS,FAIL,True,True,/home/francisco/mt-harness/harness/executions/java/major/execution/major_all_supported_local_full_rerun_final_exec8/runs/major_exec__major_all_supported_local_full_rerun_final_exec8__jacksoncore_25f__startValueAfterComma__line812_874/execution/major_13.log
defects4j,JacksonCore_25,jacksoncore_25f__startValueAfterComma__line812_874,major_exec__major_all_supported_local_full_rerun_final_exec8__jacksoncore_25f__startValueAfterComma__line812_874,_startValueAfterComma,major_15,ceaec666398961be0e3406f7551e66c6edb0e71300b731894bd4585c4eb49c35,SUCCESS,FAIL,True,True,/home/francisco/mt-harness/harness/executions/java/major/execution/major_all_supported_local_full_rerun_final_exec8/runs/major_exec__major_all_supported_local_full_rerun_final_exec8__jacksoncore_25f__startValueAfterComma__line812_874/execution/major_15.log
defects4j,JacksonCore_25,jacksoncore_25f__startValueAfterComma__line812_874,major_exec__major_all_supported_local_full_rerun_final_exec8__jacksoncore_25f__startValueAfterComma__line812_874,_startValueAfterComma,major_10,952a70b6a5493a9167f1a96ef17dfc5726e0415581ed2aeb67c3a840ceed619c,SUCCESS,FAIL,True,True,/home/francisco/mt-harness/harness/executions/java/major/execution/major_all_supported_local_full_rerun_final_exec8/runs/major_exec__major_all_supported_local_full_rerun_final_exec8__jacksoncore_25f__startValueAfterComma__line812_874/execution/major_10.log
defects4j,JacksonCore_25,jacksoncore_25f__startValueAfterComma__line812_874,major_exec__major_all_supported_local_full_rerun_final_exec8__jacksoncore_25f__startValueAfterComma__line812_874,_startValueAfterComma,major_12,976e0b27e5af941c6029448b7a751755811a9b74f469ca0590de6a780b0d10ac,SUCCESS,FAIL,True,True,/home/francisco/mt-harness/harness/executions/java/major/execution/major_all_supported_local_full_rerun_final_exec8/runs/major_exec__major_all_supported_local_full_rerun_final_exec8__jacksoncore_25f__startValueAfterComma__line812_874/execution/major_12.log
defects4j,JacksonCore_25,jacksoncore_25f__startValueAfterComma__line812_874,major_exec__major_all_supported_local_full_rerun_final_exec8__jacksoncore_25f__startValueAfterComma__line812_874,_startValueAfterComma,major_14,43cf0b7964e1ba53f1a3fca66ea8dc8dbb02b7e25fa9d071a299d953188a1d94,SUCCESS,FAIL,True,True,/home/francisco/mt-harness/harness/executions/java/major/execution/major_all_supported_local_full_rerun_final_exec8/runs/major_exec__major_all_supported_local_full_rerun_final_exec8__jacksoncore_25f__startValueAfterComma__line812_874/execution/major_14.log
defects4j,JacksonCore_25,jacksoncore_25f__startValueAfterComma__line812_874,major_exec__major_all_supported_local_full_rerun_final_exec8__jacksoncore_25f__startValueAfterComma__line812_874,_startValueAfterComma,major_16,1c16b8f83570e3939d3766036f11ec50bbc46453a9ac7410500054a8909a8aaf,SUCCESS,FAIL,True,True,/home/francisco/mt-harness/harness/executions/java/major/execution/major_all_supported_local_full_rerun_final_exec8/runs/major_exec__major_all_supported_local_full_rerun_final_exec8__jacksoncore_25f__startValueAfterComma__line812_874/execution/major_16.log
defects4j,JacksonCore_1,jacksoncore_1f__isNextTokenNameYes__line902_972,major_exec__major_all_supported_local_full_rerun_final_exec8__jacksoncore_1f__isNextTokenNameYes__line902_972,_isNextTokenNameYes,major_10,fee2c6e28bfdaf5be717bc0503ba81c132426cee6d1599b00a56c382936ffb73,SUCCESS,FAIL,True,True,/home/francisco/mt-harness/harness/executions/java/major/execution/major_all_supported_local_full_rerun_final_exec8/runs/major_exec__major_all_supported_local_full_rerun_final_exec8__jacksoncore_1f__isNextTokenNameYes__line902_972/execution/major_10.log
defects4j,JacksonCore_1,jacksoncore_1f__isNextTokenNameYes__line902_972,major_exec__major_all_supported_local_full_rerun_final_exec8__jacksoncore_1f__isNextTokenNameYes__line902_972,_isNextTokenNameYes,major_12,c21cc4edec96bce62cb6feb5c914ab6f03b50e5dd15524a4b0413378d75f19d6,SUCCESS,FAIL,True,True,/home/francisco/mt-harness/harness/executions/java/major/execution/major_all_supported_local_full_rerun_final_exec8/runs/major_exec__major_all_supported_local_full_rerun_final_exec8__jacksoncore_1f__isNextTokenNameYes__line902_972/execution/major_12.log
defects4j,JacksonCore_1,jacksoncore_1f__isNextTokenNameYes__line902_972,major_exec__major_all_supported_local_full_rerun_final_exec8__jacksoncore_1f__isNextTokenNameYes__line902_972,_isNextTokenNameYes,major_14,9361014dece2f3e55f610d8df7adafd9d89e209f0c59eebc00c0089a6732a04c,SUCCESS,PASS,False,True,/home/francisco/mt-harness/harness/executions/java/major/execution/major_all_supported_local_full_rerun_final_exec8/runs/major_exec__major_all_supported_local_full_rerun_final_exec8__jacksoncore_1f__isNextTokenNameYes__line902_972/execution/major_14.log
defects4j,JacksonCore_1,jacksoncore_1f__isNextTokenNameYes__line902_972,major_exec__major_all_supported_local_full_rerun_final_exec8__jacksoncore_1f__isNextTokenNameYes__line902_972,_isNextTokenNameYes,major_16,432187e466b13f29089186c1528b7e2a952025934e0953da9d8373e9dceea638,SUCCESS,PASS,False,True,/home/francisco/mt-harness/harness/executions/java/major/execution/major_all_supported_local_full_rerun_final_exec8/runs/major_exec__major_all_supported_local_full_rerun_final_exec8__jacksoncore_1f__isNextTokenNameYes__line902_972/execution/major_16.log
defects4j,JacksonCore_1,jacksoncore_1f__isNextTokenNameYes__line902_972,major_exec__major_all_supported_local_full_rerun_final_exec8__jacksoncore_1f__isNextTokenNameYes__line902_972,_isNextTokenNameYes,major_1,8a87a292f22a436c7555e6dae4583a89e8e035972d61cde7868d55b97d8fd626,SUCCESS,FAIL,True,True,/home/francisco/mt-harness/harness/executions/java/major/execution/major_all_supported_local_full_rerun_final_exec8/runs/major_exec__major_all_supported_local_full_rerun_final_exec8__jacksoncore_1f__isNextTokenNameYes__line902_972/execution/major_1.log
defects4j,JacksonCore_1,jacksoncore_1f__isNextTokenNameYes__line902_972,major_exec__major_all_supported_local_full_rerun_final_exec8__jacksoncore_1f__isNextTokenNameYes__line902_972,_isNextTokenNameYes,major_11,84108c308861e9f578eb7fb100150c9f55124d3997fb6542cb7ca373b36e6a4c,SUCCESS,FAIL,True,True,/home/francisco/mt-harness/harness/executions/java/major/execution/major_all_supported_local_full_rerun_final_exec8/runs/major_exec__major_all_supported_local_full_rerun_final_exec8__jacksoncore_1f__isNextTokenNameYes__line902_972/execution/major_11.log
defects4j,JacksonCore_1,jacksoncore_1f__isNextTokenNameYes__line902_972,major_exec__major_all_supported_local_full_rerun_final_exec8__jacksoncore_1f__isNextTokenNameYes__line902_972,_isNextTokenNameYes,major_13,bb4ff316b237f6f611ac40ca35433b9034f67b92b63c23cddbd74de7bedbefd3,SUCCESS,FAIL,True,True,/home/francisco/mt-harness/harness/executions/java/major/execution/major_all_supported_local_full_rerun_final_exec8/runs/major_exec__major_all_supported_local_full_rerun_final_exec8__jacksoncore_1f__isNextTokenNameYes__line902_972/execution/major_13.log
defects4j,JacksonCore_1,jacksoncore_1f__isNextTokenNameYes__line902_972,major_exec__major_all_supported_local_full_rerun_final_exec8__jacksoncore_1f__isNextTokenNameYes__line902_972,_isNextTokenNameYes,major_15,33a52a0acc64d80bd952a03347e7398ea518a53ead5d464c08fa09eb1539cc25,SUCCESS,PASS,False,True,/home/francisco/mt-harness/harness/executions/java/major/execution/major_all_supported_local_full_rerun_final_exec8/runs/major_exec__major_all_supported_local_full_rerun_final_exec8__jacksoncore_1f__isNextTokenNameYes__line902_972/execution/major_15.log
defects4j,JacksonCore_22,jacksoncore_22f__parseAposName__line2054_2153,major_exec__major_all_supported_local_full_rerun_final_exec8__jacksoncore_22f__parseAposName__line2054_2153,_parseAposName,major_1,cc5b11e003bfde8fa3c5111ef104926b8b360e05d49ccc28559ac665cda33d05,SUCCESS,FAIL,True,True,/home/francisco/mt-harness/harness/executions/java/major/execution/major_all_supported_local_full_rerun_final_exec8/runs/major_exec__major_all_supported_local_full_rerun_final_exec8__jacksoncore_22f__parseAposName__line2054_2153/execution/major_1.log
defects4j,JacksonCore_22,jacksoncore_22f__parseAposName__line2054_2153,major_exec__major_all_supported_local_full_rerun_final_exec8__jacksoncore_22f__parseAposName__line2054_2153,_parseAposName,major_11,c8afb1543dedd330bc906d4a674e798174442ee9eb91d0f9bcc8a49bd232ff96,SUCCESS,FAIL,True,True,/home/francisco/mt-harness/harness/executions/java/major/execution/major_all_supported_local_full_rerun_final_exec8/runs/major_exec__major_all_supported_local_full_rerun_final_exec8__jacksoncore_22f__parseAposName__line2054_2153/execution/major_11.log
defects4j,JacksonCore_22,jacksoncore_22f__parseAposName__line2054_2153,major_exec__major_all_supported_local_full_rerun_final_exec8__jacksoncore_22f__parseAposName__line2054_2153,_parseAposName,major_13,428da7c2656e7874b407f0b203b74cda51ac32bd9bee94e4cf9bc5e490a37218,SUCCESS,FAIL,True,True,/home/francisco/mt-harness/harness/executions/java/major/execution/major_all_supported_local_full_rerun_final_exec8/runs/major_exec__major_all_supported_local_full_rerun_final_exec8__jacksoncore_22f__parseAposName__line2054_2153/execution/major_13.log
defects4j,JacksonCore_22,jacksoncore_22f__parseAposName__line2054_2153,major_exec__major_all_supported_local_full_rerun_final_exec8__jacksoncore_22f__parseAposName__line2054_2153,_parseAposName,major_15,ed00b80502c93211c8123d4557a44961c1ca22d884567352daec2d9648574ad7,SUCCESS,FAIL,True,True,/home/francisco/mt-harness/harness/executions/java/major/execution/major_all_supported_local_full_rerun_final_exec8/runs/major_exec__major_all_supported_local_full_rerun_final_exec8__jacksoncore_22f__parseAposName__line2054_2153/execution/major_15.log
defects4j,JacksonCore_22,jacksoncore_22f__parseAposName__line2054_2153,major_exec__major_all_supported_local_full_rerun_final_exec8__jacksoncore_22f__parseAposName__line2054_2153,_parseAposName,major_10,c2a9bcfdce6489684a9cdea991562e98781561701781cc81ccbac7c813fd911c,SUCCESS,PASS,False,True,/home/francisco/mt-harness/harness/executions/java/major/execution/major_all_supported_local_full_rerun_final_exec8/runs/major_exec__major_all_supported_local_full_rerun_final_exec8__jacksoncore_22f__parseAposName__line2054_2153/execution/major_10.log
defects4j,JacksonCore_22,jacksoncore_22f__parseAposName__line2054_2153,major_exec__major_all_supported_local_full_rerun_final_exec8__jacksoncore_22f__parseAposName__line2054_2153,_parseAposName,major_12,4590fb3398b4cf695395ae2e34a5303ca0d59b76ed5c2c4e4fa5eebcb3eb165b,SUCCESS,FAIL,True,True,/home/francisco/mt-harness/harness/executions/java/major/execution/major_all_supported_local_full_rerun_final_exec8/runs/major_exec__major_all_supported_local_full_rerun_final_exec8__jacksoncore_22f__parseAposName__line2054_2153/execution/major_12.log
defects4j,JacksonCore_22,jacksoncore_22f__parseAposName__line2054_2153,major_exec__major_all_supported_local_full_rerun_final_exec8__jacksoncore_22f__parseAposName__line2054_2153,_parseAposName,major_14,92025d71b2bf072e94982076ccba0e7f77986c074aef420637779f7e40b6c985,SUCCESS,FAIL,True,True,/home/francisco/mt-harness/harness/executions/java/major/execution/major_all_supported_local_full_rerun_final_exec8/runs/major_exec__major_all_supported_local_full_rerun_final_exec8__jacksoncore_22f__parseAposName__line2054_2153/execution/major_14.log
defects4j,JacksonCore_22,jacksoncore_22f__parseAposName__line2054_2153,major_exec__major_all_supported_local_full_rerun_final_exec8__jacksoncore_22f__parseAposName__line2054_2153,_parseAposName,major_16,57e0ab25230bcecf73643a0c1d67efb84f722af29c9b7e137622175f2e50f5fc,SUCCESS,PASS,False,True,/home/francisco/mt-harness/harness/executions/java/major/execution/major_all_supported_local_full_rerun_final_exec8/runs/major_exec__major_all_supported_local_full_rerun_final_exec8__jacksoncore_22f__parseAposName__line2054_2153/execution/major_16.log
defects4j,JacksonCore_22,jacksoncore_22f__startValueAfterColon__line545_609,major_exec__major_all_supported_local_full_rerun_final_exec8__jacksoncore_22f__startValueAfterColon__line545_609,_startValueAfterColon,major_1,b8a194d1ca96d45db5c155cb426f13634e307fe0087844c68232fd1ec565add8,SUCCESS,FAIL,True,True,/home/francisco/mt-harness/harness/executions/java/major/execution/major_all_supported_local_full_rerun_final_exec8/runs/major_exec__major_all_supported_local_full_rerun_final_exec8__jacksoncore_22f__startValueAfterColon__line545_609/execution/major_1.log
defects4j,JacksonCore_22,jacksoncore_22f__startValueAfterColon__line545_609,major_exec__major_all_supported_local_full_rerun_final_exec8__jacksoncore_22f__startValueAfterColon__line545_609,_startValueAfterColon,major_11,9ab5b7bc5ae978851ac25c6e83186a153594a8f07182898a9b4437a3aa94ad07,SUCCESS,FAIL,True,True,/home/francisco/mt-harness/harness/executions/java/major/execution/major_all_supported_local_full_rerun_final_exec8/runs/major_exec__major_all_supported_local_full_rerun_final_exec8__jacksoncore_22f__startValueAfterColon__line545_609/execution/major_11.log
defects4j,JacksonCore_22,jacksoncore_22f__startValueAfterColon__line545_609,major_exec__major_all_supported_local_full_rerun_final_exec8__jacksoncore_22f__startValueAfterColon__line545_609,_startValueAfterColon,major_13,5b4d57352a18951e3e3bf370e5c51a8083ff46b3d8448c9d5a06f8448f299bd3,SUCCESS,FAIL,True,True,/home/francisco/mt-harness/harness/executions/java/major/execution/major_all_supported_local_full_rerun_final_exec8/runs/major_exec__major_all_supported_local_full_rerun_final_exec8__jacksoncore_22f__startValueAfterColon__line545_609/execution/major_13.log
defects4j,JacksonCore_22,jacksoncore_22f__startValueAfterColon__line545_609,major_exec__major_all_supported_local_full_rerun_final_exec8__jacksoncore_22f__startValueAfterColon__line545_609,_startValueAfterColon,major_15,0e041f9a452eac8690c9eb5b9592d34ed5dc7adf0538a0d9c1f0ca582536450c,SUCCESS,FAIL,True,True,/home/francisco/mt-harness/harness/executions/java/major/execution/major_all_supported_local_full_rerun_final_exec8/runs/major_exec__major_all_supported_local_full_rerun_final_exec8__jacksoncore_22f__startValueAfterColon__line545_609/execution/major_15.log
defects4j,JacksonCore_22,jacksoncore_22f__startValueAfterColon__line545_609,major_exec__major_all_supported_local_full_rerun_final_exec8__jacksoncore_22f__startValueAfterColon__line545_609,_startValueAfterColon,major_10,d85336582961630b546c7d49194c164cbd233c9af7d0d428ec57ca6ab5faa825,SUCCESS,FAIL,True,True,/home/francisco/mt-harness/harness/executions/java/major/execution/major_all_supported_local_full_rerun_final_exec8/runs/major_exec__major_all_supported_local_full_rerun_final_exec8__jacksoncore_22f__startValueAfterColon__line545_609/execution/major_10.log
defects4j,JacksonCore_22,jacksoncore_22f__startValueAfterColon__line545_609,major_exec__major_all_supported_local_full_rerun_final_exec8__jacksoncore_22f__startValueAfterColon__line545_609,_startValueAfterColon,major_12,c0a96905c3d4581947f80fa3758f50bdf7d2f41b49efe726388c37d7ad10adc6,SUCCESS,FAIL,True,True,/home/francisco/mt-harness/harness/executions/java/major/execution/major_all_supported_local_full_rerun_final_exec8/runs/major_exec__major_all_supported_local_full_rerun_final_exec8__jacksoncore_22f__startValueAfterColon__line545_609/execution/major_12.log
defects4j,JacksonCore_22,jacksoncore_22f__startValueAfterColon__line545_609,major_exec__major_all_supported_local_full_rerun_final_exec8__jacksoncore_22f__startValueAfterColon__line545_609,_startValueAfterColon,major_14,2f3d6251b8089906b2142a483845ca4405e87cf10586654e735e8896269f86d0,SUCCESS,FAIL,True,True,/home/francisco/mt-harness/harness/executions/java/major/execution/major_all_supported_local_full_rerun_final_exec8/runs/major_exec__major_all_supported_local_full_rerun_final_exec8__jacksoncore_22f__startValueAfterColon__line545_609/execution/major_14.log
defects4j,JacksonCore_22,jacksoncore_22f__startValueAfterColon__line545_609,major_exec__major_all_supported_local_full_rerun_final_exec8__jacksoncore_22f__startValueAfterColon__line545_609,_startValueAfterColon,major_16,26dbdc1877bb1c5c35fd6e06d8d023967c49acbb1d30e99ac7a457c1fc7c0044,SUCCESS,FAIL,True,True,/home/francisco/mt-harness/harness/executions/java/major/execution/major_all_supported_local_full_rerun_final_exec8/runs/major_exec__major_all_supported_local_full_rerun_final_exec8__jacksoncore_22f__startValueAfterColon__line545_609/execution/major_16.log
defects4j,JacksonCore_1,jacksoncore_1f__skipColon__line2527_2597,major_exec__major_all_supported_local_full_rerun_final_exec8__jacksoncore_1f__skipColon__line2527_2597,_skipColon,major_10,545cd5f509cca57a8be5b0ee21e414155c4b0c184715f344fdf82c632bf8e69f,SUCCESS,FAIL,True,True,/home/francisco/mt-harness/harness/executions/java/major/execution/major_all_supported_local_full_rerun_final_exec8/runs/major_exec__major_all_supported_local_full_rerun_final_exec8__jacksoncore_1f__skipColon__line2527_2597/execution/major_10.log
defects4j,JacksonCore_1,jacksoncore_1f__skipColon__line2527_2597,major_exec__major_all_supported_local_full_rerun_final_exec8__jacksoncore_1f__skipColon__line2527_2597,_skipColon,major_12,bf03377db2bc7b272f1a3621c8c23466ec1422433cb0e6ac881a31a1c8fedd43,SUCCESS,FAIL,True,True,/home/francisco/mt-harness/harness/executions/java/major/execution/major_all_supported_local_full_rerun_final_exec8/runs/major_exec__major_all_supported_local_full_rerun_final_exec8__jacksoncore_1f__skipColon__line2527_2597/execution/major_12.log
defects4j,JacksonCore_1,jacksoncore_1f__skipColon__line2527_2597,major_exec__major_all_supported_local_full_rerun_final_exec8__jacksoncore_1f__skipColon__line2527_2597,_skipColon,major_14,6b98ac7374210e2c36bf0e31ec0c40321c838223ff6ec5b282a02d081feb93c9,SUCCESS,PASS,False,True,/home/francisco/mt-harness/harness/executions/java/major/execution/major_all_supported_local_full_rerun_final_exec8/runs/major_exec__major_all_supported_local_full_rerun_final_exec8__jacksoncore_1f__skipColon__line2527_2597/execution/major_14.log
defects4j,JacksonCore_1,jacksoncore_1f__skipColon__line2527_2597,major_exec__major_all_supported_local_full_rerun_final_exec8__jacksoncore_1f__skipColon__line2527_2597,_skipColon,major_3,f863505980dfb530ddd72d7492fa3319e78c89adbaafd52c73f33fe269ccebf8,SUCCESS,PASS,False,True,/home/francisco/mt-harness/harness/executions/java/major/execution/major_all_supported_local_full_rerun_final_exec8/runs/major_exec__major_all_supported_local_full_rerun_final_exec8__jacksoncore_1f__skipColon__line2527_2597/execution/major_3.log
defects4j,JacksonCore_1,jacksoncore_1f__skipColon__line2527_2597,major_exec__major_all_supported_local_full_rerun_final_exec8__jacksoncore_1f__skipColon__line2527_2597,_skipColon,major_1,2c1ce68107e09ce984d406327c14df6ab2227f4e297850196ef6b08e4e4cfc27,SUCCESS,FAIL,True,True,/home/francisco/mt-harness/harness/executions/java/major/execution/major_all_supported_local_full_rerun_final_exec8/runs/major_exec__major_all_supported_local_full_rerun_final_exec8__jacksoncore_1f__skipColon__line2527_2597/execution/major_1.log
defects4j,JacksonCore_1,jacksoncore_1f__skipColon__line2527_2597,major_exec__major_all_supported_local_full_rerun_final_exec8__jacksoncore_1f__skipColon__line2527_2597,_skipColon,major_11,da181b703da3e98e76a8d5da3402cd169e00b97ad984251299a40e50e06ae35d,SUCCESS,FAIL,True,True,/home/francisco/mt-harness/harness/executions/java/major/execution/major_all_supported_local_full_rerun_final_exec8/runs/major_exec__major_all_supported_local_full_rerun_final_exec8__jacksoncore_1f__skipColon__line2527_2597/execution/major_11.log
defects4j,JacksonCore_1,jacksoncore_1f__skipColon__line2527_2597,major_exec__major_all_supported_local_full_rerun_final_exec8__jacksoncore_1f__skipColon__line2527_2597,_skipColon,major_13,a67cb387ff6c5b496d181e384e3b60c9fa807a6bea4d45d88380622257e91ba5,SUCCESS,PASS,False,True,/home/francisco/mt-harness/harness/executions/java/major/execution/major_all_supported_local_full_rerun_final_exec8/runs/major_exec__major_all_supported_local_full_rerun_final_exec8__jacksoncore_1f__skipColon__line2527_2597/execution/major_13.log
defects4j,JacksonCore_1,jacksoncore_1f__skipColon__line2527_2597,major_exec__major_all_supported_local_full_rerun_final_exec8__jacksoncore_1f__skipColon__line2527_2597,_skipColon,major_2,5ba097850ce7c72be924e20c9fe6ce349dade7db39a551fc771a85e2da99a1c0,SUCCESS,PASS,False,True,/home/francisco/mt-harness/harness/executions/java/major/execution/major_all_supported_local_full_rerun_final_exec8/runs/major_exec__major_all_supported_local_full_rerun_final_exec8__jacksoncore_1f__skipColon__line2527_2597/execution/major_2.log
defects4j,JacksonCore_25,jacksoncore_25f__finishAposName__line2136_2231,major_exec__major_all_supported_local_full_rerun_final_exec8__jacksoncore_25f__finishAposName__line2136_2231,_finishAposName,major_10,c16d686e47771071a7cb51b2dade4288a57e8730d972665a34306b9c540e8e73,SUCCESS,FAIL,True,True,/home/francisco/mt-harness/harness/executions/java/major/execution/major_all_supported_local_full_rerun_final_exec8/runs/major_exec__major_all_supported_local_full_rerun_final_exec8__jacksoncore_25f__finishAposName__line2136_2231/execution/major_10.log
defects4j,JacksonCore_25,jacksoncore_25f__finishAposName__line2136_2231,major_exec__major_all_supported_local_full_rerun_final_exec8__jacksoncore_25f__finishAposName__line2136_2231,_finishAposName,major_12,1e125096585f193712f58b0eed56111a2bc6609d080d1ca71f992199ca045037,SUCCESS,PASS,False,True,/home/francisco/mt-harness/harness/executions/java/major/execution/major_all_supported_local_full_rerun_final_exec8/runs/major_exec__major_all_supported_local_full_rerun_final_exec8__jacksoncore_25f__finishAposName__line2136_2231/execution/major_12.log
defects4j,JacksonCore_25,jacksoncore_25f__finishAposName__line2136_2231,major_exec__major_all_supported_local_full_rerun_final_exec8__jacksoncore_25f__finishAposName__line2136_2231,_finishAposName,major_14,c928f0f05b77c2ca8c0d07a25382e49fba87098049a5c5947debd5515a20331e,SUCCESS,PASS,False,True,/home/francisco/mt-harness/harness/executions/java/major/execution/major_all_supported_local_full_rerun_final_exec8/runs/major_exec__major_all_supported_local_full_rerun_final_exec8__jacksoncore_25f__finishAposName__line2136_2231/execution/major_14.log
defects4j,JacksonCore_25,jacksoncore_25f__finishAposName__line2136_2231,major_exec__major_all_supported_local_full_rerun_final_exec8__jacksoncore_25f__finishAposName__line2136_2231,_finishAposName,major_16,39810bbfcd31b5adf03c01fc0ac17cf0c3d969343ae55554eca3d92143f83372,SUCCESS,FAIL,True,True,/home/francisco/mt-harness/harness/executions/java/major/execution/major_all_supported_local_full_rerun_final_exec8/runs/major_exec__major_all_supported_local_full_rerun_final_exec8__jacksoncore_25f__finishAposName__line2136_2231/execution/major_16.log
defects4j,JacksonCore_25,jacksoncore_25f__finishAposName__line2136_2231,major_exec__major_all_supported_local_full_rerun_final_exec8__jacksoncore_25f__finishAposName__line2136_2231,_finishAposName,major_1,ea6289de92808c4544718281ff4d80f1b6a75ea26faeaffba05bb4286d925f1b,SUCCESS,FAIL,True,True,/home/francisco/mt-harness/harness/executions/java/major/execution/major_all_supported_local_full_rerun_final_exec8/runs/major_exec__major_all_supported_local_full_rerun_final_exec8__jacksoncore_25f__finishAposName__line2136_2231/execution/major_1.log
defects4j,JacksonCore_25,jacksoncore_25f__finishAposName__line2136_2231,major_exec__major_all_supported_local_full_rerun_final_exec8__jacksoncore_25f__finishAposName__line2136_2231,_finishAposName,major_11,be8744cc2a9dee0720addad87993f7aeb366ac4c436ec00426580abc7bdd0eca,SUCCESS,FAIL,True,True,/home/francisco/mt-harness/harness/executions/java/major/execution/major_all_supported_local_full_rerun_final_exec8/runs/major_exec__major_all_supported_local_full_rerun_final_exec8__jacksoncore_25f__finishAposName__line2136_2231/execution/major_11.log
defects4j,JacksonCore_25,jacksoncore_25f__finishAposName__line2136_2231,major_exec__major_all_supported_local_full_rerun_final_exec8__jacksoncore_25f__finishAposName__line2136_2231,_finishAposName,major_13,ea0a7cff0fcb916f4115fec0e130246aea71f7c37f935053bc27aedac4e60242,SUCCESS,FAIL,True,True,/home/francisco/mt-harness/harness/executions/java/major/execution/major_all_supported_local_full_rerun_final_exec8/runs/major_exec__major_all_supported_local_full_rerun_final_exec8__jacksoncore_25f__finishAposName__line2136_2231/execution/major_13.log
defects4j,JacksonCore_25,jacksoncore_25f__finishAposName__line2136_2231,major_exec__major_all_supported_local_full_rerun_final_exec8__jacksoncore_25f__finishAposName__line2136_2231,_finishAposName,major_15,319ad3a29a89f6651bf3cda03ac90a489c3a5fb157bea3d64064c78cffa7d1e7,SUCCESS,FAIL,True,True,/home/francisco/mt-harness/harness/executions/java/major/execution/major_all_supported_local_full_rerun_final_exec8/runs/major_exec__major_all_supported_local_full_rerun_final_exec8__jacksoncore_25f__finishAposName__line2136_2231/execution/major_15.log
defects4j,JacksonCore_22,jacksoncore_22f__finishToken__line218_293,major_exec__major_all_supported_local_full_rerun_final_exec8__jacksoncore_22f__finishToken__line218_293,_finishToken,major_10,e7418d889a87b1da05544423c43aa54afaeeffcb30c050efe431078d9fca6e58,SUCCESS,FAIL,True,True,/home/francisco/mt-harness/harness/executions/java/major/execution/major_all_supported_local_full_rerun_final_exec8/runs/major_exec__major_all_supported_local_full_rerun_final_exec8__jacksoncore_22f__finishToken__line218_293/execution/major_10.log
defects4j,JacksonCore_22,jacksoncore_22f__finishToken__line218_293,major_exec__major_all_supported_local_full_rerun_final_exec8__jacksoncore_22f__finishToken__line218_293,_finishToken,major_12,7c5b235e3a3237440204e6c230dfcf18fa4cfdbc6019c34a30d521335b701af4,SUCCESS,FAIL,True,True,/home/francisco/mt-harness/harness/executions/java/major/execution/major_all_supported_local_full_rerun_final_exec8/runs/major_exec__major_all_supported_local_full_rerun_final_exec8__jacksoncore_22f__finishToken__line218_293/execution/major_12.log
defects4j,JacksonCore_22,jacksoncore_22f__finishToken__line218_293,major_exec__major_all_supported_local_full_rerun_final_exec8__jacksoncore_22f__finishToken__line218_293,_finishToken,major_14,6e202b8b86157be815758c50d08a3e4be17673e3353f241949f48a7c60cb761e,SUCCESS,FAIL,True,True,/home/francisco/mt-harness/harness/executions/java/major/execution/major_all_supported_local_full_rerun_final_exec8/runs/major_exec__major_all_supported_local_full_rerun_final_exec8__jacksoncore_22f__finishToken__line218_293/execution/major_14.log
defects4j,JacksonCore_22,jacksoncore_22f__finishToken__line218_293,major_exec__major_all_supported_local_full_rerun_final_exec8__jacksoncore_22f__finishToken__line218_293,_finishToken,major_16,91f44d4591582c251dbec8d329b040a3de3251c888002bca4630adccd4978c8e,SUCCESS,PASS,False,True,/home/francisco/mt-harness/harness/executions/java/major/execution/major_all_supported_local_full_rerun_final_exec8/runs/major_exec__major_all_supported_local_full_rerun_final_exec8__jacksoncore_22f__finishToken__line218_293/execution/major_16.log
defects4j,JacksonCore_22,jacksoncore_22f__finishToken__line218_293,major_exec__major_all_supported_local_full_rerun_final_exec8__jacksoncore_22f__finishToken__line218_293,_finishToken,major_1,e3f54ef0e27bdc0eaaa21e3e12fa7ba3043680720d86c5f4b2fc36ae5c549010,SUCCESS,FAIL,True,True,/home/francisco/mt-harness/harness/executions/java/major/execution/major_all_supported_local_full_rerun_final_exec8/runs/major_exec__major_all_supported_local_full_rerun_final_exec8__jacksoncore_22f__finishToken__line218_293/execution/major_1.log
defects4j,JacksonCore_22,jacksoncore_22f__finishToken__line218_293,major_exec__major_all_supported_local_full_rerun_final_exec8__jacksoncore_22f__finishToken__line218_293,_finishToken,major_11,77e2723e832bd65409bb91b87b2191867d82f124af2101d2ad24b4619a8f0d92,SUCCESS,FAIL,True,True,/home/francisco/mt-harness/harness/executions/java/major/execution/major_all_supported_local_full_rerun_final_exec8/runs/major_exec__major_all_supported_local_full_rerun_final_exec8__jacksoncore_22f__finishToken__line218_293/execution/major_11.log
defects4j,JacksonCore_22,jacksoncore_22f__finishToken__line218_293,major_exec__major_all_supported_local_full_rerun_final_exec8__jacksoncore_22f__finishToken__line218_293,_finishToken,major_13,8de2ba2771bf0953348f15fda0c9bf2c6d4c036e3ae4ceba656762c74e331086,SUCCESS,FAIL,True,True,/home/francisco/mt-harness/harness/executions/java/major/execution/major_all_supported_local_full_rerun_final_exec8/runs/major_exec__major_all_supported_local_full_rerun_final_exec8__jacksoncore_22f__finishToken__line218_293/execution/major_13.log
defects4j,JacksonCore_22,jacksoncore_22f__finishToken__line218_293,major_exec__major_all_supported_local_full_rerun_final_exec8__jacksoncore_22f__finishToken__line218_293,_finishToken,major_15,b73a60201d496ca4ae6ee641441211ab79d7a23a10c50954c2ec023349a7c005,SUCCESS,FAIL,True,True,/home/francisco/mt-harness/harness/executions/java/major/execution/major_all_supported_local_full_rerun_final_exec8/runs/major_exec__major_all_supported_local_full_rerun_final_exec8__jacksoncore_22f__finishToken__line218_293/execution/major_15.log
defects4j,JacksonCore_2,jacksoncore_2f__parseFloat__line1329_1421,major_exec__major_all_supported_local_full_rerun_final_exec8__jacksoncore_2f__parseFloat__line1329_1421,_parseFloat,major_1,615795bd13ec56c431a4646639488b82adb05a4d4d157d3f2bba055f5a61c71b,SUCCESS,PASS,False,True,/home/francisco/mt-harness/harness/executions/java/major/execution/major_all_supported_local_full_rerun_final_exec8/runs/major_exec__major_all_supported_local_full_rerun_final_exec8__jacksoncore_2f__parseFloat__line1329_1421/execution/major_1.log
defects4j,JacksonCore_2,jacksoncore_2f__parseFloat__line1329_1421,major_exec__major_all_supported_local_full_rerun_final_exec8__jacksoncore_2f__parseFloat__line1329_1421,_parseFloat,major_11,5a0175d5e1267a76381d4eb16b1e6c3b7628d1451ad1d74b9b07d0a13e556a14,SUCCESS,FAIL,True,True,/home/francisco/mt-harness/harness/executions/java/major/execution/major_all_supported_local_full_rerun_final_exec8/runs/major_exec__major_all_supported_local_full_rerun_final_exec8__jacksoncore_2f__parseFloat__line1329_1421/execution/major_11.log
defects4j,JacksonCore_2,jacksoncore_2f__parseFloat__line1329_1421,major_exec__major_all_supported_local_full_rerun_final_exec8__jacksoncore_2f__parseFloat__line1329_1421,_parseFloat,major_13,68bf38ecd0831f38d74e371caa225e6a1bb34b5993fa5a4434d8b2b40ff8d396,SUCCESS,PASS,False,True,/home/francisco/mt-harness/harness/executions/java/major/execution/major_all_supported_local_full_rerun_final_exec8/runs/major_exec__major_all_supported_local_full_rerun_final_exec8__jacksoncore_2f__parseFloat__line1329_1421/execution/major_13.log
defects4j,JacksonCore_2,jacksoncore_2f__parseFloat__line1329_1421,major_exec__major_all_supported_local_full_rerun_final_exec8__jacksoncore_2f__parseFloat__line1329_1421,_parseFloat,major_15,1a3ae3c98a02d7272e0490983948659ede98bf57bf86027f66652103c999af30,SUCCESS,PASS,False,True,/home/francisco/mt-harness/harness/executions/java/major/execution/major_all_supported_local_full_rerun_final_exec8/runs/major_exec__major_all_supported_local_full_rerun_final_exec8__jacksoncore_2f__parseFloat__line1329_1421/execution/major_15.log
defects4j,JacksonCore_2,jacksoncore_2f__parseFloat__line1329_1421,major_exec__major_all_supported_local_full_rerun_final_exec8__jacksoncore_2f__parseFloat__line1329_1421,_parseFloat,major_10,608566c9fb7e05d09c2eadea14ae239550a694cb2e04c3d186377facc0c815fc,SUCCESS,PASS,False,True,/home/francisco/mt-harness/harness/executions/java/major/execution/major_all_supported_local_full_rerun_final_exec8/runs/major_exec__major_all_supported_local_full_rerun_final_exec8__jacksoncore_2f__parseFloat__line1329_1421/execution/major_10.log
defects4j,JacksonCore_2,jacksoncore_2f__parseFloat__line1329_1421,major_exec__major_all_supported_local_full_rerun_final_exec8__jacksoncore_2f__parseFloat__line1329_1421,_parseFloat,major_12,2b96814d10587551cdcb7ccaaa6fe3eafb7b2ab1d546f3e62f8762d4e5aaa389,SUCCESS,FAIL,True,True,/home/francisco/mt-harness/harness/executions/java/major/execution/major_all_supported_local_full_rerun_final_exec8/runs/major_exec__major_all_supported_local_full_rerun_final_exec8__jacksoncore_2f__parseFloat__line1329_1421/execution/major_12.log
defects4j,JacksonCore_2,jacksoncore_2f__parseFloat__line1329_1421,major_exec__major_all_supported_local_full_rerun_final_exec8__jacksoncore_2f__parseFloat__line1329_1421,_parseFloat,major_14,8dc712f8cb024fc9a6576cf0e03194b7d7e77dc40c0bdc0b00e47b3f69f85a3c,SUCCESS,PASS,False,True,/home/francisco/mt-harness/harness/executions/java/major/execution/major_all_supported_local_full_rerun_final_exec8/runs/major_exec__major_all_supported_local_full_rerun_final_exec8__jacksoncore_2f__parseFloat__line1329_1421/execution/major_14.log
defects4j,JacksonCore_2,jacksoncore_2f__parseFloat__line1329_1421,major_exec__major_all_supported_local_full_rerun_final_exec8__jacksoncore_2f__parseFloat__line1329_1421,_parseFloat,major_16,d176cfd7f79d7118a1c5fae985c0a4c9d000805106829163bbbf6977aaf51bb5,SUCCESS,FAIL,True,True,/home/francisco/mt-harness/harness/executions/java/major/execution/major_all_supported_local_full_rerun_final_exec8/runs/major_exec__major_all_supported_local_full_rerun_final_exec8__jacksoncore_2f__parseFloat__line1329_1421/execution/major_16.log
defects4j,JacksonDatabind_1,jacksondatabind_1f_resolveCreators__line323_403,major_exec__major_all_supported_local_full_rerun_final_exec8__jacksondatabind_1f_resolveCreators__line323_403,resolveCreators,major_10,be0aadcbde3b6e7977044220c83f382924e2a4f4141a851e80954bd847a4daa8,SUCCESS,PASS,False,True,/home/francisco/mt-harness/harness/executions/java/major/execution/major_all_supported_local_full_rerun_final_exec8/runs/major_exec__major_all_supported_local_full_rerun_final_exec8__jacksondatabind_1f_resolveCreators__line323_403/execution/major_10.log
defects4j,JacksonDatabind_1,jacksondatabind_1f_resolveCreators__line323_403,major_exec__major_all_supported_local_full_rerun_final_exec8__jacksondatabind_1f_resolveCreators__line323_403,resolveCreators,major_12,171df9ca0feab082e48067764f002472c50fa6655078d48b05801de1fb697f1d,SUCCESS,FAIL,True,True,/home/francisco/mt-harness/harness/executions/java/major/execution/major_all_supported_local_full_rerun_final_exec8/runs/major_exec__major_all_supported_local_full_rerun_final_exec8__jacksondatabind_1f_resolveCreators__line323_403/execution/major_12.log
defects4j,JacksonDatabind_1,jacksondatabind_1f_resolveCreators__line323_403,major_exec__major_all_supported_local_full_rerun_final_exec8__jacksondatabind_1f_resolveCreators__line323_403,resolveCreators,major_14,d7466c071b23fe7e3fd2bf221d4289bbfe2ac4a16c985e6242415041fb092eb5,SUCCESS,FAIL,True,True,/home/francisco/mt-harness/harness/executions/java/major/execution/major_all_supported_local_full_rerun_final_exec8/runs/major_exec__major_all_supported_local_full_rerun_final_exec8__jacksondatabind_1f_resolveCreators__line323_403/execution/major_14.log
defects4j,JacksonDatabind_1,jacksondatabind_1f_resolveCreators__line323_403,major_exec__major_all_supported_local_full_rerun_final_exec8__jacksondatabind_1f_resolveCreators__line323_403,resolveCreators,major_16,2b157a27c341e80a473e9387a0c92ca28bf4fd4c7e040947256a83689563a874,SUCCESS,FAIL,True,True,/home/francisco/mt-harness/harness/executions/java/major/execution/major_all_supported_local_full_rerun_final_exec8/runs/major_exec__major_all_supported_local_full_rerun_final_exec8__jacksondatabind_1f_resolveCreators__line323_403/execution/major_16.log
defects4j,JacksonDatabind_1,jacksondatabind_1f_resolveCreators__line323_403,major_exec__major_all_supported_local_full_rerun_final_exec8__jacksondatabind_1f_resolveCreators__line323_403,resolveCreators,major_1,d05ff2ddf0a8f716902ba70eda12d4b43c3a526f62e6bc74b3f8ea54e6d0cffb,SUCCESS,FAIL,True,True,/home/francisco/mt-harness/harness/executions/java/major/execution/major_all_supported_local_full_rerun_final_exec8/runs/major_exec__major_all_supported_local_full_rerun_final_exec8__jacksondatabind_1f_resolveCreators__line323_403/execution/major_1.log
defects4j,JacksonDatabind_1,jacksondatabind_1f_resolveCreators__line323_403,major_exec__major_all_supported_local_full_rerun_final_exec8__jacksondatabind_1f_resolveCreators__line323_403,resolveCreators,major_11,27a84e36ed364f1c09ce4bf0da36ee31b70f9584356f35945a64d5734eeb9eca,SUCCESS,FAIL,True,True,/home/francisco/mt-harness/harness/executions/java/major/execution/major_all_supported_local_full_rerun_final_exec8/runs/major_exec__major_all_supported_local_full_rerun_final_exec8__jacksondatabind_1f_resolveCreators__line323_403/execution/major_11.log
defects4j,JacksonDatabind_1,jacksondatabind_1f_resolveCreators__line323_403,major_exec__major_all_supported_local_full_rerun_final_exec8__jacksondatabind_1f_resolveCreators__line323_403,resolveCreators,major_13,60b3155163fb48bb7c06aef13e534b1614bc2725183fed9ba9ddfb8345865b44,SUCCESS,FAIL,True,True,/home/francisco/mt-harness/harness/executions/java/major/execution/major_all_supported_local_full_rerun_final_exec8/runs/major_exec__major_all_supported_local_full_rerun_final_exec8__jacksondatabind_1f_resolveCreators__line323_403/execution/major_13.log
defects4j,JacksonDatabind_1,jacksondatabind_1f_resolveCreators__line323_403,major_exec__major_all_supported_local_full_rerun_final_exec8__jacksondatabind_1f_resolveCreators__line323_403,resolveCreators,major_15,b01e3bd1b8ce586cf634f4934c204ea556a3e635b44968c9a7f70143a19cd4ba,SUCCESS,FAIL,True,True,/home/francisco/mt-harness/harness/executions/java/major/execution/major_all_supported_local_full_rerun_final_exec8/runs/major_exec__major_all_supported_local_full_rerun_final_exec8__jacksondatabind_1f_resolveCreators__line323_403/execution/major_15.log
defects4j,JacksonXml_1,jacksonxml_1f_nextTextValue__line594_688,major_exec__major_all_supported_local_full_rerun_final_exec8__jacksonxml_1f_nextTextValue__line594_688,nextTextValue,major_10,8a1da7a2ef0aa6d6ed1758555df2b82fced61bc439febcc5d4ff2589a9e1abdd,SUCCESS,PASS,False,True,/home/francisco/mt-harness/harness/executions/java/major/execution/major_all_supported_local_full_rerun_final_exec8/runs/major_exec__major_all_supported_local_full_rerun_final_exec8__jacksonxml_1f_nextTextValue__line594_688/execution/major_10.log
defects4j,JacksonXml_1,jacksonxml_1f_nextTextValue__line594_688,major_exec__major_all_supported_local_full_rerun_final_exec8__jacksonxml_1f_nextTextValue__line594_688,nextTextValue,major_12,0b116c2238d2cd964fca4b5b926fbd615fff60093edbedd6ae97fac36e9255de,SUCCESS,PASS,False,True,/home/francisco/mt-harness/harness/executions/java/major/execution/major_all_supported_local_full_rerun_final_exec8/runs/major_exec__major_all_supported_local_full_rerun_final_exec8__jacksonxml_1f_nextTextValue__line594_688/execution/major_12.log
defects4j,JacksonXml_1,jacksonxml_1f_nextTextValue__line594_688,major_exec__major_all_supported_local_full_rerun_final_exec8__jacksonxml_1f_nextTextValue__line594_688,nextTextValue,major_14,dc4b09d405198b6ce4cb871ddf638cb7a76f77c992a0e7a5fbee5f15989ca7b4,SUCCESS,PASS,False,True,/home/francisco/mt-harness/harness/executions/java/major/execution/major_all_supported_local_full_rerun_final_exec8/runs/major_exec__major_all_supported_local_full_rerun_final_exec8__jacksonxml_1f_nextTextValue__line594_688/execution/major_14.log
defects4j,JacksonXml_1,jacksonxml_1f_nextTextValue__line594_688,major_exec__major_all_supported_local_full_rerun_final_exec8__jacksonxml_1f_nextTextValue__line594_688,nextTextValue,major_16,a061bffa9170fb6ceb15af2704066f6b5ac0a93a3730927882b935c1093836e6,SUCCESS,FAIL,True,True,/home/francisco/mt-harness/harness/executions/java/major/execution/major_all_supported_local_full_rerun_final_exec8/runs/major_exec__major_all_supported_local_full_rerun_final_exec8__jacksonxml_1f_nextTextValue__line594_688/execution/major_16.log
defects4j,JacksonXml_1,jacksonxml_1f_nextTextValue__line594_688,major_exec__major_all_supported_local_full_rerun_final_exec8__jacksonxml_1f_nextTextValue__line594_688,nextTextValue,major_1,197da6f60590a67200c53c14563618cfd710b787475b31905e04e12bcc318d31,SUCCESS,PASS,False,True,/home/francisco/mt-harness/harness/executions/java/major/execution/major_all_supported_local_full_rerun_final_exec8/runs/major_exec__major_all_supported_local_full_rerun_final_exec8__jacksonxml_1f_nextTextValue__line594_688/execution/major_1.log
defects4j,JacksonXml_1,jacksonxml_1f_nextTextValue__line594_688,major_exec__major_all_supported_local_full_rerun_final_exec8__jacksonxml_1f_nextTextValue__line594_688,nextTextValue,major_11,13dece65f7402cf0f41d8b935f4f7daaf15b9833068ef5c1b2396fc65ce05c77,SUCCESS,PASS,False,True,/home/francisco/mt-harness/harness/executions/java/major/execution/major_all_supported_local_full_rerun_final_exec8/runs/major_exec__major_all_supported_local_full_rerun_final_exec8__jacksonxml_1f_nextTextValue__line594_688/execution/major_11.log
defects4j,JacksonXml_1,jacksonxml_1f_nextTextValue__line594_688,major_exec__major_all_supported_local_full_rerun_final_exec8__jacksonxml_1f_nextTextValue__line594_688,nextTextValue,major_13,d1757e8137123cabdf458b17cb68cf343eefae206cb463cd59fb8364ff30f65b,SUCCESS,FAIL,True,True,/home/francisco/mt-harness/harness/executions/java/major/execution/major_all_supported_local_full_rerun_final_exec8/runs/major_exec__major_all_supported_local_full_rerun_final_exec8__jacksonxml_1f_nextTextValue__line594_688/execution/major_13.log
defects4j,JacksonXml_1,jacksonxml_1f_nextTextValue__line594_688,major_exec__major_all_supported_local_full_rerun_final_exec8__jacksonxml_1f_nextTextValue__line594_688,nextTextValue,major_15,ca581e498b722397fe0a8a2729180cf63585021342ee73db67cf56279e41ed8b,SUCCESS,FAIL,True,True,/home/francisco/mt-harness/harness/executions/java/major/execution/major_all_supported_local_full_rerun_final_exec8/runs/major_exec__major_all_supported_local_full_rerun_final_exec8__jacksonxml_1f_nextTextValue__line594_688/execution/major_15.log
defects4j,JacksonXml_1,jacksonxml_1f__next__line303_348,major_exec__major_all_supported_local_full_rerun_final_exec8__jacksonxml_1f__next__line303_348,_next,major_1,6eda8da3f64bce7b1447f73fbcdb6b7489708c2ad781b77d9b548a83162f89ce,SUCCESS,FAIL,True,True,/home/francisco/mt-harness/harness/executions/java/major/execution/major_all_supported_local_full_rerun_final_exec8/runs/major_exec__major_all_supported_local_full_rerun_final_exec8__jacksonxml_1f__next__line303_348/execution/major_1.log
defects4j,JacksonXml_1,jacksonxml_1f__next__line303_348,major_exec__major_all_supported_local_full_rerun_final_exec8__jacksonxml_1f__next__line303_348,_next,major_11,b5364bdf061b7f2b35658aac3c53e730746a5e7d1baf2324e6a6e09d0f5a7201,SUCCESS,FAIL,True,True,/home/francisco/mt-harness/harness/executions/java/major/execution/major_all_supported_local_full_rerun_final_exec8/runs/major_exec__major_all_supported_local_full_rerun_final_exec8__jacksonxml_1f__next__line303_348/execution/major_11.log
defects4j,JacksonXml_1,jacksonxml_1f__next__line303_348,major_exec__major_all_supported_local_full_rerun_final_exec8__jacksonxml_1f__next__line303_348,_next,major_13,f7532a6ef420e3cd274328ddf30f2a5f2bd84789d101620ccffdf4e8eb98cbc8,SUCCESS,FAIL,True,True,/home/francisco/mt-harness/harness/executions/java/major/execution/major_all_supported_local_full_rerun_final_exec8/runs/major_exec__major_all_supported_local_full_rerun_final_exec8__jacksonxml_1f__next__line303_348/execution/major_13.log
defects4j,JacksonXml_1,jacksonxml_1f__next__line303_348,major_exec__major_all_supported_local_full_rerun_final_exec8__jacksonxml_1f__next__line303_348,_next,major_15,8374c68cf80a6241898fa01b0f266384bc2fc85fbcda61480c9f01cf062616d8,SUCCESS,FAIL,True,True,/home/francisco/mt-harness/harness/executions/java/major/execution/major_all_supported_local_full_rerun_final_exec8/runs/major_exec__major_all_supported_local_full_rerun_final_exec8__jacksonxml_1f__next__line303_348/execution/major_15.log
defects4j,JacksonXml_1,jacksonxml_1f__next__line303_348,major_exec__major_all_supported_local_full_rerun_final_exec8__jacksonxml_1f__next__line303_348,_next,major_10,07d3b07a910128863dc1db95704295b495c73f3d1e3d4b570f429852f9fac3f6,SUCCESS,FAIL,True,True,/home/francisco/mt-harness/harness/executions/java/major/execution/major_all_supported_local_full_rerun_final_exec8/runs/major_exec__major_all_supported_local_full_rerun_final_exec8__jacksonxml_1f__next__line303_348/execution/major_10.log
defects4j,JacksonXml_1,jacksonxml_1f__next__line303_348,major_exec__major_all_supported_local_full_rerun_final_exec8__jacksonxml_1f__next__line303_348,_next,major_12,855b071b8914b01bd1238cd012447500d47fd000363ef1ec8d2887039808e36d,SUCCESS,PASS,False,True,/home/francisco/mt-harness/harness/executions/java/major/execution/major_all_supported_local_full_rerun_final_exec8/runs/major_exec__major_all_supported_local_full_rerun_final_exec8__jacksonxml_1f__next__line303_348/execution/major_12.log
defects4j,JacksonXml_1,jacksonxml_1f__next__line303_348,major_exec__major_all_supported_local_full_rerun_final_exec8__jacksonxml_1f__next__line303_348,_next,major_14,ed8ebcf67a4fec66b8b22afaf1aaccfe9241ca6544a194a2e7fa4e78b5d996e5,SUCCESS,FAIL,True,True,/home/francisco/mt-harness/harness/executions/java/major/execution/major_all_supported_local_full_rerun_final_exec8/runs/major_exec__major_all_supported_local_full_rerun_final_exec8__jacksonxml_1f__next__line303_348/execution/major_14.log
defects4j,JacksonXml_1,jacksonxml_1f__next__line303_348,major_exec__major_all_supported_local_full_rerun_final_exec8__jacksonxml_1f__next__line303_348,_next,major_2,c6e823f39073176e0de1708f1df30d2587e0fb791f9ade340ae703949b3b9dfd,SUCCESS,PASS,False,True,/home/francisco/mt-harness/harness/executions/java/major/execution/major_all_supported_local_full_rerun_final_exec8/runs/major_exec__major_all_supported_local_full_rerun_final_exec8__jacksonxml_1f__next__line303_348/execution/major_2.log
defects4j,Jsoup_20,jsoup_20f_resetInsertionMode__line351_399,major_exec__major_all_supported_local_full_rerun_final_exec8__jsoup_20f_resetInsertionMode__line351_399,resetInsertionMode,major_1,e73038ea509657b116b7911e294f433b90b9e2c9f4dfdd01a2aede639a5bd805,SUCCESS,PASS,False,True,/home/francisco/mt-harness/harness/executions/java/major/execution/major_all_supported_local_full_rerun_final_exec8/runs/major_exec__major_all_supported_local_full_rerun_final_exec8__jsoup_20f_resetInsertionMode__line351_399/execution/major_1.log
defects4j,Jsoup_20,jsoup_20f_resetInsertionMode__line351_399,major_exec__major_all_supported_local_full_rerun_final_exec8__jsoup_20f_resetInsertionMode__line351_399,resetInsertionMode,major_11,78c68e3e4bd4d49f7d4e81f0e356adad52fce9187f2098cf1d64afa63e970ae2,SUCCESS,FAIL,True,True,/home/francisco/mt-harness/harness/executions/java/major/execution/major_all_supported_local_full_rerun_final_exec8/runs/major_exec__major_all_supported_local_full_rerun_final_exec8__jsoup_20f_resetInsertionMode__line351_399/execution/major_11.log
defects4j,Jsoup_20,jsoup_20f_resetInsertionMode__line351_399,major_exec__major_all_supported_local_full_rerun_final_exec8__jsoup_20f_resetInsertionMode__line351_399,resetInsertionMode,major_13,6e96ce4a7a41bb2059b3b48113e71cb1d821f1dc52749535661fd3dd1cb2e6b9,SUCCESS,PASS,False,True,/home/francisco/mt-harness/harness/executions/java/major/execution/major_all_supported_local_full_rerun_final_exec8/runs/major_exec__major_all_supported_local_full_rerun_final_exec8__jsoup_20f_resetInsertionMode__line351_399/execution/major_13.log
defects4j,Jsoup_20,jsoup_20f_resetInsertionMode__line351_399,major_exec__major_all_supported_local_full_rerun_final_exec8__jsoup_20f_resetInsertionMode__line351_399,resetInsertionMode,major_15,cb2d0e989d17e6c9f595de0d646590f10f37cae83b31c7e90207466c03467327,SUCCESS,PASS,False,True,/home/francisco/mt-harness/harness/executions/java/major/execution/major_all_supported_local_full_rerun_final_exec8/runs/major_exec__major_all_supported_local_full_rerun_final_exec8__jsoup_20f_resetInsertionMode__line351_399/execution/major_15.log
defects4j,Jsoup_20,jsoup_20f_resetInsertionMode__line351_399,major_exec__major_all_supported_local_full_rerun_final_exec8__jsoup_20f_resetInsertionMode__line351_399,resetInsertionMode,major_10,7ec8abd0a72c1705326d2eb75115ae2d759b34f32931133f13dfab8b40ddf983,SUCCESS,PASS,False,True,/home/francisco/mt-harness/harness/executions/java/major/execution/major_all_supported_local_full_rerun_final_exec8/runs/major_exec__major_all_supported_local_full_rerun_final_exec8__jsoup_20f_resetInsertionMode__line351_399/execution/major_10.log
defects4j,Jsoup_20,jsoup_20f_resetInsertionMode__line351_399,major_exec__major_all_supported_local_full_rerun_final_exec8__jsoup_20f_resetInsertionMode__line351_399,resetInsertionMode,major_12,0eec0d3e82858b7fc193fe03a263e037f6e05c253719b6886088a497bde5fbde,SUCCESS,PASS,False,True,/home/francisco/mt-harness/harness/executions/java/major/execution/major_all_supported_local_full_rerun_final_exec8/runs/major_exec__major_all_supported_local_full_rerun_final_exec8__jsoup_20f_resetInsertionMode__line351_399/execution/major_12.log
defects4j,Jsoup_20,jsoup_20f_resetInsertionMode__line351_399,major_exec__major_all_supported_local_full_rerun_final_exec8__jsoup_20f_resetInsertionMode__line351_399,resetInsertionMode,major_14,57a7597279a99d5b39dd129c7a2ee6c442c0dcd33b1f53895431cbe16cc76bc6,SUCCESS,PASS,False,True,/home/francisco/mt-harness/harness/executions/java/major/execution/major_all_supported_local_full_rerun_final_exec8/runs/major_exec__major_all_supported_local_full_rerun_final_exec8__jsoup_20f_resetInsertionMode__line351_399/execution/major_14.log
defects4j,Jsoup_20,jsoup_20f_resetInsertionMode__line351_399,major_exec__major_all_supported_local_full_rerun_final_exec8__jsoup_20f_resetInsertionMode__line351_399,resetInsertionMode,major_16,a8eeebe8a9ea75f5aca3f38aabe7092886d68b7121aa29da0194d86db9994959,SUCCESS,FAIL,True,True,/home/francisco/mt-harness/harness/executions/java/major/execution/major_all_supported_local_full_rerun_final_exec8/runs/major_exec__major_all_supported_local_full_rerun_final_exec8__jsoup_20f_resetInsertionMode__line351_399/execution/major_16.log
defects4j,Jsoup_13,jsoup_13f_findElements__line120_152,major_exec__major_all_supported_local_full_rerun_final_exec8__jsoup_13f_findElements__line120_152,findElements,major_1,5116aa3229fa2d54607fcbbd0ba5301bd308335dc851301f413247d2e79a9a07,SUCCESS,FAIL,True,True,/home/francisco/mt-harness/harness/executions/java/major/execution/major_all_supported_local_full_rerun_final_exec8/runs/major_exec__major_all_supported_local_full_rerun_final_exec8__jsoup_13f_findElements__line120_152/execution/major_1.log
defects4j,Jsoup_13,jsoup_13f_findElements__line120_152,major_exec__major_all_supported_local_full_rerun_final_exec8__jsoup_13f_findElements__line120_152,findElements,major_11,36736566673f4207dd6b4d3cae7d5f3eaef89edf1d4eff3363b99f2617b4e0fa,SUCCESS,FAIL,True,True,/home/francisco/mt-harness/harness/executions/java/major/execution/major_all_supported_local_full_rerun_final_exec8/runs/major_exec__major_all_supported_local_full_rerun_final_exec8__jsoup_13f_findElements__line120_152/execution/major_11.log
defects4j,Jsoup_13,jsoup_13f_findElements__line120_152,major_exec__major_all_supported_local_full_rerun_final_exec8__jsoup_13f_findElements__line120_152,findElements,major_13,3708ed50944f0362824023a61d47414b7932e96a5efdc71469f7e3f8e0d41a59,SUCCESS,FAIL,True,True,/home/francisco/mt-harness/harness/executions/java/major/execution/major_all_supported_local_full_rerun_final_exec8/runs/major_exec__major_all_supported_local_full_rerun_final_exec8__jsoup_13f_findElements__line120_152/execution/major_13.log
defects4j,Jsoup_13,jsoup_13f_findElements__line120_152,major_exec__major_all_supported_local_full_rerun_final_exec8__jsoup_13f_findElements__line120_152,findElements,major_15,32ced53151643e86f5eaf26c16adb19c2eefd47ddd9d20bf6a7b7e7addfe55a0,SUCCESS,FAIL,True,True,/home/francisco/mt-harness/harness/executions/java/major/execution/major_all_supported_local_full_rerun_final_exec8/runs/major_exec__major_all_supported_local_full_rerun_final_exec8__jsoup_13f_findElements__line120_152/execution/major_15.log
defects4j,Jsoup_13,jsoup_13f_findElements__line120_152,major_exec__major_all_supported_local_full_rerun_final_exec8__jsoup_13f_findElements__line120_152,findElements,major_10,7bb54962d4fc3ddf1d33935eb4bf87abd18b98c80d4742328887a9621bc82c5c,SUCCESS,FAIL,True,True,/home/francisco/mt-harness/harness/executions/java/major/execution/major_all_supported_local_full_rerun_final_exec8/runs/major_exec__major_all_supported_local_full_rerun_final_exec8__jsoup_13f_findElements__line120_152/execution/major_10.log
defects4j,Jsoup_13,jsoup_13f_findElements__line120_152,major_exec__major_all_supported_local_full_rerun_final_exec8__jsoup_13f_findElements__line120_152,findElements,major_12,5747ab4a6f6b3a4e0be43488668302b752570263c2060f8545bca8ba84e69d5d,SUCCESS,FAIL,False,True,/home/francisco/mt-harness/harness/executions/java/major/execution/major_all_supported_local_full_rerun_final_exec8/runs/major_exec__major_all_supported_local_full_rerun_final_exec8__jsoup_13f_findElements__line120_152/execution/major_12.log
defects4j,Jsoup_13,jsoup_13f_findElements__line120_152,major_exec__major_all_supported_local_full_rerun_final_exec8__jsoup_13f_findElements__line120_152,findElements,major_14,5b061e4c61defe1c8d5894e08d4019dee8bc03fe60b250be5bb4f060a4b1975b,SUCCESS,FAIL,False,True,/home/francisco/mt-harness/harness/executions/java/major/execution/major_all_supported_local_full_rerun_final_exec8/runs/major_exec__major_all_supported_local_full_rerun_final_exec8__jsoup_13f_findElements__line120_152/execution/major_14.log
defects4j,Jsoup_13,jsoup_13f_findElements__line120_152,major_exec__major_all_supported_local_full_rerun_final_exec8__jsoup_13f_findElements__line120_152,findElements,major_16,7eef003e300125d8d4e876fd8e4da1b6d7028dd86eb823fa04a92a2caa787c7d,SUCCESS,FAIL,True,True,/home/francisco/mt-harness/harness/executions/java/major/execution/major_all_supported_local_full_rerun_final_exec8/runs/major_exec__major_all_supported_local_full_rerun_final_exec8__jsoup_13f_findElements__line120_152/execution/major_16.log
defects4j,Jsoup_33,jsoup_33f_cssNthChild__line277_308,major_exec__major_all_supported_local_full_rerun_final_exec8__jsoup_33f_cssNthChild__line277_308,cssNthChild,major_1,8489564e46df840ed6d7f77ffe2378dca852d0f7d13117cff7eb23c6496c7287,SUCCESS,FAIL,True,True,/home/francisco/mt-harness/harness/executions/java/major/execution/major_all_supported_local_full_rerun_final_exec8/runs/major_exec__major_all_supported_local_full_rerun_final_exec8__jsoup_33f_cssNthChild__line277_308/execution/major_1.log
defects4j,Jsoup_33,jsoup_33f_cssNthChild__line277_308,major_exec__major_all_supported_local_full_rerun_final_exec8__jsoup_33f_cssNthChild__line277_308,cssNthChild,major_11,7b4271d405984168a2d7b3ccf3be27e8d23f85c00494ab9d55d776d221b0e442,SUCCESS,FAIL,True,True,/home/francisco/mt-harness/harness/executions/java/major/execution/major_all_supported_local_full_rerun_final_exec8/runs/major_exec__major_all_supported_local_full_rerun_final_exec8__jsoup_33f_cssNthChild__line277_308/execution/major_11.log
defects4j,Jsoup_33,jsoup_33f_cssNthChild__line277_308,major_exec__major_all_supported_local_full_rerun_final_exec8__jsoup_33f_cssNthChild__line277_308,cssNthChild,major_13,52766edd47dcda7c7f853fa3078249887125c3784acd6c0d7a4fdcdadb32f463,SUCCESS,FAIL,True,True,/home/francisco/mt-harness/harness/executions/java/major/execution/major_all_supported_local_full_rerun_final_exec8/runs/major_exec__major_all_supported_local_full_rerun_final_exec8__jsoup_33f_cssNthChild__line277_308/execution/major_13.log
defects4j,Jsoup_33,jsoup_33f_cssNthChild__line277_308,major_exec__major_all_supported_local_full_rerun_final_exec8__jsoup_33f_cssNthChild__line277_308,cssNthChild,major_15,ed7c34483fa03e0b4910337476016059ed9e479b589ce5f945181dea75681578,SUCCESS,FAIL,True,True,/home/francisco/mt-harness/harness/executions/java/major/execution/major_all_supported_local_full_rerun_final_exec8/runs/major_exec__major_all_supported_local_full_rerun_final_exec8__jsoup_33f_cssNthChild__line277_308/execution/major_15.log
defects4j,Jsoup_33,jsoup_33f_cssNthChild__line277_308,major_exec__major_all_supported_local_full_rerun_final_exec8__jsoup_33f_cssNthChild__line277_308,cssNthChild,major_10,31b2b57eded1a69341c2fff2d109eab7f8db6da422135d9b2ca876eb894c9f93,SUCCESS,PASS,False,True,/home/francisco/mt-harness/harness/executions/java/major/execution/major_all_supported_local_full_rerun_final_exec8/runs/major_exec__major_all_supported_local_full_rerun_final_exec8__jsoup_33f_cssNthChild__line277_308/execution/major_10.log
defects4j,Jsoup_33,jsoup_33f_cssNthChild__line277_308,major_exec__major_all_supported_local_full_rerun_final_exec8__jsoup_33f_cssNthChild__line277_308,cssNthChild,major_12,5a2f9b9aabf58d91d49155c230429bb748f6df46dcbfb39c071cb4f08fae2a72,SUCCESS,FAIL,True,True,/home/francisco/mt-harness/harness/executions/java/major/execution/major_all_supported_local_full_rerun_final_exec8/runs/major_exec__major_all_supported_local_full_rerun_final_exec8__jsoup_33f_cssNthChild__line277_308/execution/major_12.log
defects4j,Jsoup_33,jsoup_33f_cssNthChild__line277_308,major_exec__major_all_supported_local_full_rerun_final_exec8__jsoup_33f_cssNthChild__line277_308,cssNthChild,major_14,0c1a4196675ac9d7f2641ad1276c05d925c589962e9a1de23fa9659a79645bf1,SUCCESS,FAIL,True,True,/home/francisco/mt-harness/harness/executions/java/major/execution/major_all_supported_local_full_rerun_final_exec8/runs/major_exec__major_all_supported_local_full_rerun_final_exec8__jsoup_33f_cssNthChild__line277_308/execution/major_14.log
defects4j,Jsoup_33,jsoup_33f_cssNthChild__line277_308,major_exec__major_all_supported_local_full_rerun_final_exec8__jsoup_33f_cssNthChild__line277_308,cssNthChild,major_16,8ebfb6f4279e42b2a531ff22b3ad68199d160606d45e73148b7f2f2a3961b5f0,SUCCESS,FAIL,True,True,/home/francisco/mt-harness/harness/executions/java/major/execution/major_all_supported_local_full_rerun_final_exec8/runs/major_exec__major_all_supported_local_full_rerun_final_exec8__jsoup_33f_cssNthChild__line277_308/execution/major_16.log
defects4j,Jsoup_13,jsoup_13f_byAttribute__line177_209,major_exec__major_all_supported_local_full_rerun_final_exec8__jsoup_13f_byAttribute__line177_209,byAttribute,major_10,c8e9dbe2ed2199773be77d21172d86bef91bf0e25d8963d25c75683470c0e4d9,SUCCESS,FAIL,True,True,/home/francisco/mt-harness/harness/executions/java/major/execution/major_all_supported_local_full_rerun_final_exec8/runs/major_exec__major_all_supported_local_full_rerun_final_exec8__jsoup_13f_byAttribute__line177_209/execution/major_10.log
defects4j,Jsoup_13,jsoup_13f_byAttribute__line177_209,major_exec__major_all_supported_local_full_rerun_final_exec8__jsoup_13f_byAttribute__line177_209,byAttribute,major_12,4102ab4815a3bb4ada35b6a58288280e807905d5ab3141e327403cb1cc055405,SUCCESS,FAIL,True,True,/home/francisco/mt-harness/harness/executions/java/major/execution/major_all_supported_local_full_rerun_final_exec8/runs/major_exec__major_all_supported_local_full_rerun_final_exec8__jsoup_13f_byAttribute__line177_209/execution/major_12.log
defects4j,Jsoup_13,jsoup_13f_byAttribute__line177_209,major_exec__major_all_supported_local_full_rerun_final_exec8__jsoup_13f_byAttribute__line177_209,byAttribute,major_14,e808ff627b3de6489ce632d8895b41c0c500fd8582334041604b78711d13794b,SUCCESS,FAIL,True,True,/home/francisco/mt-harness/harness/executions/java/major/execution/major_all_supported_local_full_rerun_final_exec8/runs/major_exec__major_all_supported_local_full_rerun_final_exec8__jsoup_13f_byAttribute__line177_209/execution/major_14.log
defects4j,Jsoup_13,jsoup_13f_byAttribute__line177_209,major_exec__major_all_supported_local_full_rerun_final_exec8__jsoup_13f_byAttribute__line177_209,byAttribute,major_16,7c2681b49a5bd36568aa9878bb1a476e97cb84306d1e070cac0d1c9262e14cfa,SUCCESS,FAIL,True,True,/home/francisco/mt-harness/harness/executions/java/major/execution/major_all_supported_local_full_rerun_final_exec8/runs/major_exec__major_all_supported_local_full_rerun_final_exec8__jsoup_13f_byAttribute__line177_209/execution/major_16.log
defects4j,Jsoup_13,jsoup_13f_byAttribute__line177_209,major_exec__major_all_supported_local_full_rerun_final_exec8__jsoup_13f_byAttribute__line177_209,byAttribute,major_1,d03bc1541b9347266f56d4806579c41faf77d276190b58c775aac3fe9af7e773,SUCCESS,FAIL,True,True,/home/francisco/mt-harness/harness/executions/java/major/execution/major_all_supported_local_full_rerun_final_exec8/runs/major_exec__major_all_supported_local_full_rerun_final_exec8__jsoup_13f_byAttribute__line177_209/execution/major_1.log
defects4j,Jsoup_13,jsoup_13f_byAttribute__line177_209,major_exec__major_all_supported_local_full_rerun_final_exec8__jsoup_13f_byAttribute__line177_209,byAttribute,major_11,a75e0b624ba13e5e49045e188192676a73ed0a4f8c039571afe3bae8ec8c5043,SUCCESS,FAIL,True,True,/home/francisco/mt-harness/harness/executions/java/major/execution/major_all_supported_local_full_rerun_final_exec8/runs/major_exec__major_all_supported_local_full_rerun_final_exec8__jsoup_13f_byAttribute__line177_209/execution/major_11.log
defects4j,Jsoup_13,jsoup_13f_byAttribute__line177_209,major_exec__major_all_supported_local_full_rerun_final_exec8__jsoup_13f_byAttribute__line177_209,byAttribute,major_13,4e231d6c35ebc787b0fff1193a5f02056f6abae28b6117b2b739d8b35e3a4d7b,SUCCESS,FAIL,True,True,/home/francisco/mt-harness/harness/executions/java/major/execution/major_all_supported_local_full_rerun_final_exec8/runs/major_exec__major_all_supported_local_full_rerun_final_exec8__jsoup_13f_byAttribute__line177_209/execution/major_13.log
defects4j,Jsoup_13,jsoup_13f_byAttribute__line177_209,major_exec__major_all_supported_local_full_rerun_final_exec8__jsoup_13f_byAttribute__line177_209,byAttribute,major_15,7e2e9f32517375d6c03a549f917e6f8e82d68b9bf35e558047f1e1ed14c74be3,SUCCESS,FAIL,True,True,/home/francisco/mt-harness/harness/executions/java/major/execution/major_all_supported_local_full_rerun_final_exec8/runs/major_exec__major_all_supported_local_full_rerun_final_exec8__jsoup_13f_byAttribute__line177_209/execution/major_15.log
defects4j,JxPath_1,jxpath_1f_jj_3R_18__line1897_1990,major_exec__major_all_supported_local_full_rerun_final_exec8__jxpath_1f_jj_3R_18__line1897_1990,jj_3R_18,major_1,c455b64b439f210ccb4e76f46e3d87903e2fc7ed6ba4e5eeb961392635b72d96,SUCCESS,FAIL,True,True,/home/francisco/mt-harness/harness/executions/java/major/execution/major_all_supported_local_full_rerun_final_exec8/runs/major_exec__major_all_supported_local_full_rerun_final_exec8__jxpath_1f_jj_3R_18__line1897_1990/execution/major_1.log
defects4j,JxPath_1,jxpath_1f_jj_3R_18__line1897_1990,major_exec__major_all_supported_local_full_rerun_final_exec8__jxpath_1f_jj_3R_18__line1897_1990,jj_3R_18,major_100,374a6b4114a6054d2d209b2daa74b8d8b76c7ceb656f4d163c2cc63f982621cc,SUCCESS,PASS,False,True,/home/francisco/mt-harness/harness/executions/java/major/execution/major_all_supported_local_full_rerun_final_exec8/runs/major_exec__major_all_supported_local_full_rerun_final_exec8__jxpath_1f_jj_3R_18__line1897_1990/execution/major_100.log
defects4j,JxPath_1,jxpath_1f_jj_3R_18__line1897_1990,major_exec__major_all_supported_local_full_rerun_final_exec8__jxpath_1f_jj_3R_18__line1897_1990,jj_3R_18,major_102,174ce808f8b073f2df188a9edad4f4bfc3dd2479aa43379d5b848b08b3d6c420,SUCCESS,PASS,False,True,/home/francisco/mt-harness/harness/executions/java/major/execution/major_all_supported_local_full_rerun_final_exec8/runs/major_exec__major_all_supported_local_full_rerun_final_exec8__jxpath_1f_jj_3R_18__line1897_1990/execution/major_102.log
defects4j,JxPath_1,jxpath_1f_jj_3R_18__line1897_1990,major_exec__major_all_supported_local_full_rerun_final_exec8__jxpath_1f_jj_3R_18__line1897_1990,jj_3R_18,major_104,47eb1c0d7848d39873896ea9fe3cd88799d552a97e9fc5025a15a97b08ed2a0e,SUCCESS,PASS,False,True,/home/francisco/mt-harness/harness/executions/java/major/execution/major_all_supported_local_full_rerun_final_exec8/runs/major_exec__major_all_supported_local_full_rerun_final_exec8__jxpath_1f_jj_3R_18__line1897_1990/execution/major_104.log
defects4j,JxPath_1,jxpath_1f_jj_3R_18__line1897_1990,major_exec__major_all_supported_local_full_rerun_final_exec8__jxpath_1f_jj_3R_18__line1897_1990,jj_3R_18,major_10,508a9d8177f3835ebfb87972dbfc0766ee1571dabebcce073a3a667e066ed909,SUCCESS,FAIL,True,True,/home/francisco/mt-harness/harness/executions/java/major/execution/major_all_supported_local_full_rerun_final_exec8/runs/major_exec__major_all_supported_local_full_rerun_final_exec8__jxpath_1f_jj_3R_18__line1897_1990/execution/major_10.log
defects4j,JxPath_1,jxpath_1f_jj_3R_18__line1897_1990,major_exec__major_all_supported_local_full_rerun_final_exec8__jxpath_1f_jj_3R_18__line1897_1990,jj_3R_18,major_101,f580e3e31d37bb8ee901b716a7f76e03cf0a8d400f47a8420afa7bad254e2abd,SUCCESS,PASS,False,True,/home/francisco/mt-harness/harness/executions/java/major/execution/major_all_supported_local_full_rerun_final_exec8/runs/major_exec__major_all_supported_local_full_rerun_final_exec8__jxpath_1f_jj_3R_18__line1897_1990/execution/major_101.log
defects4j,JxPath_1,jxpath_1f_jj_3R_18__line1897_1990,major_exec__major_all_supported_local_full_rerun_final_exec8__jxpath_1f_jj_3R_18__line1897_1990,jj_3R_18,major_103,d21022bb89360eb8d90887908891d8987a90ec04965b45667c480e142cdadd0b,SUCCESS,PASS,False,True,/home/francisco/mt-harness/harness/executions/java/major/execution/major_all_supported_local_full_rerun_final_exec8/runs/major_exec__major_all_supported_local_full_rerun_final_exec8__jxpath_1f_jj_3R_18__line1897_1990/execution/major_103.log
defects4j,JxPath_1,jxpath_1f_jj_3R_18__line1897_1990,major_exec__major_all_supported_local_full_rerun_final_exec8__jxpath_1f_jj_3R_18__line1897_1990,jj_3R_18,major_105,f4e1abe179b8c565bc91980a3998ff82dac9c68b11c1aa700557c2fd3bc7df75,SUCCESS,PASS,False,True,/home/francisco/mt-harness/harness/executions/java/major/execution/major_all_supported_local_full_rerun_final_exec8/runs/major_exec__major_all_supported_local_full_rerun_final_exec8__jxpath_1f_jj_3R_18__line1897_1990/execution/major_105.log
defects4j,JxPath_1,jxpath_1f_jj_3R_129__line2567_2609,major_exec__major_all_supported_local_full_rerun_final_exec8__jxpath_1f_jj_3R_129__line2567_2609,jj_3R_129,major_1,8c34deaee7890579cb1368870761a7a04ac9a7586ab6cde5a1bd2a8497ced9f4,SUCCESS,FAIL,True,True,/home/francisco/mt-harness/harness/executions/java/major/execution/major_all_supported_local_full_rerun_final_exec8/runs/major_exec__major_all_supported_local_full_rerun_final_exec8__jxpath_1f_jj_3R_129__line2567_2609/execution/major_1.log
defects4j,JxPath_1,jxpath_1f_jj_3R_129__line2567_2609,major_exec__major_all_supported_local_full_rerun_final_exec8__jxpath_1f_jj_3R_129__line2567_2609,jj_3R_129,major_11,b3f7a58ee46760a8550666a528738eb76383ff0de3fae05fabe1f17e9ceeadfa,SUCCESS,PASS,False,True,/home/francisco/mt-harness/harness/executions/java/major/execution/major_all_supported_local_full_rerun_final_exec8/runs/major_exec__major_all_supported_local_full_rerun_final_exec8__jxpath_1f_jj_3R_129__line2567_2609/execution/major_11.log
defects4j,JxPath_1,jxpath_1f_jj_3R_129__line2567_2609,major_exec__major_all_supported_local_full_rerun_final_exec8__jxpath_1f_jj_3R_129__line2567_2609,jj_3R_129,major_13,de6782ec1a333d17f8f19a290401bd3ff6840d3a29176453fd246ca5234ed4b9,SUCCESS,FAIL,True,True,/home/francisco/mt-harness/harness/executions/java/major/execution/major_all_supported_local_full_rerun_final_exec8/runs/major_exec__major_all_supported_local_full_rerun_final_exec8__jxpath_1f_jj_3R_129__line2567_2609/execution/major_13.log
defects4j,JxPath_1,jxpath_1f_jj_3R_129__line2567_2609,major_exec__major_all_supported_local_full_rerun_final_exec8__jxpath_1f_jj_3R_129__line2567_2609,jj_3R_129,major_15,db8ede23b33f7052bb43aee18dbf43f325363a5a1271339df39866210217d6de,SUCCESS,PASS,False,True,/home/francisco/mt-harness/harness/executions/java/major/execution/major_all_supported_local_full_rerun_final_exec8/runs/major_exec__major_all_supported_local_full_rerun_final_exec8__jxpath_1f_jj_3R_129__line2567_2609/execution/major_15.log
defects4j,JxPath_1,jxpath_1f_jj_3R_129__line2567_2609,major_exec__major_all_supported_local_full_rerun_final_exec8__jxpath_1f_jj_3R_129__line2567_2609,jj_3R_129,major_10,81d4aefadd9c1cf4967d00ff664ada7a093fc6f044d0f33f1f23ea17b29ba5a1,SUCCESS,FAIL,True,True,/home/francisco/mt-harness/harness/executions/java/major/execution/major_all_supported_local_full_rerun_final_exec8/runs/major_exec__major_all_supported_local_full_rerun_final_exec8__jxpath_1f_jj_3R_129__line2567_2609/execution/major_10.log
defects4j,JxPath_1,jxpath_1f_jj_3R_129__line2567_2609,major_exec__major_all_supported_local_full_rerun_final_exec8__jxpath_1f_jj_3R_129__line2567_2609,jj_3R_129,major_12,bda26595c9f987b7e143caecb674fe51d1f6bc9b50d363781fc40972496b94bf,SUCCESS,PASS,False,True,/home/francisco/mt-harness/harness/executions/java/major/execution/major_all_supported_local_full_rerun_final_exec8/runs/major_exec__major_all_supported_local_full_rerun_final_exec8__jxpath_1f_jj_3R_129__line2567_2609/execution/major_12.log
defects4j,JxPath_1,jxpath_1f_jj_3R_129__line2567_2609,major_exec__major_all_supported_local_full_rerun_final_exec8__jxpath_1f_jj_3R_129__line2567_2609,jj_3R_129,major_14,b0812abdb303215c8dfed99a957994bfb4703067bdd8ac64c8df138e657806c9,SUCCESS,PASS,False,True,/home/francisco/mt-harness/harness/executions/java/major/execution/major_all_supported_local_full_rerun_final_exec8/runs/major_exec__major_all_supported_local_full_rerun_final_exec8__jxpath_1f_jj_3R_129__line2567_2609/execution/major_14.log
defects4j,JxPath_1,jxpath_1f_jj_3R_129__line2567_2609,major_exec__major_all_supported_local_full_rerun_final_exec8__jxpath_1f_jj_3R_129__line2567_2609,jj_3R_129,major_16,773c7aae29d8ebb15e3c56098073721078d2955e56c74d377eb75a5251396abc,SUCCESS,FAIL,True,True,/home/francisco/mt-harness/harness/executions/java/major/execution/major_all_supported_local_full_rerun_final_exec8/runs/major_exec__major_all_supported_local_full_rerun_final_exec8__jxpath_1f_jj_3R_129__line2567_2609/execution/major_16.log
defects4j,JxPath_1,jxpath_1f_jjMoveStringLiteralDfa0_0__line402_479,major_exec__major_all_supported_local_full_rerun_final_exec8__jxpath_1f_jjMoveStringLiteralDfa0_0__line402_479,jjMoveStringLiteralDfa0_0,major_10,56522fa0ebdb9e4348aa18318371be2e1b61fc5796caaab7b32a05ccfd403910,SUCCESS,PASS,False,True,/home/francisco/mt-harness/harness/executions/java/major/execution/major_all_supported_local_full_rerun_final_exec8/runs/major_exec__major_all_supported_local_full_rerun_final_exec8__jxpath_1f_jjMoveStringLiteralDfa0_0__line402_479/execution/major_10.log
defects4j,JxPath_1,jxpath_1f_jjMoveStringLiteralDfa0_0__line402_479,major_exec__major_all_supported_local_full_rerun_final_exec8__jxpath_1f_jjMoveStringLiteralDfa0_0__line402_479,jjMoveStringLiteralDfa0_0,major_101,8514fbb3d2ac5be4ce504bdee4016d5d5172633f175af74bd11614a6c552da56,SUCCESS,FAIL,True,True,/home/francisco/mt-harness/harness/executions/java/major/execution/major_all_supported_local_full_rerun_final_exec8/runs/major_exec__major_all_supported_local_full_rerun_final_exec8__jxpath_1f_jjMoveStringLiteralDfa0_0__line402_479/execution/major_101.log
defects4j,JxPath_1,jxpath_1f_jjMoveStringLiteralDfa0_0__line402_479,major_exec__major_all_supported_local_full_rerun_final_exec8__jxpath_1f_jjMoveStringLiteralDfa0_0__line402_479,jjMoveStringLiteralDfa0_0,major_103,0b1b40824fb7a488d5991c8470f978a30ac5d9f7b09ec927aaedac0a88e51c11,SUCCESS,PASS,False,True,/home/francisco/mt-harness/harness/executions/java/major/execution/major_all_supported_local_full_rerun_final_exec8/runs/major_exec__major_all_supported_local_full_rerun_final_exec8__jxpath_1f_jjMoveStringLiteralDfa0_0__line402_479/execution/major_103.log
defects4j,JxPath_1,jxpath_1f_jjMoveStringLiteralDfa0_0__line402_479,major_exec__major_all_supported_local_full_rerun_final_exec8__jxpath_1f_jjMoveStringLiteralDfa0_0__line402_479,jjMoveStringLiteralDfa0_0,major_105,b65737fa711f74e2466d3d716c285bcbca9f8db77e669644313801e132efd7e8,SUCCESS,FAIL,True,True,/home/francisco/mt-harness/harness/executions/java/major/execution/major_all_supported_local_full_rerun_final_exec8/runs/major_exec__major_all_supported_local_full_rerun_final_exec8__jxpath_1f_jjMoveStringLiteralDfa0_0__line402_479/execution/major_105.log
defects4j,JxPath_1,jxpath_1f_jjMoveStringLiteralDfa0_0__line402_479,major_exec__major_all_supported_local_full_rerun_final_exec8__jxpath_1f_jjMoveStringLiteralDfa0_0__line402_479,jjMoveStringLiteralDfa0_0,major_1,1f79bee03e688e04a20457885f310463f024f895d4e029befe4431f89d740083,SUCCESS,FAIL,True,True,/home/francisco/mt-harness/harness/executions/java/major/execution/major_all_supported_local_full_rerun_final_exec8/runs/major_exec__major_all_supported_local_full_rerun_final_exec8__jxpath_1f_jjMoveStringLiteralDfa0_0__line402_479/execution/major_1.log
defects4j,JxPath_1,jxpath_1f_jjMoveStringLiteralDfa0_0__line402_479,major_exec__major_all_supported_local_full_rerun_final_exec8__jxpath_1f_jjMoveStringLiteralDfa0_0__line402_479,jjMoveStringLiteralDfa0_0,major_100,44397ab1eaba9b997ebed0a7ecca7f8dea94799d263810a3ae383b3547a1feae,SUCCESS,FAIL,True,True,/home/francisco/mt-harness/harness/executions/java/major/execution/major_all_supported_local_full_rerun_final_exec8/runs/major_exec__major_all_supported_local_full_rerun_final_exec8__jxpath_1f_jjMoveStringLiteralDfa0_0__line402_479/execution/major_100.log
defects4j,JxPath_1,jxpath_1f_jjMoveStringLiteralDfa0_0__line402_479,major_exec__major_all_supported_local_full_rerun_final_exec8__jxpath_1f_jjMoveStringLiteralDfa0_0__line402_479,jjMoveStringLiteralDfa0_0,major_102,e5410dbb39f6ac45700cdf69b1653cd437164196dad84f4e75ee5ec4a2f776bb,SUCCESS,PASS,False,True,/home/francisco/mt-harness/harness/executions/java/major/execution/major_all_supported_local_full_rerun_final_exec8/runs/major_exec__major_all_supported_local_full_rerun_final_exec8__jxpath_1f_jjMoveStringLiteralDfa0_0__line402_479/execution/major_102.log
defects4j,JxPath_1,jxpath_1f_jjMoveStringLiteralDfa0_0__line402_479,major_exec__major_all_supported_local_full_rerun_final_exec8__jxpath_1f_jjMoveStringLiteralDfa0_0__line402_479,jjMoveStringLiteralDfa0_0,major_104,4cc7d2448035857bad3769cd031c93eac8e03b83b4dccdc876bea7e3325dd933,SUCCESS,PASS,False,True,/home/francisco/mt-harness/harness/executions/java/major/execution/major_all_supported_local_full_rerun_final_exec8/runs/major_exec__major_all_supported_local_full_rerun_final_exec8__jxpath_1f_jjMoveStringLiteralDfa0_0__line402_479/execution/major_104.log
defects4j,JxPath_1,jxpath_1f_computeContextDependent__line142_186,major_exec__major_all_supported_local_full_rerun_final_exec8__jxpath_1f_computeContextDependent__line142_186,computeContextDependent,major_1,67fdd4c347f9d1e84d8eb58b48e0376b8a4e73b0674cb7d46f1c09831f02830a,SUCCESS,FAIL,True,True,/home/francisco/mt-harness/harness/executions/java/major/execution/major_all_supported_local_full_rerun_final_exec8/runs/major_exec__major_all_supported_local_full_rerun_final_exec8__jxpath_1f_computeContextDependent__line142_186/execution/major_1.log
defects4j,JxPath_1,jxpath_1f_computeContextDependent__line142_186,major_exec__major_all_supported_local_full_rerun_final_exec8__jxpath_1f_computeContextDependent__line142_186,computeContextDependent,major_2,22f39ace01e7c57c516a758f4055e91410a01176d0d98acea241ba2fb85204c9,SUCCESS,PASS,False,True,/home/francisco/mt-harness/harness/executions/java/major/execution/major_all_supported_local_full_rerun_final_exec8/runs/major_exec__major_all_supported_local_full_rerun_final_exec8__jxpath_1f_computeContextDependent__line142_186/execution/major_2.log
defects4j,JxPath_1,jxpath_1f_computeContextDependent__line142_186,major_exec__major_all_supported_local_full_rerun_final_exec8__jxpath_1f_computeContextDependent__line142_186,computeContextDependent,major_4,71412376836d13ac01298e1d2b4d0b8a38ab24509f8f480b5a38c8c186e4413c,SUCCESS,PASS,False,True,/home/francisco/mt-harness/harness/executions/java/major/execution/major_all_supported_local_full_rerun_final_exec8/runs/major_exec__major_all_supported_local_full_rerun_final_exec8__jxpath_1f_computeContextDependent__line142_186/execution/major_4.log
defects4j,JxPath_1,jxpath_1f_computeContextDependent__line142_186,major_exec__major_all_supported_local_full_rerun_final_exec8__jxpath_1f_computeContextDependent__line142_186,computeContextDependent,major_6,4a4272922c5280c41f6d4b48f85620895ea194ec0690367bf89c0cb55c7fae07,SUCCESS,PASS,False,True,/home/francisco/mt-harness/harness/executions/java/major/execution/major_all_supported_local_full_rerun_final_exec8/runs/major_exec__major_all_supported_local_full_rerun_final_exec8__jxpath_1f_computeContextDependent__line142_186/execution/major_6.log
defects4j,JxPath_1,jxpath_1f_computeContextDependent__line142_186,major_exec__major_all_supported_local_full_rerun_final_exec8__jxpath_1f_computeContextDependent__line142_186,computeContextDependent,major_10,9fce518d8e1e27643a77a94879c94451029bd23518c9c963a32f4a1995b56be6,SUCCESS,PASS,False,True,/home/francisco/mt-harness/harness/executions/java/major/execution/major_all_supported_local_full_rerun_final_exec8/runs/major_exec__major_all_supported_local_full_rerun_final_exec8__jxpath_1f_computeContextDependent__line142_186/execution/major_10.log
defects4j,JxPath_1,jxpath_1f_computeContextDependent__line142_186,major_exec__major_all_supported_local_full_rerun_final_exec8__jxpath_1f_computeContextDependent__line142_186,computeContextDependent,major_3,c72b3e1b9e2fe4d14cb0d7d3d6e6ba32dd32c7667d89104e968c5f1a736e5ea8,SUCCESS,FAIL,True,True,/home/francisco/mt-harness/harness/executions/java/major/execution/major_all_supported_local_full_rerun_final_exec8/runs/major_exec__major_all_supported_local_full_rerun_final_exec8__jxpath_1f_computeContextDependent__line142_186/execution/major_3.log
defects4j,JxPath_1,jxpath_1f_computeContextDependent__line142_186,major_exec__major_all_supported_local_full_rerun_final_exec8__jxpath_1f_computeContextDependent__line142_186,computeContextDependent,major_5,866b638243f389fefe9bf6166029320847618efc3ff301d9674de2d0ad79d8d4,SUCCESS,PASS,False,True,/home/francisco/mt-harness/harness/executions/java/major/execution/major_all_supported_local_full_rerun_final_exec8/runs/major_exec__major_all_supported_local_full_rerun_final_exec8__jxpath_1f_computeContextDependent__line142_186/execution/major_5.log
defects4j,JxPath_1,jxpath_1f_computeContextDependent__line142_186,major_exec__major_all_supported_local_full_rerun_final_exec8__jxpath_1f_computeContextDependent__line142_186,computeContextDependent,major_7,50f7cd31a0d369e2ae4a2bc1f3611ec28433391cad38cce2ff58db6a9abb920b,SUCCESS,PASS,False,True,/home/francisco/mt-harness/harness/executions/java/major/execution/major_all_supported_local_full_rerun_final_exec8/runs/major_exec__major_all_supported_local_full_rerun_final_exec8__jxpath_1f_computeContextDependent__line142_186/execution/major_7.log
defects4j,JxPath_1,jxpath_1f_jjMoveStringLiteralDfa2_0__line536_597,major_exec__major_all_supported_local_full_rerun_final_exec8__jxpath_1f_jjMoveStringLiteralDfa2_0__line536_597,jjMoveStringLiteralDfa2_0,major_10,a4c749b38afd7b6598f98b9ff833a345abc159426e4da77454d063138da3c8ec,SUCCESS,PASS,False,True,/home/francisco/mt-harness/harness/executions/java/major/execution/major_all_supported_local_full_rerun_final_exec8/runs/major_exec__major_all_supported_local_full_rerun_final_exec8__jxpath_1f_jjMoveStringLiteralDfa2_0__line536_597/execution/major_10.log
defects4j,JxPath_1,jxpath_1f_jjMoveStringLiteralDfa2_0__line536_597,major_exec__major_all_supported_local_full_rerun_final_exec8__jxpath_1f_jjMoveStringLiteralDfa2_0__line536_597,jjMoveStringLiteralDfa2_0,major_101,2101f101cc4a5626957064f461d7d1565e7398ef5f3f3246222b56dac0e333ae,SUCCESS,FAIL,True,True,/home/francisco/mt-harness/harness/executions/java/major/execution/major_all_supported_local_full_rerun_final_exec8/runs/major_exec__major_all_supported_local_full_rerun_final_exec8__jxpath_1f_jjMoveStringLiteralDfa2_0__line536_597/execution/major_101.log
defects4j,JxPath_1,jxpath_1f_jjMoveStringLiteralDfa2_0__line536_597,major_exec__major_all_supported_local_full_rerun_final_exec8__jxpath_1f_jjMoveStringLiteralDfa2_0__line536_597,jjMoveStringLiteralDfa2_0,major_103,072fd139fc00bf9a0617a028c3e24d3fa38b0e8c5a1d59aa61f5a45e1854876f,SUCCESS,FAIL,True,True,/home/francisco/mt-harness/harness/executions/java/major/execution/major_all_supported_local_full_rerun_final_exec8/runs/major_exec__major_all_supported_local_full_rerun_final_exec8__jxpath_1f_jjMoveStringLiteralDfa2_0__line536_597/execution/major_103.log
defects4j,JxPath_1,jxpath_1f_jjMoveStringLiteralDfa2_0__line536_597,major_exec__major_all_supported_local_full_rerun_final_exec8__jxpath_1f_jjMoveStringLiteralDfa2_0__line536_597,jjMoveStringLiteralDfa2_0,major_105,c707143969924bebdad8cb22770e8f786e2b54c3ef9a6fb8e82e0b20b4848081,SUCCESS,FAIL,True,True,/home/francisco/mt-harness/harness/executions/java/major/execution/major_all_supported_local_full_rerun_final_exec8/runs/major_exec__major_all_supported_local_full_rerun_final_exec8__jxpath_1f_jjMoveStringLiteralDfa2_0__line536_597/execution/major_105.log
defects4j,JxPath_1,jxpath_1f_jjMoveStringLiteralDfa2_0__line536_597,major_exec__major_all_supported_local_full_rerun_final_exec8__jxpath_1f_jjMoveStringLiteralDfa2_0__line536_597,jjMoveStringLiteralDfa2_0,major_1,38d60108f16c7c71dbc51e09f3513508619e05f4b4ada9bcf58052d7b46ee8b6,SUCCESS,FAIL,True,True,/home/francisco/mt-harness/harness/executions/java/major/execution/major_all_supported_local_full_rerun_final_exec8/runs/major_exec__major_all_supported_local_full_rerun_final_exec8__jxpath_1f_jjMoveStringLiteralDfa2_0__line536_597/execution/major_1.log
defects4j,JxPath_1,jxpath_1f_jjMoveStringLiteralDfa2_0__line536_597,major_exec__major_all_supported_local_full_rerun_final_exec8__jxpath_1f_jjMoveStringLiteralDfa2_0__line536_597,jjMoveStringLiteralDfa2_0,major_100,4308029a93c2de8f3067e180a226a4d071d3df80800f8541ce9cdf80169cbb2f,SUCCESS,PASS,False,True,/home/francisco/mt-harness/harness/executions/java/major/execution/major_all_supported_local_full_rerun_final_exec8/runs/major_exec__major_all_supported_local_full_rerun_final_exec8__jxpath_1f_jjMoveStringLiteralDfa2_0__line536_597/execution/major_100.log
defects4j,JxPath_1,jxpath_1f_jjMoveStringLiteralDfa2_0__line536_597,major_exec__major_all_supported_local_full_rerun_final_exec8__jxpath_1f_jjMoveStringLiteralDfa2_0__line536_597,jjMoveStringLiteralDfa2_0,major_102,d3e221c0022ced23efe8eee8a093002306c749a3820c365e6c603858ef8c29c9,SUCCESS,PASS,False,True,/home/francisco/mt-harness/harness/executions/java/major/execution/major_all_supported_local_full_rerun_final_exec8/runs/major_exec__major_all_supported_local_full_rerun_final_exec8__jxpath_1f_jjMoveStringLiteralDfa2_0__line536_597/execution/major_102.log
defects4j,JxPath_1,jxpath_1f_jjMoveStringLiteralDfa2_0__line536_597,major_exec__major_all_supported_local_full_rerun_final_exec8__jxpath_1f_jjMoveStringLiteralDfa2_0__line536_597,jjMoveStringLiteralDfa2_0,major_104,d3b62216204494b484df152b88db764b024d9862eced23aa3835b9c6551792b4,SUCCESS,FAIL,True,True,/home/francisco/mt-harness/harness/executions/java/major/execution/major_all_supported_local_full_rerun_final_exec8/runs/major_exec__major_all_supported_local_full_rerun_final_exec8__jxpath_1f_jjMoveStringLiteralDfa2_0__line536_597/execution/major_104.log
defects4j,JxPath_1,jxpath_1f_jjMoveStringLiteralDfa3_0__line598_658,major_exec__major_all_supported_local_full_rerun_final_exec8__jxpath_1f_jjMoveStringLiteralDfa3_0__line598_658,jjMoveStringLiteralDfa3_0,major_10,dedae4b59f4c11318b28f8f71cd6e1e68bbf21c1927a640bfc8cc57b8bee3d84,SUCCESS,PASS,False,True,/home/francisco/mt-harness/harness/executions/java/major/execution/major_all_supported_local_full_rerun_final_exec8/runs/major_exec__major_all_supported_local_full_rerun_final_exec8__jxpath_1f_jjMoveStringLiteralDfa3_0__line598_658/execution/major_10.log
defects4j,JxPath_1,jxpath_1f_jjMoveStringLiteralDfa3_0__line598_658,major_exec__major_all_supported_local_full_rerun_final_exec8__jxpath_1f_jjMoveStringLiteralDfa3_0__line598_658,jjMoveStringLiteralDfa3_0,major_101,ff8b0df12188b5681e26096dbb373f2e7df9d3427971f906dbefb48ee3ae9ee3,SUCCESS,FAIL,True,True,/home/francisco/mt-harness/harness/executions/java/major/execution/major_all_supported_local_full_rerun_final_exec8/runs/major_exec__major_all_supported_local_full_rerun_final_exec8__jxpath_1f_jjMoveStringLiteralDfa3_0__line598_658/execution/major_101.log
defects4j,JxPath_1,jxpath_1f_jjMoveStringLiteralDfa3_0__line598_658,major_exec__major_all_supported_local_full_rerun_final_exec8__jxpath_1f_jjMoveStringLiteralDfa3_0__line598_658,jjMoveStringLiteralDfa3_0,major_103,6e6ba71d370f978796999ea722f72d835ed8559b28008d6a71be0bb005eab0af,SUCCESS,FAIL,True,True,/home/francisco/mt-harness/harness/executions/java/major/execution/major_all_supported_local_full_rerun_final_exec8/runs/major_exec__major_all_supported_local_full_rerun_final_exec8__jxpath_1f_jjMoveStringLiteralDfa3_0__line598_658/execution/major_103.log
defects4j,JxPath_1,jxpath_1f_jjMoveStringLiteralDfa3_0__line598_658,major_exec__major_all_supported_local_full_rerun_final_exec8__jxpath_1f_jjMoveStringLiteralDfa3_0__line598_658,jjMoveStringLiteralDfa3_0,major_105,4d3c064ef0a68d3de0ceeec7c6036ad828542f04dc6518a315968175f8ea9deb,SUCCESS,FAIL,True,True,/home/francisco/mt-harness/harness/executions/java/major/execution/major_all_supported_local_full_rerun_final_exec8/runs/major_exec__major_all_supported_local_full_rerun_final_exec8__jxpath_1f_jjMoveStringLiteralDfa3_0__line598_658/execution/major_105.log
defects4j,JxPath_1,jxpath_1f_jjMoveStringLiteralDfa3_0__line598_658,major_exec__major_all_supported_local_full_rerun_final_exec8__jxpath_1f_jjMoveStringLiteralDfa3_0__line598_658,jjMoveStringLiteralDfa3_0,major_1,fbab049a4bb84486dcb2b1db92153c4bddea0d14d5beff98702786f9c834d35a,SUCCESS,FAIL,True,True,/home/francisco/mt-harness/harness/executions/java/major/execution/major_all_supported_local_full_rerun_final_exec8/runs/major_exec__major_all_supported_local_full_rerun_final_exec8__jxpath_1f_jjMoveStringLiteralDfa3_0__line598_658/execution/major_1.log
defects4j,JxPath_1,jxpath_1f_jjMoveStringLiteralDfa3_0__line598_658,major_exec__major_all_supported_local_full_rerun_final_exec8__jxpath_1f_jjMoveStringLiteralDfa3_0__line598_658,jjMoveStringLiteralDfa3_0,major_100,be2fe9fb1a740513c2fcb0d135b869facd3d6c9522d4c476b2efbe1e6c5acf06,SUCCESS,PASS,False,True,/home/francisco/mt-harness/harness/executions/java/major/execution/major_all_supported_local_full_rerun_final_exec8/runs/major_exec__major_all_supported_local_full_rerun_final_exec8__jxpath_1f_jjMoveStringLiteralDfa3_0__line598_658/execution/major_100.log
defects4j,JxPath_1,jxpath_1f_jjMoveStringLiteralDfa3_0__line598_658,major_exec__major_all_supported_local_full_rerun_final_exec8__jxpath_1f_jjMoveStringLiteralDfa3_0__line598_658,jjMoveStringLiteralDfa3_0,major_102,ceab8966615a00a42413a6fa835305d12095911a8027ae12269a6d4f7db65a9f,SUCCESS,FAIL,True,True,/home/francisco/mt-harness/harness/executions/java/major/execution/major_all_supported_local_full_rerun_final_exec8/runs/major_exec__major_all_supported_local_full_rerun_final_exec8__jxpath_1f_jjMoveStringLiteralDfa3_0__line598_658/execution/major_102.log
defects4j,JxPath_1,jxpath_1f_jjMoveStringLiteralDfa3_0__line598_658,major_exec__major_all_supported_local_full_rerun_final_exec8__jxpath_1f_jjMoveStringLiteralDfa3_0__line598_658,jjMoveStringLiteralDfa3_0,major_104,57fe518236e95d49f231cd62a94f4ff25fdc3a07b6b64498988276509aab02f8,SUCCESS,PASS,False,True,/home/francisco/mt-harness/harness/executions/java/major/execution/major_all_supported_local_full_rerun_final_exec8/runs/major_exec__major_all_supported_local_full_rerun_final_exec8__jxpath_1f_jjMoveStringLiteralDfa3_0__line598_658/execution/major_104.log
defects4j,JxPath_1,jxpath_1f_jjMoveStringLiteralDfa1_0__line480_535,major_exec__major_all_supported_local_full_rerun_final_exec8__jxpath_1f_jjMoveStringLiteralDfa1_0__line480_535,jjMoveStringLiteralDfa1_0,major_10,508c41a89c8630af4a3b3f2ffc6606e2bde73df26999c0acab1fd295906025b0,SUCCESS,PASS,False,True,/home/francisco/mt-harness/harness/executions/java/major/execution/major_all_supported_local_full_rerun_final_exec8/runs/major_exec__major_all_supported_local_full_rerun_final_exec8__jxpath_1f_jjMoveStringLiteralDfa1_0__line480_535/execution/major_10.log
defects4j,JxPath_1,jxpath_1f_jjMoveStringLiteralDfa1_0__line480_535,major_exec__major_all_supported_local_full_rerun_final_exec8__jxpath_1f_jjMoveStringLiteralDfa1_0__line480_535,jjMoveStringLiteralDfa1_0,major_101,9d1b3262ccf1300d72e2eb468f816a17cf6f7fdd74eae490933a250ab4a41020,SUCCESS,FAIL,True,True,/home/francisco/mt-harness/harness/executions/java/major/execution/major_all_supported_local_full_rerun_final_exec8/runs/major_exec__major_all_supported_local_full_rerun_final_exec8__jxpath_1f_jjMoveStringLiteralDfa1_0__line480_535/execution/major_101.log
defects4j,JxPath_1,jxpath_1f_jjMoveStringLiteralDfa1_0__line480_535,major_exec__major_all_supported_local_full_rerun_final_exec8__jxpath_1f_jjMoveStringLiteralDfa1_0__line480_535,jjMoveStringLiteralDfa1_0,major_103,a4fba0b7e4c63418deeb7ea0fc2fd03b534e1e2f2b52fbe39526c79679d1edda,SUCCESS,FAIL,True,True,/home/francisco/mt-harness/harness/executions/java/major/execution/major_all_supported_local_full_rerun_final_exec8/runs/major_exec__major_all_supported_local_full_rerun_final_exec8__jxpath_1f_jjMoveStringLiteralDfa1_0__line480_535/execution/major_103.log
defects4j,JxPath_1,jxpath_1f_jjMoveStringLiteralDfa1_0__line480_535,major_exec__major_all_supported_local_full_rerun_final_exec8__jxpath_1f_jjMoveStringLiteralDfa1_0__line480_535,jjMoveStringLiteralDfa1_0,major_105,c2d0a2876fc80f6fa2631403d40988e43efb2e834270d1a43171cc7d60fe0094,SUCCESS,FAIL,True,True,/home/francisco/mt-harness/harness/executions/java/major/execution/major_all_supported_local_full_rerun_final_exec8/runs/major_exec__major_all_supported_local_full_rerun_final_exec8__jxpath_1f_jjMoveStringLiteralDfa1_0__line480_535/execution/major_105.log
defects4j,JxPath_1,jxpath_1f_jjMoveStringLiteralDfa1_0__line480_535,major_exec__major_all_supported_local_full_rerun_final_exec8__jxpath_1f_jjMoveStringLiteralDfa1_0__line480_535,jjMoveStringLiteralDfa1_0,major_1,c73d51b7ca1506b42fdec1fd640d77293eb529fa25013e7db2189b4eca37b85a,SUCCESS,PASS,False,True,/home/francisco/mt-harness/harness/executions/java/major/execution/major_all_supported_local_full_rerun_final_exec8/runs/major_exec__major_all_supported_local_full_rerun_final_exec8__jxpath_1f_jjMoveStringLiteralDfa1_0__line480_535/execution/major_1.log
defects4j,JxPath_1,jxpath_1f_jjMoveStringLiteralDfa1_0__line480_535,major_exec__major_all_supported_local_full_rerun_final_exec8__jxpath_1f_jjMoveStringLiteralDfa1_0__line480_535,jjMoveStringLiteralDfa1_0,major_100,9be7351df61b3eca56cc10b7fa908c61c164763cc871b6487c41b0e8602297b4,SUCCESS,PASS,False,True,/home/francisco/mt-harness/harness/executions/java/major/execution/major_all_supported_local_full_rerun_final_exec8/runs/major_exec__major_all_supported_local_full_rerun_final_exec8__jxpath_1f_jjMoveStringLiteralDfa1_0__line480_535/execution/major_100.log
defects4j,JxPath_1,jxpath_1f_jjMoveStringLiteralDfa1_0__line480_535,major_exec__major_all_supported_local_full_rerun_final_exec8__jxpath_1f_jjMoveStringLiteralDfa1_0__line480_535,jjMoveStringLiteralDfa1_0,major_102,04eb83581dbc2c3a599ff0e0ddc169249826dc8c5b6f96e39605e228da0118ce,SUCCESS,FAIL,True,True,/home/francisco/mt-harness/harness/executions/java/major/execution/major_all_supported_local_full_rerun_final_exec8/runs/major_exec__major_all_supported_local_full_rerun_final_exec8__jxpath_1f_jjMoveStringLiteralDfa1_0__line480_535/execution/major_102.log
defects4j,JxPath_1,jxpath_1f_jjMoveStringLiteralDfa1_0__line480_535,major_exec__major_all_supported_local_full_rerun_final_exec8__jxpath_1f_jjMoveStringLiteralDfa1_0__line480_535,jjMoveStringLiteralDfa1_0,major_104,9305cfe559759c8039bb4095b41ab1c5826d1bd16f25bc35a02ce98bb497588e,SUCCESS,FAIL,True,True,/home/francisco/mt-harness/harness/executions/java/major/execution/major_all_supported_local_full_rerun_final_exec8/runs/major_exec__major_all_supported_local_full_rerun_final_exec8__jxpath_1f_jjMoveStringLiteralDfa1_0__line480_535/execution/major_104.log
defects4j,JxPath_1,jxpath_1f_jj_3R_19__line3419_3440,major_exec__major_all_supported_local_full_rerun_final_exec8__jxpath_1f_jj_3R_19__line3419_3440,jj_3R_19,major_10,5b51e472f03e61fde9228a9debb1a19faede0a4620151ba11313d039b1a81fe4,SUCCESS,FAIL,True,True,/home/francisco/mt-harness/harness/executions/java/major/execution/major_all_supported_local_full_rerun_final_exec8/runs/major_exec__major_all_supported_local_full_rerun_final_exec8__jxpath_1f_jj_3R_19__line3419_3440/execution/major_10.log
defects4j,JxPath_1,jxpath_1f_jj_3R_19__line3419_3440,major_exec__major_all_supported_local_full_rerun_final_exec8__jxpath_1f_jj_3R_19__line3419_3440,jj_3R_19,major_12,ee10227667177d1174f63a50d2585c70fa436604856fa3a2bff79fb130620be8,SUCCESS,FAIL,True,True,/home/francisco/mt-harness/harness/executions/java/major/execution/major_all_supported_local_full_rerun_final_exec8/runs/major_exec__major_all_supported_local_full_rerun_final_exec8__jxpath_1f_jj_3R_19__line3419_3440/execution/major_12.log
defects4j,JxPath_1,jxpath_1f_jj_3R_19__line3419_3440,major_exec__major_all_supported_local_full_rerun_final_exec8__jxpath_1f_jj_3R_19__line3419_3440,jj_3R_19,major_14,a5b5c82c8b915b77bba690eee034049a3449a7dd5623dedf652eef6728f21365,SUCCESS,FAIL,True,True,/home/francisco/mt-harness/harness/executions/java/major/execution/major_all_supported_local_full_rerun_final_exec8/runs/major_exec__major_all_supported_local_full_rerun_final_exec8__jxpath_1f_jj_3R_19__line3419_3440/execution/major_14.log
defects4j,JxPath_1,jxpath_1f_jj_3R_19__line3419_3440,major_exec__major_all_supported_local_full_rerun_final_exec8__jxpath_1f_jj_3R_19__line3419_3440,jj_3R_19,major_16,8295205a4ffe4d05d891febb8ffe90d1c93a3402ad2bf48aa1c1a7f8f9608270,SUCCESS,FAIL,True,True,/home/francisco/mt-harness/harness/executions/java/major/execution/major_all_supported_local_full_rerun_final_exec8/runs/major_exec__major_all_supported_local_full_rerun_final_exec8__jxpath_1f_jj_3R_19__line3419_3440/execution/major_16.log
defects4j,JxPath_1,jxpath_1f_jj_3R_19__line3419_3440,major_exec__major_all_supported_local_full_rerun_final_exec8__jxpath_1f_jj_3R_19__line3419_3440,jj_3R_19,major_1,504c4046e4f2ad3a47fa7f1c148e85bf11f1efb5cdeaa2a54a57f33cd6334515,SUCCESS,FAIL,True,True,/home/francisco/mt-harness/harness/executions/java/major/execution/major_all_supported_local_full_rerun_final_exec8/runs/major_exec__major_all_supported_local_full_rerun_final_exec8__jxpath_1f_jj_3R_19__line3419_3440/execution/major_1.log
defects4j,JxPath_1,jxpath_1f_jj_3R_19__line3419_3440,major_exec__major_all_supported_local_full_rerun_final_exec8__jxpath_1f_jj_3R_19__line3419_3440,jj_3R_19,major_11,2a6bfa0da056a55868f663760ce4110e926960477b50de8d3a6e2a07a3e892a2,SUCCESS,FAIL,True,True,/home/francisco/mt-harness/harness/executions/java/major/execution/major_all_supported_local_full_rerun_final_exec8/runs/major_exec__major_all_supported_local_full_rerun_final_exec8__jxpath_1f_jj_3R_19__line3419_3440/execution/major_11.log
defects4j,JxPath_1,jxpath_1f_jj_3R_19__line3419_3440,major_exec__major_all_supported_local_full_rerun_final_exec8__jxpath_1f_jj_3R_19__line3419_3440,jj_3R_19,major_13,cfb3c1e4f494e13edf08e6afc436d51f30c103ed6372c620ece7fab88ca1103f,SUCCESS,FAIL,True,True,/home/francisco/mt-harness/harness/executions/java/major/execution/major_all_supported_local_full_rerun_final_exec8/runs/major_exec__major_all_supported_local_full_rerun_final_exec8__jxpath_1f_jj_3R_19__line3419_3440/execution/major_13.log
defects4j,JxPath_1,jxpath_1f_jj_3R_19__line3419_3440,major_exec__major_all_supported_local_full_rerun_final_exec8__jxpath_1f_jj_3R_19__line3419_3440,jj_3R_19,major_15,6d63ffcc27bf5098d15945b49917f687bf55b6015f850a77e9e483b8969378a7,SUCCESS,FAIL,True,True,/home/francisco/mt-harness/harness/executions/java/major/execution/major_all_supported_local_full_rerun_final_exec8/runs/major_exec__major_all_supported_local_full_rerun_final_exec8__jxpath_1f_jj_3R_19__line3419_3440/execution/major_15.log
defects4j,Lang_1,lang_1f_binaryBeMsb0ToHexDigit__line511_582,major_exec__major_all_supported_local_full_rerun_final_exec8__lang_1f_binaryBeMsb0ToHexDigit__line511_582,binaryBeMsb0ToHexDigit,major_1,2a87b474baa700416d0403c4f1d62a4ed928740c54fc4492d19d433b4d632440,SUCCESS,FAIL,True,True,/home/francisco/mt-harness/harness/executions/java/major/execution/major_all_supported_local_full_rerun_final_exec8/runs/major_exec__major_all_supported_local_full_rerun_final_exec8__lang_1f_binaryBeMsb0ToHexDigit__line511_582/execution/major_1.log
defects4j,Lang_1,lang_1f_binaryBeMsb0ToHexDigit__line511_582,major_exec__major_all_supported_local_full_rerun_final_exec8__lang_1f_binaryBeMsb0ToHexDigit__line511_582,binaryBeMsb0ToHexDigit,major_11,2498adccfa6a5e6e0583334743d2fe6e481fb166f3c5a87fa85f40033b9ecd0b,SUCCESS,FAIL,True,True,/home/francisco/mt-harness/harness/executions/java/major/execution/major_all_supported_local_full_rerun_final_exec8/runs/major_exec__major_all_supported_local_full_rerun_final_exec8__lang_1f_binaryBeMsb0ToHexDigit__line511_582/execution/major_11.log
defects4j,Lang_1,lang_1f_binaryBeMsb0ToHexDigit__line511_582,major_exec__major_all_supported_local_full_rerun_final_exec8__lang_1f_binaryBeMsb0ToHexDigit__line511_582,binaryBeMsb0ToHexDigit,major_13,6bc27f364a8ef77efa07fe23f69bcdcfcf69987ad4eb43ad1f3966950d0e181c,SUCCESS,FAIL,True,True,/home/francisco/mt-harness/harness/executions/java/major/execution/major_all_supported_local_full_rerun_final_exec8/runs/major_exec__major_all_supported_local_full_rerun_final_exec8__lang_1f_binaryBeMsb0ToHexDigit__line511_582/execution/major_13.log
defects4j,Lang_1,lang_1f_binaryBeMsb0ToHexDigit__line511_582,major_exec__major_all_supported_local_full_rerun_final_exec8__lang_1f_binaryBeMsb0ToHexDigit__line511_582,binaryBeMsb0ToHexDigit,major_15,95ea835f1744cc186e510e3527e15bc1d1e821977411de42b24865b1d4eb7ab9,SUCCESS,FAIL,True,True,/home/francisco/mt-harness/harness/executions/java/major/execution/major_all_supported_local_full_rerun_final_exec8/runs/major_exec__major_all_supported_local_full_rerun_final_exec8__lang_1f_binaryBeMsb0ToHexDigit__line511_582/execution/major_15.log
defects4j,Lang_1,lang_1f_binaryBeMsb0ToHexDigit__line511_582,major_exec__major_all_supported_local_full_rerun_final_exec8__lang_1f_binaryBeMsb0ToHexDigit__line511_582,binaryBeMsb0ToHexDigit,major_10,a921b450bc5921e95b5e5bc1074ef807570ea5e9a74974b13cf075be46d643b2,SUCCESS,FAIL,True,True,/home/francisco/mt-harness/harness/executions/java/major/execution/major_all_supported_local_full_rerun_final_exec8/runs/major_exec__major_all_supported_local_full_rerun_final_exec8__lang_1f_binaryBeMsb0ToHexDigit__line511_582/execution/major_10.log
defects4j,Lang_1,lang_1f_binaryBeMsb0ToHexDigit__line511_582,major_exec__major_all_supported_local_full_rerun_final_exec8__lang_1f_binaryBeMsb0ToHexDigit__line511_582,binaryBeMsb0ToHexDigit,major_12,98d9efc9b86d1568d8b46ae5ca1c9b4f612fbaeed74fa615c6b3afea8ae69d9d,SUCCESS,FAIL,True,True,/home/francisco/mt-harness/harness/executions/java/major/execution/major_all_supported_local_full_rerun_final_exec8/runs/major_exec__major_all_supported_local_full_rerun_final_exec8__lang_1f_binaryBeMsb0ToHexDigit__line511_582/execution/major_12.log
defects4j,Lang_1,lang_1f_binaryBeMsb0ToHexDigit__line511_582,major_exec__major_all_supported_local_full_rerun_final_exec8__lang_1f_binaryBeMsb0ToHexDigit__line511_582,binaryBeMsb0ToHexDigit,major_14,817b537c620b131e75e01b2ca740f471728e7d17bd5de5c91b2427e5aca82b43,SUCCESS,FAIL,True,True,/home/francisco/mt-harness/harness/executions/java/major/execution/major_all_supported_local_full_rerun_final_exec8/runs/major_exec__major_all_supported_local_full_rerun_final_exec8__lang_1f_binaryBeMsb0ToHexDigit__line511_582/execution/major_14.log
defects4j,Lang_1,lang_1f_binaryBeMsb0ToHexDigit__line511_582,major_exec__major_all_supported_local_full_rerun_final_exec8__lang_1f_binaryBeMsb0ToHexDigit__line511_582,binaryBeMsb0ToHexDigit,major_16,ce23b3e0e53805d3a00d5fffb48048b87ec12d8e8a06e4ef9fc15b4ca5a28de7,SUCCESS,FAIL,True,True,/home/francisco/mt-harness/harness/executions/java/major/execution/major_all_supported_local_full_rerun_final_exec8/runs/major_exec__major_all_supported_local_full_rerun_final_exec8__lang_1f_binaryBeMsb0ToHexDigit__line511_582/execution/major_16.log
defects4j,Lang_1,lang_1f_binaryToHexDigit__line300_365,major_exec__major_all_supported_local_full_rerun_final_exec8__lang_1f_binaryToHexDigit__line300_365,binaryToHexDigit,major_1,841459f7da1185c7891254adaa7d680f94dfcb1db2c1424a4d5066074d861464,SUCCESS,FAIL,True,True,/home/francisco/mt-harness/harness/executions/java/major/execution/major_all_supported_local_full_rerun_final_exec8/runs/major_exec__major_all_supported_local_full_rerun_final_exec8__lang_1f_binaryToHexDigit__line300_365/execution/major_1.log
defects4j,Lang_1,lang_1f_binaryToHexDigit__line300_365,major_exec__major_all_supported_local_full_rerun_final_exec8__lang_1f_binaryToHexDigit__line300_365,binaryToHexDigit,major_11,3c4f9b123685da2d82d173768c409357b7ecef0b4c6227f8e87b444003fe03bf,SUCCESS,FAIL,True,True,/home/francisco/mt-harness/harness/executions/java/major/execution/major_all_supported_local_full_rerun_final_exec8/runs/major_exec__major_all_supported_local_full_rerun_final_exec8__lang_1f_binaryToHexDigit__line300_365/execution/major_11.log
defects4j,Lang_1,lang_1f_binaryToHexDigit__line300_365,major_exec__major_all_supported_local_full_rerun_final_exec8__lang_1f_binaryToHexDigit__line300_365,binaryToHexDigit,major_13,3772b01ce767d85dc0bf83082cc1578adc81e14b9455312ac181020fbbcf303e,SUCCESS,PASS,False,True,/home/francisco/mt-harness/harness/executions/java/major/execution/major_all_supported_local_full_rerun_final_exec8/runs/major_exec__major_all_supported_local_full_rerun_final_exec8__lang_1f_binaryToHexDigit__line300_365/execution/major_13.log
defects4j,Lang_1,lang_1f_binaryToHexDigit__line300_365,major_exec__major_all_supported_local_full_rerun_final_exec8__lang_1f_binaryToHexDigit__line300_365,binaryToHexDigit,major_15,4ad1e71fabd0521d33b1b3188e6d957c11814bfbff7b248b5b5d413a750bb498,SUCCESS,FAIL,True,True,/home/francisco/mt-harness/harness/executions/java/major/execution/major_all_supported_local_full_rerun_final_exec8/runs/major_exec__major_all_supported_local_full_rerun_final_exec8__lang_1f_binaryToHexDigit__line300_365/execution/major_15.log
defects4j,Lang_1,lang_1f_binaryToHexDigit__line300_365,major_exec__major_all_supported_local_full_rerun_final_exec8__lang_1f_binaryToHexDigit__line300_365,binaryToHexDigit,major_10,58a913c09c8e580777de3e8feb7ba2e6585fa715d230c75c6eebb16e5825a90e,SUCCESS,FAIL,True,True,/home/francisco/mt-harness/harness/executions/java/major/execution/major_all_supported_local_full_rerun_final_exec8/runs/major_exec__major_all_supported_local_full_rerun_final_exec8__lang_1f_binaryToHexDigit__line300_365/execution/major_10.log
defects4j,Lang_1,lang_1f_binaryToHexDigit__line300_365,major_exec__major_all_supported_local_full_rerun_final_exec8__lang_1f_binaryToHexDigit__line300_365,binaryToHexDigit,major_12,96accc448bc868f3972ee5fce7a6558cc79fcffdca55295b7160bab257c7a992,SUCCESS,PASS,False,True,/home/francisco/mt-harness/harness/executions/java/major/execution/major_all_supported_local_full_rerun_final_exec8/runs/major_exec__major_all_supported_local_full_rerun_final_exec8__lang_1f_binaryToHexDigit__line300_365/execution/major_12.log
defects4j,Lang_1,lang_1f_binaryToHexDigit__line300_365,major_exec__major_all_supported_local_full_rerun_final_exec8__lang_1f_binaryToHexDigit__line300_365,binaryToHexDigit,major_14,de45f27dde95f4ac9c26e2ffa6aae32555dbf8a61f60494ab1d6fd0a9a8ecb90,SUCCESS,FAIL,True,True,/home/francisco/mt-harness/harness/executions/java/major/execution/major_all_supported_local_full_rerun_final_exec8/runs/major_exec__major_all_supported_local_full_rerun_final_exec8__lang_1f_binaryToHexDigit__line300_365/execution/major_14.log
defects4j,Lang_1,lang_1f_binaryToHexDigit__line300_365,major_exec__major_all_supported_local_full_rerun_final_exec8__lang_1f_binaryToHexDigit__line300_365,binaryToHexDigit,major_16,206eab02382b67a0b137ee58c961b5ea639bf9534413d3dfc251e17b087befe1,SUCCESS,PASS,False,True,/home/francisco/mt-harness/harness/executions/java/major/execution/major_all_supported_local_full_rerun_final_exec8/runs/major_exec__major_all_supported_local_full_rerun_final_exec8__lang_1f_binaryToHexDigit__line300_365/execution/major_16.log
defects4j,Lang_1,lang_1f_binaryToHexDigitMsb0_4bits__line403_474,major_exec__major_all_supported_local_full_rerun_final_exec8__lang_1f_binaryToHexDigitMsb0_4bits__line403_474,binaryToHexDigitMsb0_4bits,major_1,31c1640cac797984bcbbb618103798188ff65a268a75b23c5158c38e2c812396,SUCCESS,FAIL,True,True,/home/francisco/mt-harness/harness/executions/java/major/execution/major_all_supported_local_full_rerun_final_exec8/runs/major_exec__major_all_supported_local_full_rerun_final_exec8__lang_1f_binaryToHexDigitMsb0_4bits__line403_474/execution/major_1.log
defects4j,Lang_1,lang_1f_binaryToHexDigitMsb0_4bits__line403_474,major_exec__major_all_supported_local_full_rerun_final_exec8__lang_1f_binaryToHexDigitMsb0_4bits__line403_474,binaryToHexDigitMsb0_4bits,major_11,de3c3e6a82391650a746e050e8315dca0e3ae6555090c358f55c3b74d6b5b0af,SUCCESS,FAIL,True,True,/home/francisco/mt-harness/harness/executions/java/major/execution/major_all_supported_local_full_rerun_final_exec8/runs/major_exec__major_all_supported_local_full_rerun_final_exec8__lang_1f_binaryToHexDigitMsb0_4bits__line403_474/execution/major_11.log
defects4j,Lang_1,lang_1f_binaryToHexDigitMsb0_4bits__line403_474,major_exec__major_all_supported_local_full_rerun_final_exec8__lang_1f_binaryToHexDigitMsb0_4bits__line403_474,binaryToHexDigitMsb0_4bits,major_13,fd9954abaf07c26ad73f207bca33bf04aa1422891a7a0dc883e970c9497502f8,SUCCESS,FAIL,True,True,/home/francisco/mt-harness/harness/executions/java/major/execution/major_all_supported_local_full_rerun_final_exec8/runs/major_exec__major_all_supported_local_full_rerun_final_exec8__lang_1f_binaryToHexDigitMsb0_4bits__line403_474/execution/major_13.log
defects4j,Lang_1,lang_1f_binaryToHexDigitMsb0_4bits__line403_474,major_exec__major_all_supported_local_full_rerun_final_exec8__lang_1f_binaryToHexDigitMsb0_4bits__line403_474,binaryToHexDigitMsb0_4bits,major_15,a4cd34dfd09690810b1aa264c76cb197022c3024d18b4e3136dce8e30e958675,SUCCESS,FAIL,True,True,/home/francisco/mt-harness/harness/executions/java/major/execution/major_all_supported_local_full_rerun_final_exec8/runs/major_exec__major_all_supported_local_full_rerun_final_exec8__lang_1f_binaryToHexDigitMsb0_4bits__line403_474/execution/major_15.log
defects4j,Lang_1,lang_1f_binaryToHexDigitMsb0_4bits__line403_474,major_exec__major_all_supported_local_full_rerun_final_exec8__lang_1f_binaryToHexDigitMsb0_4bits__line403_474,binaryToHexDigitMsb0_4bits,major_10,06aa261b071bc5307d53e7e409dfd26a20ed576b2abc966b97320abb3f229cf7,SUCCESS,FAIL,True,True,/home/francisco/mt-harness/harness/executions/java/major/execution/major_all_supported_local_full_rerun_final_exec8/runs/major_exec__major_all_supported_local_full_rerun_final_exec8__lang_1f_binaryToHexDigitMsb0_4bits__line403_474/execution/major_10.log
defects4j,Lang_1,lang_1f_binaryToHexDigitMsb0_4bits__line403_474,major_exec__major_all_supported_local_full_rerun_final_exec8__lang_1f_binaryToHexDigitMsb0_4bits__line403_474,binaryToHexDigitMsb0_4bits,major_12,d8a946ce118a2edc5bf024ad8046f061f161439f9367a6135de462994ee0fdd9,SUCCESS,FAIL,True,True,/home/francisco/mt-harness/harness/executions/java/major/execution/major_all_supported_local_full_rerun_final_exec8/runs/major_exec__major_all_supported_local_full_rerun_final_exec8__lang_1f_binaryToHexDigitMsb0_4bits__line403_474/execution/major_12.log
defects4j,Lang_1,lang_1f_binaryToHexDigitMsb0_4bits__line403_474,major_exec__major_all_supported_local_full_rerun_final_exec8__lang_1f_binaryToHexDigitMsb0_4bits__line403_474,binaryToHexDigitMsb0_4bits,major_14,43e885306713f080eed19daf61bf6d9cef1480c08b6a797d21c8ad4c8f7c70f5,SUCCESS,FAIL,True,True,/home/francisco/mt-harness/harness/executions/java/major/execution/major_all_supported_local_full_rerun_final_exec8/runs/major_exec__major_all_supported_local_full_rerun_final_exec8__lang_1f_binaryToHexDigitMsb0_4bits__line403_474/execution/major_14.log
defects4j,Lang_1,lang_1f_binaryToHexDigitMsb0_4bits__line403_474,major_exec__major_all_supported_local_full_rerun_final_exec8__lang_1f_binaryToHexDigitMsb0_4bits__line403_474,binaryToHexDigitMsb0_4bits,major_16,e7b4b294f73fac907ef11788523d09164467e6d6c2cac2d2541e146bb9186086,SUCCESS,FAIL,True,True,/home/francisco/mt-harness/harness/executions/java/major/execution/major_all_supported_local_full_rerun_final_exec8/runs/major_exec__major_all_supported_local_full_rerun_final_exec8__lang_1f_binaryToHexDigitMsb0_4bits__line403_474/execution/major_16.log
defects4j,Lang_1,lang_1f_hexDigitMsb0ToBinary__line220_265,major_exec__major_all_supported_local_full_rerun_final_exec8__lang_1f_hexDigitMsb0ToBinary__line220_265,hexDigitMsb0ToBinary,major_1,d37129d302b3aea6128dd8679929488bc63d01bc44ba64a1fc6a41240bd87a27,SUCCESS,FAIL,True,True,/home/francisco/mt-harness/harness/executions/java/major/execution/major_all_supported_local_full_rerun_final_exec8/runs/major_exec__major_all_supported_local_full_rerun_final_exec8__lang_1f_hexDigitMsb0ToBinary__line220_265/execution/major_1.log
defects4j,Lang_1,lang_1f_hexDigitMsb0ToBinary__line220_265,major_exec__major_all_supported_local_full_rerun_final_exec8__lang_1f_hexDigitMsb0ToBinary__line220_265,hexDigitMsb0ToBinary,major_11,2307484694eb553719aef54aeb28764839fcc19a4bd75f7ab185251b2ff5c6ca,SUCCESS,FAIL,True,True,/home/francisco/mt-harness/harness/executions/java/major/execution/major_all_supported_local_full_rerun_final_exec8/runs/major_exec__major_all_supported_local_full_rerun_final_exec8__lang_1f_hexDigitMsb0ToBinary__line220_265/execution/major_11.log
defects4j,Lang_1,lang_1f_hexDigitMsb0ToBinary__line220_265,major_exec__major_all_supported_local_full_rerun_final_exec8__lang_1f_hexDigitMsb0ToBinary__line220_265,hexDigitMsb0ToBinary,major_13,d125387971b86a244a125066dc127bba46f6305ba7f7891a3d21bcf894f7ff7d,SUCCESS,FAIL,True,True,/home/francisco/mt-harness/harness/executions/java/major/execution/major_all_supported_local_full_rerun_final_exec8/runs/major_exec__major_all_supported_local_full_rerun_final_exec8__lang_1f_hexDigitMsb0ToBinary__line220_265/execution/major_13.log
defects4j,Lang_1,lang_1f_hexDigitMsb0ToBinary__line220_265,major_exec__major_all_supported_local_full_rerun_final_exec8__lang_1f_hexDigitMsb0ToBinary__line220_265,hexDigitMsb0ToBinary,major_15,665fcb33189489da38ddfa0e960dcdf8e855b0afc53fac6ff64c9b730bd61957,SUCCESS,FAIL,True,True,/home/francisco/mt-harness/harness/executions/java/major/execution/major_all_supported_local_full_rerun_final_exec8/runs/major_exec__major_all_supported_local_full_rerun_final_exec8__lang_1f_hexDigitMsb0ToBinary__line220_265/execution/major_15.log
defects4j,Lang_1,lang_1f_hexDigitMsb0ToBinary__line220_265,major_exec__major_all_supported_local_full_rerun_final_exec8__lang_1f_hexDigitMsb0ToBinary__line220_265,hexDigitMsb0ToBinary,major_10,d97f557d1fd15e2cf0c097c21a734fe3083b754c734fbcd7654fa0426c8d7c9d,SUCCESS,FAIL,True,True,/home/francisco/mt-harness/harness/executions/java/major/execution/major_all_supported_local_full_rerun_final_exec8/runs/major_exec__major_all_supported_local_full_rerun_final_exec8__lang_1f_hexDigitMsb0ToBinary__line220_265/execution/major_10.log
defects4j,Lang_1,lang_1f_hexDigitMsb0ToBinary__line220_265,major_exec__major_all_supported_local_full_rerun_final_exec8__lang_1f_hexDigitMsb0ToBinary__line220_265,hexDigitMsb0ToBinary,major_12,3ec5d1220e5684586ee6df87c6542ba6d43df1f38eafd0849897cb66ac5f33cb,SUCCESS,FAIL,True,True,/home/francisco/mt-harness/harness/executions/java/major/execution/major_all_supported_local_full_rerun_final_exec8/runs/major_exec__major_all_supported_local_full_rerun_final_exec8__lang_1f_hexDigitMsb0ToBinary__line220_265/execution/major_12.log
defects4j,Lang_1,lang_1f_hexDigitMsb0ToBinary__line220_265,major_exec__major_all_supported_local_full_rerun_final_exec8__lang_1f_hexDigitMsb0ToBinary__line220_265,hexDigitMsb0ToBinary,major_14,ddb2721970eaa1e787a69545bef69b6882bb29cf87ff2a7b9e02faefe2a347f7,SUCCESS,FAIL,True,True,/home/francisco/mt-harness/harness/executions/java/major/execution/major_all_supported_local_full_rerun_final_exec8/runs/major_exec__major_all_supported_local_full_rerun_final_exec8__lang_1f_hexDigitMsb0ToBinary__line220_265/execution/major_14.log
defects4j,Lang_1,lang_1f_hexDigitMsb0ToBinary__line220_265,major_exec__major_all_supported_local_full_rerun_final_exec8__lang_1f_hexDigitMsb0ToBinary__line220_265,hexDigitMsb0ToBinary,major_16,bc8b8579af13851cf4d1c1aace5140f4600aeb4c3b3708abe36804da5de9819c,SUCCESS,FAIL,True,True,/home/francisco/mt-harness/harness/executions/java/major/execution/major_all_supported_local_full_rerun_final_exec8/runs/major_exec__major_all_supported_local_full_rerun_final_exec8__lang_1f_hexDigitMsb0ToBinary__line220_265/execution/major_16.log
defects4j,Math_45,math_45f_scalb__line3036_3112,major_exec__major_all_supported_local_full_rerun_final_exec8__math_45f_scalb__line3036_3112,scalb,major_1,9a872772fedc93d10bac4160a4f7121c4ed154a4bbda5a7c3b23893b9a6ae9f4,SUCCESS,PASS,False,True,/home/francisco/mt-harness/harness/executions/java/major/execution/major_all_supported_local_full_rerun_final_exec8/runs/major_exec__major_all_supported_local_full_rerun_final_exec8__math_45f_scalb__line3036_3112/execution/major_1.log
defects4j,Math_45,math_45f_scalb__line3036_3112,major_exec__major_all_supported_local_full_rerun_final_exec8__math_45f_scalb__line3036_3112,scalb,major_11,2a2614462690b0ea0b4ea850c9c78c4c9512b0ff9d228cec49f8e77c408108c4,SUCCESS,FAIL,True,True,/home/francisco/mt-harness/harness/executions/java/major/execution/major_all_supported_local_full_rerun_final_exec8/runs/major_exec__major_all_supported_local_full_rerun_final_exec8__math_45f_scalb__line3036_3112/execution/major_11.log
defects4j,Math_45,math_45f_scalb__line3036_3112,major_exec__major_all_supported_local_full_rerun_final_exec8__math_45f_scalb__line3036_3112,scalb,major_13,967346afe21283ae5b85145e114418ec98f629e48977aacff068c5048e86268c,SUCCESS,FAIL,True,True,/home/francisco/mt-harness/harness/executions/java/major/execution/major_all_supported_local_full_rerun_final_exec8/runs/major_exec__major_all_supported_local_full_rerun_final_exec8__math_45f_scalb__line3036_3112/execution/major_13.log
defects4j,Math_45,math_45f_scalb__line3036_3112,major_exec__major_all_supported_local_full_rerun_final_exec8__math_45f_scalb__line3036_3112,scalb,major_15,807e2b0b6eb2d778f874c330ec70277accfa49991ecdcf529c966549219fe0dc,SUCCESS,PASS,False,True,/home/francisco/mt-harness/harness/executions/java/major/execution/major_all_supported_local_full_rerun_final_exec8/runs/major_exec__major_all_supported_local_full_rerun_final_exec8__math_45f_scalb__line3036_3112/execution/major_15.log
defects4j,Math_45,math_45f_scalb__line3036_3112,major_exec__major_all_supported_local_full_rerun_final_exec8__math_45f_scalb__line3036_3112,scalb,major_10,f9c8ab45988775359dc9004b230c54669d58e34dcaa6abb042bbfb3b13f33695,SUCCESS,PASS,False,True,/home/francisco/mt-harness/harness/executions/java/major/execution/major_all_supported_local_full_rerun_final_exec8/runs/major_exec__major_all_supported_local_full_rerun_final_exec8__math_45f_scalb__line3036_3112/execution/major_10.log
defects4j,Math_45,math_45f_scalb__line3036_3112,major_exec__major_all_supported_local_full_rerun_final_exec8__math_45f_scalb__line3036_3112,scalb,major_12,0c47e80a75166b81bf9cabda7f631c61ed269c98fc09833637ae573e7672660b,SUCCESS,FAIL,True,True,/home/francisco/mt-harness/harness/executions/java/major/execution/major_all_supported_local_full_rerun_final_exec8/runs/major_exec__major_all_supported_local_full_rerun_final_exec8__math_45f_scalb__line3036_3112/execution/major_12.log
defects4j,Math_45,math_45f_scalb__line3036_3112,major_exec__major_all_supported_local_full_rerun_final_exec8__math_45f_scalb__line3036_3112,scalb,major_14,1e620d6a9c2e6054ed83f954b6b3f262088eca0403e0299d69f65c5ed40ef0f1,SUCCESS,PASS,False,True,/home/francisco/mt-harness/harness/executions/java/major/execution/major_all_supported_local_full_rerun_final_exec8/runs/major_exec__major_all_supported_local_full_rerun_final_exec8__math_45f_scalb__line3036_3112/execution/major_14.log
defects4j,Math_45,math_45f_scalb__line3036_3112,major_exec__major_all_supported_local_full_rerun_final_exec8__math_45f_scalb__line3036_3112,scalb,major_16,d9ea9e8cbf4c69cfbd29e63a0ebc86f81ce409b7abdd216eaf7e29bb4ef81fcc,SUCCESS,FAIL,True,True,/home/francisco/mt-harness/harness/executions/java/major/execution/major_all_supported_local_full_rerun_final_exec8/runs/major_exec__major_all_supported_local_full_rerun_final_exec8__math_45f_scalb__line3036_3112/execution/major_16.log
defects4j,Math_55,math_55f_round__line1330_1403,major_exec__major_all_supported_local_full_rerun_final_exec8__math_55f_round__line1330_1403,round,major_1,f6d1f7c23e36c963e47406f1ab77cd1e97a94a05d973abcfe0038c538a95f731,SUCCESS,FAIL,True,True,/home/francisco/mt-harness/harness/executions/java/major/execution/major_all_supported_local_full_rerun_final_exec8/runs/major_exec__major_all_supported_local_full_rerun_final_exec8__math_55f_round__line1330_1403/execution/major_1.log
defects4j,Math_55,math_55f_round__line1330_1403,major_exec__major_all_supported_local_full_rerun_final_exec8__math_55f_round__line1330_1403,round,major_11,ab99087f6e878f80926d490a507668504d284942747f83b2470e73bcdc4c0359,SUCCESS,FAIL,True,True,/home/francisco/mt-harness/harness/executions/java/major/execution/major_all_supported_local_full_rerun_final_exec8/runs/major_exec__major_all_supported_local_full_rerun_final_exec8__math_55f_round__line1330_1403/execution/major_11.log
defects4j,Math_55,math_55f_round__line1330_1403,major_exec__major_all_supported_local_full_rerun_final_exec8__math_55f_round__line1330_1403,round,major_13,5620bb32ef907c71184051bf9bf5acb1d0644ad193192dc2cff416b2eed55058,SUCCESS,FAIL,True,True,/home/francisco/mt-harness/harness/executions/java/major/execution/major_all_supported_local_full_rerun_final_exec8/runs/major_exec__major_all_supported_local_full_rerun_final_exec8__math_55f_round__line1330_1403/execution/major_13.log
defects4j,Math_55,math_55f_round__line1330_1403,major_exec__major_all_supported_local_full_rerun_final_exec8__math_55f_round__line1330_1403,round,major_15,5caf2cea19353e371899ab0c57610773581706cbf57aecc4087bb7a69d9555b5,SUCCESS,FAIL,True,True,/home/francisco/mt-harness/harness/executions/java/major/execution/major_all_supported_local_full_rerun_final_exec8/runs/major_exec__major_all_supported_local_full_rerun_final_exec8__math_55f_round__line1330_1403/execution/major_15.log
defects4j,Math_55,math_55f_round__line1330_1403,major_exec__major_all_supported_local_full_rerun_final_exec8__math_55f_round__line1330_1403,round,major_10,25e99f409450530b12029464a4738b719c2155d748c59807d3c15b88209139f4,SUCCESS,FAIL,True,True,/home/francisco/mt-harness/harness/executions/java/major/execution/major_all_supported_local_full_rerun_final_exec8/runs/major_exec__major_all_supported_local_full_rerun_final_exec8__math_55f_round__line1330_1403/execution/major_10.log
defects4j,Math_55,math_55f_round__line1330_1403,major_exec__major_all_supported_local_full_rerun_final_exec8__math_55f_round__line1330_1403,round,major_12,22f7775d44c996b5687d62738c6a3f0b767d303a276b03b5069d464a843aaee0,SUCCESS,FAIL,True,True,/home/francisco/mt-harness/harness/executions/java/major/execution/major_all_supported_local_full_rerun_final_exec8/runs/major_exec__major_all_supported_local_full_rerun_final_exec8__math_55f_round__line1330_1403/execution/major_12.log
defects4j,Math_55,math_55f_round__line1330_1403,major_exec__major_all_supported_local_full_rerun_final_exec8__math_55f_round__line1330_1403,round,major_14,ecf8c1beac9fd4af0aff051719f5d21286a6308460169bd8f3355539790b0cb9,SUCCESS,FAIL,True,True,/home/francisco/mt-harness/harness/executions/java/major/execution/major_all_supported_local_full_rerun_final_exec8/runs/major_exec__major_all_supported_local_full_rerun_final_exec8__math_55f_round__line1330_1403/execution/major_14.log
defects4j,Math_55,math_55f_round__line1330_1403,major_exec__major_all_supported_local_full_rerun_final_exec8__math_55f_round__line1330_1403,round,major_16,efac8ca3ea1b8af6f7eb9bd134f68784348c43a7e5a081447140f6455165aaf2,SUCCESS,FAIL,True,True,/home/francisco/mt-harness/harness/executions/java/major/execution/major_all_supported_local_full_rerun_final_exec8/runs/major_exec__major_all_supported_local_full_rerun_final_exec8__math_55f_round__line1330_1403/execution/major_16.log
defects4j,Math_82,math_82f_roundUnscaled__line1074_1154,major_exec__major_all_supported_local_full_rerun_final_exec8__math_82f_roundUnscaled__line1074_1154,roundUnscaled,major_10,c824ad3195c4603fb7cabe5328436f222563a8d071d634ee1f6e74bbfe3a87d3,SUCCESS,FAIL,True,True,/home/francisco/mt-harness/harness/executions/java/major/execution/major_all_supported_local_full_rerun_final_exec8/runs/major_exec__major_all_supported_local_full_rerun_final_exec8__math_82f_roundUnscaled__line1074_1154/execution/major_10.log
defects4j,Math_82,math_82f_roundUnscaled__line1074_1154,major_exec__major_all_supported_local_full_rerun_final_exec8__math_82f_roundUnscaled__line1074_1154,roundUnscaled,major_12,4de3de2335c37a3f3a8afc31e05f8b2ad94ecd95f98a6d5137ef6ff8699aa279,SUCCESS,FAIL,True,True,/home/francisco/mt-harness/harness/executions/java/major/execution/major_all_supported_local_full_rerun_final_exec8/runs/major_exec__major_all_supported_local_full_rerun_final_exec8__math_82f_roundUnscaled__line1074_1154/execution/major_12.log
defects4j,Math_82,math_82f_roundUnscaled__line1074_1154,major_exec__major_all_supported_local_full_rerun_final_exec8__math_82f_roundUnscaled__line1074_1154,roundUnscaled,major_14,dfcddaf1d781343f9552968aeabf572f7156b692ad9fa587ee9769203a400834,SUCCESS,FAIL,True,True,/home/francisco/mt-harness/harness/executions/java/major/execution/major_all_supported_local_full_rerun_final_exec8/runs/major_exec__major_all_supported_local_full_rerun_final_exec8__math_82f_roundUnscaled__line1074_1154/execution/major_14.log
defects4j,Math_82,math_82f_roundUnscaled__line1074_1154,major_exec__major_all_supported_local_full_rerun_final_exec8__math_82f_roundUnscaled__line1074_1154,roundUnscaled,major_16,e0f3528f7119a7f4e305c3437cfe07c5334fb543a6bbad7ef35f02a7c3ce8edd,SUCCESS,FAIL,True,True,/home/francisco/mt-harness/harness/executions/java/major/execution/major_all_supported_local_full_rerun_final_exec8/runs/major_exec__major_all_supported_local_full_rerun_final_exec8__math_82f_roundUnscaled__line1074_1154/execution/major_16.log
defects4j,Math_82,math_82f_roundUnscaled__line1074_1154,major_exec__major_all_supported_local_full_rerun_final_exec8__math_82f_roundUnscaled__line1074_1154,roundUnscaled,major_1,e387840da2135188774fbb3aa429d4c4a05b986c7151424821cc52e92329f8bb,SUCCESS,FAIL,True,True,/home/francisco/mt-harness/harness/executions/java/major/execution/major_all_supported_local_full_rerun_final_exec8/runs/major_exec__major_all_supported_local_full_rerun_final_exec8__math_82f_roundUnscaled__line1074_1154/execution/major_1.log
defects4j,Math_82,math_82f_roundUnscaled__line1074_1154,major_exec__major_all_supported_local_full_rerun_final_exec8__math_82f_roundUnscaled__line1074_1154,roundUnscaled,major_11,bfa2dea92ef80f8261b1bab9994d07b06064c4d7b426d226413c3c53f403e6e8,SUCCESS,FAIL,True,True,/home/francisco/mt-harness/harness/executions/java/major/execution/major_all_supported_local_full_rerun_final_exec8/runs/major_exec__major_all_supported_local_full_rerun_final_exec8__math_82f_roundUnscaled__line1074_1154/execution/major_11.log
defects4j,Math_82,math_82f_roundUnscaled__line1074_1154,major_exec__major_all_supported_local_full_rerun_final_exec8__math_82f_roundUnscaled__line1074_1154,roundUnscaled,major_13,eefb64347db5dd8a1ed3f01232273beda7498a3260d0fe5d04f583f3b3d61046,SUCCESS,FAIL,True,True,/home/francisco/mt-harness/harness/executions/java/major/execution/major_all_supported_local_full_rerun_final_exec8/runs/major_exec__major_all_supported_local_full_rerun_final_exec8__math_82f_roundUnscaled__line1074_1154/execution/major_13.log
defects4j,Math_82,math_82f_roundUnscaled__line1074_1154,major_exec__major_all_supported_local_full_rerun_final_exec8__math_82f_roundUnscaled__line1074_1154,roundUnscaled,major_15,455d994d575da00ee7e3344bb968598ca9b29e1cfc1b564357647a48a11622dd,SUCCESS,FAIL,True,True,/home/francisco/mt-harness/harness/executions/java/major/execution/major_all_supported_local_full_rerun_final_exec8/runs/major_exec__major_all_supported_local_full_rerun_final_exec8__math_82f_roundUnscaled__line1074_1154/execution/major_15.log
defects4j,Math_85,math_85f_dqd__line1318_1411,major_exec__major_all_supported_local_full_rerun_final_exec8__math_85f_dqd__line1318_1411,dqd,major_1,0b2553d36400791dcde5b06bb7140a249defee6c6d094b8a8c9c2052fe51d683,SUCCESS,PASS,False,True,/home/francisco/mt-harness/harness/executions/java/major/execution/major_all_supported_local_full_rerun_final_exec8/runs/major_exec__major_all_supported_local_full_rerun_final_exec8__math_85f_dqd__line1318_1411/execution/major_1.log
defects4j,Math_85,math_85f_dqd__line1318_1411,major_exec__major_all_supported_local_full_rerun_final_exec8__math_85f_dqd__line1318_1411,dqd,major_100,830748c188427b2da86d6d2629c618ee855f84b254e1024dc49aa714b99becb2,SUCCESS,PASS,False,True,/home/francisco/mt-harness/harness/executions/java/major/execution/major_all_supported_local_full_rerun_final_exec8/runs/major_exec__major_all_supported_local_full_rerun_final_exec8__math_85f_dqd__line1318_1411/execution/major_100.log
defects4j,Math_85,math_85f_dqd__line1318_1411,major_exec__major_all_supported_local_full_rerun_final_exec8__math_85f_dqd__line1318_1411,dqd,major_102,df00d6085ec88d87a53c8feff6df83dfbe9f5d6d9854c47f07039fe4c7fdb420,SUCCESS,PASS,False,True,/home/francisco/mt-harness/harness/executions/java/major/execution/major_all_supported_local_full_rerun_final_exec8/runs/major_exec__major_all_supported_local_full_rerun_final_exec8__math_85f_dqd__line1318_1411/execution/major_102.log
defects4j,Math_85,math_85f_dqd__line1318_1411,major_exec__major_all_supported_local_full_rerun_final_exec8__math_85f_dqd__line1318_1411,dqd,major_104,12f514e1a9262401fbcd5930b2e739ecd592887ef1f5a9095a50a8c6bdda9e2e,SUCCESS,PASS,False,True,/home/francisco/mt-harness/harness/executions/java/major/execution/major_all_supported_local_full_rerun_final_exec8/runs/major_exec__major_all_supported_local_full_rerun_final_exec8__math_85f_dqd__line1318_1411/execution/major_104.log
defects4j,Math_85,math_85f_dqd__line1318_1411,major_exec__major_all_supported_local_full_rerun_final_exec8__math_85f_dqd__line1318_1411,dqd,major_10,2c86fce8cb565381fb1f0b849f79bcc4fca76983566b23c9ea3ec9e547209cf3,SUCCESS,FAIL,True,True,/home/francisco/mt-harness/harness/executions/java/major/execution/major_all_supported_local_full_rerun_final_exec8/runs/major_exec__major_all_supported_local_full_rerun_final_exec8__math_85f_dqd__line1318_1411/execution/major_10.log
defects4j,Math_85,math_85f_dqd__line1318_1411,major_exec__major_all_supported_local_full_rerun_final_exec8__math_85f_dqd__line1318_1411,dqd,major_101,8c76e3d03664edd4f1a1152d1cc801b2a8452974f1305bf4d3094fd8d9c6fd5c,SUCCESS,PASS,False,True,/home/francisco/mt-harness/harness/executions/java/major/execution/major_all_supported_local_full_rerun_final_exec8/runs/major_exec__major_all_supported_local_full_rerun_final_exec8__math_85f_dqd__line1318_1411/execution/major_101.log
defects4j,Math_85,math_85f_dqd__line1318_1411,major_exec__major_all_supported_local_full_rerun_final_exec8__math_85f_dqd__line1318_1411,dqd,major_103,5792e9a579d06cd2f2d0b613161a32c547865894db06b322f526155b43d885d9,SUCCESS,PASS,False,True,/home/francisco/mt-harness/harness/executions/java/major/execution/major_all_supported_local_full_rerun_final_exec8/runs/major_exec__major_all_supported_local_full_rerun_final_exec8__math_85f_dqd__line1318_1411/execution/major_103.log
defects4j,Math_85,math_85f_dqd__line1318_1411,major_exec__major_all_supported_local_full_rerun_final_exec8__math_85f_dqd__line1318_1411,dqd,major_105,563012a97ac3da397fb5eb3a4416a3dd2a1bbad365f42feb257d3dc79b5bc2b7,SUCCESS,PASS,False,True,/home/francisco/mt-harness/harness/executions/java/major/execution/major_all_supported_local_full_rerun_final_exec8/runs/major_exec__major_all_supported_local_full_rerun_final_exec8__math_85f_dqd__line1318_1411/execution/major_105.log
defects4j,Math_43,math_43f_regress__line759_823,major_exec__major_all_supported_local_full_rerun_final_exec8__math_43f_regress__line759_823,regress,major_1,1d00d6c0736c050640b96c37b3b7cdf0c887a4f44525e8cd7e2f40e9604f08c4,SUCCESS,FAIL,True,True,/home/francisco/mt-harness/harness/executions/java/major/execution/major_all_supported_local_full_rerun_final_exec8/runs/major_exec__major_all_supported_local_full_rerun_final_exec8__math_43f_regress__line759_823/execution/major_1.log
defects4j,Math_43,math_43f_regress__line759_823,major_exec__major_all_supported_local_full_rerun_final_exec8__math_43f_regress__line759_823,regress,major_100,2e8ff2f2807509568e58bc955298f85abbca24a1fa3a5fcde810d150f1af925a,SUCCESS,PASS,False,True,/home/francisco/mt-harness/harness/executions/java/major/execution/major_all_supported_local_full_rerun_final_exec8/runs/major_exec__major_all_supported_local_full_rerun_final_exec8__math_43f_regress__line759_823/execution/major_100.log
defects4j,Math_43,math_43f_regress__line759_823,major_exec__major_all_supported_local_full_rerun_final_exec8__math_43f_regress__line759_823,regress,major_102,3fd2f616dde293aad546003b2b959f755173ed04fc6713a508ea382b0ea95f39,SUCCESS,PASS,False,True,/home/francisco/mt-harness/harness/executions/java/major/execution/major_all_supported_local_full_rerun_final_exec8/runs/major_exec__major_all_supported_local_full_rerun_final_exec8__math_43f_regress__line759_823/execution/major_102.log
defects4j,Math_43,math_43f_regress__line759_823,major_exec__major_all_supported_local_full_rerun_final_exec8__math_43f_regress__line759_823,regress,major_104,01af15f463c97f62a6c6e6242610ad1711b88b3c4d2c98b4b9994af6cdfa6f4c,SUCCESS,PASS,False,True,/home/francisco/mt-harness/harness/executions/java/major/execution/major_all_supported_local_full_rerun_final_exec8/runs/major_exec__major_all_supported_local_full_rerun_final_exec8__math_43f_regress__line759_823/execution/major_104.log
defects4j,Math_43,math_43f_regress__line759_823,major_exec__major_all_supported_local_full_rerun_final_exec8__math_43f_regress__line759_823,regress,major_10,720d592f05eebb2ae90f0428890f6006dc5c848fcca2fb8855a10d4e46f020e9,SUCCESS,PASS,False,True,/home/francisco/mt-harness/harness/executions/java/major/execution/major_all_supported_local_full_rerun_final_exec8/runs/major_exec__major_all_supported_local_full_rerun_final_exec8__math_43f_regress__line759_823/execution/major_10.log
defects4j,Math_43,math_43f_regress__line759_823,major_exec__major_all_supported_local_full_rerun_final_exec8__math_43f_regress__line759_823,regress,major_101,985ebfe1a8977bdb2326b9e5aa650d45bbc420e7e260fc5d3431fc107b0e9a86,SUCCESS,PASS,False,True,/home/francisco/mt-harness/harness/executions/java/major/execution/major_all_supported_local_full_rerun_final_exec8/runs/major_exec__major_all_supported_local_full_rerun_final_exec8__math_43f_regress__line759_823/execution/major_101.log
defects4j,Math_43,math_43f_regress__line759_823,major_exec__major_all_supported_local_full_rerun_final_exec8__math_43f_regress__line759_823,regress,major_103,f1ce87b71989594a3fb648dbc03d2ab4613a4e86139668f29eccc286e005e750,SUCCESS,PASS,False,True,/home/francisco/mt-harness/harness/executions/java/major/execution/major_all_supported_local_full_rerun_final_exec8/runs/major_exec__major_all_supported_local_full_rerun_final_exec8__math_43f_regress__line759_823/execution/major_103.log
defects4j,Math_43,math_43f_regress__line759_823,major_exec__major_all_supported_local_full_rerun_final_exec8__math_43f_regress__line759_823,regress,major_105,740267940db68a199a58cf44f0a5fdc70d19392f05ba08985647635867505f50,SUCCESS,PASS,False,True,/home/francisco/mt-harness/harness/executions/java/major/execution/major_all_supported_local_full_rerun_final_exec8/runs/major_exec__major_all_supported_local_full_rerun_final_exec8__math_43f_regress__line759_823/execution/major_105.log
